{"type":"FeatureCollection","features":[{"type":"Feature","id":2,"geometry":{"type":"MultiPolygon","coordinates":[[[[-82.8549468101815,42.7479173551034],[-82.8531614331679,42.747961250103],[-82.8528194167291,42.7479696584096],[-82.8478142503159,42.7481069655825],[-82.8426957679466,42.7482451182139],[-82.8426929424889,42.7482451945572],[-82.8425550350284,42.7482489187901],[-82.8425737679002,42.7486817501647],[-82.8425806812915,42.7488414983897],[-82.842582608661,42.7488860336181],[-82.840786547163,42.7482966631443],[-82.8406380734906,42.7482479444203],[-82.8389652970048,42.748284971396],[-82.8377199197046,42.7483125389921],[-82.8376932531688,42.7475517127294],[-82.837164067581,42.7372510047115],[-82.8371601618607,42.7371749941395],[-82.8373297431781,42.7371702441014],[-82.8373324619847,42.7371696639625],[-82.8374446233654,42.7371430953286],[-82.8377316096063,42.7371388405933],[-82.838671736578,42.7371221522934],[-82.8388056441517,42.7371044289235],[-82.8389118989439,42.7370583803169],[-82.8389658266499,42.7370230011551],[-82.8390194165993,42.736987843215],[-82.8392725484715,42.7366639257507],[-82.8392982947589,42.7366290938617],[-82.8416723941037,42.733499037175],[-82.8418156615181,42.7333101472696],[-82.8420001487535,42.7332974567396],[-82.8418734272734,42.729620055473],[-82.8418441157828,42.7287694936931],[-82.8418517613904,42.7286748655658],[-82.841857579632,42.7286590283505],[-82.8418817277598,42.7285933143781],[-82.841967161796,42.7285196513658],[-82.8420353396381,42.7284872137548],[-82.8420552542019,42.7284777390285],[-82.8421377392972,42.7284667778253],[-82.8422326781868,42.7284541621007],[-82.8428047624387,42.7284447430846],[-82.8443149029871,42.7283907501597],[-82.8470737497403,42.728292056106],[-82.8476742900284,42.7282934059706],[-82.8477867356922,42.7282785151169],[-82.8478394246566,42.7282715377318],[-82.8478658829631,42.7282680337227],[-82.8480858668622,42.7282105759029],[-82.8482378369947,42.7281540318683],[-82.8482379044743,42.7281810423229],[-82.848238130013,42.7282719259356],[-82.8486367219661,42.7280877906418],[-82.8486939281296,42.7280613630908],[-82.8487236030138,42.7279579554175],[-82.8487258334676,42.7279501822262],[-82.8487262811833,42.7279486197042],[-82.8487724087696,42.7279265677777],[-82.8487904140524,42.7279179605914],[-82.8488178523406,42.7279048428177],[-82.8492312198879,42.7277072278464],[-82.8492537208087,42.7287891598609],[-82.8492664297729,42.7293383446823],[-82.8492688292499,42.7294420081324],[-82.8493481906757,42.729439795687],[-82.8493716304311,42.7294391429667],[-82.8493982204781,42.7294384020433],[-82.8517614157908,42.7293725342421],[-82.8517783664875,42.7293720622389],[-82.8517794899913,42.7293720312511],[-82.8517896567664,42.7293717475864],[-82.8517884021177,42.7293473973202],[-82.8517783374875,42.7293476432744],[-82.8517716036253,42.7293478086766],[-82.8517618608349,42.7293480464426],[-82.8517614053941,42.72933707667],[-82.851653182655,42.7267288684815],[-82.8516440428261,42.7265085826855],[-82.8516362663685,42.7263211673983],[-82.8516330731511,42.7262442201959],[-82.8562519769415,42.7261046905499],[-82.8599865283831,42.7260289629055],[-82.8599909505807,42.7261371464868],[-82.8599938987004,42.7261370650185],[-82.8600077570737,42.7265482853872],[-82.8600077606384,42.7265483593683],[-82.8600360488483,42.7272404205377],[-82.8624046411022,42.7271796614613],[-82.864195580457,42.7271323254054],[-82.864402285216,42.7271268620494],[-82.8643411247827,42.7272700428201],[-82.8640499020284,42.7279517984391],[-82.8634526501123,42.7291318364313],[-82.8634627341092,42.7291316882042],[-82.8628934953061,42.7302693613571],[-82.862646717221,42.7307625595484],[-82.8625966370421,42.7308626462738],[-82.8625800955714,42.7308957042692],[-82.8625550695926,42.7308963473388],[-82.8625272117703,42.7309497991779],[-82.8624621163517,42.7310747031199],[-82.8623208467233,42.7313457663424],[-82.8617583082039,42.7325630586788],[-82.8616837473708,42.7327244026535],[-82.8616718253408,42.732750200094],[-82.8616720130141,42.732750354853],[-82.8616751780025,42.7327502928532],[-82.8616170550809,42.7328760640598],[-82.8610876708442,42.7340732345119],[-82.8607754288862,42.7349907805213],[-82.8605464544501,42.7354915368686],[-82.8603469418746,42.7358895532556],[-82.8603416767758,42.7358985680208],[-82.8603330648164,42.7355595427404],[-82.8603181556749,42.7349725646444],[-82.8603171226981,42.7349319179424],[-82.8521985156681,42.7351737102776],[-82.852129918913,42.735175753162],[-82.8521331081782,42.7352073155446],[-82.8521914355362,42.7357843712319],[-82.8521923910637,42.7357938312599],[-82.8521945333844,42.7358150201546],[-82.8521949504963,42.7358191547238],[-82.8521954891425,42.7358244756839],[-82.8521955439158,42.7358250187073],[-82.8521956737648,42.7358250250135],[-82.8533487153119,42.7357934752111],[-82.854332539188,42.7357665550435],[-82.8549767804289,42.7357489268746],[-82.8550597965705,42.7373966471721],[-82.8555457486229,42.7373837732303],[-82.8555559898558,42.7374701092145],[-82.8555662654325,42.7375567308642],[-82.8556382544685,42.7381635732245],[-82.855739395991,42.7390161601349],[-82.8559030050956,42.7403952975204],[-82.8559454622059,42.741824897704],[-82.855968268674,42.7425928093915],[-82.8561078140252,42.7472911193204],[-82.8553645703443,42.7473030638394],[-82.855379852388,42.7479067081758],[-82.8549468101815,42.7479173551034]]],[[[-82.8444019690476,42.7337430024261],[-82.8437322669457,42.733759578208],[-82.8437110754048,42.7332546818954],[-82.8437107327983,42.7332489122298],[-82.8431504609619,42.7332648125554],[-82.8431505869082,42.7332710888667],[-82.8431751976085,42.73378941898],[-82.8431913642885,42.73412992482],[-82.8444183840349,42.7340886966078],[-82.8444019690476,42.7337430024261]]],[[[-82.8567238755845,42.725606527969],[-82.8564246014537,42.7182745173673],[-82.8584643500348,42.7182296820047],[-82.8587367004694,42.7255622785833],[-82.8567238755845,42.725606527969]]]]},"properties":{"Facility":"W.C. Wetzel Recreation Area","District":"Metro Detroit","Acres":911.24716824}},{"type":"Feature","id":4,"geometry":{"type":"MultiPolygon","coordinates":[[[[-83.3726875599138,42.6179229185482],[-83.3725102394488,42.6179278692325],[-83.3724463292903,42.6179296533485],[-83.3718434900296,42.6179464828492],[-83.3692244720416,42.6180196005097],[-83.3691757083585,42.6170830804996],[-83.3690555033139,42.6170868556364],[-83.3690488565151,42.6169839246262],[-83.3680840327413,42.6170343649225],[-83.3680761484833,42.6170320640614],[-83.3680695353303,42.6170301333636],[-83.3678028763694,42.6169522986693],[-83.3677305670839,42.6169122737774],[-83.3675800620034,42.6168289667577],[-83.3675017752798,42.6167472593105],[-83.3674607355007,42.6167044275164],[-83.3673960734211,42.616600867163],[-83.3673854679697,42.6165838842318],[-83.3673681658325,42.616478883104],[-83.3673599229528,42.6164288637719],[-83.3673607516448,42.6164094624647],[-83.3673625371596,42.6163676600097],[-83.3673655502885,42.6162971165094],[-83.367375970261,42.6162315376802],[-83.3673884808974,42.6161625903054],[-83.3673922983989,42.6161415540629],[-83.3676688758364,42.6153289995636],[-83.3676513333737,42.6152778049771],[-83.3676198222204,42.6151858472316],[-83.3675645333222,42.6150245011006],[-83.3662867097583,42.6145388622492],[-83.3656105675074,42.6143460736983],[-83.3648633201465,42.6141330093646],[-83.3640022541911,42.6138874915747],[-83.3637496435978,42.6138154607577],[-83.3637505609082,42.6138088998996],[-83.3637848210881,42.6136869841558],[-83.3636239312779,42.6135098849065],[-83.3637865854012,42.6133197385423],[-83.3639564332288,42.6133079574573],[-83.365295609132,42.6132150597664],[-83.366093951574,42.6129933933787],[-83.3658837946936,42.6127456386312],[-83.3658099154995,42.6126529528636],[-83.3660638035925,42.6121491332931],[-83.3662043752771,42.6121764383755],[-83.3662604060294,42.6122790055681],[-83.3663621648997,42.6123174196975],[-83.3664101791111,42.6123357017956],[-83.3664500328885,42.6123546513523],[-83.3664828483522,42.6123751540275],[-83.366504022064,42.6123962430305],[-83.3665286284625,42.6124457312534],[-83.3670497272036,42.6126217822135],[-83.3671117062092,42.6126395308542],[-83.367162444946,42.612648436987],[-83.3671824970042,42.6126504169381],[-83.3672307038317,42.6126551764805],[-83.3672828223653,42.612658964947],[-83.3672997129541,42.6126624280306],[-83.3673300432249,42.612668646725],[-83.3675852795707,42.612758692004],[-83.3676426162438,42.6127763330914],[-83.3679459519406,42.6128554841957],[-83.3680262455517,42.612879666456],[-83.3680993569229,42.612908830213],[-83.3685046792075,42.613102772845],[-83.3685444242969,42.6131242940085],[-83.3685725616587,42.613145544805],[-83.3685993926027,42.6131701977421],[-83.3686190400538,42.6131998322289],[-83.3686328482396,42.6132301893082],[-83.3686591668814,42.6132668443108],[-83.3686899817928,42.6133070365987],[-83.3687822002619,42.6134020881609],[-83.3688200896628,42.613441142411],[-83.3688194379053,42.6134310367241],[-83.3688144287344,42.6133534781179],[-83.3687313290156,42.6120664568504],[-83.3687247263973,42.611964197906],[-83.3684910028763,42.608344144502],[-83.3734094915233,42.6082365383936],[-83.3735902909392,42.6118577479073],[-83.3755793637926,42.611814171606],[-83.3755933940744,42.6118262637728],[-83.3756196135039,42.6118380291558],[-83.3756294393196,42.6118528453844],[-83.3756485854779,42.6118670204278],[-83.3757112529436,42.6118959376193],[-83.3757137784882,42.6119457685649],[-83.3757042231857,42.6120064742887],[-83.3756847987136,42.6120806819426],[-83.3756013274157,42.612131090096],[-83.3755738290603,42.6121493304477],[-83.3755553250081,42.6121746448757],[-83.3755508934173,42.6121968536392],[-83.3755637625573,42.6122220382816],[-83.3755959251598,42.6122579697237],[-83.3756319341682,42.6122854081788],[-83.3756807826308,42.6123114294887],[-83.3757551300206,42.6123389007755],[-83.3757244336727,42.6124093626769],[-83.3756933235357,42.6124807753567],[-83.3752361055376,42.6124796162454],[-83.3751543082419,42.6124794086777],[-83.3751464103878,42.6124466157566],[-83.3751293734217,42.612410177926],[-83.3751018900751,42.6123734973791],[-83.3750673711046,42.6123383696412],[-83.3750278067993,42.6123125637848],[-83.3749687677804,42.6122802988637],[-83.3749098383367,42.6122454624794],[-83.3748669388899,42.6122161464989],[-83.374825856696,42.612171427058],[-83.3747943446521,42.6121475245108],[-83.37474962802,42.6121336137312],[-83.3747022968397,42.61212650642],[-83.3746559077927,42.6121245707409],[-83.3746103148834,42.6121312340723],[-83.3745713924146,42.6121449184438],[-83.3745508953473,42.6121624626637],[-83.3745362373536,42.6121792848829],[-83.3745305723398,42.6122031812339],[-83.3745376737559,42.6122273742665],[-83.374562798891,42.6122648587456],[-83.3745923098148,42.6123084516882],[-83.3746139524773,42.6123458552265],[-83.3746299021225,42.6123805515851],[-83.3746366019497,42.6124141743981],[-83.3746375492596,42.6125283298588],[-83.3746298674418,42.6126268382201],[-83.3746191424821,42.6127149772469],[-83.3745135693198,42.613311509284],[-83.3747095795496,42.6134284804588],[-83.3747494730649,42.6134465703259],[-83.3747838547501,42.613457667862],[-83.3748195438124,42.6134653622952],[-83.3748636125281,42.6134672439791],[-83.3749011553749,42.6134586772031],[-83.3749342381757,42.6134457147197],[-83.3749712404397,42.6134225464863],[-83.3750392438245,42.6134546259563],[-83.3751147469445,42.6134902419302],[-83.3751967153842,42.6135024440554],[-83.3752724581919,42.6134698780753],[-83.375431265711,42.6134237951989],[-83.375487992791,42.6134285455893],[-83.3755310462477,42.6134269708629],[-83.3755618440251,42.6134130983281],[-83.3755791883954,42.6133877569628],[-83.3756524080684,42.6134062774142],[-83.3757734429515,42.6134368927106],[-83.3758003133932,42.6134606862529],[-83.3758343302817,42.6134803564232],[-83.3760701358637,42.6135905267497],[-83.3761681352934,42.6136321674302],[-83.3762538653073,42.6136685940565],[-83.3762393900257,42.613817574637],[-83.3763515742637,42.613829619967],[-83.3765386787037,42.6140467842084],[-83.3766248767181,42.6141234446277],[-83.3767455367139,42.6141496418842],[-83.3768240313062,42.6141666848891],[-83.3767350960346,42.6145911178235],[-83.3764961382349,42.6151553762563],[-83.3764653320903,42.6151967102916],[-83.3764291609821,42.6152276211294],[-83.376385121001,42.6152523426789],[-83.3763402116316,42.6152701788869],[-83.3762581963797,42.615286295662],[-83.3762203959046,42.6153008643496],[-83.3761974308269,42.6153217850082],[-83.3761858525644,42.6153481180628],[-83.3761848306665,42.615372122304],[-83.3762049203422,42.6153914679905],[-83.3762438379016,42.6154052443838],[-83.3763533739229,42.6154249509949],[-83.376387371397,42.6155270012429],[-83.3763686464678,42.615557459511],[-83.3763568504466,42.615588937276],[-83.3763552447004,42.6156266582275],[-83.376358610239,42.6156567708978],[-83.3763732543684,42.615694869212],[-83.3763954101402,42.6157202702844],[-83.376426055238,42.6157372861725],[-83.3765609096763,42.6157627302687],[-83.376504670759,42.6158283594003],[-83.3765418069943,42.6158566822818],[-83.3765651230288,42.6158821093603],[-83.3765720443625,42.6159105892066],[-83.3765673938931,42.6159379417551],[-83.3765508820697,42.6159710263156],[-83.3764992493257,42.6160376200942],[-83.3764710561097,42.6160721496693],[-83.3764508425288,42.6161102962045],[-83.3764398051345,42.6161512306994],[-83.3764321577342,42.6165492317492],[-83.3763053322597,42.6166080727671],[-83.3762778698179,42.6166254564327],[-83.376258495335,42.6166438856119],[-83.3762459026782,42.6166667634435],[-83.376240018897,42.6166958036179],[-83.3761621193076,42.61677895007],[-83.3761135356425,42.6168284525567],[-83.3760485934597,42.6168801490719],[-83.3760456684446,42.6168927816344],[-83.3790462486955,42.6168329810708],[-83.3790813497125,42.6174979839064],[-83.379239289681,42.6204901284737],[-83.3745846133425,42.6205912556687],[-83.3744765293461,42.6188444594891],[-83.374116906567,42.6188543611894],[-83.3741594926908,42.619477215664],[-83.3741794145159,42.6197685818323],[-83.3740386851752,42.6195632834502],[-83.3738116729428,42.6192190397874],[-83.3737680109926,42.6191802666748],[-83.3737227127699,42.6191526118005],[-83.3736714640452,42.6191282502527],[-83.3736210844225,42.6191107749178],[-83.3735761792555,42.6191011496439],[-83.3735028287153,42.6188952716705],[-83.3735060271011,42.6188747506226],[-83.3735000124597,42.6188522991188],[-83.3734528393414,42.6187868414112],[-83.3734873058069,42.6187687635368],[-83.3734639522438,42.6187441926697],[-83.3733719605137,42.6187489192272],[-83.373349622221,42.6187278045059],[-83.3733447037852,42.618679634225],[-83.3733416397432,42.618615201911],[-83.3733441243141,42.6185569060337],[-83.3733470473316,42.6184883226474],[-83.3733695913765,42.6183137858286],[-83.3733819489637,42.6182663460176],[-83.3733965250459,42.6182279311056],[-83.3734667963956,42.6181049418236],[-83.3735664516451,42.6179476441053],[-83.3736109969855,42.617897137948],[-83.3726875599138,42.6179229185482]]],[[[-83.3749451041977,42.6166033404717],[-83.3749417393541,42.6165926150247],[-83.3749340839763,42.6165682109749],[-83.3749164983211,42.616544632994],[-83.3748818311457,42.6165129343903],[-83.3748618875907,42.6164901593053],[-83.3748547478826,42.6164668231283],[-83.3748559163755,42.6164393897369],[-83.3748654660887,42.6164061445436],[-83.3748806362502,42.6163773193005],[-83.3748983103471,42.6163442628763],[-83.374905099235,42.6163212503337],[-83.3749036906492,42.6162997645066],[-83.3748958290163,42.6162661138534],[-83.37499941259,42.616180132418],[-83.3750262992843,42.616149005405],[-83.3750427754233,42.6161167788166],[-83.3750523250241,42.6160835327035],[-83.3750565815829,42.6160381505251],[-83.3750582919124,42.6158888726531],[-83.3750746468063,42.6156412491382],[-83.3750795169701,42.6156087528916],[-83.3750891382353,42.6155737930543],[-83.3751057614496,42.6155381373034],[-83.3751280780278,42.6155051878018],[-83.3753783323723,42.6151943468923],[-83.3754271331444,42.6151397008956],[-83.3754724158342,42.6150858317447],[-83.375500498388,42.6150538747104],[-83.375524158392,42.615016666081],[-83.3755395834206,42.6149818401256],[-83.3755466274318,42.6149528269244],[-83.3755492123961,42.6149194198798],[-83.3755483877255,42.6148842164445],[-83.3755391820682,42.6148548257654],[-83.3755230865141,42.6148235587486],[-83.3754997701099,42.6147981305319],[-83.3754716296443,42.6147768814063],[-83.3753979001089,42.6147348363763],[-83.3753723070459,42.6146810369999],[-83.3753499694952,42.6146599226522],[-83.3753181639578,42.6146428786021],[-83.3752872629385,42.614631863003],[-83.375246895107,42.61462491862],[-83.3751776191008,42.6146147277231],[-83.3751107740374,42.6146020183866],[-83.3750429502454,42.6145849960097],[-83.3748837323256,42.6145315243334],[-83.3748025294358,42.614501318354],[-83.3747951343411,42.6144839836712],[-83.3747737757528,42.6144671831172],[-83.3747362759813,42.6144474326104],[-83.3746153252414,42.6143957074517],[-83.3745535614258,42.6143728190561],[-83.3744745329675,42.6143460959397],[-83.3743804163611,42.6143190221193],[-83.3743424420161,42.6143104167544],[-83.3743020745393,42.6143034711427],[-83.3742578591713,42.6143050184134],[-83.3742045410047,42.6143020629408],[-83.3741444779134,42.614293801822],[-83.3741061018744,42.6142946261597],[-83.3740663466195,42.614300567283],[-83.3739560009809,42.6143271793342],[-83.3738339263494,42.6142745695257],[-83.3738004852547,42.6142686433325],[-83.3737598256398,42.6142685558794],[-83.3737092106935,42.6142021604605],[-83.3737379801252,42.6141813761141],[-83.3737503905135,42.6141627854638],[-83.3737524272648,42.6141422373861],[-83.3737427489181,42.6141239909612],[-83.3737178350445,42.6141088238445],[-83.3737024313631,42.6141036259369],[-83.3738438830482,42.6169363601677],[-83.3739855985443,42.6169337953499],[-83.3744647942512,42.6169242584818],[-83.3744802120312,42.616912936131],[-83.3745259265441,42.6168762402217],[-83.3745797289342,42.6168405908318],[-83.3747126006591,42.6168308058226],[-83.3747640377503,42.6168234196178],[-83.3748156574302,42.6168117464729],[-83.3748559697332,42.6167976600392],[-83.3748640133621,42.6167948495207],[-83.3748997480056,42.6167742258247],[-83.3749286643009,42.6167500120288],[-83.3749483325367,42.6167247247585],[-83.3749587502858,42.6166983639624],[-83.3749612979376,42.6166658137649],[-83.3749565903599,42.6166399601303],[-83.3749451041977,42.6166033404717]]],[[[-83.3757411480481,42.6106199586827],[-83.3755963502603,42.6106236088753],[-83.3754812546002,42.6106265110126],[-83.3754831909618,42.6105057799029],[-83.3754838941798,42.6104618782325],[-83.3754860002075,42.6103301722329],[-83.3753945911057,42.6102447119038],[-83.3752609286196,42.6102480770946],[-83.3750075662477,42.6100789305291],[-83.3748739038719,42.6100823006743],[-83.3748434958141,42.6101269518031],[-83.3747098382047,42.6101303218701],[-83.3746163141775,42.6101765649109],[-83.3744863683025,42.610179840789],[-83.3744573726912,42.6101366877032],[-83.3743274232,42.6101399642178],[-83.3742360161161,42.6100544993832],[-83.374106068083,42.6100577738779],[-83.3740772475512,42.6100036468306],[-83.3739473008368,42.6100069211755],[-83.3739227194081,42.6099197714377],[-83.3738612732827,42.609701900835],[-83.3738489838941,42.6096583259838],[-83.3741131110786,42.609618753707],[-83.3742430557661,42.6096154791383],[-83.3743358752601,42.609613137154],[-83.3744658187872,42.6096098605053],[-83.3744948177082,42.6096530163774],[-83.3746247637114,42.6096497405068],[-83.3747182894166,42.6096034966016],[-83.3748816463077,42.6095993796617],[-83.3750153039619,42.609596010312],[-83.3751067151934,42.6096814728269],[-83.3752403693979,42.6096781022326],[-83.3752714826966,42.6095895502679],[-83.3754051440493,42.6095861787501],[-83.3754930360271,42.6098911528694],[-83.375608136355,42.609888252648],[-83.3756387110467,42.6098326245648],[-83.3757538029255,42.6098297194982],[-83.3757411480481,42.6106199586827]]]]},"properties":{"Facility":"Dodge 4 State Park","District":"Metro Detroit","Acres":193.31227589}},{"type":"Feature","id":9,"geometry":{"type":"MultiPolygon","coordinates":[[[[-83.3611895940989,41.9102999756381],[-83.360424037833,41.9102716923034],[-83.3602718119476,41.9102660675727],[-83.3585262976849,41.9099236526015],[-83.3582157161428,41.9098627241414],[-83.3582137113528,41.9098663227467],[-83.3579394113274,41.9103587296928],[-83.3563927074352,41.9131352153882],[-83.3550250580129,41.9127134270295],[-83.354572303682,41.9125737912839],[-83.3542004693764,41.9124591102475],[-83.3541976538062,41.9124639881383],[-83.3521269982299,41.916050202189],[-83.3508313644732,41.9184041368361],[-83.3505966014382,41.9188306381394],[-83.3501197307487,41.9196969660356],[-83.3491300092798,41.9214925839918],[-83.347089974256,41.9251156964974],[-83.3469961737465,41.9252826226374],[-83.3468903048548,41.9252495906106],[-83.3447822859436,41.9245918503388],[-83.3447567312619,41.9255632486061],[-83.3435597147669,41.9276929066216],[-83.3435634222732,41.9277024711619],[-83.3443801070814,41.9298094957404],[-83.3448278247689,41.9301147255958],[-83.3451406042012,41.9303279598609],[-83.3441004128629,41.9307221567298],[-83.3436534376374,41.930071711287],[-83.3436235545108,41.9300282246532],[-83.3440047564615,41.929883763634],[-83.344024368281,41.9298763315345],[-83.3436327763162,41.9288485067428],[-83.343450354471,41.9283854421234],[-83.3432530926521,41.9278847016932],[-83.3430974556499,41.9281615870746],[-83.340962423354,41.9278972501669],[-83.3408730980458,41.9278861902937],[-83.3407664937329,41.927872990812],[-83.3406924093507,41.9278638174946],[-83.3391463533181,41.929256297439],[-83.3390909301261,41.9293062131395],[-83.338997725246,41.9291678085435],[-83.3389448922252,41.9290893547437],[-83.3386521205121,41.9286764405488],[-83.3386167098275,41.9286172370647],[-83.3385613681215,41.9284995062343],[-83.3385350062664,41.9284405064995],[-83.3384747926358,41.9283057438724],[-83.3384648656162,41.9282798606535],[-83.3384023682654,41.9281169189227],[-83.33834977307,41.9279483044345],[-83.3382274322701,41.9276168284471],[-83.3381311681318,41.9273560028175],[-83.3379870415314,41.9269104459369],[-83.3379485079205,41.9268659199098],[-83.3378765887496,41.9267298267356],[-83.3377796590875,41.9266151385833],[-83.3376430743187,41.9264962052818],[-83.3374669728275,41.9263697229577],[-83.3374243826551,41.9263477008091],[-83.3372736660483,41.9262697712017],[-83.3371758504474,41.9262266830596],[-83.3370814651846,41.9261880249039],[-83.3369167816805,41.9261248053474],[-83.3367453738793,41.9260683923238],[-83.3365859138524,41.926020754497],[-83.3365491803998,41.9260097805467],[-83.3349124785545,41.9255816586838],[-83.3301847499721,41.9251972368516],[-83.3300498518569,41.925161156691],[-83.3265272423802,41.9242189329149],[-83.3268378189917,41.9237498689683],[-83.3275130270359,41.9227300763362],[-83.3274548187008,41.9227168984949],[-83.3273889614639,41.9226981643397],[-83.3273312879539,41.9226761918583],[-83.3272794995764,41.922650926323],[-83.3272290808037,41.9226205436167],[-83.3271811767232,41.9225850710113],[-83.3271078923689,41.9225249616965],[-83.3270451246359,41.9224608108817],[-83.326016637446,41.921235322557],[-83.3260121016172,41.9212354172336],[-83.3253386214522,41.9212494737383],[-83.3250587222682,41.9212553146433],[-83.3266869257727,41.9176055673186],[-83.3273824729317,41.9160463084973],[-83.3274085778272,41.9159877857625],[-83.3277529694522,41.9152157042094],[-83.3288601825877,41.9127333439538],[-83.3296624488908,41.9102065192983],[-83.3312006821492,41.9053624106149],[-83.332062306397,41.9026466425441],[-83.3321321893221,41.9022394214884],[-83.3322025593234,41.9018293527608],[-83.3344399361487,41.9018851067215],[-83.3374108899475,41.9019590748462],[-83.3375163842206,41.9019617000296],[-83.3377098089089,41.9019665126038],[-83.3392372461803,41.9031981974464],[-83.3395714940076,41.9042780996566],[-83.3461730461187,41.9061449072364],[-83.3499879603809,41.9071402284093],[-83.3571229348155,41.9091204077642],[-83.3572642604567,41.9091596240341],[-83.3583254109677,41.906979527435],[-83.3582400826179,41.9068070421877],[-83.3582249669536,41.9067764861124],[-83.3579793744763,41.9062800330966],[-83.3587920494262,41.9052820310707],[-83.3583706803184,41.9039362482707],[-83.3581341160397,41.9031806668713],[-83.3580544446829,41.9029261960723],[-83.3580457980114,41.9028985739644],[-83.3641576862257,41.9035318670296],[-83.3643644933398,41.9035546358407],[-83.3645338148714,41.9035763009556],[-83.3646694137689,41.9035987333087],[-83.3647113496746,41.903605670283],[-83.3648834997363,41.903639375936],[-83.3650611958752,41.9036757517895],[-83.3652267775679,41.9037150966393],[-83.3653790513912,41.9037541836321],[-83.3655459891951,41.9038012966369],[-83.3657234310077,41.9038547411558],[-83.36589230701,41.9039086636588],[-83.3660451042691,41.903962133547],[-83.3661870190147,41.9040146367302],[-83.3663461768306,41.9040766852694],[-83.3664983778608,41.9041419367217],[-83.3666476523485,41.9042090367803],[-83.3668026380289,41.904282830656],[-83.3669609522832,41.904358768654],[-83.367110100599,41.9044364907923],[-83.367275415855,41.9045285897401],[-83.3674314118735,41.9046194658995],[-83.3675781567841,41.9047117430811],[-83.3676804356067,41.9047791580106],[-83.3677923162752,41.9048568399253],[-83.3679728313908,41.9049908068561],[-83.3681585695859,41.905138559273],[-83.3683152827177,41.9052719743494],[-83.3684527883759,41.9053962088042],[-83.3685340513017,41.9054755694161],[-83.368563349338,41.9055041815449],[-83.3685682424118,41.9055089594794],[-83.3682844182792,41.9058954388904],[-83.3678247283846,41.9065196370357],[-83.3678246964409,41.9065196795384],[-83.3677517911994,41.906618674498],[-83.3673407932461,41.9071795945041],[-83.3672769231349,41.9072667626705],[-83.3670192716391,41.9076371525631],[-83.366782767804,41.9079807118923],[-83.3663283348802,41.9086705387078],[-83.366096400353,41.9090364239299],[-83.3659035479309,41.9093491592568],[-83.3655361048608,41.909969295389],[-83.3651589757232,41.9106401054292],[-83.3649310859817,41.9110590413221],[-83.3648493997714,41.9112189770837],[-83.3648501855909,41.9112193379576],[-83.3644826837578,41.9119471100015],[-83.3634700202114,41.911332166376],[-83.3622859893614,41.910613133336],[-83.3620512563074,41.9104705821344],[-83.3618079413886,41.9103228185422],[-83.3614766068985,41.91031057981],[-83.3611895940989,41.9102999756381]]],[[[-83.3406665589197,41.9320149848625],[-83.3405925949465,41.9320410858288],[-83.3404377556736,41.9318752589282],[-83.340325771489,41.9317553271726],[-83.3401319501023,41.931501828832],[-83.3400949312572,41.9314262807242],[-83.3400801031058,41.9313825282187],[-83.3400653135133,41.9313388910631],[-83.3400617708534,41.9313246040959],[-83.3400535390207,41.9312914056192],[-83.3400392667499,41.9312215463458],[-83.3400304083686,41.9311595395421],[-83.3400278251355,41.9311144489764],[-83.3400611045888,41.9308966086421],[-83.3400727824663,41.9308386839272],[-83.3400863422866,41.9307900832548],[-83.3401080314888,41.930729366346],[-83.3402207201487,41.9304139031791],[-83.340232056214,41.9303635323044],[-83.3403093361138,41.930012784723],[-83.3403820138562,41.9300963388476],[-83.3403976271924,41.9301142891591],[-83.3410569943247,41.930872329692],[-83.3414316543957,41.9312933684599],[-83.3414874380199,41.9313579564256],[-83.3416334701182,41.9315142830436],[-83.3417413816485,41.9316297999079],[-83.3417270223087,41.9316353484125],[-83.3416375044213,41.9316699420428],[-83.3415657197404,41.931697682967],[-83.3406665589197,41.9320149848625]]]]},"properties":{"Facility":"Sterling State Park","District":"Rose Lake","Acres":1329.4850589}},{"type":"Feature","id":12,"geometry":{"type":"MultiPolygon","coordinates":[[[[-84.2700402679876,42.3138660308663],[-84.265107183683,42.3138260297681],[-84.2651070406286,42.3138260239398],[-84.2651355746909,42.3174683012483],[-84.2651406775522,42.3174683409744],[-84.2651592057528,42.3198325308001],[-84.2651592878805,42.3198429481874],[-84.2651541896806,42.3198429085375],[-84.2627181177598,42.3198237948212],[-84.2627181756652,42.3198311481695],[-84.262718213776,42.3198361536874],[-84.2627183058094,42.3198478377817],[-84.2627272643882,42.3209967478473],[-84.2627280128903,42.3210927079189],[-84.2627280001679,42.3210932437051],[-84.2627292598794,42.3210932534132],[-84.2631352636692,42.3210963232789],[-84.263137603495,42.3210963407906],[-84.2649700584558,42.3211101831979],[-84.2649813655584,42.3211102689756],[-84.2649819759886,42.3211102739655],[-84.2649589620973,42.3247345024882],[-84.2649385868255,42.3279511466659],[-84.2649360177032,42.3283565975547],[-84.2649356802581,42.3283565959102],[-84.2649356267639,42.3283565986815],[-84.2601701332814,42.3283225081821],[-84.255222010147,42.3282868828748],[-84.2502738804356,42.3282510538341],[-84.2502599508572,42.3318731742726],[-84.2502512554491,42.3325641278911],[-84.2502454970065,42.3330216317603],[-84.2502453425566,42.3330339182552],[-84.2502450950983,42.3330535629492],[-84.2502437816475,42.3331579134676],[-84.2460539808338,42.333170363741],[-84.2455726760801,42.3331717846132],[-84.2453003579919,42.3331725878441],[-84.2453172218827,42.3355191418818],[-84.2454627079878,42.3355167483346],[-84.2454630665131,42.3355167359542],[-84.2454663802395,42.3355166817487],[-84.2454668539794,42.3355166738819],[-84.2498764080826,42.3354438644203],[-84.250241485906,42.3353563598113],[-84.2502465751084,42.3353551397247],[-84.2502819620906,42.3371707804496],[-84.2502827082229,42.337209210971],[-84.2502862985874,42.3372092942824],[-84.2552134153598,42.3372321948232],[-84.2552134170942,42.3372323047496],[-84.2552371188597,42.3390136248931],[-84.2552854008175,42.3426424706074],[-84.2535539991585,42.3426389884906],[-84.250388414825,42.342632553288],[-84.2496989368078,42.3426458674069],[-84.2496479868339,42.3426468511566],[-84.2494557896007,42.3423238681023],[-84.2492856609481,42.3418530902188],[-84.2489768947755,42.3413193160477],[-84.2486510544989,42.3408567895333],[-84.2482794802329,42.3406686150269],[-84.2480666694573,42.3406098379987],[-84.2480509474467,42.3404059360732],[-84.2479193294975,42.3403540713196],[-84.2477912826991,42.3404233688338],[-84.2476655188493,42.3404211350624],[-84.2475416550948,42.3403584223916],[-84.2466616931688,42.3400952506037],[-84.2458650119614,42.339772981117],[-84.2456736660495,42.339505439758],[-84.2455569893512,42.3392172071382],[-84.2455359942648,42.3390878290989],[-84.2454883739762,42.3388142381574],[-84.2455105261782,42.3385834867857],[-84.2454836424878,42.338032682444],[-84.2452063029254,42.3376755643164],[-84.2444689590249,42.3368865355262],[-84.2440437316052,42.3366697504269],[-84.2436749881808,42.3364817768786],[-84.2431727958836,42.336445372841],[-84.2428594404561,42.3365223902946],[-84.2415638589683,42.3365269826634],[-84.2409133442454,42.3364989697627],[-84.2400028198861,42.3364993517197],[-84.2393924825852,42.3366041359713],[-84.2391619160743,42.336632492561],[-84.2388425530506,42.3366714223243],[-84.2384944939117,42.3366762609781],[-84.237826000268,42.3367469826727],[-84.2377199457213,42.3365910021055],[-84.2378196520191,42.3364826926691],[-84.2380986462904,42.3363225353346],[-84.238145671958,42.3362408077762],[-84.2381583641958,42.3360759360996],[-84.2380829158497,42.3356563418785],[-84.2380735336007,42.3356376450647],[-84.2342689405023,42.3356965980878],[-84.2318286737557,42.3357338694744],[-84.2318177022008,42.3342095945945],[-84.2318012714432,42.3319269513647],[-84.2317753607981,42.3283048816611],[-84.2293348711606,42.3283117472333],[-84.229320287162,42.3262704625359],[-84.2293199289683,42.3262202766508],[-84.2293089927143,42.324689672062],[-84.2292831120913,42.3210675935251],[-84.2243799980876,42.3210935988262],[-84.2244062178966,42.3247156790642],[-84.224432441306,42.3283377668329],[-84.219530003518,42.3283635561458],[-84.214627563317,42.3283891359823],[-84.2097251061652,42.3284145070139],[-84.2096978742289,42.3247924339503],[-84.2096934433211,42.3242034350884],[-84.2096932320971,42.324175335871],[-84.2096932782313,42.3241753357099],[-84.209693164615,42.3241601018383],[-84.2104509801357,42.3241474471163],[-84.2105064911541,42.3241465198567],[-84.2104795806801,42.3232408712271],[-84.2096865341878,42.3232538402713],[-84.2096862973486,42.3232538445811],[-84.2096862962632,42.3232536734069],[-84.2096854294134,42.3230917947387],[-84.2096854172004,42.3230900046033],[-84.2096751702753,42.3211862035957],[-84.209675146678,42.3211816360321],[-84.209675085572,42.3211703522131],[-84.2096932251419,42.3211702476217],[-84.2097105619538,42.3211701562792],[-84.2102799311277,42.3211672172077],[-84.2102805950703,42.3211672188424],[-84.2102854571282,42.3211672021943],[-84.2102853813668,42.3211651759244],[-84.2102437611556,42.3179041766425],[-84.209707715255,42.3179092772552],[-84.2096486626437,42.3179098391708],[-84.2096485827826,42.3179089550806],[-84.2096251107239,42.3176497100913],[-84.2096188682449,42.3171007465335],[-84.2096180197765,42.3171007473402],[-84.2096129167629,42.3171007961242],[-84.2074360138129,42.3171215486603],[-84.2074361358262,42.3171269817031],[-84.2074483665319,42.3176704891116],[-84.2074932323593,42.3211992494868],[-84.2074922657512,42.3211992618943],[-84.2062462788041,42.3212157775072],[-84.2061606043539,42.3241645017346],[-84.2062419722434,42.3242618648427],[-84.2067183139812,42.3248318374587],[-84.2073984907622,42.3256454179506],[-84.2072922641215,42.3256963396491],[-84.2071066894806,42.3257906222161],[-84.2067115667146,42.3259913670724],[-84.2062322336506,42.3262143901233],[-84.2058943601636,42.3264373951266],[-84.2057261751168,42.3265697832709],[-84.2053443448184,42.3268703404891],[-84.2048239515022,42.3273217174599],[-84.2046809358546,42.3274360832557],[-84.2039951260388,42.3279633435975],[-84.2034701208362,42.3282732594633],[-84.2034004005103,42.3283144153561],[-84.2033100771658,42.3283765055184],[-84.2033049035193,42.3283800616151],[-84.203298980319,42.3283841335358],[-84.2031370480023,42.3284954482929],[-84.2030996408542,42.328496015659],[-84.1999433696592,42.3285438509164],[-84.1999593942761,42.3321423814121],[-84.199959500102,42.3321660126781],[-84.1999544013788,42.3321660800373],[-84.1982107181833,42.3321890409354],[-84.19774122524,42.3321952187619],[-84.1963748644256,42.3322131867436],[-84.195063084012,42.3322304224305],[-84.1936704593787,42.3322486995047],[-84.1934141260963,42.3322520621543],[-84.192952931392,42.3322581104953],[-84.1929648830434,42.3323104104025],[-84.1931706269889,42.3324895352219],[-84.1932396945648,42.3329679007544],[-84.1937138785958,42.3334893377548],[-84.1942189911376,42.3339925651842],[-84.1947782310126,42.3344291147632],[-84.1950789067235,42.3346901454834],[-84.195078906688,42.3346903121357],[-84.1952036107115,42.3347984067028],[-84.1956241695834,42.3350991265708],[-84.1959475416142,42.3353396872191],[-84.1959411002804,42.3355353416944],[-84.1957654430858,42.3357237813277],[-84.1965694761641,42.3358170197634],[-84.1975442119725,42.3360306092536],[-84.1980402837353,42.3360245930683],[-84.1980293982404,42.3362336503899],[-84.1979523664166,42.3363782269214],[-84.1980336413879,42.3366750260285],[-84.1980893165973,42.3367441590466],[-84.1982115467719,42.3367652058407],[-84.1983526692366,42.3367752870161],[-84.1982926236355,42.3368468682215],[-84.1982254832316,42.3368886671667],[-84.1980991078334,42.3369001751081],[-84.1979582412812,42.336887153856],[-84.1978252437403,42.3368527638988],[-84.1976710000618,42.3368019079817],[-84.1974916515506,42.3367425861337],[-84.1973129841841,42.3366584293227],[-84.1968206149855,42.3364066210364],[-84.1965987742551,42.3363143667117],[-84.1964118727006,42.3362656689387],[-84.1946347262588,42.3360658750762],[-84.190176042255,42.336149864746],[-84.1901826063225,42.3348710008382],[-84.1852768963986,42.334929746944],[-84.1852816022092,42.3359860338053],[-84.1847218704847,42.3358354197987],[-84.184231578225,42.3357433567967],[-84.1838236030909,42.3356353691737],[-84.1835186705744,42.3355483729539],[-84.1831188556335,42.335517403908],[-84.1828755266655,42.3355794248086],[-84.1825445897677,42.3357413866684],[-84.1820878560431,42.3359254077481],[-84.1817186055033,42.3360533753107],[-84.1814455796829,42.3361654319872],[-84.1809725251249,42.3362063836068],[-84.1803888858128,42.3362045183903],[-84.1803837529343,42.3362591971021],[-84.1754840291422,42.3362733362233],[-84.1705891096683,42.3362863187637],[-84.1705662754626,42.3331396986613],[-84.170561837916,42.3325280701333],[-84.1656816741494,42.3325732574719],[-84.1608015071483,42.3326182120896],[-84.1608014617842,42.3326110794399],[-84.1608014440772,42.3326082604388],[-84.1607885736118,42.3305911402717],[-84.1607783960267,42.328996138036],[-84.1607733430119,42.3289961845849],[-84.1607697849035,42.3289962170035],[-84.1558974945924,42.329040890476],[-84.1558881337029,42.3272312531804],[-84.1558855890495,42.3272312967659],[-84.1520925835585,42.3272666390967],[-84.1514609296925,42.3267765615994],[-84.1519824201878,42.3267684121493],[-84.1509957745957,42.3252655112894],[-84.1509885947447,42.3242059265697],[-84.1504860822513,42.3247766322709],[-84.1461131413379,42.3250531622671],[-84.1461049586281,42.3244184560712],[-84.1445749778585,42.3244266766252],[-84.1445826618978,42.3251648290055],[-84.1445837838374,42.3252726113671],[-84.1445866653767,42.325549368931],[-84.144586662325,42.3255497922746],[-84.1445869112833,42.325549789201],[-84.1445872185379,42.3255497852936],[-84.1461126885142,42.3255292379422],[-84.1461159162335,42.325859968518],[-84.1461159401015,42.3258623597388],[-84.1461368889644,42.3280081334004],[-84.146148047858,42.3291512024583],[-84.144615675234,42.3291718558907],[-84.1446155501409,42.3291718574175],[-84.1446132109354,42.3291718888507],[-84.1434630734396,42.3291873751022],[-84.1434675715759,42.3295527235257],[-84.1433954475247,42.3295960818484],[-84.1431419700437,42.3296913749229],[-84.1430337042554,42.329732802046],[-84.1429481920208,42.3297836506364],[-84.142893322292,42.329851082866],[-84.1427728665821,42.3301616758802],[-84.1427273239588,42.3302342996027],[-84.14267559886,42.3302877065855],[-84.1426066005075,42.3303297894326],[-84.1424692240432,42.3303928352498],[-84.1421721926628,42.3304502194031],[-84.1421110602643,42.3304699279584],[-84.1420832700793,42.3304788960002],[-84.1419650326078,42.3305362336496],[-84.1418458752635,42.3306247113839],[-84.1417848256001,42.330717177359],[-84.1417594787325,42.330794147896],[-84.1417506725534,42.3308613454683],[-84.1417686721064,42.3309380313026],[-84.1418117649191,42.3310362508516],[-84.1419339611262,42.3311619123948],[-84.1421585886218,42.33143904346],[-84.1422111963539,42.3315364075438],[-84.1422253913823,42.3315852743259],[-84.1422381872974,42.3316293316981],[-84.1422711281795,42.3317671110746],[-84.1423671424728,42.3321591660841],[-84.1423858375304,42.3322688736535],[-84.1414307734638,42.3321839281415],[-84.1413360241201,42.3321754999702],[-84.1413300606426,42.332174970206],[-84.1413028733446,42.3321725515891],[-84.1413008350631,42.3321723438332],[-84.1413008363169,42.3321725033024],[-84.141300970156,42.3321905817486],[-84.1413057471715,42.3328362189595],[-84.1413060962508,42.3329653463992],[-84.1413111907014,42.3329652662589],[-84.1413212396407,42.3329651171627],[-84.1423941440391,42.3329491830965],[-84.1424285470422,42.3329486720288],[-84.142428750535,42.333024541275],[-84.1424291577709,42.3331759095239],[-84.1426725685848,42.3330783939753],[-84.1428451087216,42.3331634452026],[-84.142868699098,42.3331750742057],[-84.1429243068671,42.3332024845379],[-84.1429868916582,42.3332333348486],[-84.1433483814549,42.3336957016277],[-84.1438145932489,42.3342920014313],[-84.1438300186256,42.3342917720377],[-84.1439267786043,42.3342903321799],[-84.1441496904797,42.3342870141687],[-84.144184492647,42.334286495679],[-84.1441832832809,42.3347789912515],[-84.1441831575164,42.3348301801385],[-84.1441825399239,42.3350819277524],[-84.1441824997682,42.3350981538654],[-84.1447011895384,42.3350904394916],[-84.1447086644077,42.3350903428573],[-84.1447096153571,42.3347034067769],[-84.1447096939685,42.3346714851169],[-84.14492336321,42.3346683058429],[-84.1455240306788,42.3346593656234],[-84.1455602129061,42.3346588272714],[-84.1457047401978,42.3346566758093],[-84.145706080715,42.3341076640494],[-84.1457905032588,42.3338840697274],[-84.1458060872482,42.3338427951614],[-84.1458143720893,42.3338208512819],[-84.1458152912005,42.3338212538889],[-84.1458226643684,42.3338244867924],[-84.1462046253312,42.333991951579],[-84.1464097861864,42.3340819020054],[-84.146735518312,42.3343025745642],[-84.1470190676895,42.3344564209286],[-84.1472565290062,42.3344388283059],[-84.1479068494285,42.334693048402],[-84.148173229454,42.3349181238248],[-84.1484512820983,42.3352369573123],[-84.1488377786703,42.335854981001],[-84.1490015067176,42.3360506345267],[-84.1491605956484,42.3361636520678],[-84.1493384972892,42.3362180328776],[-84.1494097437017,42.3362398110455],[-84.1497622399424,42.3362831909458],[-84.1498143260329,42.3362849260769],[-84.1499550575064,42.3363504104853],[-84.1501122951186,42.3363553560957],[-84.1501126447295,42.3364571202797],[-84.1501141496321,42.3368944360238],[-84.1501142819678,42.3368944364124],[-84.1501116031958,42.3370417165287],[-84.1502811523298,42.3373048361081],[-84.1505836844916,42.3376140725131],[-84.150834916864,42.3378051787079],[-84.1509950733747,42.3379270051696],[-84.151065770972,42.3379807825634],[-84.1510658730697,42.3379808599225],[-84.1510650186123,42.338178816932],[-84.1510649158919,42.3381787602818],[-84.1510648988762,42.3381827606093],[-84.1512446946507,42.3382828807437],[-84.1512723066097,42.3382982570897],[-84.1511721816101,42.3383789922241],[-84.1511068143822,42.3384317007187],[-84.1504181553583,42.3389837785448],[-84.150223804718,42.339143781964],[-84.149307258508,42.3398449048135],[-84.1489280185369,42.3401018851814],[-84.1485667601326,42.3403466720859],[-84.1484651632965,42.3404097169694],[-84.1481997147189,42.3405744154977],[-84.1473601646622,42.3410229208255],[-84.1469355347403,42.3412585592941],[-84.1469354420062,42.3412586145095],[-84.1461847403326,42.3416823708705],[-84.1461114536987,42.3417237370684],[-84.14466880384,42.3425170000888],[-84.1424065873733,42.34376083809],[-84.1423786056177,42.3437611181238],[-84.1423779594016,42.3437611245017],[-84.1413149159782,42.3437717623998],[-84.1413098145654,42.3437722451112],[-84.1413095716853,42.3437722455773],[-84.1364445973046,42.3437958657339],[-84.1351341045095,42.3438021936552],[-84.1351333988749,42.3438021971996],[-84.1315903816416,42.3438192315848],[-84.1315793563182,42.3438192842649],[-84.1315793556982,42.3438197445829],[-84.1315916513102,42.3473974013454],[-84.1315987862976,42.3509544150341],[-84.131588586691,42.350954670706],[-84.1315885883667,42.3509552553773],[-84.1316023514539,42.3509549124105],[-84.1316178805401,42.3537549738405],[-84.1314583867421,42.3537497334144],[-84.1314257425211,42.3537486609551],[-84.1311722520942,42.3537403324295],[-84.1300402935944,42.353703108269],[-84.1294175604104,42.3536826256218],[-84.1270981511809,42.3536712552597],[-84.1249453768758,42.35352271109],[-84.1224452217365,42.3535708819621],[-84.1197401266998,42.3536340096403],[-84.1197518509306,42.3513401904327],[-84.1175824978708,42.3513940196353],[-84.1175825702171,42.3513801812476],[-84.1175825925158,42.351375839574],[-84.1175829683308,42.3513035669989],[-84.1176266908842,42.3476896134407],[-84.1176194753466,42.3476897955761],[-84.1176177289032,42.347689839149],[-84.1175485463878,42.3476915816961],[-84.1175194497267,42.3476923143755],[-84.1167642863425,42.3477113346374],[-84.1167194290144,42.3477124638385],[-84.1167146684914,42.3477125836611],[-84.1166843124211,42.348624264746],[-84.1166842413223,42.3486263895328],[-84.1166755836979,42.3488864245461],[-84.1166755648763,42.3488869998664],[-84.1166747005806,42.348912939432],[-84.116674577655,42.3489129481721],[-84.1151737051962,42.3490232284804],[-84.1150493885186,42.3489393928605],[-84.1138733483281,42.3491819660742],[-84.1131761686253,42.3484255659628],[-84.1138935376391,42.3479926059859],[-84.113980603485,42.3480756084722],[-84.1143556658447,42.3478199841382],[-84.1141439891477,42.3476473668055],[-84.1146829594937,42.3473170913017],[-84.1146850523482,42.3473158086504],[-84.1149675264668,42.3473208952127],[-84.1153960012243,42.3472341035288],[-84.1157449918643,42.3470153212511],[-84.1157600690752,42.3469974188169],[-84.1157627810749,42.3469941980582],[-84.1157653846926,42.3469911060953],[-84.1176301643013,42.3469817237076],[-84.1176348137122,42.3469817010702],[-84.117649730631,42.3456815153632],[-84.1176506730475,42.3455993691215],[-84.1179171178516,42.3456805114923],[-84.1180792602957,42.3457633329942],[-84.1179455384104,42.3459167578715],[-84.1179221509071,42.3462353277079],[-84.1179568346046,42.3464660456001],[-84.11779960088,42.3468668157586],[-84.1178061864991,42.3469985205102],[-84.1179666042167,42.347262608161],[-84.1181809770524,42.3473510837379],[-84.1183872493445,42.3473076917999],[-84.1187946738768,42.3471384523468],[-84.1190399676309,42.3469853545739],[-84.1192483162576,42.3467001636116],[-84.1192709890795,42.3465793638478],[-84.1193085635588,42.3464915854568],[-84.1195384414224,42.3464207227715],[-84.1196446971703,42.3459979964499],[-84.1196754434148,42.3457618977458],[-84.1196695074245,42.3454597289766],[-84.1196936644375,42.3451905937306],[-84.1196952188393,42.3449159985891],[-84.119689446468,42.3446083545111],[-84.1196760854845,42.3443995212599],[-84.1197374358208,42.3440810335863],[-84.1197294272348,42.3440379099054],[-84.1196746795354,42.3437540280433],[-84.119527536701,42.3434487532462],[-84.1193151748534,42.3431956220092],[-84.1191680256343,42.3430688608485],[-84.1190199631319,42.3428975843732],[-84.118909083027,42.3426261776666],[-84.1188422206823,42.3427030414562],[-84.1187084393814,42.342536519796],[-84.1186045073844,42.3422871885463],[-84.1186346105006,42.3420222233514],[-84.1187670672029,42.3418846762722],[-84.1188781005131,42.3418025154329],[-84.1189901529718,42.3417369804448],[-84.1191905639844,42.3416109923565],[-84.1194197234742,42.3414135633278],[-84.1197685426442,42.3411006185486],[-84.1199162471184,42.3409357364977],[-84.1199383368262,42.3406595315822],[-84.119930678359,42.340338911378],[-84.1198958093633,42.3400789134076],[-84.11987875986,42.339951797272],[-84.1197816492529,42.3396527408024],[-84.1196636978184,42.3395139439241],[-84.1193386470221,42.3393229545921],[-84.1189067222374,42.3391279224899],[-84.1186466507915,42.3389218468876],[-84.1183967357035,42.3387557677883],[-84.118228356035,42.3386528580214],[-84.1182278190134,42.3386524318944],[-84.1177410459999,42.3386577311974],[-84.1177460158659,42.3382472623215],[-84.1177409848367,42.3382424734377],[-84.1176700100947,42.338174875836],[-84.117370332783,42.3379741868424],[-84.1171143509902,42.3378821789437],[-84.1168287808656,42.3378396491172],[-84.1160293281962,42.3377273677355],[-84.1157210115418,42.337684741071],[-84.1154276869096,42.3376475586912],[-84.1151263628337,42.3375994089859],[-84.1146054775669,42.3375845769977],[-84.1143923645502,42.337579720698],[-84.1140446502121,42.3377334701929],[-84.1138963863497,42.337891857507],[-84.1136291097167,42.3380944035332],[-84.1133147146837,42.3382341471805],[-84.113259022926,42.3382588987243],[-84.1129643265992,42.3383414693535],[-84.1128556128789,42.3384413031051],[-84.1128640395186,42.3378172942219],[-84.11286937782,42.3374219780191],[-84.1128697786551,42.3373922695621],[-84.1128760287815,42.3369294649086],[-84.1111294628415,42.3369790257712],[-84.1088512789501,42.3370436257746],[-84.107983645564,42.3370732530569],[-84.1079721689261,42.3370736453443],[-84.1079411112347,42.3407233956226],[-84.1079397901356,42.3408059581372],[-84.1079392251845,42.3408412454448],[-84.1075968288806,42.3412589256627],[-84.1074756851912,42.3412282740079],[-84.1068299626238,42.341926629659],[-84.1061120085218,42.3422603636606],[-84.1059769506469,42.3423231427998],[-84.1059983106499,42.3423519045224],[-84.1060373543233,42.34240447682],[-84.1062386065747,42.3426754631673],[-84.1062422666978,42.3426803914988],[-84.1061739837356,42.3427349155852],[-84.1060385660467,42.3428094366189],[-84.1059166705251,42.3428273747654],[-84.1058832711349,42.3428322898885],[-84.1058379623885,42.3428389572444],[-84.105705074306,42.3428312205242],[-84.1056094840517,42.342801588875],[-84.1055733914435,42.342790400747],[-84.1055365795467,42.3427789896267],[-84.1055032226784,42.3427450411446],[-84.1053535335777,42.3433708524067],[-84.1057375303417,42.3433460575261],[-84.1058507160775,42.3433387488507],[-84.1067571586263,42.3432802132636],[-84.1066521896172,42.3430974649806],[-84.1065497845844,42.3429191795318],[-84.1073136424242,42.3427366622734],[-84.1082219709899,42.3443346648012],[-84.1031437714047,42.3445251908986],[-84.103027515503,42.3445295504584],[-84.1030268432051,42.3445295750904],[-84.1024403707851,42.3445509407069],[-84.1024552184357,42.3443661591444],[-84.1024630606468,42.3439868483837],[-84.1025086466439,42.3435829614533],[-84.1005274671282,42.3436567619407],[-84.1005261012072,42.3438822517667],[-84.1005249047878,42.3440796984572],[-84.1005216141981,42.3446226105989],[-84.1005216063267,42.3446229050415],[-84.1005217984282,42.3446228974935],[-84.1006406737646,42.3446184705379],[-84.1024403707851,42.3445509407069],[-84.1024309154313,42.3446687747025],[-84.1024306804296,42.3446717101711],[-84.1024303333067,42.3446760373438],[-84.1027659005672,42.3447350217621],[-84.103020733487,42.3448080530589],[-84.1030286733002,42.3448103281191],[-84.1030284875962,42.3448373169656],[-84.1030067226735,42.3479992182701],[-84.1041843568046,42.34795654871],[-84.1041893828397,42.3479563663433],[-84.1042428667174,42.3477224120999],[-84.104461796081,42.3467647295042],[-84.1045654978021,42.3463110869551],[-84.1062290978053,42.3472537394523],[-84.1074791148511,42.347308679017],[-84.1074757634291,42.347315026403],[-84.1074685717959,42.3473286488801],[-84.1072620228881,42.3477198716977],[-84.1073184844041,42.347733783033],[-84.1083366849649,42.3479846376661],[-84.1083788699992,42.3478996953901],[-84.1084242994178,42.3479295140532],[-84.1084934215502,42.3479748837364],[-84.1094435802458,42.3482119353219],[-84.109491908443,42.3481823181288],[-84.1095951134603,42.3481190712085],[-84.1103023116776,42.3476856722674],[-84.1112482346928,42.3471059573602],[-84.1112968557685,42.3470761587984],[-84.1115946713297,42.3471432312369],[-84.1121456431368,42.3473926655059],[-84.112196285154,42.3474285351164],[-84.1122979235284,42.3475005261775],[-84.1122090125828,42.3475287253667],[-84.1119064369809,42.3475447264195],[-84.111654802834,42.3475827106009],[-84.1115879229344,42.3476100128878],[-84.1114400994623,42.3476042847098],[-84.1113508801787,42.347741406947],[-84.1113305160162,42.3477422260608],[-84.111201242305,42.3477474236342],[-84.1110917198883,42.3477518276776],[-84.111107583276,42.3478431680085],[-84.1111288017406,42.3478750152804],[-84.1114007091803,42.3482831660899],[-84.1130301720897,42.3508138221981],[-84.1130246434903,42.3508137532491],[-84.1130045771821,42.3508135011938],[-84.1128079371805,42.3508110357158],[-84.1128084824586,42.3508115908259],[-84.112816983154,42.3508202445011],[-84.1133938719193,42.3514074814758],[-84.1151427126732,42.3513641174027],[-84.1151077335806,42.3536270244592],[-84.1150863764243,42.355008624356],[-84.1150460915747,42.3550096327494],[-84.1150340801278,42.3550099338995],[-84.1131320894686,42.3550575445988],[-84.112609046644,42.3550706314248],[-84.1126090467162,42.3550709854564],[-84.1126141214101,42.3587131785538],[-84.1126191882447,42.3623557374179],[-84.1126242770791,42.3659983220329],[-84.1126121265024,42.3696490433152],[-84.1125999765759,42.3732997476618],[-84.1125920205531,42.3769503436538],[-84.1125741615799,42.3778701506023],[-84.1125690665621,42.3778702871646],[-84.1077771829606,42.377998752032],[-84.107782398627,42.3770792922447],[-84.107351183556,42.3770905125986],[-84.1067865992783,42.3774013448109],[-84.1055547532196,42.3781362115929],[-84.1054629486282,42.3781965800593],[-84.1043341406692,42.3789362719532],[-84.1038365530122,42.3793675102736],[-84.1030286512173,42.3801243475163],[-84.1030323402233,42.3808024366377],[-84.0982880340607,42.3809334727947],[-84.0935439279028,42.3810643075354],[-84.0935485149184,42.3847057551762],[-84.0886298312773,42.3849065314012],[-84.0886140138297,42.3812456971509],[-84.0886000509231,42.3805052664654],[-84.0885999982082,42.3805025828604],[-84.0882457833356,42.3804579405788],[-84.0882371061083,42.3804588184318],[-84.0882337602798,42.3804591567549],[-84.0879979050726,42.3804830190894],[-84.0874794227346,42.3806280456783],[-84.084877421205,42.3812380279763],[-84.0843917649064,42.3813403556919],[-84.0842029498462,42.3813801386211],[-84.084051076404,42.3814183978294],[-84.0836893616295,42.3814321003191],[-84.0832375995165,42.3814528042995],[-84.0831649694085,42.3814561323939],[-84.0826914540513,42.3814778310102],[-84.0821609575534,42.3815021386154],[-84.0819891015792,42.3814133718141],[-84.0817734521393,42.3812904754002],[-84.0815470744317,42.3811844161241],[-84.0812097888255,42.381044767342],[-84.080676393928,42.3808679097386],[-84.0802408991841,42.3807519229628],[-84.0796988553837,42.3806390452172],[-84.0792360002408,42.3805472512087],[-84.0792126263516,42.3805438215172],[-84.0791538987115,42.3799146739329],[-84.0785484100703,42.3799578936796],[-84.0785273822947,42.3785912226274],[-84.0785189796563,42.378045130245],[-84.0786699316639,42.375611878291],[-84.0786536735255,42.3743841234104],[-84.0774042824921,42.3744281651955],[-84.0773074347045,42.3743599626514],[-84.0768261969425,42.3740210613405],[-84.0764430852549,42.3737849324766],[-84.0758399609893,42.3734471996315],[-84.0752663735364,42.3731819317914],[-84.0740676098396,42.3727012046688],[-84.0735739245931,42.3725067346079],[-84.0735507170317,42.3724977456521],[-84.0735507241167,42.3724972476064],[-84.0735474122258,42.3724960465357],[-84.0733127209152,42.3724014344945],[-84.0731277462178,42.372321884103],[-84.0729896804817,42.3722594426417],[-84.0728323030576,42.3721855151681],[-84.0727509568706,42.3721461079936],[-84.072473382835,42.3720068657672],[-84.0722430962472,42.3718831300047],[-84.0720290550137,42.3717614824599],[-84.0718424599068,42.3716532974593],[-84.071626031935,42.3715188088004],[-84.0713703787019,42.371348614504],[-84.0711993940902,42.3712289728514],[-84.0710330375491,42.3711094097818],[-84.0708905639915,42.3710031302377],[-84.0708702946177,42.3709872512368],[-84.0707572907229,42.3708987242813],[-84.0705947274624,42.3707689301432],[-84.0704438109,42.3706367618991],[-84.0702863040662,42.3704933255533],[-84.0701604022753,42.3703753170328],[-84.0700302243955,42.370246080356],[-84.0698799556721,42.3700933291319],[-84.0697668572579,42.3699729671867],[-84.0692724584185,42.3694290118205],[-84.0688246913278,42.368929766827],[-84.0675028939029,42.3674559533605],[-84.0675026075153,42.3674556340205],[-84.0675022965043,42.367455363802],[-84.067502170035,42.3674553679247],[-84.0674966103254,42.3674555467025],[-84.0674587855169,42.3674567647631],[-84.0644629196455,42.3641218438124],[-84.06430750428,42.3639488365071],[-84.0640644561729,42.3639562669622],[-84.0639424141079,42.3639599982617],[-84.0639398664984,42.3635403278278],[-84.0639393956247,42.363462751158],[-84.0639391218186,42.3634176120726],[-84.063934403826,42.362639746163],[-84.0639343949918,42.3626384433819],[-84.0639292913641,42.3626386172576],[-84.0632668034457,42.3626570877615],[-84.0632002454603,42.3626589432155],[-84.0612058387129,42.3604425149387],[-84.0612784490302,42.3604403303867],[-84.0637491676158,42.3603659749952],[-84.0639154751162,42.3603609683226],[-84.0639205791509,42.360360814276],[-84.0639085464999,42.3583785785395],[-84.0639085431612,42.3583780280623],[-84.063903441756,42.3583793010074],[-84.0638983556654,42.358380743577],[-84.0638845680614,42.3583846544057],[-84.0602286886945,42.3594214847486],[-84.0579846164721,42.3569130209962],[-84.0638987320488,42.3567616383285],[-84.0638722818668,42.3531629342174],[-84.0638985854604,42.3495580009019],[-84.0639253687886,42.3459530544827],[-84.0639521597135,42.3423481237293],[-84.0662649119727,42.3422845682065],[-84.0662699387572,42.342284429858],[-84.0668211520466,42.3422757105139],[-84.0688147563948,42.3422144479438],[-84.0688212553446,42.3410715103838],[-84.0688352900127,42.3386030234708],[-84.0688352917665,42.3386026190183],[-84.0691415248662,42.3385937478416],[-84.0691428775732,42.3385937081245],[-84.0691466245057,42.3385935998184],[-84.0691857783498,42.3348148537191],[-84.0691862899566,42.3342865761051],[-84.069186325375,42.3342501615254],[-84.0691892868697,42.3311929572133],[-84.0691930069662,42.3279217689478],[-84.0697723218991,42.3279115800228],[-84.0697745609898,42.3275097538719],[-84.0691939665587,42.3275160677175],[-84.0692930313549,42.3241984242148],[-84.0693008899366,42.3239352417252],[-84.0692620273121,42.3202508924044],[-84.0692230227184,42.3165527106931],[-84.0691840338134,42.3128549562463],[-84.0691840290467,42.3128545273562],[-84.0739916970055,42.3128059662438],[-84.0739943230903,42.3127596209869],[-84.0740907043671,42.3106627011751],[-84.0752982142391,42.3106834959351],[-84.0752025673737,42.3127650268605],[-84.0752015019311,42.3127866209537],[-84.07538167154,42.3127835136538],[-84.0753930991191,42.3127833166249],[-84.0754556168481,42.3127822384597],[-84.0754606295985,42.313239856664],[-84.0754611740142,42.313289572539],[-84.0754616303354,42.3133312287447],[-84.0791574817936,42.3132675806984],[-84.0791531237557,42.3127183825897],[-84.0791492358335,42.3122477722718],[-84.0795016188509,42.3122277721837],[-84.0795017112705,42.3122277665639],[-84.0795120633702,42.3122271795061],[-84.0795171555342,42.3122268903919],[-84.0794981187083,42.3099558934231],[-84.0794981156523,42.3099554852832],[-84.081894502655,42.3099206086751],[-84.0818950381424,42.3099206007434],[-84.0818964952592,42.3099205788913],[-84.0819015902318,42.3099205050266],[-84.0818968939333,42.3089601474481],[-84.0818968922431,42.3089597339267],[-84.0840844418223,42.3089278494672],[-84.0890451531154,42.3088561840554],[-84.0890451534467,42.3088562516251],[-84.0890451557127,42.3088575479919],[-84.0890455764151,42.3090785471304],[-84.0890456783293,42.3091325424196],[-84.0894711981159,42.3092080334834],[-84.090845628518,42.3095287794888],[-84.0913114861171,42.3095986725274],[-84.0918837746869,42.3096615011393],[-84.0923351200411,42.3097026970186],[-84.0923354213932,42.3097027246813],[-84.0923656200486,42.3097054803158],[-84.0923878433112,42.3098195515528],[-84.0924277765224,42.3100245245528],[-84.0926429094446,42.3111287559358],[-84.0927116260835,42.3110993297325],[-84.0927344172384,42.3110895694857],[-84.0936837116715,42.3106830401916],[-84.0939987601784,42.3105033048351],[-84.0940039227109,42.3105003812884],[-84.094004408577,42.3100734018893],[-84.094043120286,42.3101022052967],[-84.0941617347029,42.3102383342828],[-84.0943671207056,42.3105305345328],[-84.0946198264246,42.3109049732504],[-84.094772460935,42.3111296494439],[-84.0949243928966,42.3113452103318],[-84.0950200047753,42.3114653860053],[-84.0950854759172,42.3115357787223],[-84.0951679644038,42.311593665608],[-84.0952542207401,42.3116385119288],[-84.0953327640384,42.3116696176314],[-84.0952933719664,42.3117109280912],[-84.0952982858854,42.311713847679],[-84.0950839575662,42.3119727127346],[-84.0947704671365,42.3123015955975],[-84.0947640655896,42.3123083149757],[-84.0946833859969,42.3124433327695],[-84.0946815901851,42.3124463371382],[-84.0946416695773,42.3125131405833],[-84.0946248880199,42.3125486616699],[-84.0945272140708,42.3127554047424],[-84.0942804533018,42.3130217332378],[-84.0940236196487,42.3132175420241],[-84.0940011624624,42.313232808824],[-84.0940011489626,42.3132523084276],[-84.0936571813558,42.3135130572301],[-84.0933680492195,42.3137619146185],[-84.0932529753285,42.3138762190548],[-84.0929862522491,42.3141360147086],[-84.0927267123138,42.3144330960164],[-84.0925665852231,42.3147287619178],[-84.092489125848,42.3149048363165],[-84.0924368361592,42.3150236981388],[-84.0924355501986,42.3151547789389],[-84.0924346549186,42.315246044256],[-84.0924265212134,42.3152969973024],[-84.0924359231391,42.3153673934814],[-84.0924371772699,42.3154784979798],[-84.0924622892961,42.3155648126396],[-84.0926364039789,42.3161632526402],[-84.0926428765215,42.3161852267039],[-84.0926448575543,42.3161924754125],[-84.0927655184573,42.3166340867095],[-84.093046233235,42.3176626022333],[-84.0932244289301,42.3181553425208],[-84.0934851333812,42.3186061284972],[-84.0937449639556,42.3189268610973],[-84.0937450689232,42.3189695523982],[-84.0937486920509,42.3204348358512],[-84.0939925918129,42.3204381229015],[-84.0939976909867,42.3204382143156],[-84.0939976914338,42.3204377684023],[-84.0939979833204,42.3201829101923],[-84.0939984060064,42.3198130948707],[-84.0989376763115,42.3196920357851],[-84.0989355702715,42.3233250506181],[-84.1038768909207,42.3232482848174],[-84.1038769608425,42.3235198078194],[-84.1038772926063,42.3248084975733],[-84.103877313529,42.3248900939915],[-84.1039308442911,42.3249132625267],[-84.1040415091939,42.3249675187087],[-84.1041463972996,42.3250277566581],[-84.1042449240878,42.3250936412748],[-84.1042633845626,42.3251071444494],[-84.1043999626688,42.3252289860423],[-84.1046545890933,42.3254855988895],[-84.1046235932961,42.3255038264495],[-84.104511855124,42.3255754460652],[-84.1044068138585,42.325652442751],[-84.1043089316507,42.3257344739302],[-84.1042536886274,42.3257860955273],[-84.1041683989897,42.3258659519282],[-84.1040869511717,42.3259536630307],[-84.1040137551362,42.3260453020514],[-84.1039491535358,42.3261404261935],[-84.1038934546392,42.3262386055888],[-84.1038776696061,42.3262704378229],[-84.1038777136027,42.3264393555332],[-84.1038778197834,42.3268532776974],[-84.1088229864203,42.3267235318776],[-84.1088230705797,42.3268451718484],[-84.1088244434379,42.3288446595334],[-84.1086656826885,42.3288477514835],[-84.1086643046283,42.3289763923739],[-84.1086583095303,42.3295359161517],[-84.1088210037666,42.3295256506152],[-84.108823053473,42.3296667757228],[-84.1088329101715,42.3303456376614],[-84.1088491774732,42.330734396975],[-84.1088586254593,42.3309601581757],[-84.1100217912151,42.3306325819706],[-84.1101001177437,42.3306105225632],[-84.1101894454112,42.3305853663468],[-84.110211608333,42.3305791241976],[-84.110141414377,42.330548801853],[-84.1100080372796,42.3304911861589],[-84.1098835881056,42.3303917544376],[-84.1099341551794,42.330391024577],[-84.1114650193783,42.3303689262586],[-84.1118659869523,42.3303631380254],[-84.1122392367988,42.3303577506668],[-84.1122378904671,42.3304332511587],[-84.1122010716419,42.3304573415321],[-84.1121752644642,42.3304843635794],[-84.1121529665223,42.3305176228618],[-84.1121245723889,42.3305686267516],[-84.1119902279815,42.3306400376673],[-84.1119543483541,42.3306591099013],[-84.1119185381127,42.3306804714415],[-84.1118975223404,42.3307020827825],[-84.1118931894143,42.3307108658242],[-84.1118817388543,42.3307340791257],[-84.1118793459981,42.3307600830444],[-84.1118926639817,42.3308001621986],[-84.1118253311105,42.3308237372082],[-84.1117437297286,42.330844398425],[-84.1116938249816,42.3308532109413],[-84.1116129798771,42.3308648881004],[-84.1115433779652,42.3308719499775],[-84.1114794081751,42.3308763611586],[-84.111411781838,42.3308793376592],[-84.1113358955018,42.3308801152752],[-84.1112462667996,42.3308765420562],[-84.1111512585622,42.3308673863462],[-84.1110522503479,42.330855446939],[-84.1108172343577,42.3308271060739],[-84.110922713346,42.3315159048291],[-84.1109659037126,42.3317979403765],[-84.1109794691125,42.3318865252967],[-84.1112971470343,42.3318719278118],[-84.111975890235,42.331840738637],[-84.1123826010584,42.3318220498508],[-84.112765749634,42.3318852135535],[-84.1137003465896,42.3320392828625],[-84.1136994655468,42.3318910025603],[-84.1136975455566,42.3315674220595],[-84.1136902053405,42.3303306028849],[-84.1137818288157,42.3303297144433],[-84.1142801708479,42.3303248811223],[-84.1143943938174,42.3303237733617],[-84.1144310570683,42.3302011588354],[-84.1144723445013,42.3300630881151],[-84.1131882745676,42.3298514078342],[-84.1133344577427,42.3297002183211],[-84.1134806402178,42.3295490286161],[-84.1134997296453,42.3295521757381],[-84.1145722487833,42.3297289812369],[-84.1146132938208,42.3295917090276],[-84.1146222005535,42.329561926856],[-84.1140571183655,42.3294687743892],[-84.1136729310249,42.3294054404975],[-84.1136702642758,42.3292594947112],[-84.1136848620414,42.3292321183796],[-84.1137658359869,42.3290701792786],[-84.1138437502631,42.3290830235391],[-84.1144136460056,42.3291769717635],[-84.1147221032422,42.3292278198124],[-84.1147373225819,42.3291769201741],[-84.1147647691218,42.3290851319729],[-84.1147720541882,42.3290607662493],[-84.1138468107297,42.3289082401352],[-84.1139005953567,42.3287418182116],[-84.1139698639608,42.3287532373543],[-84.1148220036828,42.3288937117377],[-84.1148657986123,42.3287472431324],[-84.1148719540978,42.3287266581194],[-84.1149152071676,42.3286656750051],[-84.1149982555208,42.3285485834591],[-84.115058863273,42.3284631304587],[-84.1150860743158,42.3284247654951],[-84.1140427044784,42.3282919083643],[-84.1140098737767,42.3282877277936],[-84.1141813989454,42.3282885777639],[-84.114282225319,42.3282883693757],[-84.114282282377,42.3282883694372],[-84.1142820673057,42.3282851651088],[-84.1142213509596,42.3276156692472],[-84.1148749414212,42.3263905614784],[-84.1148451134689,42.3263871875678],[-84.114816788123,42.3263839831201],[-84.113771162119,42.3262656921196],[-84.1137711519709,42.3262628930226],[-84.113768528785,42.3255255150765],[-84.1137684956476,42.3255162150918],[-84.1137594428526,42.3229709927918],[-84.1162664464592,42.322911383659],[-84.1162650619866,42.3229057291485],[-84.1162490671109,42.3228356243254],[-84.1162397014478,42.3227982553067],[-84.116232657427,42.3227701509612],[-84.11620782875,42.3226710864514],[-84.116179443726,42.3226260847914],[-84.1161768699974,42.3226220047364],[-84.1161696281731,42.3226105230525],[-84.1161679690977,42.3226078925549],[-84.1160934993332,42.3224898268996],[-84.1160970877259,42.3223471646442],[-84.1161561171082,42.3223032521835],[-84.1164346999753,42.3222488370909],[-84.1167642728843,42.3222109009246],[-84.1167643874025,42.3222108875393],[-84.1168060446231,42.3223372823743],[-84.1167677630231,42.3224473072574],[-84.116760273928,42.3224688293137],[-84.116780554472,42.3224675773426],[-84.1168061012847,42.3224659996875],[-84.1169358676049,42.3224579870087],[-84.1172020275334,42.3223782722736],[-84.1173914829164,42.3223215304485],[-84.1179137509412,42.3222130862479],[-84.1181494134511,42.3221477937275],[-84.1184525056518,42.3220114220885],[-84.1186318765549,42.3217750268931],[-84.1186319553583,42.3217749507466],[-84.118631955045,42.3217748021019],[-84.1186291836536,42.319230213115],[-84.1186252215617,42.3155987891189],[-84.1186252215625,42.3155983918458],[-84.1235041757516,42.3155119556087],[-84.1290511766734,42.3154129857986],[-84.1290533655213,42.3173088197886],[-84.1290534312863,42.3173660469662],[-84.1235060752622,42.3172942205365],[-84.1235080328648,42.319132164321],[-84.1313799755213,42.3189730645341],[-84.1313766382444,42.3184947747926],[-84.1313682409863,42.3172908399615],[-84.1313682401724,42.3172907867982],[-84.1313514559295,42.3148851217378],[-84.131317845332,42.3100145327582],[-84.1313376591284,42.3100144397674],[-84.1314380341648,42.3100139704751],[-84.1315547350471,42.310015921661],[-84.1315808947998,42.3100165617138],[-84.1316656320772,42.3100186333025],[-84.1318538927013,42.3100243551146],[-84.1322902368461,42.3100443106623],[-84.1332024736743,42.3100860259955],[-84.1332025840177,42.3102564251311],[-84.1332026168085,42.3103063783631],[-84.1332033271621,42.3113999891428],[-84.1334267688131,42.3113982694642],[-84.13345930263,42.3113980192088],[-84.1361458108854,42.3113773460751],[-84.13615859544,42.3113772476124],[-84.1361787064313,42.3113770929748],[-84.13620112645,42.311376920091],[-84.1362151688885,42.313025268592],[-84.1373625799564,42.3130133965232],[-84.1378709091011,42.3130081365291],[-84.1378711944807,42.3130161966157],[-84.1379342824293,42.3147986675565],[-84.1379692761429,42.3147982065502],[-84.1379694012077,42.3147982050306],[-84.1379694558545,42.3147982041394],[-84.1379795803323,42.3147980710507],[-84.1382447573918,42.314794576097],[-84.1382450658076,42.3147945722266],[-84.1411085489715,42.3147568384005],[-84.1435446402108,42.3147244390193],[-84.1459917104925,42.3146918935714],[-84.1459917910851,42.3146987277816],[-84.1459918201976,42.3147011461198],[-84.1460118997293,42.3163932145867],[-84.146012301347,42.3164270279707],[-84.1460133243158,42.3165132300993],[-84.1461211226692,42.316512292636],[-84.1508943826015,42.3164444355639],[-84.1508994796237,42.3164443055142],[-84.1508748839172,42.3146276457504],[-84.1508748721475,42.3146267447164],[-84.1545743453531,42.314598166152],[-84.1557508315666,42.3145890502862],[-84.1557534976202,42.3145890294344],[-84.155767914427,42.3145889178862],[-84.1557944175384,42.3167848740106],[-84.1558062121096,42.3177609875891],[-84.15581142009,42.3181925801471],[-84.1558012164314,42.3181926666661],[-84.1558012224056,42.3181931153818],[-84.1558063315278,42.3181930717924],[-84.1558312565986,42.3202586447029],[-84.155849826399,42.3217967430798],[-84.155868951055,42.3241909430799],[-84.1607371265954,42.3242703545842],[-84.1607482433879,42.3242705357777],[-84.1607552189803,42.3242706497026],[-84.1607524034749,42.3217559683628],[-84.160752399878,42.3217522307356],[-84.1607523998004,42.3217517866223],[-84.1656094592828,42.3217066076979],[-84.1656196564325,42.321706512985],[-84.1655920819272,42.3191545557386],[-84.1655901285613,42.3189737926844],[-84.1655898469819,42.3189476935647],[-84.1655896372051,42.3189282654084],[-84.1656725433979,42.3188793069545],[-84.1657186573291,42.3188521904659],[-84.1657941428234,42.3188078016353],[-84.1658684216587,42.3186594122313],[-84.1658909320964,42.318532940588],[-84.1660586839389,42.318539435725],[-84.1662828227339,42.3185481137445],[-84.1662839624327,42.3185481576751],[-84.1662865594591,42.3185482588575],[-84.1662880762356,42.3185483170851],[-84.1662883611603,42.3185483280678],[-84.1662894935797,42.3185483718788],[-84.1664819598726,42.3185558233715],[-84.1673682845143,42.3186781057027],[-84.1673928868195,42.3186804632053],[-84.1673949456731,42.3186806609318],[-84.1674151470164,42.31868259671],[-84.1675107033408,42.3186917546422],[-84.1682357495071,42.3187612396066],[-84.168261432736,42.3187637011262],[-84.168417190445,42.3187786270322],[-84.1685441560944,42.3187971749929],[-84.1694438289541,42.3189285989923],[-84.1698036947435,42.318951257222],[-84.1698144499059,42.3189519342918],[-84.1699961051729,42.3189633709044],[-84.1703377141048,42.3189848779849],[-84.1704713421679,42.3189860396194],[-84.1704733408536,42.3189860570388],[-84.1704764499351,42.3189860836355],[-84.1704694427228,42.3180699437764],[-84.1704694333722,42.31806866624],[-84.170469430184,42.3180682427957],[-84.1753747204211,42.3180101844954],[-84.175395757336,42.3206868394226],[-84.1753958373029,42.3206978948495],[-84.1803016768446,42.3206397616469],[-84.1802799973522,42.3179519137133],[-84.1802510127826,42.3143583525388],[-84.1802220310488,42.3107647889706],[-84.1801930472246,42.3071712256326],[-84.1801895459131,42.307171267668],[-84.1801879106018,42.3071712869619],[-84.1756775954794,42.3072248765187],[-84.1756777382274,42.3072253013421],[-84.1756778719652,42.3072257025967],[-84.1757334836379,42.3074064726329],[-84.1758106107613,42.3076652694611],[-84.1758851676048,42.3079154428815],[-84.1759162006966,42.3082614865889],[-84.1758382950697,42.3093005207012],[-84.1758327667973,42.3093722863884],[-84.1757933865343,42.3098834857255],[-84.1757806114421,42.3099722362847],[-84.1757485923887,42.3101946806719],[-84.1757172445807,42.3104124480654],[-84.1756475087434,42.3105774183718],[-84.1755427986068,42.3108251228973],[-84.1753536003391,42.3108233689586],[-84.1753527619003,42.3108233615669],[-84.1753388034641,42.3108232326187],[-84.1753182286336,42.3108230415174],[-84.1726458248083,42.3108548098243],[-84.1726458040723,42.3109004629089],[-84.1726454807382,42.3116069240144],[-84.1752711883134,42.3115834403297],[-84.1742835392295,42.3143545009906],[-84.1742085230247,42.3143672638445],[-84.1739016360799,42.3144194770204],[-84.1704419167494,42.314474657992],[-84.1655488938218,42.3145131222794],[-84.1655487345223,42.3144956659649],[-84.1655486192536,42.3144830433588],[-84.1655160675747,42.3109161850181],[-84.165498953292,42.310916307528],[-84.1654968507298,42.3109163225438],[-84.1606176980321,42.3109510753122],[-84.160579537162,42.3073507595096],[-84.1605607282678,42.3073508857943],[-84.1605582058463,42.3073509028125],[-84.1592013666332,42.307360037142],[-84.1592011615507,42.3073600364651],[-84.1591915137544,42.307360099989],[-84.1591804663138,42.3073601746794],[-84.1582401639232,42.3073664922383],[-84.1571682333589,42.3073754538735],[-84.1571446600305,42.3073756514425],[-84.1570929891043,42.3073760827324],[-84.1560523162836,42.3073801364616],[-84.1560499033022,42.3073801461788],[-84.1560495476425,42.3073801484158],[-84.1556809250007,42.3073815807914],[-84.1507777341975,42.3074131306974],[-84.1507721298159,42.3074131658524],[-84.1507343002013,42.3038032429432],[-84.1506965019045,42.3001933297589],[-84.1506591595213,42.2966275016329],[-84.1506586977889,42.2965834103721],[-84.1502283258709,42.2965895250166],[-84.1501639224139,42.2963545998276],[-84.150120713633,42.2961969863538],[-84.1506532803074,42.2961169050787],[-84.1512590489698,42.2960256454336],[-84.1526351533519,42.2956295913526],[-84.1535454024116,42.2952983405069],[-84.1555475963794,42.2945699316725],[-84.1589943740449,42.2933085720132],[-84.1599167720032,42.293068582803],[-84.1604395348173,42.2929659668855],[-84.1604408852789,42.2930902997466],[-84.1604475470262,42.2937038711653],[-84.1604780455328,42.2965125965696],[-84.1604780450068,42.2965128578045],[-84.160511868011,42.3001253151009],[-84.1629657023243,42.3001081797403],[-84.162965703548,42.3001083013737],[-84.1629657044798,42.3001084734493],[-84.1629985428082,42.3037216055821],[-84.1630665724575,42.3037211515436],[-84.1630708134664,42.3037211230992],[-84.1630741404988,42.3037211003427],[-84.165451393315,42.3037051185712],[-84.1703570727965,42.303671982459],[-84.1752624951151,42.3036087634866],[-84.1801678964276,42.3035453183979],[-84.1832024167916,42.3035059737968],[-84.1832158048745,42.3035058006627],[-84.1832144044345,42.3032835330942],[-84.1832141871769,42.3032488870821],[-84.1832028496979,42.3014489897594],[-84.1832028416768,42.301447699634],[-84.183202616598,42.3014119625722],[-84.1832025753894,42.3014053849094],[-84.1831933271093,42.2999370281344],[-84.1833525770412,42.299933925049],[-84.183406545909,42.2999328726156],[-84.1834296254243,42.2999298168246],[-84.183859689631,42.2998728788004],[-84.1838853388523,42.2998665469422],[-84.1841794464146,42.2997939215956],[-84.184327174719,42.2997574412465],[-84.1844295342784,42.299732164459],[-84.1846143020508,42.299670437478],[-84.1849753520561,42.2995498174518],[-84.1850536033453,42.2995316476587],[-84.1851423843565,42.2995120616974],[-84.1854939473885,42.2994345042845],[-84.1865021316511,42.2993068102085],[-84.1881944954849,42.2991364711066],[-84.1884987184012,42.2990925283585],[-84.1886291860531,42.2990736827529],[-84.1890324568634,42.2990154304923],[-84.1893791416542,42.2989716309732],[-84.189892566462,42.29890676452],[-84.1899545946025,42.2988989275924],[-84.1899582478955,42.2997815476449],[-84.1899786798189,42.3034178217416],[-84.1948429914502,42.3033546168061],[-84.1948480926798,42.3033545506499],[-84.1948257093105,42.2997258620906],[-84.1948033378213,42.2960971712717],[-84.1983026449654,42.2960624418105],[-84.1984626536576,42.2960608534638],[-84.1984672087617,42.2960608116725],[-84.1984708903179,42.2966051069316],[-84.1984731715887,42.2969423341419],[-84.1984746527728,42.29716122776],[-84.1984793066448,42.2971611722468],[-84.1996762221793,42.2971468762052],[-84.19967643317,42.297178519516],[-84.199676433416,42.2971789672333],[-84.199693160336,42.2996699618993],[-84.1997174912428,42.3032910755194],[-84.2045868731127,42.303227393607],[-84.2045997619436,42.3050006169087],[-84.2045998845472,42.3050175787926],[-84.2045999998629,42.3050341667152],[-84.2077192450191,42.3049879099824],[-84.2090779449238,42.304967734397],[-84.2090838235588,42.3049676467485],[-84.209084304352,42.3049676391485],[-84.209080140643,42.3049591775258],[-84.209079127763,42.3049571199979],[-84.2090757924444,42.3049503418017],[-84.2090645710529,42.3049372817179],[-84.208960556457,42.3048162161232],[-84.2089408381516,42.30479326552],[-84.2087962583693,42.3046249868467],[-84.2087484483569,42.3045693384647],[-84.2080447046415,42.3038534041304],[-84.2077412755109,42.3035383655264],[-84.2075806448348,42.3034322819351],[-84.2075698873939,42.303423018029],[-84.2075507900149,42.3034125644275],[-84.2073582502477,42.3032854066892],[-84.2071705142062,42.3031905637349],[-84.2058413648245,42.3025413551755],[-84.2055658440173,42.3024372657869],[-84.2053491861318,42.3023554132114],[-84.2051521368778,42.3022107579859],[-84.2051458579635,42.3022061483734],[-84.2050680825949,42.3021490526423],[-84.2050031479194,42.3021013833337],[-84.2048147084498,42.3018855139305],[-84.2047603947746,42.3018232939255],[-84.2059988208888,42.3018371627016],[-84.2062393831231,42.3018398522758],[-84.2062184655115,42.3016193606249],[-84.2061954994578,42.3013772791903],[-84.2060266055079,42.2995969180468],[-84.2060288463231,42.2995968919046],[-84.2094280460497,42.2995575430563],[-84.2093998427137,42.2959523524164],[-84.2093998358317,42.2959515884025],[-84.209404893005,42.295951555133],[-84.2094049317364,42.2959510999345],[-84.2094049295488,42.2959507999231],[-84.2093805013976,42.2928014569185],[-84.2093804568274,42.2927957350307],[-84.2093779901037,42.2924776411233],[-84.2095160139023,42.2924786574971],[-84.2097141784109,42.2924921880323],[-84.2099814415353,42.29253679627],[-84.2101939259325,42.2926198475039],[-84.2103909967747,42.2927370142268],[-84.2107022504718,42.2929958336772],[-84.2110131059851,42.2932035129491],[-84.211190026227,42.2932846391169],[-84.2113912855718,42.2933405940471],[-84.2116130688283,42.2933883313464],[-84.2118603027101,42.2934143903685],[-84.2120439556181,42.2934207722414],[-84.2130016050821,42.2934361218412],[-84.2142498583043,42.2934408333032],[-84.2166654451197,42.293449924049],[-84.21727571579,42.2934350293921],[-84.2173019606812,42.2934350604119],[-84.2173086168366,42.2934350685565],[-84.2173149058322,42.2941083328166],[-84.2173149260215,42.2941106086314],[-84.2173153022325,42.2941508384256],[-84.2173315930603,42.2958948947361],[-84.2173479887132,42.2976493873421],[-84.2173653059231,42.2995023581324],[-84.2173655692781,42.2995023569341],[-84.2191735882873,42.2994897056067],[-84.2240463447203,42.2994554763219],[-84.2241345456342,42.306672842373],[-84.2290244591895,42.3066389420187],[-84.2290294980144,42.3070193263208],[-84.2289618011221,42.3074482718285],[-84.2289169901336,42.3075551081801],[-84.2288087149691,42.3078132512036],[-84.2285986294,42.3082612958857],[-84.2284485590254,42.3084773255466],[-84.2282698478307,42.3086833074472],[-84.2281484347636,42.3088883224071],[-84.2281618119348,42.3089527815311],[-84.2281673266523,42.3089793569027],[-84.2281777978747,42.3090298107246],[-84.2282075810018,42.3091733217403],[-84.2282114590575,42.3096182900969],[-84.2282257128159,42.3097672702608],[-84.2282418932585,42.3099362783834],[-84.2282392367204,42.3099425482772],[-84.2282272862816,42.3099707507007],[-84.2281993771476,42.3100366145109],[-84.2281927085015,42.3100523514167],[-84.2280496121553,42.3102413062465],[-84.2280415953128,42.3102536238319],[-84.2241958967802,42.3102780388666],[-84.224257257411,42.3138832204059],[-84.2242796541418,42.3151998788646],[-84.2263556440522,42.3151874483619],[-84.2265469821871,42.3151862999738],[-84.2288144865281,42.315172676381],[-84.2288206729164,42.3151726385334],[-84.2288190722695,42.3151713222531],[-84.2283028331274,42.3147443361196],[-84.2280897309413,42.3144943501695],[-84.228003633992,42.314291300754],[-84.227838201387,42.3138632938339],[-84.2276957891021,42.3134863207572],[-84.2270635531118,42.311836302662],[-84.2270065863476,42.3116282993021],[-84.2270182959041,42.31125764157],[-84.2270331512115,42.3111536063575],[-84.2270532092853,42.3110649407672],[-84.2271038279263,42.3109542950182],[-84.2275877024959,42.3106703076101],[-84.2279347123944,42.3104242686442],[-84.2280208704053,42.3102873269707],[-84.2280415953128,42.3102536238319],[-84.2280678163556,42.3102534591282],[-84.2280824387737,42.3102533669981],[-84.2280954600668,42.3102532854777],[-84.2280959067753,42.3102532826611],[-84.2280961714141,42.3102532805571],[-84.2290841941579,42.310247062562],[-84.2339638232694,42.3102039022449],[-84.2376249394274,42.3101713820741],[-84.2376662048849,42.3101710041812],[-84.2388485428246,42.3101600436891],[-84.2412860936187,42.3101383070146],[-84.241288351597,42.3101382867545],[-84.2412883633132,42.3101387256387],[-84.2412888899916,42.310157816021],[-84.2421033487021,42.3101649017608],[-84.2420640995649,42.3124156851601],[-84.2421595503435,42.3124152801007],[-84.243342791663,42.3124102476246],[-84.2437656190869,42.3124084468406],[-84.2450009381127,42.3123903695641],[-84.246466787654,42.3123689020986],[-84.246465945148,42.312323602883],[-84.2464656816715,42.3123094829078],[-84.2464244311296,42.3100927400205],[-84.2464596274804,42.310092427524],[-84.2464613853464,42.3100924101116],[-84.2464636249707,42.3100923948661],[-84.2464639187485,42.3100923922769],[-84.2467389033609,42.3100899235294],[-84.2487423615144,42.3100719176779],[-84.2487665886972,42.310071695327],[-84.2487660723526,42.3107177175681],[-84.2487660184961,42.3107854177591],[-84.2493461196838,42.3107801945297],[-84.2493514174711,42.3107801470426],[-84.2494059808625,42.3107796555996],[-84.2494837943457,42.3107789542183],[-84.2495378539299,42.3107784674191],[-84.24953708261,42.3117600115239],[-84.249537076104,42.3117679530374],[-84.249537063396,42.3117835270884],[-84.2503087264158,42.3117765731788],[-84.2503088065344,42.3117765726336],[-84.2503089085153,42.3117765715305],[-84.2503089084891,42.3117767003472],[-84.2503074110279,42.3137047204473],[-84.2489145026986,42.313714665407],[-84.2489127618709,42.3137146777209],[-84.2489105247539,42.3173589648375],[-84.248917944571,42.3173589254424],[-84.2489154115391,42.3177189650294],[-84.2489153191929,42.3177321740708],[-84.2500872328194,42.3177260099594],[-84.250309385148,42.3177248402805],[-84.2503081652941,42.3190959190132],[-84.2478471263736,42.3191086583949],[-84.2478628547536,42.3199525696693],[-84.2478635411154,42.31998937704],[-84.2478636916583,42.3199974651417],[-84.2478640085417,42.3200144496264],[-84.24786401156,42.3200145992094],[-84.2502626479906,42.320006384376],[-84.2503076058153,42.3200062299969],[-84.2503068347619,42.3209980641382],[-84.2503080898953,42.3210716463212],[-84.2503065550503,42.3210721762558],[-84.2503050949952,42.321451546753],[-84.2506652820553,42.3214543071085],[-84.25066617163,42.3214543138484],[-84.2506720719101,42.3210014009523],[-84.250672252746,42.3210014019858],[-84.252773861889,42.3210175066843],[-84.2527788072968,42.3210175444905],[-84.2527777545881,42.3194179924641],[-84.2527769503335,42.3181962202931],[-84.2527769444981,42.3181887839596],[-84.2527764067542,42.3173713077187],[-84.2527803067121,42.3155476971917],[-84.2527791114669,42.3137257412494],[-84.2527791111888,42.3137251106728],[-84.2527791104955,42.3137245800805],[-84.253725011033,42.3137323699849],[-84.2540014404228,42.3137346454079],[-84.2541161795708,42.3137355825937],[-84.2541163033696,42.3135583703716],[-84.2541164844165,42.3133061732127],[-84.2541169670845,42.3126238251859],[-84.2540314892723,42.3126231207237],[-84.2537778430125,42.3126210316643],[-84.253777902495,42.3125386780653],[-84.2540337134364,42.3125408604618],[-84.2541170390823,42.3125415708792],[-84.2541128418956,42.3111357155796],[-84.2541026486336,42.3111239544236],[-84.2541015924648,42.3088761408362],[-84.2541014122091,42.3084978160842],[-84.254100812421,42.3072189377452],[-84.2541571212752,42.3072194343821],[-84.2541650901622,42.3072195050513],[-84.2600387445754,42.3072711521814],[-84.260081340882,42.3072715256855],[-84.2600962789589,42.3081342349811],[-84.2601097329407,42.3083986769178],[-84.2601087758442,42.3085504910429],[-84.2601063913028,42.308928857206],[-84.2592674166667,42.3089215101906],[-84.2585071263741,42.3089148468208],[-84.2585090485094,42.3099003966549],[-84.2585096547836,42.3102108708311],[-84.2585096373916,42.3102123839318],[-84.2585102267358,42.31021240124],[-84.2585111944187,42.3102124298597],[-84.2585136572854,42.310212502541],[-84.2596622824702,42.3102462726467],[-84.2601544340968,42.310259860368],[-84.2601563201868,42.3102599005963],[-84.2601557293729,42.310141623192],[-84.2650782526621,42.3101832186866],[-84.2650785052445,42.3101832136073],[-84.2700012683905,42.3102245906451],[-84.2700402679876,42.3138660308663]]],[[[-84.2501404188855,42.3217255178166],[-84.2501361003764,42.3211308047273],[-84.2499057429648,42.3212100409665],[-84.2497619969717,42.3212831765737],[-84.249760282766,42.3217268019787],[-84.2499680344377,42.3217261004958],[-84.2500125843115,42.3217259497248],[-84.2501404188855,42.3217255178166]]],[[[-84.2492924650578,42.3215220670414],[-84.249292389697,42.3215198975927],[-84.2492774019241,42.321089142188],[-84.2485724858951,42.3211163187463],[-84.24857113974,42.3213788885147],[-84.2485707965317,42.321445744476],[-84.2485684450497,42.3219040676132],[-84.2485684338872,42.3219062906544],[-84.2492924650578,42.3215220670414]]],[[[-84.0643007161197,42.3531840520885],[-84.0644937088693,42.353325708167],[-84.0647067013478,42.3534816530965],[-84.0650818413136,42.3535975096201],[-84.0654202414314,42.35362631305],[-84.065629118387,42.353501551186],[-84.0659498580484,42.3532713100237],[-84.066112583764,42.3531056871492],[-84.0651234182529,42.3531309697066],[-84.0642936027372,42.3531521740657],[-84.0643007161197,42.3531840520885]]],[[[-84.2088880319313,42.3073172395013],[-84.2088919415635,42.307473158976],[-84.2090601809634,42.3074715397491],[-84.2094883824006,42.3074674179769],[-84.2094977941764,42.3074673275212],[-84.2097768204853,42.3074646285994],[-84.2098648307827,42.3071863465495],[-84.2098838182331,42.3071164459393],[-84.2098999176858,42.3070537858076],[-84.2099116555574,42.3069877433847],[-84.2099206777087,42.3069229816264],[-84.2099270250728,42.3068581778734],[-84.2099305050108,42.3067999510221],[-84.2099310970568,42.306748962853],[-84.2099304100386,42.306738084249],[-84.2094909767983,42.3067423346175],[-84.2089265718751,42.3067477923237],[-84.2088807200952,42.306748235795],[-84.2088810064389,42.3067787424266],[-84.2088848867601,42.3071918289177],[-84.2088880319313,42.3073172395013]]],[[[-84.1295347442669,42.3298623253369],[-84.1303778303563,42.3298433515676],[-84.1284216221223,42.3291093716896],[-84.1284221508318,42.3298873544371],[-84.1295141128718,42.3298627899894],[-84.1295347442669,42.3298623253369]]],[[[-84.1052127748484,42.3771483071636],[-84.1051396403524,42.3767878604332],[-84.1030056984597,42.3768456317448],[-84.1030076718732,42.3772074807476],[-84.1030127827262,42.3772073421761],[-84.1052127748484,42.3771483071636]]],[[[-84.1369776781834,42.3219781870275],[-84.1393680461007,42.3220195581236],[-84.1393671266501,42.3219215557031],[-84.1392472634389,42.3219130173455],[-84.1391389009651,42.321902066021],[-84.1390167113816,42.3218881268846],[-84.1386411684809,42.3218449854357],[-84.1384826440782,42.3218267210154],[-84.1383205788283,42.3218117863565],[-84.1381657343469,42.3217996085162],[-84.1380055712761,42.3217899353791],[-84.1378533979399,42.321783921929],[-84.1377132645136,42.3217789403685],[-84.1375634919488,42.3217800003011],[-84.1365154227052,42.3218089005609],[-84.1363390233438,42.321811830108],[-84.1361744451833,42.3218082596615],[-84.135988616177,42.3217968377685],[-84.1358111141716,42.3217805016426],[-84.1356487510955,42.3217611134812],[-84.1355122394686,42.3217404843766],[-84.1353762010223,42.3217174217223],[-84.1350793487429,42.3216513378835],[-84.1345136139731,42.3215138152683],[-84.1341594863109,42.3214382925283],[-84.1338360779383,42.3213809651104],[-84.1335033872352,42.3213444209294],[-84.1331439971317,42.3213185237027],[-84.1328130975061,42.3213008314175],[-84.1313961105612,42.3212860418099],[-84.1313973831493,42.3214684566068],[-84.1326416697093,42.321478199876],[-84.1329522577361,42.3214901365945],[-84.1331224365527,42.3214997714983],[-84.1334760487604,42.3215252524895],[-84.1336420684633,42.321540546518],[-84.1337887063287,42.3215595470579],[-84.1339390884907,42.3215836555359],[-84.134095533571,42.3216139925547],[-84.1341848013642,42.3216325095716],[-84.1342715534954,42.3216500017073],[-84.1344398894345,42.321687417367],[-84.1345313963907,42.321702993303],[-84.1350035842929,42.3218244432495],[-84.135162263402,42.3218619732578],[-84.1353154407087,42.3218937909061],[-84.1354600880579,42.3219183133705],[-84.1356044146584,42.3219401232726],[-84.1357761569551,42.3219606309283],[-84.1359630144903,42.3219778284884],[-84.1361603487166,42.3219899575573],[-84.1363377972927,42.3219938074853],[-84.1365223296283,42.3219907423796],[-84.1369776781834,42.3219781870275]]],[[[-84.2450637136703,42.3210140423936],[-84.2450637250051,42.3210156433254],[-84.2468703396878,42.3210096127679],[-84.2469595415943,42.3210093143338],[-84.2477878328643,42.3210065388852],[-84.2477836512666,42.3204184025129],[-84.2450733103839,42.3204325792932],[-84.2450637136703,42.3210140423936]]],[[[-84.0740620522967,42.3294838195288],[-84.0740681661533,42.3277852156446],[-84.074051454909,42.3277531034993],[-84.0740038840914,42.3276932651031],[-84.0739369804529,42.3276330947344],[-84.0738714707522,42.3275968758919],[-84.0737991691772,42.3275717025418],[-84.0737224238395,42.3275512406647],[-84.0736421573733,42.3275396446601],[-84.0736346859381,42.3275385656044],[-84.0735446982721,42.3275290407559],[-84.0727741436221,42.3274874469324],[-84.0723101649264,42.3274699264237],[-84.0722357437956,42.3274671161845],[-84.0722339357978,42.3274670480943],[-84.0719693298022,42.327471644407],[-84.0719693183891,42.327474801703],[-84.0719693186741,42.3274748701728],[-84.0719618876854,42.3295203231337],[-84.0720084728539,42.3295195134344],[-84.0740620522967,42.3294838195288]]],[[[-84.2157770501516,42.3156457222591],[-84.2157614428105,42.3139336174953],[-84.2144707793691,42.3139412257596],[-84.2131685435112,42.3139488738948],[-84.2131982048091,42.3156689719299],[-84.2144953852705,42.3156628383304],[-84.2157770501516,42.3156457222591]]],[[[-84.1314095554185,42.3228133497694],[-84.1314069537805,42.3225748624124],[-84.1314040634551,42.3223099755463],[-84.131403994147,42.3223035811116],[-84.1314039871338,42.3223029323881],[-84.1313867537794,42.3223033100123],[-84.1312722594978,42.3223058199275],[-84.1310491240654,42.3223096121441],[-84.1310512900479,42.3225759571044],[-84.1310513345197,42.3225813692064],[-84.1283957720765,42.3226369515413],[-84.1283906719998,42.3226374426872],[-84.1283965706329,42.3239966434642],[-84.1284064110992,42.3262649667607],[-84.1284080592014,42.3265801205936],[-84.1284780450946,42.3265759746397],[-84.1289013985726,42.3266372724494],[-84.1290352688173,42.326984239143],[-84.1290523129448,42.3270799136399],[-84.1290431175761,42.3271636407165],[-84.1289927481677,42.3272894443187],[-84.1288742786723,42.3275407483728],[-84.1288397585214,42.3276553035371],[-84.1288101567727,42.3279730682005],[-84.1288280393904,42.3280407991294],[-84.1289867320583,42.328216149325],[-84.1290733017459,42.3282850289048],[-84.129286699423,42.3284103182851],[-84.1296621720063,42.3286731750062],[-84.129814806019,42.3288286932851],[-84.1305426480458,42.3298396417109],[-84.1306229932175,42.3299515788407],[-84.1306880146173,42.3300003602545],[-84.1307734212242,42.3300346816775],[-84.1313304307208,42.3301607790931],[-84.1313977563252,42.3302063096395],[-84.1314401266629,42.3302711577327],[-84.1314892986277,42.3303639491664],[-84.1314867028202,42.3299179049514],[-84.130848756928,42.3299260558739],[-84.130803573089,42.3299138200568],[-84.1307668872799,42.3299007597162],[-84.1307348145902,42.3298859919357],[-84.1307002613631,42.3298650353288],[-84.1306655832679,42.3298381175602],[-84.1306334828617,42.3298041181345],[-84.1306015771022,42.3297636313951],[-84.1302248227088,42.3292404242487],[-84.1301678926185,42.329157923377],[-84.1301070058282,42.3290586871243],[-84.1299576779433,42.3288240009837],[-84.1299126760862,42.3287601757629],[-84.1298621633432,42.3287031173347],[-84.129796136979,42.3286392087872],[-84.1297207481478,42.3285797720829],[-84.1296095633626,42.3284872196398],[-84.1295211814483,42.3284233746877],[-84.1294330087003,42.3283698703197],[-84.1291290397559,42.3281945893816],[-84.1290491330667,42.3281471866167],[-84.1290157006614,42.3281219169855],[-84.1289896037615,42.3280977160027],[-84.1289707048307,42.328074714696],[-84.1289520016654,42.3280413200495],[-84.1289389631447,42.3280064491439],[-84.1289316511901,42.3279694625192],[-84.1289271414156,42.3279270781088],[-84.1289295986906,42.3278790314108],[-84.1289370421309,42.3278178402101],[-84.1289431693266,42.3277650831784],[-84.1289542358103,42.327694852314],[-84.1289689027533,42.327618481217],[-84.1289843005913,42.3275510532951],[-84.1289979332274,42.3275013973589],[-84.129014638647,42.3274466652592],[-84.1290352649547,42.3273962984977],[-84.1290603874007,42.3273518210149],[-84.1290990209315,42.3272777770164],[-84.1291208338407,42.3272282282447],[-84.1291392256637,42.3271784384421],[-84.1291504323199,42.3271355783739],[-84.1291562511875,42.3270888833365],[-84.1291547100589,42.327045245094],[-84.1291491588822,42.3270011730969],[-84.1291366895653,42.326951133449],[-84.1291161599821,42.3268995517858],[-84.1290689884037,42.3268106464632],[-84.1290477126343,42.3267663229905],[-84.1290264433635,42.3267151568273],[-84.1290138902557,42.3266810984941],[-84.1290085683832,42.3266550876975],[-84.1290062321536,42.3266333770436],[-84.1290104894888,42.3266045871291],[-84.1290193951489,42.3265619813305],[-84.1290295217705,42.3265181077626],[-84.1290996694093,42.3262675154289],[-84.1291104513484,42.3262184540622],[-84.1291146463987,42.3261700229455],[-84.1291146982637,42.326122624216],[-84.1291075022459,42.32607427811],[-84.1290933644625,42.326025577999],[-84.1290720790218,42.3259767879843],[-84.1290394722401,42.3259303443486],[-84.1290024093966,42.3258903959598],[-84.1289560974297,42.3258503206738],[-84.1289026878197,42.3258098698252],[-84.1288295801296,42.3257644264677],[-84.1286002552179,42.3256242775503],[-84.1285730585219,42.3256037866171],[-84.1285523868714,42.3255823419226],[-84.1285392682058,42.325564904501],[-84.1285336721044,42.3255522350574],[-84.1285315376206,42.325539467721],[-84.1285330733133,42.3255155103114],[-84.1285367895208,42.3254889508404],[-84.1285422127539,42.3254641027207],[-84.1285500648972,42.3254398222569],[-84.12855888942,42.3254204136107],[-84.1285726213929,42.3253974333055],[-84.128588787235,42.325375895455],[-84.1286081846215,42.325356675518],[-84.1286307298277,42.3253401315273],[-84.1286654415263,42.3253201932432],[-84.128710248052,42.3252975592602],[-84.1287716803914,42.3252683625763],[-84.1292186114585,42.3250705998207],[-84.1292748814249,42.3250434433647],[-84.1293276213278,42.3250107272651],[-84.1293706778768,42.3249708423471],[-84.1294039152814,42.3249314128778],[-84.1294314273205,42.3248907128932],[-84.1294543462898,42.3248442796557],[-84.1294735652801,42.3247894895463],[-84.1294866356338,42.3247337758783],[-84.1294883476386,42.3246774379381],[-84.1294746239786,42.3246212227595],[-84.1294451613752,42.3245672818772],[-84.1294062242821,42.3245205567311],[-84.1293584366191,42.3244778138204],[-84.1292927510853,42.3244328102305],[-84.1292106837488,42.324381239153],[-84.1291139547249,42.3243277380496],[-84.128950770589,42.3242347225309],[-84.1288922670514,42.3241983554788],[-84.1288460914509,42.3241671755136],[-84.1288032278905,42.324132510661],[-84.1287813900408,42.3241066728846],[-84.1287684767458,42.324085203145],[-84.1287586559296,42.3240602817961],[-84.1287535307154,42.324039353211],[-84.128753475113,42.3240169825637],[-84.1287567278724,42.3239932430667],[-84.1287618381891,42.3239737695249],[-84.1287685809,42.3239593797371],[-84.1287754754369,42.3239493399557],[-84.1287821719248,42.3239428200528],[-84.1299184050864,42.3231293530502],[-84.1299672190134,42.3230996933107],[-84.1300160246856,42.3230759780707],[-84.1300745455027,42.3230499831503],[-84.1301347836875,42.3230261960666],[-84.1301938569713,42.3230066279281],[-84.1302532741746,42.3229902833208],[-84.1303219458302,42.3229757951705],[-84.1303938065381,42.3229662203632],[-84.1304730507971,42.3229579103709],[-84.1305607001639,42.322952163261],[-84.1306315504283,42.3229501159592],[-84.1310158577597,42.3229453458945],[-84.131076169504,42.3229425500727],[-84.1311345730517,42.3229376314608],[-84.1311990150675,42.322928741971],[-84.1312628804052,42.3229112568791],[-84.1313139303516,42.3228894091275],[-84.1313574302184,42.3228624228495],[-84.1313982092528,42.3228282509971],[-84.1314095554185,42.3228133497694]]],[[[-84.0986937814335,42.3342349431268],[-84.0986960271861,42.3355192646409],[-84.0967217835597,42.3356054679789],[-84.0967228836609,42.3375270086688],[-84.0967245908459,42.3375269305176],[-84.0981668467849,42.337464168187],[-84.0989339347534,42.3374307431258],[-84.0989390400437,42.3374305236115],[-84.0989370891567,42.3342305407886],[-84.0989370866548,42.3342273580539],[-84.098937086631,42.3342270049215],[-84.0986937956775,42.334233341663],[-84.0986937814335,42.3342349431268]]],[[[-84.0791460491764,42.332084308396],[-84.0791540424413,42.331391329544],[-84.0784842216767,42.3313943192423],[-84.0772954984883,42.3312127253717],[-84.0770532753461,42.3311236828691],[-84.0741299540636,42.3311885418113],[-84.0741263219437,42.3321981170995],[-84.0791460491764,42.332084308396]]],[[[-84.1754084676063,42.3226002554497],[-84.1799096997004,42.322546947207],[-84.1800696072946,42.3225450503465],[-84.1803140449248,42.3225421494697],[-84.1803089856991,42.3215454815161],[-84.1754029639392,42.3216037455234],[-84.1754029722041,42.3216053086032],[-84.1754084676063,42.3226002554497]]],[[[-84.0791156733587,42.3347143266471],[-84.0791138136441,42.3348782739296],[-84.08155554394,42.3347319572178],[-84.0815565653944,42.3346413680871],[-84.0815565913444,42.3346410027868],[-84.0814139762902,42.3346442647933],[-84.0800269671221,42.3346759911164],[-84.0800281940657,42.3345695343014],[-84.0800283163745,42.3345589126659],[-84.080036811384,42.3338218533826],[-84.0800368155836,42.3338214850066],[-84.0815891450947,42.333786047528],[-84.0815942627538,42.3337859307968],[-84.0815990509351,42.3338384460219],[-84.0816655955745,42.3340876949419],[-84.0817696565629,42.3343257787583],[-84.0817851238447,42.334360469981],[-84.0818772118646,42.3345669303117],[-84.0819278910477,42.3346325082443],[-84.0819281640193,42.334632866058],[-84.0840715833749,42.3345838039656],[-84.0840807917703,42.3334163184723],[-84.0839984132737,42.3334739888911],[-84.0838737101773,42.3335285893694],[-84.0837197078219,42.333562951084],[-84.0836062897824,42.3335729191828],[-84.0834209735928,42.3335479626631],[-84.0832310901052,42.3334534476943],[-84.0829935993965,42.3332865764402],[-84.0826956629383,42.3330323401737],[-84.0825890844901,42.3329318468702],[-84.082471464153,42.3328656955962],[-84.0823500583806,42.3328142829852],[-84.0819599008809,42.3327459308325],[-84.0815486568978,42.3327165216467],[-84.0815461710436,42.3327162655139],[-84.0815461849075,42.3327165999674],[-84.0815462962549,42.3327193395628],[-84.0815509467486,42.3328894161828],[-84.081545705132,42.3328893830457],[-84.0791431635584,42.3328741398097],[-84.0791426840618,42.3328741369816],[-84.0791420091374,42.3328741325998],[-84.0791369263504,42.3328741065841],[-84.0791369249641,42.3328742678127],[-84.0791369203203,42.3328745334841],[-84.0791369189221,42.3328746172393],[-84.0791158676355,42.3346971984982],[-84.0791158635709,42.3346975623722],[-84.0791156733587,42.3347143266471]]],[[[-84.1781918251201,42.3227248925146],[-84.1781955935007,42.3234712391637],[-84.1787751222223,42.3234643500511],[-84.1787837047433,42.325004317463],[-84.1803264803586,42.3249864885602],[-84.1803325054262,42.3251670781349],[-84.1803222924041,42.3251672000289],[-84.180322295339,42.3251676342773],[-84.1803274006367,42.3251675733106],[-84.180331830351,42.3254392685651],[-84.1822334239796,42.3254166286814],[-84.1822805205891,42.3254160672744],[-84.1822803428813,42.3251443107929],[-84.1822717698777,42.3234684556656],[-84.1803188830371,42.3234920064362],[-84.1803149713585,42.3227223678035],[-84.1803145148095,42.3226325051234],[-84.179818692223,42.322638326484],[-84.1797009794644,42.3226397080137],[-84.1781914842794,42.3226574164419],[-84.1781918251201,42.3227248925146]]],[[[-84.2602099937768,42.3210741662112],[-84.2602008551979,42.3192314889653],[-84.2552519668418,42.3191743226541],[-84.2552558721176,42.3210364665497],[-84.2602099937768,42.3210741662112]]],[[[-84.1900245010115,42.310648131743],[-84.1899940352147,42.3070545713998],[-84.1850910006645,42.307113246918],[-84.185120726515,42.310706809711],[-84.1900245010115,42.310648131743]]],[[[-84.0716306416728,42.3493677317373],[-84.0736487622371,42.3493179840523],[-84.0736630545476,42.3456992760232],[-84.0736633234169,42.3456312502376],[-84.073663436171,42.3456025303677],[-84.0712295027703,42.3456876556487],[-84.0712295382336,42.3456798936284],[-84.0712286415743,42.3457627996899],[-84.0687942181448,42.3458262626147],[-84.0687736759361,42.3494380972429],[-84.0706850913964,42.3493910283725],[-84.0716306416728,42.3493677317373]]],[[[-84.0987579823094,42.344688531639],[-84.0984492269946,42.344700069784],[-84.0984511535552,42.3440641039596],[-84.09845115607,42.3440634328726],[-84.0984511568155,42.3440632121781],[-84.0981484546281,42.3440749775878],[-84.09815203121,42.3428996043718],[-84.0978790729587,42.3429100468874],[-84.0949753453445,42.3430210891976],[-84.0949751397291,42.3448293306569],[-84.0954305292539,42.3448123917386],[-84.0954433470238,42.3448119154156],[-84.0954591568104,42.344811326978],[-84.0954300221643,42.3457702551157],[-84.0953135676268,42.3496028666818],[-84.0954735574219,42.3495486651701],[-84.095493473127,42.3495419181677],[-84.0981294579109,42.3486488600152],[-84.0981345585149,42.3486471315292],[-84.0981355372102,42.3483248736986],[-84.0981355379218,42.3483245755311],[-84.0981370685904,42.3483245204782],[-84.0987433789125,42.3483025802114],[-84.0987443929118,42.3483025424937],[-84.0987470409456,42.3483024451658],[-84.0987579791392,42.3446886342815],[-84.0987579798721,42.3446885712348],[-84.0987579823094,42.344688531639]]],[[[-84.1803642057229,42.3324117671275],[-84.1803667489504,42.3329124114121],[-84.1803762152413,42.3347754768185],[-84.1811577523849,42.3341594019741],[-84.1817153476484,42.3337423657057],[-84.1823694418024,42.3333753723505],[-84.1838555050242,42.3324974441466],[-84.1840990971832,42.3323692894327],[-84.1847826001729,42.3320073819566],[-84.185262916655,42.331807425068],[-84.1852629670537,42.331818183586],[-84.18526474179,42.3318174106798],[-84.1852486197029,42.3287311871537],[-84.1825762355096,42.3287630883582],[-84.1825804964996,42.3265078859916],[-84.1803514447149,42.3265343346294],[-84.1803508964525,42.3287891787848],[-84.1803457988109,42.3287896686769],[-84.1803642057229,42.3324117671275]]],[[[-84.2144198982514,42.310380944983],[-84.2144193037288,42.3103393497299],[-84.2193076013406,42.3103087952708],[-84.2192511787234,42.3067052569632],[-84.2176906080257,42.3067155747791],[-84.2176542101621,42.3067158150952],[-84.2176233486038,42.3067160176958],[-84.2175924342952,42.3038358603747],[-84.2175922805123,42.3038214870315],[-84.2175846291007,42.3031085550856],[-84.2175770284734,42.3031086075581],[-84.2175683402981,42.3031086678842],[-84.2175647838819,42.3031086948623],[-84.2143343224449,42.3031306007126],[-84.2143678217743,42.3067374612183],[-84.2144193037288,42.3103393497299],[-84.2095309911205,42.310369685827],[-84.209532291444,42.3104595885274],[-84.2144205902253,42.3104292574543],[-84.2144198982514,42.310380944983]]],[[[-84.2047198016592,42.3158671622075],[-84.2047196789827,42.3158568953064],[-84.2047196124525,42.3158513991893],[-84.2047192388356,42.3158198335934],[-84.2047065275116,42.3147441104963],[-84.2047006134531,42.3142435353697],[-84.2046981827638,42.3140380427049],[-84.2051575591422,42.3140313109536],[-84.205175116125,42.3140310536088],[-84.2051786556987,42.3140310015116],[-84.2051782130178,42.3140297008065],[-84.2051544619357,42.3115874152343],[-84.2047805826029,42.3114732728706],[-84.2046725558372,42.3114382140869],[-84.2046623194482,42.3114348920701],[-84.2044498149638,42.3113609135499],[-84.2041786080245,42.3112605158572],[-84.2038951747562,42.3111142533165],[-84.2038330408141,42.3110821895177],[-84.2035696308208,42.3109439188444],[-84.2030774995966,42.310685582987],[-84.2026757426028,42.3105233860148],[-84.2026751623401,42.3105209399314],[-84.20267082827,42.3105026671113],[-84.2026625978984,42.3104679617043],[-84.1997803106327,42.3105090742984],[-84.1997706153198,42.309603362772],[-84.1982915576578,42.3096243007744],[-84.1982971991293,42.3101525744428],[-84.198301231279,42.3105301538221],[-84.197342634601,42.3105438038768],[-84.1973426382066,42.3105442192176],[-84.1973401661413,42.3105442540741],[-84.1973412663521,42.310655881957],[-84.1973755993362,42.3141399036978],[-84.1973756040497,42.3141403226595],[-84.197396048846,42.3158185614089],[-84.1973968322353,42.3158828599156],[-84.197397464643,42.3159451453338],[-84.1973975425523,42.3159527991338],[-84.1973976846293,42.3159527969233],[-84.1990756645371,42.3159332174982],[-84.1990764294895,42.3159332082162],[-84.1998382910637,42.3159243107138],[-84.2047198016592,42.3158671622075]]],[[[-84.0883686151726,42.3414843046861],[-84.0883649492555,42.3450760232852],[-84.0883761282136,42.3450756494692],[-84.0908037280884,42.3449943601744],[-84.090812789444,42.3471504668738],[-84.0924562274938,42.3470829138181],[-84.0924597525643,42.347082768531],[-84.0924613247824,42.3470827043533],[-84.0924525682753,42.344929836027],[-84.0932555283789,42.3448967322284],[-84.0932604139379,42.3448965308327],[-84.0932654113547,42.3448963250376],[-84.0932653129934,42.3471250724777],[-84.094515723729,42.3471029036128],[-84.0945630093067,42.344844657914],[-84.0941622555113,42.3448595703437],[-84.0932655172694,42.3448929054286],[-84.0932655179171,42.3448864544793],[-84.0932656601357,42.3412851433083],[-84.0932658118603,42.3376792616144],[-84.0932658115033,42.337677940065],[-84.0932658121354,42.3376773707401],[-84.08901398428,42.3378480338352],[-84.0883723038838,42.3378737796912],[-84.0883723037135,42.3378740589513],[-84.0883686151726,42.3414843046861]]],[[[-84.1901210954691,42.3214423984414],[-84.1901362497069,42.325050395235],[-84.1901419847571,42.3264175897387],[-84.1901514648263,42.3286720813792],[-84.1901565679717,42.3286720199363],[-84.190158221683,42.3289880023847],[-84.1901476971512,42.3289881291229],[-84.1901422405738,42.3289881947479],[-84.1895478929773,42.3289953270024],[-84.189552463992,42.3299682588545],[-84.189580742243,42.3299564037792],[-84.1901645837326,42.3297116273515],[-84.1901645710199,42.3296942384578],[-84.1907417036131,42.3294353560791],[-84.1913047075002,42.3292219960231],[-84.1913570067266,42.3292007870439],[-84.1918392159643,42.3290052307441],[-84.1919147659561,42.3289805946211],[-84.1922370523754,42.3288493927353],[-84.1927634923555,42.3287191603865],[-84.1930933884933,42.3286343665027],[-84.1932824002499,42.3285943159748],[-84.1936943644399,42.3285012027573],[-84.1937730320739,42.3284834216025],[-84.1951391731798,42.3282003939544],[-84.1962758657732,42.3279743622958],[-84.1968228320529,42.3279223699941],[-84.1972748864405,42.3279413461557],[-84.1974879260958,42.3279685855394],[-84.1974882688912,42.3279686117911],[-84.1974718605933,42.3249540502334],[-84.1999119654021,42.3249218972294],[-84.1999170586871,42.324921829793],[-84.1998958481331,42.3212997397954],[-84.1950084527114,42.3213641251889],[-84.1931977330371,42.3213879191037],[-84.1901234100449,42.3214282595947],[-84.1901210335341,42.3214282913464],[-84.1901210954691,42.3214423984414]]],[[[-84.2050556169174,42.3505697958417],[-84.2050967200852,42.3542164359517],[-84.2051378287298,42.3578630745143],[-84.2100507361579,42.3578390364561],[-84.214961456166,42.3577858251306],[-84.2149851325585,42.3595788127207],[-84.2149890627978,42.3595815806814],[-84.2149909540984,42.359583624232],[-84.215092812813,42.3596937121446],[-84.2151633946031,42.3598974906409],[-84.2154230078536,42.3599908122388],[-84.2156253940184,42.3601723694363],[-84.215874553244,42.3602493046655],[-84.2162894619778,42.3602640381238],[-84.2165962908549,42.3602365122914],[-84.216849213782,42.360183812972],[-84.2171892859303,42.3601406006166],[-84.2175718908593,42.3601385991447],[-84.2181532579934,42.3600668199396],[-84.2184073419436,42.3599735917517],[-84.218713487834,42.3599703750632],[-84.2189863592681,42.3599828255029],[-84.2191014705119,42.3597820103492],[-84.2190978232776,42.3595306692588],[-84.2189077772888,42.3593006691236],[-84.2188304842885,42.3589508842853],[-84.2189031666796,42.3583278741509],[-84.2187670563398,42.3579769585007],[-84.218585414573,42.3577453396118],[-84.2191245987025,42.3577429287845],[-84.219872160685,42.3577324151857],[-84.219877260465,42.3577319199406],[-84.2198779226254,42.3577319124774],[-84.2241828837918,42.3576849105144],[-84.2242372942431,42.361344919323],[-84.2248479697305,42.3613386290193],[-84.2249028971334,42.3649994524916],[-84.2249198777453,42.3685965196884],[-84.219984199933,42.3686509744516],[-84.2150485102291,42.3687052231014],[-84.2150579715543,42.3650942069419],[-84.2101355629568,42.3651412602684],[-84.2101354864125,42.3651412608437],[-84.2101262083197,42.3643418729725],[-84.2101261979491,42.3643410197314],[-84.2076831975831,42.3643488222227],[-84.207679340205,42.3640153312703],[-84.2072955089813,42.3640165084232],[-84.207294832962,42.3640169885223],[-84.2069766501819,42.3642429498691],[-84.206986890236,42.3651487866802],[-84.2069859729167,42.3651509582461],[-84.2069895201186,42.3654878781484],[-84.2101358724547,42.3654781892104],[-84.2101396855955,42.3687592358898],[-84.2101402032416,42.3692079422716],[-84.2101351064372,42.3692079669186],[-84.2052106811331,42.3692313231823],[-84.2052106785945,42.3692317843606],[-84.205195418438,42.3724100655248],[-84.2027593458429,42.3724263170264],[-84.2027587832566,42.3724263205895],[-84.2027444547806,42.3724264162357],[-84.2027426522062,42.37605766185],[-84.202742004577,42.3773569387196],[-84.2027420046723,42.3773571846443],[-84.2026644503924,42.3773930996998],[-84.2019744601198,42.3776175166495],[-84.2017036032789,42.3776927674101],[-84.2016828898162,42.3776985200276],[-84.2016113356052,42.3777184008896],[-84.2005478612954,42.3780138519065],[-84.2003054957806,42.3780723867598],[-84.2002976978191,42.3780731007486],[-84.2001150279284,42.3780900976985],[-84.1999388051554,42.3781064946611],[-84.1998448879448,42.3781152332505],[-84.1993627895326,42.3781733149105],[-84.1993338707749,42.3781766693507],[-84.1993275988471,42.3781776303631],[-84.1986636225434,42.3782620551609],[-84.1965190339748,42.3785285851988],[-84.1959792373412,42.3785956631171],[-84.1959790537257,42.3785957096984],[-84.1959646784147,42.378599337675],[-84.1959069188252,42.378613916558],[-84.1958317322987,42.3786328938579],[-84.1957111199122,42.3786969642548],[-84.1955987395611,42.378761381823],[-84.1954869639448,42.3788618751347],[-84.1954261350636,42.3789547142168],[-84.1954209391751,42.3789631313536],[-84.1954209979114,42.3789673778615],[-84.1954228407795,42.379764220627],[-84.1954226961564,42.3797642218952],[-84.1954224810433,42.379764223827],[-84.1905488743014,42.3798141306261],[-84.1867231918813,42.3798461083418],[-84.185607227717,42.3798554124112],[-84.1807267798036,42.3798955163072],[-84.1807267133754,42.3798959953642],[-84.1807267023601,42.3798962032748],[-84.1805530833787,42.3830681406806],[-84.1805411057492,42.3831459253515],[-84.1804802826655,42.3835409248146],[-84.180662829545,42.3835393698827],[-84.1806625453948,42.383915319393],[-84.1806573224068,42.3908251662582],[-84.1757328337787,42.3908668983693],[-84.170808346971,42.3909084057394],[-84.1708170402009,42.3945518972495],[-84.1683474136098,42.3945666116692],[-84.168336641568,42.3960734101996],[-84.1683213377067,42.3982141646266],[-84.1658520324636,42.3982298515287],[-84.1658262912917,42.4018784188409],[-84.165800545264,42.4055269826944],[-84.170737848678,42.4054904107397],[-84.1721409795659,42.405479976408],[-84.1721442524589,42.405479951524],[-84.1732478381419,42.4054717325465],[-84.1732737709676,42.4018250302177],[-84.1742207011169,42.4018175085495],[-84.1742183441392,42.4022346170509],[-84.1756914384617,42.4023931357331],[-84.1756947306565,42.4018057868837],[-84.1757556774233,42.4018053010073],[-84.1757352474232,42.4054531491318],[-84.175735201476,42.4054612449397],[-84.1757147442619,42.4091010233135],[-84.1780658920584,42.4090835941486],[-84.1781247365453,42.4090831573427],[-84.1781427225343,42.4090830242368],[-84.18059582508,42.4090647843813],[-84.185538010667,42.4090278717912],[-84.1904801947551,42.4089907454731],[-84.1904752460974,42.4115012395502],[-84.1851770116181,42.414509104932],[-84.1834635793431,42.4129224166163],[-84.182810932667,42.4128819235898],[-84.1822158836613,42.4128261699147],[-84.1816554909245,42.4127921493598],[-84.1805801702698,42.412749739971],[-84.1805795475806,42.412895997189],[-84.1805650646822,42.4163089715082],[-84.1665673440575,42.4164134304786],[-84.1657223749212,42.4164196813414],[-84.1657485797257,42.4127976165102],[-84.1657747990446,42.4091755494697],[-84.1608381575649,42.4092129291948],[-84.160831848535,42.4100098151227],[-84.1608094811822,42.4128349840444],[-84.1558703324892,42.412872140941],[-84.1558391535013,42.416494177484],[-84.1551415477202,42.4164993903276],[-84.1508975084514,42.4165311058965],[-84.1509311825701,42.412909078998],[-84.150964864029,42.4092870560741],[-84.1460254383281,42.4092748037937],[-84.1418021762386,42.4092641463613],[-84.1410860201998,42.409262338999],[-84.1409267426767,42.4092619296627],[-84.1399490704303,42.4077832762535],[-84.1399426705372,42.4077735958954],[-84.1399434935529,42.4077565650542],[-84.1399484457397,42.407654155033],[-84.1399506693553,42.4076081589029],[-84.1400216230616,42.4061406085428],[-84.1404894942315,42.406141823999],[-84.1411123311273,42.4061434383828],[-84.1411168538003,42.4056072501611],[-84.1411273857767,42.4043586858842],[-84.1410841207493,42.4043831794258],[-84.1409547743957,42.4044564052701],[-84.1401246673567,42.4049263422734],[-84.1392788563141,42.4054312183584],[-84.1392423097068,42.4053342123062],[-84.1392291235133,42.4052992139291],[-84.1392209801043,42.4052775974062],[-84.1379625172566,42.4019370675224],[-84.1385782264746,42.4019390145553],[-84.13858364808,42.4019390317816],[-84.138584136394,42.4018813707664],[-84.1386146725238,42.3982774815832],[-84.1362498255532,42.3982686759677],[-84.1362506364451,42.3981824072627],[-84.1362631095148,42.3968543817174],[-84.1352485044072,42.3968500080608],[-84.1352696699512,42.3946014635992],[-84.1352645663144,42.3946014415973],[-84.135264583857,42.3945996213145],[-84.1313590329849,42.39458460744],[-84.1313263154815,42.397742054661],[-84.1313210506163,42.3982501694879],[-84.1271993018474,42.3983398161046],[-84.1247568632509,42.3983928656067],[-84.1247706913981,42.3946770587998],[-84.1247706922471,42.3946766723574],[-84.1267355411757,42.3946379862589],[-84.1272129926143,42.394628580486],[-84.1289161770848,42.3946105393881],[-84.1289385934386,42.3910183129493],[-84.1289385961706,42.3910179436543],[-84.1313816770511,42.3909615175942],[-84.1313976071264,42.3897989007543],[-84.13141827643,42.3882904023702],[-84.1314190048939,42.388237205165],[-84.1314043288068,42.3873384208988],[-84.1314295294343,42.387338487768],[-84.1314296946959,42.3873384878257],[-84.1314297074535,42.3873379880776],[-84.1314302436193,42.3872520928928],[-84.1314523166929,42.3837153692603],[-84.1314320839433,42.3837153322019],[-84.1314269819934,42.3837153235571],[-84.1314496232046,42.3800922271486],[-84.1339461681387,42.3800946330665],[-84.1340258123689,42.380094708564],[-84.1363761377658,42.3800969213927],[-84.13637613546,42.3800971979094],[-84.1363531687164,42.38372365391],[-84.136358268294,42.3837236604947],[-84.1363352958075,42.3873507625243],[-84.1363352944428,42.3873508877169],[-84.1363352670948,42.3873513890236],[-84.1363353169189,42.3873513889528],[-84.1386396730949,42.3873573753674],[-84.1394231436027,42.3873594005886],[-84.1412560587281,42.3873641162813],[-84.1422791010245,42.3873667351824],[-84.1461819188633,42.3873766408382],[-84.1492828680978,42.3873844208477],[-84.1492632967697,42.3903498391023],[-84.1492626714628,42.3904445047392],[-84.1492588566558,42.3910224984606],[-84.1510838464117,42.391028564881],[-84.1510850490424,42.3908456972223],[-84.1511077901979,42.3873889532082],[-84.1511317390409,42.3837493382438],[-84.1511437410898,42.381925982381],[-84.1462201998717,42.3819218690058],[-84.1462198025545,42.3819218687264],[-84.146217367644,42.3819218662049],[-84.1462173704173,42.3819214518697],[-84.1461832911973,42.3819214230271],[-84.1461761346569,42.3819214170154],[-84.1447094524288,42.3819201675747],[-84.1447528203719,42.3812861248821],[-84.1447871890914,42.3808922164353],[-84.1447500067038,42.3803859975433],[-84.1447698378109,42.3802252014452],[-84.1448235185098,42.3801054689856],[-84.1462064499797,42.3801051997675],[-84.146220108184,42.380105197335],[-84.1462291699253,42.3801051952879],[-84.14623190238,42.3785802763672],[-84.1462319074133,42.3785774901855],[-84.1459629133459,42.3788439116616],[-84.1459635546011,42.3787502855848],[-84.1459639455497,42.3786932839801],[-84.1459652017004,42.3785097662213],[-84.1459744080337,42.3771653758368],[-84.145971327075,42.3771653689035],[-84.1459687648671,42.3771653633629],[-84.1413226112375,42.377155605256],[-84.1413026461276,42.3801014166463],[-84.1363761377658,42.3800969213927],[-84.1364188567841,42.3764593451447],[-84.1364406982585,42.3745998866062],[-84.136461580958,42.3728217701272],[-84.131571303675,42.3728050026645],[-84.131601719295,42.3709831929064],[-84.1364829292648,42.3710029855212],[-84.1413641614601,42.3710225627375],[-84.1413518652751,42.3728383265785],[-84.146242145404,42.3728546799348],[-84.1511114160516,42.3728707441434],[-84.1560478926755,42.3728390012957],[-84.1560406661634,42.3692199619616],[-84.1609605227654,42.3691883522841],[-84.1634288107109,42.3691724174222],[-84.1658803639491,42.3691565377934],[-84.165880888735,42.3679541100487],[-84.1658813415512,42.3669167583353],[-84.1658819437947,42.3655383114858],[-84.170806181383,42.3655066927512],[-84.1707921489285,42.3631159738731],[-84.1707845853233,42.3618273055167],[-84.1757026361275,42.3617620950889],[-84.1756919803741,42.3607184520052],[-84.1756892109381,42.360435659087],[-84.1756894629587,42.3602746972679],[-84.1756933628321,42.3599436550282],[-84.1756843904762,42.3599432004961],[-84.1756148006455,42.3599396377793],[-84.1749745738381,42.3599375704887],[-84.1746513983387,42.3599762587869],[-84.174153260948,42.360020741532],[-84.1739444772324,42.360058007544],[-84.173790503806,42.3600971497287],[-84.1736526566304,42.3601525331764],[-84.1733652854035,42.3602892939862],[-84.1726820211897,42.3604831827279],[-84.1718854926053,42.3604847685062],[-84.1707787635473,42.3608357626611],[-84.1703370167628,42.3609758512493],[-84.169885264786,42.360926091646],[-84.1693406627974,42.3608661031478],[-84.1675154253791,42.3614388596099],[-84.1667909179048,42.3614437077843],[-84.1667660893286,42.3602030856329],[-84.1667937010413,42.3587670165011],[-84.1669241346033,42.3581812019892],[-84.1664531429789,42.3581852762118],[-84.1665149196534,42.3578970271841],[-84.1672132747977,42.3561465827724],[-84.1685924561491,42.3544945677011],[-84.1685966488891,42.3544895458181],[-84.16581869022,42.3545167198195],[-84.1658154878683,42.3545167483446],[-84.1658154899955,42.3545163105765],[-84.165793342758,42.350842899147],[-84.1707197794843,42.3507891289888],[-84.1756209541636,42.3507590384766],[-84.175626046252,42.3507585513812],[-84.1781565225512,42.3507429319415],[-84.1779158644203,42.3519931120083],[-84.1761313559491,42.3541737901027],[-84.1761094334883,42.3542005778554],[-84.176163784134,42.3544237250209],[-84.1762064702407,42.354598988404],[-84.1765642360723,42.3560679015037],[-84.1772887560591,42.3560944297909],[-84.1779242806533,42.3571244194199],[-84.1775990781146,42.3575456943135],[-84.1779234934386,42.3580698425984],[-84.1782462776178,42.3580663332394],[-84.1787062683569,42.3586251880797],[-84.1792946660005,42.358948091473],[-84.1798197986285,42.3586307770085],[-84.1801891475078,42.3584377021974],[-84.1803157197549,42.3583341809975],[-84.180417657121,42.3581933589553],[-84.180463079435,42.3580422625375],[-84.180586145883,42.3580408610125],[-84.1805800222355,42.3572820859774],[-84.1805958478335,42.3572147943064],[-84.1806854010241,42.3569707249625],[-84.1808296393923,42.3566753933351],[-84.1809744686952,42.3563788442242],[-84.1813787238421,42.3564772789935],[-84.1816402780947,42.3559060066075],[-84.181251890227,42.3558107892506],[-84.1815051877693,42.3552921089847],[-84.1816219805503,42.3550548492124],[-84.1817324735429,42.354856283589],[-84.181914292351,42.3546238875263],[-84.1821304112286,42.3543715418652],[-84.1824741577082,42.353962455191],[-84.1825200725684,42.3539078119882],[-84.1826987495341,42.3536956403142],[-84.1828522591247,42.3535133538907],[-84.1834973048272,42.3527307129686],[-84.1859861165143,42.3538452897212],[-84.1860278243045,42.3538639670844],[-84.1860466332758,42.3538432696831],[-84.1860801727723,42.353806364138],[-84.1861672630672,42.3537105328865],[-84.1861769398705,42.3536998854679],[-84.1862281407346,42.3536435457021],[-84.187158581259,42.3526196944742],[-84.1903414024029,42.3523185500127],[-84.1903430822657,42.3524823227807],[-84.1920576098722,42.3524724569705],[-84.1941559166294,42.3524603483402],[-84.1952541309988,42.3524539956719],[-84.1952785113287,42.3542723471605],[-84.2001850733726,42.3542447407034],[-84.2001468511009,42.3507502836866],[-84.200145235094,42.3506025821916],[-84.2050556169174,42.3505697958417]]],[[[-84.180054328498,42.3609729058292],[-84.1800412196443,42.3609066186379],[-84.1800713074164,42.3606976766359],[-84.1800494759693,42.3605546376209],[-84.1801090047981,42.360389730821],[-84.1799690832883,42.3601585534885],[-84.1797253688065,42.3600427306657],[-84.1793263078652,42.3599761958141],[-84.1779252985928,42.3597784677549],[-84.1779237685498,42.359779274273],[-84.180054328498,42.3609729058292]]],[[[-84.1552672357943,42.401360442192],[-84.1552722109335,42.4013607944818],[-84.1552897614348,42.4012408843083],[-84.1555042422356,42.3997755046183],[-84.1548508871884,42.3996922313564],[-84.1548508120102,42.3996933588488],[-84.1547429372672,42.4013232812392],[-84.1552672357943,42.401360442192]]],[[[-84.1620975627893,42.4055535035895],[-84.1621228070939,42.4019034032191],[-84.1608883253405,42.4019116989998],[-84.1608651341974,42.4052883165029],[-84.1608632504705,42.4055623181922],[-84.1620924711077,42.4055535406429],[-84.1620940127267,42.4055535290382],[-84.1620975627893,42.4055535035895]]],[[[-84.1708064835163,42.3754604126574],[-84.1708163478434,42.3727423321517],[-84.1683678266392,42.3727589013287],[-84.1683631096574,42.375476835986],[-84.1708064835163,42.3754604126574]]],[[[-84.2101142931097,42.3633156995286],[-84.2100931116085,42.3614901458736],[-84.2100719018354,42.359662806607],[-84.209989712753,42.3596632111625],[-84.2070806318946,42.3596774764436],[-84.2070338287131,42.3596772378726],[-84.206379767107,42.3596804340977],[-84.2052147302164,42.3596861215993],[-84.2051634830447,42.3596863711829],[-84.2051634888996,42.3596868361002],[-84.205174427719,42.3606574147737],[-84.2051756071008,42.3607621711504],[-84.205184028292,42.3615092230051],[-84.2048303083073,42.3615106222809],[-84.2048302106637,42.3615099315848],[-84.2047624612194,42.3615102131247],[-84.2047531084668,42.3615102520125],[-84.2047705454145,42.3617655551944],[-84.2048730425521,42.3630498306153],[-84.2048743997416,42.3632889389416],[-84.2048746356932,42.3633304245716],[-84.2048746761193,42.3633374813406],[-84.2049412686172,42.363336080316],[-84.2051041406184,42.3633326533747],[-84.2052045659744,42.3633305399755],[-84.2101091824742,42.3633157149377],[-84.2101106232073,42.3633157109956],[-84.2101142931097,42.3633156995286]]],[[[-84.167764971521,42.3872820401648],[-84.1677289188316,42.3873491688325],[-84.1677288969491,42.3873492099118],[-84.1678070215416,42.3876563392968],[-84.1680087945292,42.387808609691],[-84.1683796054722,42.3878826312506],[-84.1687361853361,42.3879952223984],[-84.1691829992385,42.3882170047925],[-84.1693832042584,42.3882538939434],[-84.1696564155672,42.3882187570692],[-84.1698860503629,42.3882444145502],[-84.1702347886863,42.3883241034026],[-84.1708141088135,42.3885008578687],[-84.1710459657966,42.3884990175195],[-84.171102542961,42.3884985862447],[-84.1717212988289,42.3883068078582],[-84.1724969768387,42.3882347239506],[-84.1729236813556,42.3880664699619],[-84.1736837007561,42.3872408305279],[-84.1740242621519,42.386865184447],[-84.1745800505116,42.3863991361167],[-84.1757287627734,42.3857421071616],[-84.1757690078349,42.3857192262112],[-84.1764728580113,42.3852629722133],[-84.1766552643248,42.3850801696343],[-84.1767708891905,42.3848814043219],[-84.1769762651422,42.3847533620294],[-84.1773814221682,42.3846347352424],[-84.1777176353165,42.3843407716482],[-84.1778550710188,42.3841143560287],[-84.1778132198617,42.3837574809018],[-84.1777358552023,42.3835640782781],[-84.1800497763851,42.3835445544415],[-84.180356603725,42.3835419620616],[-84.1803580203007,42.3835362658032],[-84.1803715491909,42.3834484108962],[-84.1804086218884,42.3832076518144],[-84.1804311783335,42.383061170636],[-84.1806044662446,42.3798970515705],[-84.1806044813834,42.3798968275123],[-84.180604195726,42.3798968318715],[-84.1805730515625,42.3798972321323],[-84.1805714122721,42.378991389331],[-84.1788922064405,42.3790048233133],[-84.179476816454,42.3796805336905],[-84.1795670040165,42.3797644581763],[-84.1796766228262,42.3798184637909],[-84.179779559931,42.3798476293379],[-84.1799878081362,42.379887677881],[-84.1799863847563,42.3799016462757],[-84.1757239202192,42.3799373105009],[-84.1757238702684,42.3791202146074],[-84.1757237160561,42.3763105938375],[-84.1708099951559,42.3763599092591],[-84.1707822640017,42.3799779358976],[-84.1658756196297,42.3800112010011],[-84.1609689828588,42.3800442573924],[-84.1609613580017,42.3836858089773],[-84.160953730139,42.3873273661312],[-84.1609461021777,42.3909689126852],[-84.1640660947893,42.3909498681763],[-84.1658772305344,42.3909387760423],[-84.1658767515558,42.3876642896027],[-84.1658766982621,42.3872962518042],[-84.167764971521,42.3872820401648]]],[[[-84.2514629316322,42.2919565890405],[-84.2514621637324,42.2922311013672],[-84.2531259504502,42.2922247740342],[-84.2531266344925,42.2919502685998],[-84.2552261955714,42.2919422410513],[-84.2576624005712,42.2919328655616],[-84.2576886846688,42.2883248932273],[-84.2601336462772,42.2883104614063],[-84.2600986119229,42.2919234897863],[-84.2649710417678,42.2919045146873],[-84.2649817119951,42.2918285894932],[-84.26522976831,42.2917866243584],[-84.2657333025896,42.291682449435],[-84.2662716796505,42.291558445696],[-84.2666593454053,42.2914646180118],[-84.2666598319097,42.2912821991112],[-84.2676746132536,42.2910271777582],[-84.2684735355207,42.2908422427655],[-84.2691708560122,42.2906521767559],[-84.2698620958322,42.290443200434],[-84.2698434613011,42.2918853406021],[-84.2747528006643,42.2918989900226],[-84.2796621397313,42.2919124319736],[-84.2796952004165,42.295570370225],[-84.2797161680781,42.2978894674073],[-84.2797282793155,42.2992283090291],[-84.2821846341217,42.2992267014998],[-84.2846409817971,42.2992250322465],[-84.2895536844606,42.2992215225203],[-84.2895718999332,42.3010422424489],[-84.2895901236413,42.3028629646036],[-84.2895926200908,42.3031126906639],[-84.2869116084102,42.3031191965643],[-84.2869199461689,42.3039559229409],[-84.2896060951154,42.3039494996301],[-84.2896135110089,42.3046836338583],[-84.2945300464943,42.3046359461681],[-84.29453487637,42.3049728806166],[-84.2945561015748,42.3064537104487],[-84.2896319002373,42.3065042429405],[-84.2847104941789,42.3065244110185],[-84.2822524489928,42.3065343275615],[-84.2797944175187,42.3065441952502],[-84.2748783534248,42.3065637780111],[-84.2699683823407,42.3065822411169],[-84.2699622865306,42.3065831464574],[-84.2650499669159,42.3065404008069],[-84.2601376495536,42.306497434798],[-84.2601344948262,42.3053197491635],[-84.2598648073493,42.3053173445222],[-84.2598837024547,42.3054972712797],[-84.2552248029474,42.3054578127087],[-84.2552253584497,42.3064542596206],[-84.2503130655485,42.3064108820488],[-84.2483321132945,42.306432235168],[-84.2478943825583,42.3060322498058],[-84.2476825552151,42.3058102595364],[-84.2472305205197,42.3053665497931],[-84.2477878212264,42.3053104679853],[-84.2483698491431,42.3056124665437],[-84.2482634856023,42.3050631970878],[-84.2487733619405,42.3049224698026],[-84.2490477007288,42.3050272499221],[-84.2492813573134,42.3051392244489],[-84.2495036615408,42.3051252461224],[-84.2496377156382,42.3050832337576],[-84.2497205552034,42.3049962559226],[-84.249970652515,42.3048992140093],[-84.2503177778569,42.3047013243435],[-84.2503194186303,42.3041060453246],[-84.250647169888,42.3040250969928],[-84.2512724442323,42.3040608688061],[-84.2517195950685,42.3040864463319],[-84.25194889644,42.3041086309823],[-84.2521781049372,42.3041693804857],[-84.2523850090787,42.3043291917752],[-84.2526142858057,42.3043623980136],[-84.2533539457344,42.304362928332],[-84.2535312037229,42.304566786339],[-84.253789720226,42.3049954741043],[-84.2539359839595,42.3052291758749],[-84.2540555254153,42.3052554492805],[-84.2545955014018,42.3052503253078],[-84.2548028590128,42.3052789358606],[-84.2548839465914,42.3052890631377],[-84.2552247765967,42.305403594748],[-84.2552248064787,42.3054565768414],[-84.2552251798278,42.305346726993],[-84.2552254167581,42.305276865035],[-84.2552304979047,42.3052769084806],[-84.2552305102597,42.3052761312677],[-84.2552305216802,42.3052313553725],[-84.2560956586041,42.3052325675283],[-84.2564990657272,42.3052064623595],[-84.2566941039253,42.3050750609998],[-84.2568791382318,42.3049870818535],[-84.2569532054899,42.3048935228099],[-84.2570104778077,42.3052918253226],[-84.2570127993514,42.3052099646407],[-84.2570322975337,42.304522424546],[-84.2570358041466,42.3043987736051],[-84.2575903903387,42.3044074383746],[-84.2575966349113,42.3041871715356],[-84.2576083553983,42.3037737467532],[-84.2576350282833,42.3028328751831],[-84.2576057340113,42.3014247376653],[-84.2593234580453,42.3012533854438],[-84.2592417025413,42.3008558179499],[-84.2592157882653,42.3007147948666],[-84.2592032947951,42.3006253648184],[-84.2591940978869,42.3005419919757],[-84.2591862269492,42.3004526340722],[-84.2591840591266,42.3003659388213],[-84.2591850651151,42.3002895903606],[-84.2591885772872,42.3002064158809],[-84.2591932684295,42.300122402223],[-84.2592027994144,42.3000307413912],[-84.2592184706332,42.2999263064055],[-84.259234836205,42.2998381843629],[-84.2592600424202,42.2997236018402],[-84.2593039685983,42.2995608528664],[-84.2593585354434,42.2994291184701],[-84.2594106716617,42.2993074920309],[-84.2601200977627,42.2993114119034],[-84.2601200477157,42.2992099582751],[-84.2599868711383,42.2992096272466],[-84.2599571608525,42.299209556466],[-84.2594865260627,42.2992083877444],[-84.2594863658829,42.299208387947],[-84.2587661536111,42.2992066018342],[-84.2587870466558,42.2993137290629],[-84.2588065615026,42.2994137813597],[-84.2588094979928,42.2994134830916],[-84.2588326869278,42.299522027104],[-84.2588558759167,42.29963057201],[-84.2588790650106,42.2997391160088],[-84.2585123689706,42.2997763265236],[-84.2583825228162,42.2997895020798],[-84.2582782728436,42.2993014996483],[-84.2584099071026,42.299302140075],[-84.2583872932691,42.2992056605963],[-84.2584597888022,42.2992058404795],[-84.2582274702206,42.2992008937664],[-84.2582282516779,42.2992052614285],[-84.2570810989888,42.2992023949451],[-84.2569331483929,42.2992020321783],[-84.2552308679437,42.2991977585999],[-84.2552309690634,42.2974256133],[-84.2552310746522,42.2955702461698],[-84.2552259795901,42.295570250238],[-84.2551372053165,42.2955703063169],[-84.2551334579723,42.2967300504445],[-84.2543124621935,42.2967318505873],[-84.2543217218667,42.2955716547483],[-84.2541560409773,42.2955709224724],[-84.2541604055314,42.2961440618682],[-84.2541606572388,42.2967326075057],[-84.2537408736122,42.2967354772733],[-84.2533509328086,42.2967325152224],[-84.2533499297328,42.2955743087313],[-84.2503435946096,42.295573317664],[-84.2503537726186,42.2919607942968],[-84.2514629316322,42.2919565890405]]],[[[-84.0444361625301,42.3465371490006],[-84.0444340265052,42.3465372215896],[-84.0444363412892,42.3462654700565],[-84.0434600348818,42.3462912927573],[-84.0434576522229,42.3465703635056],[-84.0437643777739,42.3465599527791],[-84.0437888806392,42.3465591215772],[-84.0444340265052,42.3465372215896],[-84.0444340239549,42.3465375314396],[-84.044421190463,42.3480446640129],[-84.0444211789857,42.3480460583377],[-84.0444211475353,42.3480498413838],[-84.0442517895397,42.3479745115073],[-84.0441840371475,42.3479443742793],[-84.0441499479973,42.3479281533377],[-84.044081329398,42.3478969198858],[-84.0439566231649,42.3478361672365],[-84.0439324268035,42.3478246539991],[-84.0436917647546,42.3477099287478],[-84.0435945644267,42.3476597838033],[-84.0435590597261,42.3476424866423],[-84.0435205719191,42.3476216104808],[-84.0434741590523,42.3475976662094],[-84.0432712444792,42.3474890923022],[-84.0430420757779,42.3473622112955],[-84.0430380115318,42.3473598655836],[-84.0429947605735,42.3473364060952],[-84.0425597986701,42.3470834962283],[-84.0423327762049,42.3469328110093],[-84.0423166565454,42.3469225530232],[-84.0422292473548,42.3468640956403],[-84.0420962889052,42.3467758447661],[-84.0418829794865,42.3466318792197],[-84.0417618841797,42.3465407310943],[-84.0415896430779,42.3464169626008],[-84.0413853788723,42.34626374127],[-84.0411767967465,42.3461008345586],[-84.0409549961529,42.3459171025284],[-84.040682868203,42.345686495933],[-84.0400223894126,42.345126456842],[-84.0395689874598,42.3447424194505],[-84.0376996481424,42.3431589959698],[-84.03763019141,42.3431001604342],[-84.037553197914,42.3430350173473],[-84.0359763237833,42.3417019602242],[-84.0359744401345,42.3417003677896],[-84.0359476681986,42.3416777351541],[-84.0358160211705,42.3415664421466],[-84.0352591608408,42.3411204075005],[-84.0348450852501,42.3407628303068],[-84.0347131730229,42.340660389453],[-84.0347193534066,42.3396471958378],[-84.0346455808998,42.3351195177085],[-84.0395511684948,42.3350465739695],[-84.0420029602789,42.3350100258541],[-84.0420513693302,42.3394135897704],[-84.0444953629888,42.3393356200074],[-84.0444646950622,42.3429364252013],[-84.0469065224103,42.3428559878797],[-84.0468737085602,42.3464543789307],[-84.0444382256163,42.3465370787408],[-84.0444361625301,42.3465371490006]]],[[[-84.2700792718966,42.3175074696133],[-84.2700402679876,42.3138660308663],[-84.274945813645,42.3138583497006],[-84.2798513594731,42.3138504578409],[-84.2847569032218,42.3138423471408],[-84.2847801201845,42.3175013090702],[-84.2848162485799,42.3203213127267],[-84.2845681607777,42.3202296967355],[-84.2841780003443,42.3201108825129],[-84.2839384151241,42.3200441456954],[-84.2837908955268,42.3200139991351],[-84.283784653243,42.3200127230109],[-84.2837627919303,42.3200082554675],[-84.283562448277,42.3199941606308],[-84.2834701003028,42.3199918015118],[-84.2832329771554,42.3199857580327],[-84.2831920442954,42.3199884942317],[-84.2831739790192,42.3199897033642],[-84.2830290786402,42.319999399326],[-84.2828487237262,42.3200114705319],[-84.2824148972139,42.3200721173808],[-84.2812974509658,42.3202304564316],[-84.2808228929172,42.3203040862377],[-84.2808230247749,42.3202786890213],[-84.2808263711603,42.3196347305194],[-84.2808212698454,42.3196354536034],[-84.2799077938121,42.3197648866772],[-84.2799025645245,42.3197656275648],[-84.2799025622848,42.3197654041292],[-84.2798798379216,42.3175035752584],[-84.2798795138295,42.3175035756645],[-84.2749795542406,42.3175056320602],[-84.2700792718966,42.3175074696133]]],[[[-84.2003474680644,42.3979461040938],[-84.1954182937368,42.3979907701566],[-84.1954144830219,42.3943379554731],[-84.1954165685762,42.3906945227016],[-84.1954186654736,42.3870510876418],[-84.2003168422048,42.3870032054529],[-84.2003268538477,42.3906477538634],[-84.2003368794917,42.3942922991089],[-84.2003474680644,42.3979461040938]]],[[[-84.2485041562632,42.3010172509776],[-84.2484670156677,42.3014582031231],[-84.2435863419589,42.3015115699007],[-84.2436043689852,42.3028060276427],[-84.2387254520884,42.302859117795],[-84.23867638523,42.2993143758387],[-84.2386629017048,42.2988629110683],[-84.238675230633,42.2988627706087],[-84.2386563984915,42.2975010693898],[-84.24353486879,42.2974468913615],[-84.2503434542606,42.2974304087891],[-84.250338561893,42.2991680453476],[-84.250328808121,42.299168603998],[-84.2499671403072,42.2991894549518],[-84.2497696473274,42.2991916413923],[-84.2496936885888,42.2991611151885],[-84.2493395361506,42.2988528673098],[-84.2492215922754,42.2986767848299],[-84.2490596465532,42.2982531767249],[-84.2486311271341,42.2983408634473],[-84.2477145622305,42.2988461613961],[-84.2473005039048,42.2991538292806],[-84.2471221465008,42.2992209259175],[-84.2467314682619,42.2993678950959],[-84.2461105888007,42.2996754076535],[-84.2455193697221,42.2998949525021],[-84.2453862258748,42.3000378374401],[-84.2448801446475,42.3009824199507],[-84.2485041562632,42.3010172509776]]],[[[-84.1361315517434,42.4128890654004],[-84.1357287095362,42.4128823554778],[-84.1312013449659,42.4108157725206],[-84.131226872753,42.409239929778],[-84.1312441220918,42.405582404975],[-84.1361854570567,42.4055930027185],[-84.1361352496871,42.4092454629125],[-84.136140998486,42.4092555145925],[-84.1361315517434,42.4128890654004]]],[[[-84.2700663976778,42.3283930896163],[-84.2651182627388,42.3283579011269],[-84.2651411953159,42.3247358114029],[-84.2651525833234,42.3229363124331],[-84.2667565684155,42.3229354833179],[-84.2676289775225,42.3229418677525],[-84.2676167627059,42.3247534293578],[-84.2700923409508,42.3247710039375],[-84.2700894909865,42.3251689429516],[-84.2700663976778,42.3283930896163]]],[[[-84.1658154878683,42.3545167483446],[-84.1658376371351,42.3581906031496],[-84.1627442632185,42.3582173107743],[-84.1621792840636,42.3582221774521],[-84.1609122915437,42.3582330820856],[-84.1608895880359,42.3545647639044],[-84.1627213313709,42.354546934176],[-84.1658154878683,42.3545167483446]]],[[[-84.2553336771155,42.3462713146574],[-84.2552854008175,42.3426424706074],[-84.2601823885688,42.3426521797643],[-84.2602080220072,42.3462711628259],[-84.2553336771155,42.3462713146574]]],[[[-84.2099418170759,42.3505369631737],[-84.208387168981,42.3505474096631],[-84.2079244380519,42.3505505191865],[-84.2050556169174,42.3505697958417],[-84.205022992384,42.347831776696],[-84.2099032282147,42.3477833885721],[-84.2099418170759,42.3505369631737]]],[[[-84.209957305814,42.3519861567846],[-84.2099418170759,42.3505369631737],[-84.2148656211734,42.3505275475498],[-84.2157549584767,42.3505214421488],[-84.2157551837384,42.3505232203616],[-84.2170449518683,42.3505169315462],[-84.216991836198,42.3510755201509],[-84.2168178270166,42.3514191331213],[-84.2167022162673,42.3515601418339],[-84.2165374136846,42.3518488883754],[-84.2165978376983,42.3519650256177],[-84.21622781756,42.3519675835238],[-84.2148847560642,42.3519768583463],[-84.2099793143929,42.3519861158202],[-84.209957305814,42.3519861567846]]],[[[-84.1326456374604,42.3492064567654],[-84.1324917080347,42.3488363525202],[-84.1323536883125,42.3485044885547],[-84.1322733062323,42.3483112035862],[-84.1322159622044,42.3481733211285],[-84.1322223161927,42.3481397926971],[-84.1322409190677,42.3480416076703],[-84.1317903575647,42.3480418530619],[-84.1317926101264,42.3478217665234],[-84.1317926447307,42.3478183871588],[-84.1317930221235,42.3477815212792],[-84.1322478927879,42.3477800002318],[-84.1326699405802,42.3477785904508],[-84.1327623252619,42.3477782811399],[-84.1330427729088,42.3477777888083],[-84.1334608837938,42.3477722854435],[-84.1339614981864,42.3477656909952],[-84.1339554856365,42.347943950104],[-84.1339493110453,42.3481267097875],[-84.1339434506009,42.3483003519305],[-84.1339370472075,42.348489972162],[-84.1339311875389,42.3486635863804],[-84.133923166356,42.3488771932117],[-84.1342747879103,42.3488674151738],[-84.134275150119,42.3488674050026],[-84.1347160209907,42.3488603579491],[-84.1351847255702,42.3488528590703],[-84.1351781112288,42.3490424280341],[-84.1351719722737,42.3492184356171],[-84.1351655944426,42.3494012008902],[-84.135161211709,42.3495268395466],[-84.1346951180167,42.349754523927],[-84.1342140215283,42.3499399500973],[-84.1337414099383,42.3501874727562],[-84.1333942186528,42.3503665661491],[-84.1332110786025,42.3504740576869],[-84.133209817008,42.3504722890012],[-84.1331519263365,42.3503911128908],[-84.1328265297559,42.3499556229073],[-84.1325439341204,42.3497954615244],[-84.1324228606578,42.3496418780779],[-84.1325271352984,42.3494380692972],[-84.1326456374604,42.3492064567654]]],[[[-84.2373370949059,42.3065506644327],[-84.2387705505946,42.3057478749356],[-84.2387813621502,42.3065282499667],[-84.2387814575669,42.3065351283451],[-84.2387763528722,42.3065351828909],[-84.2387638077657,42.3065353190705],[-84.2387644375709,42.3066165678085],[-84.2374055934087,42.306631089113],[-84.2369862690249,42.3069210662489],[-84.2358762125412,42.3074994891231],[-84.2358320777255,42.3075224820611],[-84.2353288560913,42.3077846912861],[-84.2340306346068,42.3084424018691],[-84.2340147094717,42.3084504698332],[-84.2339373054615,42.3084896836228],[-84.2339371599933,42.3084817775051],[-84.2339367244864,42.3084581546536],[-84.2339022320011,42.30658797233],[-84.2339022241569,42.3065875271994],[-84.2363421707419,42.3065613530573],[-84.2373370949059,42.3065506644327]]],[[[-84.2568307896084,42.3008235979771],[-84.2564367921988,42.3008211626294],[-84.2560610677481,42.3008188377806],[-84.2560682333167,42.3001329897575],[-84.2556911517419,42.3001306541255],[-84.255694851767,42.300820115043],[-84.2539231561248,42.3007995448068],[-84.2539253750961,42.3000398609353],[-84.2539269162776,42.2992915193796],[-84.2544406117025,42.2992903643701],[-84.2553212296653,42.2992886766153],[-84.2556958583394,42.2992899140138],[-84.2556952667166,42.2993779814518],[-84.2568295526816,42.2993849710688],[-84.2568299040781,42.2997942933338],[-84.2568290985931,42.3001376962899],[-84.256829920129,42.3004707526271],[-84.2568307896084,42.3008235979771]]],[[[-84.2567988963549,42.3020630690594],[-84.2552306992128,42.3020582851756],[-84.2539211848906,42.3020542794055],[-84.2539276588214,42.3015085140841],[-84.254564473172,42.3015087666221],[-84.2545815952467,42.3012078853412],[-84.2545812125543,42.300917097649],[-84.2568307240794,42.3009334761089],[-84.2568285866192,42.3012597056915],[-84.2568018626857,42.3015789182693],[-84.2568015643769,42.3015789109046],[-84.2567994415413,42.3019641776211],[-84.2567988963549,42.3020630690594]]],[[[-84.2506841853041,42.3458849630039],[-84.2506843660851,42.3459094436201],[-84.2506848183668,42.3459703564546],[-84.2504407993426,42.3459721323671],[-84.2504405024612,42.3459321622565],[-84.2502285186537,42.3460263299326],[-84.2486470743751,42.3462002230528],[-84.2446358676109,42.3448996389106],[-84.2441419639983,42.3446993583647],[-84.2441420302481,42.3447268225313],[-84.2440402460582,42.344673122927],[-84.2428711131351,42.3441050936824],[-84.2415743197476,42.3436960818502],[-84.2415014077004,42.3437327567618],[-84.2411813119312,42.3443373046023],[-84.2409232688848,42.344543895351],[-84.2406062075252,42.3450245093911],[-84.2404561662809,42.3453398810357],[-84.2404755818962,42.3455685075953],[-84.2404833269071,42.3458725096542],[-84.2402977756232,42.3461378928067],[-84.2401607282515,42.3461199529823],[-84.2401928956412,42.3459847874138],[-84.2401961016783,42.3459852054835],[-84.2402974508329,42.3458402593523],[-84.2402906706422,42.3455741247178],[-84.2402691399837,42.3453205824669],[-84.2404353086418,42.3449713252541],[-84.2407690523847,42.3444654274425],[-84.241021864944,42.3442630154768],[-84.2412077989919,42.3439118544084],[-84.2409550480553,42.3439514075819],[-84.2405805832583,42.3440988721108],[-84.2406128634437,42.3440113883267],[-84.2411394121623,42.3437819685228],[-84.2413574675118,42.3436393277054],[-84.2415615396586,42.3435366786069],[-84.241641380162,42.3435672937713],[-84.2425499162163,42.3438750419215],[-84.2429538757911,42.3439812353705],[-84.2441399652804,42.344557499123],[-84.2441396869586,42.3445347356721],[-84.2450795262024,42.3449066144332],[-84.2486892041053,42.3460646369582],[-84.2501856937492,42.345917796197],[-84.2504392954502,42.3457693421538],[-84.250432994143,42.3449197417625],[-84.25042453353,42.3444857479154],[-84.2504273604292,42.3441601131965],[-84.2506713724745,42.3441583364065],[-84.2506753528098,42.3446947040661],[-84.2506841853041,42.3458849630039]]],[[[-84.2551115078858,42.2991382956731],[-84.2549542778785,42.2991356790653],[-84.2549264292465,42.2991352154253],[-84.2543043074888,42.2991248593925],[-84.2543079200333,42.2988476824284],[-84.2547151417176,42.2988569874633],[-84.2547160775519,42.298780478397],[-84.2543019041285,42.2987710618506],[-84.2543131552738,42.2968461385403],[-84.2551342503873,42.2968414041529],[-84.2551222473854,42.2980982479127],[-84.2551175699906,42.2981915518802],[-84.255117233201,42.2988603464583],[-84.2551115078858,42.2991382956731]]],[[[-84.2540050561932,42.2988388484597],[-84.2538177221092,42.2988359157699],[-84.2537685622581,42.2988351461284],[-84.2537278744803,42.2988345091088],[-84.2533507369283,42.2988286038469],[-84.2533520491362,42.2968426930882],[-84.2537375670551,42.2968518745006],[-84.2541632489454,42.2968525372911],[-84.2541431710028,42.2988410104323],[-84.2541447509193,42.2991193956042],[-84.2540011548585,42.2991141841431],[-84.2540049106378,42.2988415378301],[-84.2540050561932,42.2988388484597]]],[[[-84.2568384401456,42.3028137904471],[-84.2561706155095,42.3028127956708],[-84.2557268584963,42.3028121321295],[-84.2550321072447,42.302811090687],[-84.2549022853902,42.3028108946317],[-84.2549060613804,42.3025362111889],[-84.2547762413039,42.3025360150102],[-84.254772464724,42.3028106993489],[-84.254383000305,42.302810112581],[-84.2543867786285,42.3025354264551],[-84.2543905580288,42.3022607439363],[-84.2568335905927,42.302264412725],[-84.2568360152697,42.3025391047443],[-84.2568384401456,42.3028137904471]]],[[[-84.253781004636,42.3001699041536],[-84.2537754232093,42.3006103174513],[-84.2532889276666,42.3006096831815],[-84.2532271158917,42.3003877667016],[-84.2532161006893,42.3003482031625],[-84.2531787768291,42.3003134073199],[-84.2530978961146,42.300237993269],[-84.2530681368141,42.3002205854728],[-84.252975526841,42.3001663983075],[-84.2529322178596,42.3001410582253],[-84.2529191284833,42.3001376778153],[-84.252711572771,42.3000875849185],[-84.2525803817328,42.3000559242932],[-84.2525755302175,42.3000554158949],[-84.2523423068872,42.3000310124474],[-84.252158203895,42.3000117508221],[-84.2530239413977,42.2995323967479],[-84.2526663335959,42.2992816803161],[-84.2528827097965,42.2992830951814],[-84.2534595408047,42.2992912057141],[-84.2534797519512,42.2992800151226],[-84.2537864650063,42.2992811420416],[-84.253781004636,42.3001699041536]]],[[[-84.2573291055138,42.3043478570395],[-84.2569559869165,42.3043471345699],[-84.2569605524535,42.3030474964596],[-84.2569323619987,42.3024933868538],[-84.2569323629123,42.302379576574],[-84.256932372111,42.3018289325372],[-84.2569323742244,42.3017162780128],[-84.256932383657,42.3016089708591],[-84.2569323904322,42.3015197719158],[-84.25733279934,42.3014784673412],[-84.2573327994158,42.3016086175892],[-84.2573327940056,42.301717390427],[-84.2573327942426,42.3018304152137],[-84.2573327821284,42.3023855650451],[-84.2573327705637,42.3024963096628],[-84.2573336709744,42.3030479938249],[-84.2573328233341,42.3032892322985],[-84.2573291055138,42.3043478570395]]],[[[-84.257798694326,42.3014036063969],[-84.2575388340732,42.3014292109474],[-84.257408903868,42.3014420130018],[-84.2571490433002,42.3014676166689],[-84.2569784081591,42.3014844285979],[-84.2569785278513,42.3012818291738],[-84.2569786046516,42.301151732356],[-84.2569788023791,42.3008190352129],[-84.2572696086997,42.3007899230747],[-84.257659264242,42.3007509149456],[-84.2577891501503,42.3007379110539],[-84.2579190359797,42.3007249079155],[-84.2580489217558,42.3007119046299],[-84.2583086944122,42.3006858958355],[-84.2584385788154,42.3006728920896],[-84.2585684643782,42.3006598882155],[-84.2586983511262,42.3006468833128],[-84.2590651536404,42.3006101575356],[-84.2590887247831,42.300720490145],[-84.259111915684,42.3008290412983],[-84.2591351078775,42.3009375924637],[-84.2591586782295,42.3010479187305],[-84.2591818705068,42.3011564725836],[-84.2592050628635,42.3012650264299],[-84.2588381343988,42.3013011841257],[-84.258814942659,42.3011926302061],[-84.2587917509988,42.3010840762798],[-84.2587682402051,42.3009740256082],[-84.2586383314742,42.300986926662],[-84.2585084227158,42.3009998266681],[-84.2583785151175,42.301012726546],[-84.2581186973108,42.3010385267228],[-84.2579887883153,42.3010514270406],[-84.2578588805054,42.3010643263298],[-84.257728971404,42.3010772263532],[-84.257798694326,42.3014036063969]]],[[[-84.2512818948143,42.2967328568059],[-84.2510641327238,42.2967310288027],[-84.2506922022127,42.2967265754074],[-84.2504596751334,42.2967229283438],[-84.2504577321072,42.2965405023923],[-84.2504545733348,42.2956061899771],[-84.2508818662816,42.2956050013224],[-84.2512771634856,42.2956080441451],[-84.2512848531321,42.2966078738031],[-84.2512839321191,42.2966402510677],[-84.2512818948143,42.2967328568059]]],[[[-84.2581555422146,42.3005899919423],[-84.2580256641296,42.3006030332992],[-84.2578957872039,42.300616074528],[-84.2577659089864,42.3006291164912],[-84.2576360319539,42.3006421574257],[-84.2575061548678,42.3006551982132],[-84.2572464005354,42.3006812793468],[-84.2569782216317,42.3007103711954],[-84.2569791258392,42.3003754402266],[-84.2569793021467,42.3000427706281],[-84.2572370817969,42.3000166151389],[-84.2573669298939,42.3000034399987],[-84.2574967766984,42.299990265593],[-84.2576266246874,42.2999770901588],[-84.2580161671173,42.2999375629548],[-84.2580857627487,42.3002633472595],[-84.2581210439537,42.3004285030341],[-84.2581555422146,42.3005899919423]]],[[[-84.1105539871861,42.3386580639088],[-84.1104476547215,42.3382539316079],[-84.1111866107703,42.3379282462034],[-84.111292951092,42.3383323770143],[-84.1110768157328,42.3388203078794],[-84.1110904350322,42.3388620415814],[-84.1109439212327,42.3389261580556],[-84.1108571748902,42.3389641199461],[-84.1107993185243,42.3389894382173],[-84.1101862013862,42.3392577470812],[-84.1102181263796,42.3390951978134],[-84.1105539871861,42.3386580639088]]],[[[-84.2518196241036,42.2964481304404],[-84.2516748308054,42.2964501199831],[-84.251443399211,42.2964532986703],[-84.2514302386545,42.295607203799],[-84.251817381855,42.2956105069817],[-84.2522345344718,42.2956059906676],[-84.2522320992276,42.2956916457573],[-84.2522266002685,42.2958850603258],[-84.2522288658216,42.2960675452948],[-84.2522235238497,42.2962554366785],[-84.2518210866387,42.296265709296],[-84.2518196241036,42.2964481304404]]],[[[-84.2018541920098,42.3342866965039],[-84.2017087406947,42.3346782448369],[-84.2014853530535,42.3346854936837],[-84.2013632028563,42.3346894567147],[-84.2013648605719,42.3346240772076],[-84.2013687654171,42.3346004565017],[-84.2013675688421,42.3346004372316],[-84.2007939136128,42.3346097264611],[-84.2007872499759,42.3346094929978],[-84.200679745367,42.3346112788223],[-84.1999796502772,42.3346229076237],[-84.1999785715532,42.3345087169308],[-84.199977923142,42.3344401266453],[-84.2002982099077,42.3343138460127],[-84.2008223747808,42.3343563297119],[-84.2009490318162,42.3343311029173],[-84.201213131496,42.3342111951474],[-84.2012871248176,42.3341775996884],[-84.2013600295238,42.3342108035526],[-84.2016019083099,42.3343209644909],[-84.2018505375377,42.334287192574],[-84.2018541920098,42.3342866965039]]],[[[-84.2568499009279,42.3041036575028],[-84.2567245390139,42.3041037476447],[-84.2566506676813,42.3041000194444],[-84.2565849320893,42.3040947014012],[-84.25651931814,42.3040850955252],[-84.2564595303721,42.304073864624],[-84.2563964717398,42.3040557183266],[-84.2562390160446,42.3039968503453],[-84.255905789433,42.303913335889],[-84.2558690364272,42.3039050393892],[-84.2558289870773,42.303890684676],[-84.2557890849909,42.3038711840742],[-84.2557481973353,42.3038456613891],[-84.255717415373,42.3038305939763],[-84.2556734661179,42.3038156728618],[-84.2555408624916,42.3037863430273],[-84.2554730843325,42.3037715545204],[-84.2554203023298,42.3037578581006],[-84.2553733708404,42.3037416795254],[-84.2553231905301,42.3037177282983],[-84.2552796149549,42.3036944370642],[-84.2552811791444,42.3035805944645],[-84.2568452335204,42.3035829368837],[-84.2568499009279,42.3041036575028]]],[[[-84.2683945140088,42.322947786528],[-84.2681503751215,42.3229459576395],[-84.26816338623,42.3211342260266],[-84.2684075264309,42.3211360613195],[-84.2684051986704,42.3214601962093],[-84.2684029898028,42.3217677525659],[-84.2683945140088,42.322947786528]]],[[[-84.2568418366984,42.3031983677306],[-84.2552864644773,42.3031960384145],[-84.2552875559442,42.3031165897731],[-84.2552885198995,42.3030464211713],[-84.2552902286136,42.3029221421329],[-84.2568394107859,42.3029236748244],[-84.2568418366984,42.3031983677306]]],[[[-84.2531946490072,42.2964426979441],[-84.2527875732613,42.2964363217239],[-84.2527773007647,42.295674370407],[-84.252377956467,42.2956770093755],[-84.2523683416894,42.2955938661327],[-84.2527757488083,42.295588392518],[-84.2531912158525,42.2955800718855],[-84.2531935260694,42.2961605497862],[-84.2531946490072,42.2964426979441]]],[[[-84.2512854100997,42.2973109224698],[-84.2509988658971,42.297306429632],[-84.2508823253518,42.2973046021425],[-84.2507035333183,42.297301798248],[-84.2506297001805,42.2973006402832],[-84.2504592805738,42.2972979673194],[-84.2504525625188,42.296832491697],[-84.2508796017545,42.2968391892332],[-84.2512787763457,42.2968424828099],[-84.2512854100997,42.2973109224698]]],[[[-84.2576034398279,42.2998685549544],[-84.2574864576888,42.2998804252],[-84.2572068574826,42.2999087949993],[-84.2569794133515,42.299931871668],[-84.256979759406,42.2992951765346],[-84.2574814800576,42.2992976213194],[-84.2576034398279,42.2998685549544]]],[[[-84.2589720406175,42.3001743195768],[-84.2586051718039,42.3002107314023],[-84.2584753205371,42.3002238853763],[-84.2583454679778,42.3002370400847],[-84.2582156153903,42.3002501937456],[-84.2581460148903,42.2999243869324],[-84.2582758613708,42.2999112116445],[-84.2584057090357,42.299898035328],[-84.2585355554082,42.2998848597459],[-84.2589022520898,42.2998476482575],[-84.258948850196,42.3000657683828],[-84.2589720406175,42.3001743195768]]],[[[-84.2531953304466,42.2986601310129],[-84.2531014417274,42.2986586605689],[-84.2530305603503,42.2986575504047],[-84.2527925376964,42.2986538221061],[-84.2527866631686,42.2980817283494],[-84.2531939149909,42.2980864658739],[-84.2531953304466,42.2986601310129]]],[[[-84.252778301952,42.2963413273211],[-84.2525689631157,42.2963427095081],[-84.2525431895821,42.2963428795292],[-84.2523789607954,42.2963439637034],[-84.2523794269997,42.29576596051],[-84.2527748584731,42.2957602992351],[-84.252778301952,42.2963413273211]]],[[[-84.2522327689711,42.2979749240037],[-84.2520569757,42.2979747275677],[-84.2518255186334,42.2979744682796],[-84.2518199825598,42.2978884225449],[-84.2518229316531,42.2977847213026],[-84.251821640932,42.2976898573136],[-84.2518203433214,42.2975949797026],[-84.2522315779465,42.2975954970145],[-84.2522289666153,42.2976873424543],[-84.2522301771299,42.2977851769783],[-84.2522312214938,42.2978889407974],[-84.2522327689711,42.2979749240037]]],[[[-84.2522284910155,42.2967210260405],[-84.2518227794024,42.2967301510995],[-84.25143918866,42.2967324212568],[-84.2514407272115,42.296547238485],[-84.2518207579534,42.2965393788015],[-84.252221920129,42.296531207611],[-84.2522232111216,42.2966260824206],[-84.2522263086504,42.296681786341],[-84.2522284910155,42.2967210260405]]],[[[-84.2527860425089,42.2981762677892],[-84.2525706775224,42.2981761233684],[-84.2525360725957,42.2981761000899],[-84.2523907680525,42.2981760025922],[-84.2523868662958,42.2978913796067],[-84.2527860632276,42.2978946735906],[-84.2527860425089,42.2981762677892]]],[[[-84.2538411246976,42.3031284112449],[-84.2538035467765,42.303117780648],[-84.2537279120693,42.3030994512921],[-84.2538411246976,42.3031284112449],[-84.2536634943593,42.3030838405114],[-84.2536153834735,42.3030685012164],[-84.2535675163218,42.303044584515],[-84.2535288920526,42.3030208134119],[-84.253499656923,42.3029920402239],[-84.253475311306,42.3029539057054],[-84.2534585137894,42.3029185891228],[-84.2538440047656,42.3029191735692],[-84.2538411246976,42.3031284112449]]],[[[-84.2531946264505,42.2967242930602],[-84.2531562455764,42.2967242504552],[-84.2530273447185,42.2967241070496],[-84.2527873926489,42.2967238408878],[-84.2527820994541,42.2966289088087],[-84.2531933349809,42.2966294263854],[-84.2531946264505,42.2967242930602]]],[[[-84.2531951845243,42.2977025743266],[-84.2531925933693,42.2977937588796],[-84.2529901625416,42.2977919828225],[-84.2529075690259,42.2977912575353],[-84.2527905498222,42.2977902298346],[-84.2527894930443,42.2976962199174],[-84.2531951845243,42.2977025743266]]],[[[-84.2541233577681,42.3028097206741],[-84.2539946352814,42.3028095263857],[-84.2539956810058,42.3027284555365],[-84.2539981787386,42.3025348374715],[-84.254127137271,42.3025350327565],[-84.2541233577681,42.3028097206741]]],[[[-84.1607523998004,42.3217517866223],[-84.1607441587511,42.3217518635578],[-84.1607435164286,42.3217518691991],[-84.1607407831809,42.3217518944702],[-84.1607321985242,42.321751973856],[-84.1607524076244,42.3217498598631],[-84.1607523998004,42.3217517866223]]]]},"properties":{"Facility":"Waterloo Recreation Area","District":"Rose Lake","Acres":21934.55261226}},{"type":"Feature","id":16,"geometry":{"type":"Polygon","coordinates":[[[-83.0274847861358,42.3328814795298],[-83.027457283795,42.3328924093082],[-83.0275035265155,42.3329564659825],[-83.027814394692,42.3334554322474],[-83.0278918069505,42.3335796804157],[-83.0271163313982,42.3338507439781],[-83.0270356003751,42.3337276568144],[-83.0267091733481,42.333235864974],[-83.02667726211,42.3332024026223],[-83.0265717205805,42.3332443463031],[-83.025914012443,42.3335057220015],[-83.0260738384297,42.3337547508844],[-83.0244974252578,42.3343018087465],[-83.0242593079207,42.3339564226288],[-83.0239662125762,42.334058988388],[-83.0239571150832,42.3340435854828],[-83.0239168053643,42.3340575812422],[-83.0238766858644,42.3340715099138],[-83.0232143023112,42.3343014837013],[-83.0225442435121,42.3332967328151],[-83.0230549673039,42.3330908317454],[-83.0232585599297,42.3330087518451],[-83.0231613476654,42.3328538539946],[-83.0247951810751,42.3323039567972],[-83.0248291620705,42.3322640504519],[-83.0249592380439,42.3321790823585],[-83.0262152830953,42.3316934635494],[-83.0266725101052,42.3315138470939],[-83.027012865323,42.3313474846664],[-83.0277909052008,42.3310789719804],[-83.0314525158526,42.3300176294625],[-83.0316246838609,42.3305849284223],[-83.0301224748189,42.3310739556309],[-83.0305363942191,42.3317362462094],[-83.0290430954979,42.3322621576089],[-83.0274847861358,42.3328814795298]]]},"properties":{"Facility":"William G. Milliken State Park & Harbor","District":"Urban","Acres":4.76153108}},{"type":"Feature","id":31,"geometry":{"type":"MultiPolygon","coordinates":[[[[-84.0533173673204,42.4348745537238],[-84.0534224365111,42.4370186920203],[-84.0583160444356,42.437030944247],[-84.0590560153093,42.4370327787821],[-84.059139495956,42.4372416911285],[-84.0594195538978,42.4380878935262],[-84.059547460956,42.4385125748827],[-84.0584080649238,42.4385075065626],[-84.0534943265737,42.438485531643],[-84.0534943519396,42.4384860365529],[-84.0534944214301,42.4384874142406],[-84.0536760212314,42.4421102345348],[-84.0536708917702,42.4421102130161],[-84.0487596806417,42.4420890814891],[-84.0486701321617,42.4402761665342],[-84.048665004097,42.4402761439132],[-84.0437551151338,42.4402543336693],[-84.0389697140577,42.440284304293],[-84.0389446179285,42.4403008010361],[-84.0390418303821,42.4420805999316],[-84.0392395276769,42.4456999449292],[-84.039239560886,42.4457005436677],[-84.0404218350131,42.4456990702829],[-84.0404242349742,42.4456990653936],[-84.0404346312956,42.4456990525526],[-84.0403135515789,42.4434908117226],[-84.0402360840153,42.442077892255],[-84.0402360587936,42.442077424278],[-84.0414425886215,42.442074189005],[-84.042649119326,42.4420709500775],[-84.0438433550493,42.4420677316275],[-84.0450734488332,42.4420730896023],[-84.0450734740184,42.4420735981149],[-84.045099355748,42.4426064581008],[-84.0452496016311,42.4456996114713],[-84.048938801078,42.445714821133],[-84.0491179443677,42.449340566091],[-84.0491128045374,42.4493405459984],[-84.0441964131738,42.4493212937969],[-84.0394373165478,42.4493204854618],[-84.0394373424652,42.4493209696657],[-84.0396350936914,42.4529404261489],[-84.0396299653574,42.4529404175478],[-84.034897231571,42.4529325837122],[-84.0301593829087,42.4529245405671],[-84.0299191390623,42.449318285326],[-84.0297990363906,42.4475151481719],[-84.0343453233224,42.4475130466263],[-84.0345635999882,42.4475129414731],[-84.0345641728892,42.4475129416079],[-84.0345687416247,42.4475129388292],[-84.0344592587388,42.4457063833759],[-84.0342402972472,42.4420932790114],[-84.0340213945461,42.4384806407285],[-84.0340213666242,42.438480182611],[-84.0338093008497,42.4348466081746],[-84.0335995800387,42.4312528860814],[-84.0335972545739,42.4312130343044],[-84.0320374067305,42.4312132909404],[-84.0319194849495,42.431213310402],[-84.0319117861376,42.4312133112478],[-84.031902400638,42.4312133131054],[-84.0319248951857,42.430874405218],[-84.0305450345365,42.4308510159671],[-84.0303220235517,42.4303238022001],[-84.030082347394,42.4303812313355],[-84.0298213089688,42.4304437796407],[-84.0298420909258,42.4304995162327],[-84.0297038241957,42.4305245030368],[-84.0298201280931,42.4308022283065],[-84.0296439032897,42.4308444494275],[-84.029724765928,42.4310413459811],[-84.0287538440152,42.4312614089255],[-84.02874430905,42.4312635699234],[-84.0285769934952,42.4285777583165],[-84.028514666326,42.4275828676955],[-84.0285146367104,42.4275823879249],[-84.0283154665397,42.4275824797727],[-84.0236491397628,42.4275846269142],[-84.0205043062487,42.4275897234892],[-84.0205042750567,42.4275897103265],[-84.0201187876025,42.4275903226158],[-84.020052544965,42.4275904281919],[-84.0199394458389,42.4275906078158],[-84.0199365395037,42.4275906123309],[-84.0199335407487,42.4275906170151],[-84.0199324414327,42.4275906192171],[-84.0199165696687,42.4275906442439],[-84.0198956695588,42.4275906777376],[-84.0198946444044,42.4275906803484],[-84.019894739132,42.4275908351657],[-84.019958687996,42.4277192796683],[-84.0195236904965,42.427720172114],[-84.0194405369698,42.4275915123609],[-84.0194404538725,42.4275914117995],[-84.0194402228229,42.4275914122215],[-84.0194392791797,42.4275914135659],[-84.0194377724815,42.427591416673],[-84.0194372568806,42.4275914174725],[-84.0194096819103,42.427591461765],[-84.0192489940838,42.42759172054],[-84.0185067278361,42.4275929167719],[-84.0185108035539,42.4276761000875],[-84.0186850213502,42.4312325351155],[-84.0137954722952,42.4312350678696],[-84.013973490676,42.434869976535],[-84.0140333694679,42.4360925134302],[-84.0127189977077,42.4355848780338],[-84.0127200156106,42.4356535090918],[-84.0106671745788,42.4356701901575],[-84.0106764951727,42.4363001451595],[-84.0106783509383,42.4364255751342],[-84.010678062519,42.4364254682212],[-84.0102952884906,42.4362835148262],[-84.0095750050102,42.4360163887189],[-84.0094448714976,42.4359681262343],[-84.0095687771721,42.4384979298832],[-84.0141515250294,42.4385048714458],[-84.0143846562521,42.4421139792347],[-84.0146229323586,42.4457226350353],[-84.0148029717366,42.4485092323273],[-84.0099346547314,42.4488656640506],[-84.0094960807031,42.4488977633085],[-84.005061117815,42.4492222657072],[-84.0031754311256,42.4493601889353],[-84.0000865206455,42.4493839437163],[-83.9998801447102,42.4463722166809],[-83.9949501243949,42.4463537269358],[-83.9949149633908,42.4457834114694],[-83.994690575611,42.442144621664],[-83.9946279404097,42.4412415250663],[-83.9944681058073,42.4385362447416],[-83.9942959418749,42.4385356926276],[-83.994284647015,42.4385356563765],[-83.993512500342,42.4376308018741],[-83.9929458702084,42.4369667843294],[-83.9939122633641,42.4366624396555],[-83.9941321210057,42.4365931989998],[-83.9941761909029,42.4376260881782],[-83.9944325982287,42.437626793159],[-83.9993026846256,42.43761750665],[-83.9993039860308,42.4376175037443],[-83.9992829909606,42.4370548243061],[-83.9992795056983,42.4369614278022],[-83.9992016326668,42.4348743711578],[-83.9992016150743,42.4348739024019],[-84.000515631893,42.4348719675038],[-84.0029361093058,42.4348683630988],[-84.002937612502,42.4348683610442],[-84.002937863025,42.4348683610019],[-84.0029378412177,42.4348674966991],[-84.0029378297329,42.4348670262513],[-84.0028184492343,42.4318120219044],[-84.0027961635112,42.4312416941887],[-83.9990627223025,42.4312497282883],[-83.9989791113931,42.4312499090993],[-83.9979812711753,42.4312520676176],[-83.9979450521056,42.4312521443239],[-83.9972121130024,42.4312537231901],[-83.9972041922736,42.4312537402663],[-83.9972095924573,42.431183955903],[-83.9972400828743,42.4307899475404],[-83.9971953714223,42.4307903533782],[-83.9965915263791,42.4307958374492],[-83.9958219146462,42.4302092465502],[-83.9943484220396,42.4297293289169],[-83.9943602953293,42.4296612729281],[-83.9941217635961,42.4296384315494],[-83.994118919652,42.4296381599669],[-83.9940558467337,42.4296321193259],[-83.9940117745148,42.4296278977618],[-83.9939999045015,42.4296959537789],[-83.993766087755,42.4296548952011],[-83.9935571124216,42.429330338362],[-83.9933137874253,42.4293601165728],[-83.9932516832917,42.4292687010412],[-83.9929668389767,42.4288494299276],[-83.9929229919607,42.4287848917936],[-83.9931451498968,42.4287009817498],[-83.9928905698286,42.428558077698],[-83.9929943354155,42.4285313365347],[-83.9933260206664,42.4284458452272],[-83.9934102521373,42.4284241349063],[-83.9937510358351,42.4283163667727],[-83.9940608873079,42.4280874931433],[-83.9940615090256,42.4280870349214],[-83.9941708475958,42.428006266502],[-83.9943938494524,42.4277974462082],[-83.9942573606771,42.4277110354787],[-83.9942512475834,42.427707165071],[-83.9942456872886,42.4277036450735],[-83.9941475930609,42.4276371388776],[-83.9940440448468,42.4276373881783],[-83.9939496633642,42.4252071263393],[-83.9939309215339,42.42472453837],[-83.9940698859878,42.4246744552636],[-83.9941582932032,42.4245703839133],[-83.9942097229916,42.4245098405548],[-83.9943899658477,42.424435925625],[-83.9944354683553,42.4243103985236],[-83.9944465807267,42.4242024111647],[-83.9944497892127,42.4241712269762],[-83.9944628251459,42.4240445443871],[-83.9944660652293,42.4240130616795],[-83.9974870046984,42.4240048987842],[-83.9974875265214,42.4216722721483],[-83.9974330835856,42.4216252589501],[-83.9974849545183,42.4213156704917],[-83.9974845830259,42.4212103838928],[-83.9972244089739,42.4213124327132],[-83.9970454766711,42.4213932714033],[-83.9968587798109,42.4215961447617],[-83.9968215632502,42.4217120267654],[-83.9966731893746,42.4217877751327],[-83.9963460746626,42.4217519493827],[-83.9961898841154,42.421624585358],[-83.9960786769476,42.4217726528631],[-83.9960188497131,42.4219761005923],[-83.9959140856937,42.4221131521656],[-83.9956322205217,42.4222276180573],[-83.9952672404476,42.4222807787467],[-83.9949430799841,42.4223173502675],[-83.9947880260981,42.4222950162104],[-83.9945291430136,42.4221707409442],[-83.9943805555356,42.4220896809573],[-83.9943517898666,42.421969659196],[-83.9945014255837,42.4216688608563],[-83.9946361715435,42.4214281820109],[-83.9945170564845,42.4213522886967],[-83.9941761522097,42.4214129103709],[-83.9940500636039,42.4215279132822],[-83.9941299534041,42.4217580710437],[-83.9941891852092,42.4219925066708],[-83.9941947766766,42.422287074929],[-83.9941341698534,42.4226311273926],[-83.993884774296,42.4227658490776],[-83.9937865079721,42.4230020151997],[-83.9936138304402,42.4231209414379],[-83.9933579528314,42.4232658265547],[-83.9931458208754,42.4233321856765],[-83.9930509040044,42.4233519775332],[-83.9928224896186,42.4233996077566],[-83.9928481432059,42.4236227444177],[-83.9930575730934,42.4237316912591],[-83.993091048353,42.4237491057575],[-83.9932009996363,42.4239127399165],[-83.9934111494632,42.4239073473736],[-83.9938733953499,42.4238729201451],[-83.9939098712021,42.4238709170485],[-83.9939098621688,42.4238711195788],[-83.993908012087,42.4239118762033],[-83.9939061771933,42.4239523159989],[-83.9939033517125,42.424014566641],[-83.9933152884859,42.4240161511777],[-83.993062588935,42.4240168308196],[-83.993057474334,42.4240168446732],[-83.9930574823034,42.4240173087553],[-83.9928970036929,42.4240177369593],[-83.9890166461944,42.424028016168],[-83.9885048653823,42.424029371223],[-83.9841401484443,42.4240399692757],[-83.9842844870139,42.4276604467682],[-83.9844288323554,42.4312805114155],[-83.97948129303,42.4313128004285],[-83.977187925215,42.43132769157],[-83.976919024971,42.4240715751891],[-83.9762800573396,42.4240788610732],[-83.9758727503941,42.4240834999268],[-83.9757222562165,42.4240852167164],[-83.9754619072517,42.424088181603],[-83.9746263383805,42.4240976952214],[-83.9742852871962,42.4241015818316],[-83.9742753688685,42.4241016936577],[-83.9742751019901,42.4241032266002],[-83.9743998713666,42.4277408694137],[-83.974523548589,42.4313458343509],[-83.9695760082331,42.4313776904368],[-83.9646284521827,42.4314093331621],[-83.964525452313,42.4278194726519],[-83.9644220328204,42.4242142960379],[-83.9653595069153,42.4242037008906],[-83.96535951139,42.4242016154834],[-83.9653594079502,42.4241923095365],[-83.9653207665553,42.4206873121602],[-83.9630651106714,42.4206646593016],[-83.9606986736432,42.4206408929814],[-83.9606635158181,42.4170189138882],[-83.9561370704963,42.4172781809109],[-83.9560835946477,42.4144388721142],[-83.9606359468578,42.4141792342695],[-83.9606317772024,42.4137497464855],[-83.9606283576958,42.4133974608498],[-83.9606283523809,42.4133969238395],[-83.9629356431165,42.4134203077162],[-83.9629160720967,42.4126799693303],[-83.9628848574644,42.4114991781241],[-83.9605776214717,42.411475785989],[-83.9605724480004,42.4114734586724],[-83.9585562520412,42.4105665134228],[-83.9584665663105,42.410526168085],[-83.9584510044107,42.4105191679695],[-83.9576462875539,42.4105416021865],[-83.957615164443,42.4105424695838],[-83.9575343129841,42.4106687836903],[-83.9573984774672,42.4109442098436],[-83.9573520048361,42.4110384396174],[-83.9572240770312,42.41113357575],[-83.9571126963952,42.4112164064779],[-83.9569600257161,42.4113373589891],[-83.9567352397686,42.4115154436916],[-83.9562940902074,42.4118520435925],[-83.9560278404568,42.4120963532506],[-83.9558972679282,42.4122161774454],[-83.9556318765827,42.4124744165873],[-83.9555918513102,42.4125128150952],[-83.9553547066082,42.4128356216586],[-83.9551648734492,42.4132208003498],[-83.9550823526642,42.4134925131637],[-83.9546744295187,42.4134431651074],[-83.9542732639072,42.4133588664413],[-83.9541091456123,42.413318810494],[-83.9531431622793,42.4130352701278],[-83.9521527750531,42.4127357414372],[-83.9517881067538,42.4126022339121],[-83.9514715158867,42.4124714068289],[-83.9514614435164,42.4124672473543],[-83.9511715616658,42.4122822635271],[-83.9508604219645,42.4120576516323],[-83.9504406972091,42.4117309002315],[-83.950287372573,42.4115848249461],[-83.950182898575,42.4114233717087],[-83.9501212452683,42.4112952636088],[-83.9501100632544,42.4111029535106],[-83.9501169899133,42.4104577097848],[-83.9500567199138,42.4103696333866],[-83.9499900373271,42.410320861583],[-83.9499897537018,42.4103206537046],[-83.9468533576768,42.4104760862368],[-83.9467569708823,42.4067767010299],[-83.9421964611047,42.4069692161769],[-83.942099649019,42.4032365210068],[-83.9421653790301,42.4032342235146],[-83.9421206197611,42.4018792495463],[-83.9421429349319,42.4017645929387],[-83.9421816734617,42.401598491805],[-83.9422769401542,42.4014183283271],[-83.9423459759551,42.4013003983564],[-83.9426390002602,42.4009379287811],[-83.9428601579171,42.4006748879975],[-83.9465953432519,42.400571800292],[-83.9511517210176,42.4004458760047],[-83.9511568331566,42.4004457342752],[-83.9512212257012,42.4029066900115],[-83.9512212576854,42.4029079211784],[-83.9512215198979,42.4029179453971],[-83.9557824208943,42.4027583830783],[-83.9603432950509,42.4025986430842],[-83.9603868330954,42.4042480795686],[-83.9614506498436,42.4042636336755],[-83.9637123679681,42.4042966707058],[-83.9637122161794,42.4042909672892],[-83.96366863566,42.4026472449446],[-83.9649444107628,42.4026658602253],[-83.9695455205636,42.4027328900778],[-83.9741415341089,42.4027996505723],[-83.9741466538336,42.4027997250621],[-83.9740507623109,42.3992214701964],[-83.9740507478751,42.3992209114013],[-83.9786515805467,42.3992944341284],[-83.9799623487285,42.3992562764722],[-83.9801391307336,42.3993587635906],[-83.9803529637972,42.3994695527146],[-83.9807578282055,42.399717068288],[-83.9816679343921,42.3997016858443],[-83.9823170128899,42.3994522278067],[-83.9826951082385,42.3991759794017],[-83.982700238758,42.3991758266919],[-83.9833834677393,42.3991557416006],[-83.9833885799463,42.3991555912333],[-83.9833885737012,42.3991552623071],[-83.9875237876038,42.3990336080664],[-83.9875255236641,42.3990335581567],[-83.9875278888181,42.3990286143644],[-83.9875342020861,42.3990157373212],[-83.9875349665022,42.3990141781451],[-83.9875373378418,42.3990093425668],[-83.9881097957929,42.3978416661845],[-83.9883329880258,42.3973976593881],[-83.9892175361027,42.3958187974303],[-83.9892474222506,42.3958187579068],[-83.989789764051,42.3958180455313],[-83.9898070482429,42.395658863822],[-83.9898428900398,42.3953287724156],[-83.9900935111467,42.3953222744306],[-83.9900952110775,42.3953192320828],[-83.9905164357521,42.3953087727392],[-83.9928205243163,42.3952515598255],[-83.9928204653053,42.3952452788843],[-83.997347916722,42.3951327044108],[-83.9973847184087,42.3951317890943],[-83.997523028754,42.395128350724],[-83.9975699370176,42.3951271844098],[-83.9975699746669,42.3951334640594],[-83.9975702678661,42.3951827885438],[-83.9975766816529,42.3962657652644],[-83.9975841598938,42.3975305393111],[-83.9975880174348,42.3981820846006],[-83.9975902289894,42.3985560265788],[-83.9975980874616,42.3985154527466],[-83.9976354683744,42.3983225453353],[-83.9976499199985,42.398247973834],[-83.9978194283468,42.3983839594471],[-83.9978417477099,42.3983937351664],[-83.9977356480274,42.3986143505705],[-83.9977050937094,42.3986778808842],[-83.9976771815182,42.3987359217244],[-83.9975993946008,42.3987371760752],[-83.9975943532127,42.3994077702891],[-83.9999276024231,42.3994031266001],[-83.9999519744637,42.398867839393],[-83.9999486458526,42.3987175216586],[-83.9999495614338,42.3984343763107],[-83.9999571892025,42.3984349070026],[-83.9999571726333,42.3984321617975],[-83.9999559912034,42.3982343387661],[-83.9999534704168,42.3978105155734],[-84.0019762423619,42.3977933211935],[-84.0021575585781,42.3977917789164],[-84.0024806732916,42.3977890269706],[-84.0024844130614,42.3984127183655],[-84.0024859922513,42.3986755126565],[-84.0024748401977,42.4002159708485],[-84.0030756449869,42.4002239142099],[-84.0030768571542,42.4000564694795],[-84.0071059503593,42.4001096674874],[-84.0073631286979,42.4001130629786],[-84.0073462032877,42.4024088993082],[-84.0073671351179,42.4059273651733],[-84.0073675250011,42.4059929407284],[-84.0073677883051,42.4060373043373],[-84.0073194711861,42.4060362390243],[-84.007264184091,42.4060350209416],[-84.0072697998474,42.4061454987645],[-84.0073190704152,42.4061461774662],[-84.0080556782636,42.4061613584775],[-84.0081986128862,42.4061643040792],[-84.0083282777467,42.4062767844713],[-84.0089038354546,42.4062886421938],[-84.0089714940747,42.406290035116],[-84.0090362964703,42.4061815623639],[-84.0091771641212,42.4061844502097],[-84.012201147778,42.4062464511395],[-84.0122038357886,42.4061101403789],[-84.0122080089664,42.4058985167589],[-84.0122106855548,42.405531402853],[-84.0122333914917,42.4024175256754],[-84.0122475392182,42.4004768836277],[-84.0154592711625,42.4004824287274],[-84.0154591777992,42.4004699799904],[-84.0154590174504,42.4004486377489],[-84.0154460715196,42.3987218147231],[-84.0203006496206,42.3984403327843],[-84.0203074591444,42.3995249510858],[-84.0249502139646,42.3992341459837],[-84.024959978914,42.3992335343688],[-84.0248794874639,42.3990912134095],[-84.024807797454,42.3989644538951],[-84.0251591308179,42.3989430879046],[-84.0265982380192,42.3988680174401],[-84.0282205081441,42.3987833739665],[-84.0295495772992,42.3987140061959],[-84.030007621314,42.3986860629151],[-84.0300127019207,42.3986805138262],[-84.0300097615858,42.3979074443773],[-84.0319300941796,42.3978071797596],[-84.0319571646596,42.3976800003551],[-84.0320493122329,42.3972470850374],[-84.0320448817239,42.3972454253206],[-84.0318641069345,42.3971776939546],[-84.0317604820786,42.3971397106908],[-84.031632999374,42.3970929834152],[-84.0316342405686,42.3970915683661],[-84.0316109520392,42.3970828425555],[-84.0315811747025,42.3969306099199],[-84.0314711834388,42.3968913974746],[-84.0314845920232,42.3968705576823],[-84.0315208104259,42.3968030276242],[-84.0315342496328,42.3967713484345],[-84.0318667146582,42.39591850084],[-84.0318705879282,42.3959072911392],[-84.0318766702365,42.3958704784443],[-84.031872947632,42.3958334935024],[-84.0318595641645,42.3957977612857],[-84.031837030099,42.3957646564436],[-84.0318062202844,42.3957354402161],[-84.0317683114774,42.3957112440184],[-84.0317247628387,42.3956929952303],[-84.0316772475023,42.3956813907714],[-84.0316517383153,42.3956781598675],[-84.0311372652377,42.3956327181867],[-84.0310766573467,42.3956264974893],[-84.0310087767255,42.39561267909],[-84.0309441445651,42.3955919911041],[-84.03088403507,42.3955648360914],[-84.0308296076687,42.3955317470214],[-84.0307819162933,42.3954933631128],[-84.0307419019759,42.3954504333064],[-84.0307103376069,42.395403795474],[-84.0306878359445,42.3953543540373],[-84.0306748328124,42.3953030733662],[-84.0306715880804,42.395250947166],[-84.0306755974564,42.3952119747776],[-84.0307791907244,42.3943269352388],[-84.0307818369764,42.3943007841122],[-84.0307845030689,42.3942554740404],[-84.0307847357877,42.3942101725446],[-84.0307846770499,42.3942074878777],[-84.0307779090553,42.3941194233581],[-84.0307708360575,42.3940742474857],[-84.0306390345868,42.3933575244031],[-84.030594716291,42.3931165235133],[-84.0299891747368,42.3928866035211],[-84.0299883286529,42.3926803342606],[-84.0299881458646,42.3926359956543],[-84.0299875495119,42.3924905427379],[-84.0299873386505,42.3924391067302],[-84.0299867002066,42.3922836527179],[-84.0299798862394,42.3906237141518],[-84.034810593407,42.3903466469577],[-84.036726825896,42.3902792028186],[-84.0375709537286,42.3902494823364],[-84.0380197732346,42.3902336781228],[-84.0386648817913,42.3902109584903],[-84.038421753387,42.3932716464823],[-84.0378477611069,42.3938684276861],[-84.0365071059285,42.3952622383385],[-84.0363649321387,42.3954106791617],[-84.0365185845591,42.3955340735324],[-84.0366745424851,42.3957017217734],[-84.0369104917801,42.3959795229546],[-84.0371889177891,42.3963776780793],[-84.0375074667375,42.396842657639],[-84.0378153892288,42.3971995653328],[-84.0381153630968,42.3974877215887],[-84.0397509182514,42.3974302794163],[-84.0397460327047,42.3938379581769],[-84.0397459832211,42.3938016585028],[-84.0397455740817,42.3935014893593],[-84.0397410423397,42.3901730492901],[-84.0397399556199,42.3893795429524],[-84.0414123354331,42.3901126784399],[-84.0414154456265,42.3901140417575],[-84.0414200880469,42.3901166335998],[-84.0414417511897,42.3901159052458],[-84.0415322313766,42.3901550554046],[-84.041614710057,42.3901907423605],[-84.0424113812795,42.3905354467071],[-84.0440354741227,42.3936506662051],[-84.0446489283797,42.3948415792451],[-84.0450742278204,42.3956807119549],[-84.0457901446519,42.397093192872],[-84.0458522709744,42.3972157622372],[-84.0446376965594,42.3972584904737],[-84.0446162555109,42.4008509409385],[-84.0446095431274,42.4019762496272],[-84.044608288143,42.4021865690688],[-84.0446038928146,42.402923692791],[-84.044600231019,42.4035375520099],[-84.0445948230921,42.4044433890362],[-84.0476664849425,42.404326042176],[-84.0494509810939,42.4042578324468],[-84.0494227146274,42.4070177549845],[-84.0494057287534,42.4086763516849],[-84.049405696453,42.4086795175903],[-84.0494058875404,42.4086795101073],[-84.0498503029919,42.4086618425228],[-84.0498504113209,42.4086618381026],[-84.051014342692,42.4086155572641],[-84.0521658809917,42.4085697500211],[-84.0536325762403,42.4112533771925],[-84.0539356381796,42.4112408722128],[-84.0542030908082,42.4112298351879],[-84.056332316215,42.4111870242611],[-84.059091201852,42.4111315528019],[-84.0592212620141,42.4111293137331],[-84.0598282912573,42.4111188603125],[-84.0598422192312,42.4111186204974],[-84.059865353086,42.4112297769593],[-84.0599331447943,42.4114729630917],[-84.0600889550955,42.4121958122338],[-84.0604663533013,42.4136363388236],[-84.0607088432052,42.4145037400186],[-84.060758567568,42.4147175028588],[-84.059060363266,42.4147502800153],[-84.0590596504192,42.4147502937889],[-84.0570510686632,42.4147920415453],[-84.0570473728577,42.414792118879],[-84.0541706566668,42.414851848874],[-84.0512090197535,42.4149744309982],[-84.0511072929561,42.4149786403687],[-84.0509746874375,42.4148807208192],[-84.0509072509515,42.4148309237456],[-84.0504310686822,42.4145296817208],[-84.0500643527732,42.4143391566514],[-84.0497296431681,42.4142077846773],[-84.0494444232289,42.4141191129985],[-84.0493594459665,42.4141026741087],[-84.0490402654779,42.4140409344957],[-84.0487086853129,42.4139891233276],[-84.0482586970435,42.4139310632221],[-84.0475111296482,42.4138236808052],[-84.0470232258513,42.4137275123887],[-84.0469507667925,42.4137107989446],[-84.0466121897762,42.4136326883796],[-84.0462955937468,42.413543887825],[-84.046011869832,42.4134499978737],[-84.0459978541825,42.4134426061414],[-84.0464417391726,42.4134436993911],[-84.0464492334961,42.4134437138554],[-84.0469519478307,42.4134449444499],[-84.046953416129,42.413115165652],[-84.0469604661003,42.4115284803709],[-84.0445519429022,42.4116277008619],[-84.0427929495478,42.4117003394548],[-84.0418631630608,42.4117387254553],[-84.039726322053,42.411826915279],[-84.0397277349946,42.411001201289],[-84.0368285591394,42.4111161684445],[-84.0349121766032,42.4111921227818],[-84.0349006555975,42.4120259400117],[-84.0300665449689,42.4124131838433],[-84.0272607251728,42.4126378525214],[-84.027222046191,42.4138443368974],[-84.0271498123938,42.4160973360143],[-84.0276383430912,42.416210508055],[-84.0282777244599,42.4163586230165],[-84.0283421827184,42.4169470491223],[-84.0283487507333,42.417007058401],[-84.0288826719958,42.4171307337765],[-84.0295529246438,42.4169534913222],[-84.0300624192962,42.4169822670983],[-84.0303545116109,42.4169987635713],[-84.0310167055557,42.4169242008537],[-84.0316743870982,42.4169828091989],[-84.033618850836,42.4170890565534],[-84.0350636294542,42.4170396182776],[-84.0350665034132,42.4171280146171],[-84.0350778378309,42.4174767208497],[-84.0350272150315,42.4175936665191],[-84.0349557550998,42.4178328275546],[-84.0348168835473,42.4181126110387],[-84.0347103485195,42.4185453980493],[-84.034603226209,42.4189729641545],[-84.0345870832549,42.4192947279011],[-84.0345844074514,42.4193480407524],[-84.034527676219,42.4195538159304],[-84.0343969378031,42.4198168506852],[-84.0343108283549,42.4200619440438],[-84.0341415072592,42.4202004373052],[-84.0339358399698,42.4203349127111],[-84.0336040518515,42.4205399469403],[-84.0332508328681,42.4207734501068],[-84.0328902300789,42.4210238666059],[-84.0326472937563,42.4210880087836],[-84.0322322467801,42.4210919852625],[-84.0316913204621,42.4211117654971],[-84.0313670288395,42.4212722998574],[-84.0312950144897,42.4214569757188],[-84.0313631448651,42.421631160114],[-84.031505617274,42.421785962343],[-84.0317980069247,42.4220291208811],[-84.0321267808879,42.4222986744814],[-84.032425555082,42.4225802266577],[-84.032658590188,42.4228972172563],[-84.0327439858354,42.4230067105033],[-84.0328469279084,42.423138687771],[-84.0330908519928,42.423162810109],[-84.033342346472,42.423092909349],[-84.0336671179742,42.4229653100157],[-84.0336829342902,42.4229580420407],[-84.0340581373358,42.4227855292878],[-84.0345442192164,42.4225802477068],[-84.034794308259,42.4224112190237],[-84.0349552794284,42.4223415903088],[-84.0351264231601,42.4222675544267],[-84.0355268227865,42.4222222194858],[-84.0360078768266,42.4221028392171],[-84.0364816649983,42.4219723483543],[-84.0369111487302,42.4219206141344],[-84.0371118979426,42.4219639722109],[-84.0373056868143,42.4220350666435],[-84.037605711012,42.422087191786],[-84.0378230247436,42.4220641158323],[-84.0381457951356,42.4219748980888],[-84.0383559258408,42.4219628127022],[-84.0386628514866,42.4219890142805],[-84.0389322089792,42.4220497499824],[-84.0392698576748,42.4221132239883],[-84.0396519804303,42.4221648145433],[-84.0397043415184,42.4221621532564],[-84.0400333214996,42.4221454405851],[-84.0403917144115,42.4220350238718],[-84.0408622895881,42.4218383072248],[-84.0412598219317,42.4216442504387],[-84.0418135369232,42.4213660848481],[-84.0423202166873,42.4211567661661],[-84.0424871190664,42.4209983822643],[-84.0425519616217,42.4208470652285],[-84.0426158039784,42.4206079173531],[-84.0426488794743,42.4203565327579],[-84.0427127852086,42.4201394773139],[-84.042863250882,42.4198045746352],[-84.0430872800631,42.4194506848218],[-84.0433351671124,42.4189884244047],[-84.0435299733648,42.4185512881582],[-84.0435576466346,42.4184891897275],[-84.0435111475197,42.4183003374978],[-84.043491204576,42.4182193430358],[-84.0442775455369,42.4181896733308],[-84.0444624776305,42.418182694441],[-84.0444555066848,42.4180812927307],[-84.0451951854202,42.4180525527258],[-84.0451951553805,42.4180521206977],[-84.0457485886342,42.4180302901409],[-84.0456481734863,42.4165508940537],[-84.0437119635573,42.4166239670818],[-84.0433185795478,42.416914592938],[-84.0429669992829,42.4164879342661],[-84.0427733482121,42.416396686164],[-84.0424408497804,42.4161717176057],[-84.0423574727446,42.4159743308679],[-84.042302931001,42.4157542204884],[-84.0422348790392,42.4156483028914],[-84.0419077181623,42.4154708671132],[-84.0415786810766,42.4153725160686],[-84.0416093238907,42.4153712508585],[-84.0429997277572,42.4153138273812],[-84.0430267635898,42.4153127095921],[-84.0445356809702,42.4152503684737],[-84.0493530289707,42.4150512143078],[-84.0511072929561,42.4149786403687],[-84.0512438843101,42.4150795063791],[-84.0515456158691,42.4153609662122],[-84.0519613339187,42.4158741166549],[-84.0521704219913,42.4161402376806],[-84.0522292752423,42.4162151443638],[-84.0524337354887,42.4165491691693],[-84.0526255651005,42.417030498633],[-84.0527431456633,42.4175931588582],[-84.0529234119564,42.4184419175368],[-84.0529421686543,42.4185302359301],[-84.0532719890112,42.4198770663897],[-84.0535870556033,42.4209460403035],[-84.0539185839545,42.4221036461779],[-84.0540857302848,42.422736921668],[-84.0540996365721,42.4227840654629],[-84.0540951209742,42.4232877236915],[-84.0540946406073,42.4233412595204],[-84.0540923172574,42.4236003856359],[-84.0530783329983,42.4235910227104],[-84.0530783569898,42.4235896502457],[-84.0518937465355,42.423579482931],[-84.0518912704407,42.4235794615007],[-84.0518883822712,42.4235794365092],[-84.0518867553629,42.4236835445571],[-84.0518820243142,42.4239863052591],[-84.0518819501099,42.4239910279795],[-84.0518813906656,42.4240268474045],[-84.0514051081526,42.4240227580703],[-84.0512634406369,42.4240215428659],[-84.0492924725224,42.4240045955914],[-84.0478716092271,42.4239923519463],[-84.0444965128199,42.4239664490064],[-84.0442992747691,42.4239649337742],[-84.0442989903485,42.4239649306121],[-84.0442628881005,42.42396465276],[-84.0442619934351,42.4239646452531],[-84.0438952320246,42.4239618244808],[-84.0438860894622,42.4239617540708],[-84.0429514073185,42.4239545589609],[-84.0429472654638,42.4239545361726],[-84.0429462503767,42.4239545301557],[-84.0429462972978,42.423955042654],[-84.0430800458561,42.4266412210886],[-84.0431264414632,42.4275729797356],[-84.0432022235923,42.4290971306144],[-84.043231918154,42.4296910534757],[-84.0432547264218,42.4301532421369],[-84.0433065618258,42.4311956399355],[-84.0482234743889,42.4312297082918],[-84.0484020220813,42.4348465291961],[-84.0533173673204,42.4348745537238]]],[[[-84.0395741446744,42.4007192505993],[-84.0394592991393,42.4004142469847],[-84.038197570356,42.4004347867531],[-84.0382020717676,42.4007695369446],[-84.0395741446744,42.4007192505993]]],[[[-84.0389016015431,42.3987143578051],[-84.0388405536588,42.398508547018],[-84.0386647976748,42.3981171017375],[-84.0385178204893,42.3978857192077],[-84.0360029726749,42.3979740055717],[-84.0360334691944,42.3987972080478],[-84.0389016015431,42.3987143578051]]],[[[-84.0445733794296,42.4080358479305],[-84.044573402212,42.4080321476552],[-84.0445733715289,42.4080320038852],[-84.0445717814336,42.4080247396406],[-84.0445701393043,42.4080172384662],[-84.0445344059516,42.40785394821],[-84.0444853919503,42.4076739604714],[-84.0443567103669,42.4074182370778],[-84.0442129459946,42.4072061772451],[-84.0428291809664,42.4056612038892],[-84.0428291733725,42.4056625126861],[-84.0428291666796,42.4056635638567],[-84.0428192845131,42.407309736053],[-84.0428169866119,42.407693358066],[-84.0428145160577,42.4081056797824],[-84.0445723217461,42.4080358898265],[-84.0445733794296,42.4080358479305]]],[[[-84.0335895013147,42.3960736034205],[-84.033110689463,42.3950950051689],[-84.0330063258005,42.3948817036612],[-84.0326246527571,42.3941016108915],[-84.0325087782835,42.3938653845449],[-84.0310378381506,42.3932877654606],[-84.0311664559156,42.3939871708804],[-84.031160288843,42.3940700182392],[-84.0311620366269,42.3941676642357],[-84.031163426285,42.3941856957619],[-84.0311735122413,42.3942651109365],[-84.0311761357311,42.3942799805391],[-84.0310725478226,42.3951650294647],[-84.0310716507649,42.3951771157253],[-84.0310754424546,42.3952148126905],[-84.0310890877293,42.3952512333577],[-84.0311120573441,42.3952849901209],[-84.0311434672023,42.3953147702126],[-84.0311821115683,42.3953394371838],[-84.0312265051769,42.3953580442576],[-84.0312749476168,42.3953698732968],[-84.0313009421015,42.3953731641631],[-84.0318154021669,42.3954186076159],[-84.031820257731,42.3954190568619],[-84.0318886023713,42.3954292326886],[-84.0319543622608,42.3954463554686],[-84.0320162693404,42.3954700975427],[-84.0320731169823,42.3954999963048],[-84.0321237985119,42.3955354656885],[-84.0321673270516,42.3955758217382],[-84.0322028540276,42.3956202739249],[-84.0322296899993,42.3956679579426],[-84.0322473091729,42.3957179465957],[-84.0322553720217,42.3957692646105],[-84.0322557610533,42.3957951123307],[-84.0322537208096,42.3958209146803],[-84.0322423876062,42.3958718929204],[-84.0322362677915,42.3958891285981],[-84.0321447836281,42.3961238318264],[-84.0335895013147,42.3960736034205]]],[[[-84.0397386277501,42.4046287444748],[-84.0408688625914,42.4045856235728],[-84.041334438606,42.4045678575842],[-84.0413682324532,42.4045665683266],[-84.0415387959924,42.4045600596753],[-84.0415666143301,42.4045589983131],[-84.0418329343284,42.4045488354857],[-84.0418320338063,42.4045478747577],[-84.0418123644824,42.4045268934691],[-84.0410827429945,42.4037485941243],[-84.0410182175175,42.4036742909639],[-84.0405992002179,42.4031917340564],[-84.0404090024243,42.4029286895644],[-84.0397534274884,42.4029527240954],[-84.0397363930068,42.4029535025534],[-84.0385038788917,42.4029985327452],[-84.0385077115079,42.4046757390475],[-84.0387207410969,42.4046676052096],[-84.0397386277501,42.4046287444748]]],[[[-83.9900811854447,42.4026071212279],[-83.9900707578765,42.4024110607645],[-83.990017940387,42.4014179458254],[-83.9888615088625,42.4019000083452],[-83.9888614642303,42.4018955320814],[-83.9888614608951,42.401895224829],[-83.9888603103441,42.401779395274],[-83.9888602949327,42.4017778202976],[-83.9888598718518,42.4017351372561],[-83.9888598585111,42.4017339082463],[-83.9888587167914,42.4016191481646],[-83.9888587139471,42.4016187886712],[-83.9888553302528,42.4012784495072],[-83.9888509346138,42.4008362366223],[-83.9888509300567,42.4008357807063],[-83.9881451857448,42.4010826179964],[-83.9881180169,42.4010921200081],[-83.9872683051594,42.4013893043043],[-83.9870996660823,42.4013935597513],[-83.986713922869,42.4014032976019],[-83.9866902275055,42.4017167140641],[-83.9867172243565,42.4023105457774],[-83.9867333438729,42.4026651140655],[-83.9867338047859,42.4026752560992],[-83.9867763931023,42.4032707468913],[-83.9867818861846,42.4033042763898],[-83.9884870476039,42.4032548654001],[-83.9900228711834,42.4026308149964],[-83.9900811854447,42.4026071212279]]],[[[-84.0067286084776,42.4239777026275],[-84.0067303990422,42.4232258261119],[-84.006647651785,42.423225991675],[-84.0064994484771,42.4232262877743],[-84.0031919803324,42.4232328155977],[-84.0032753376005,42.4233519090666],[-84.0034007984815,42.4235780689523],[-84.0034994593344,42.4237833849819],[-84.0035833705226,42.4239841673232],[-84.0036666369975,42.4239837339355],[-84.0036815316657,42.4242886228227],[-84.0036932625401,42.4245285949869],[-84.003610091486,42.4243469438024],[-84.0036064205293,42.4243389257212],[-84.0034445374795,42.4239853659631],[-84.003444327387,42.4239849081927],[-84.0026496326228,42.4239891043351],[-84.0026551048777,42.4244942784577],[-84.0026985565906,42.4244893501666],[-84.0029019315343,42.4244662853791],[-84.0030471163198,42.4245272538402],[-84.0035968705371,42.4247581134864],[-84.0037067383659,42.4248042502819],[-84.0037085031258,42.4248403697909],[-84.0037194029174,42.425063386625],[-84.0037239214446,42.4251563781313],[-84.0037432065993,42.4255504266319],[-84.0043501486601,42.4254595430532],[-84.0040959668785,42.4252972874138],[-84.0039899201486,42.4249913064824],[-84.0037977230337,42.4248539829656],[-84.0037585882491,42.4248260219033],[-84.003706671298,42.4248029068198],[-84.0055711935545,42.4251245716925],[-84.0058280744621,42.4251688858652],[-84.0058310624918,42.4251642185588],[-84.0065898959957,42.4239789009069],[-84.0066231787676,42.4239786134772],[-84.006625380199,42.4239785940651],[-84.0067286084776,42.4239777026275]]],[[[-83.9874213351935,42.4207241868074],[-83.9883935561985,42.4207121371908],[-83.9883257158723,42.4170906554331],[-83.9882578820205,42.413469170988],[-83.9836446495752,42.4135260200782],[-83.9837167352192,42.4171475784869],[-83.9791077841918,42.4172043082017],[-83.9791841664227,42.4208259478936],[-83.9798828010889,42.4208173393522],[-83.9799774784241,42.4208684856881],[-83.9803909791023,42.421004018286],[-83.9807961934575,42.4212300551245],[-83.9809651585771,42.4214999761146],[-83.9810454525957,42.4217163588415],[-83.9811256231557,42.4219597676562],[-83.9811463755659,42.4222308223771],[-83.9811957481959,42.422555734704],[-83.9813567124328,42.4228149592076],[-83.9814682285719,42.4227976774577],[-83.9816306262842,42.4227585170679],[-83.9818014594098,42.4226703746923],[-83.9820163260497,42.4225603733666],[-83.9823128495084,42.4225094020032],[-83.9828902262662,42.4224453281614],[-83.9834150296568,42.4225009341491],[-83.9838296121071,42.4225614025324],[-83.9839104173471,42.4225731863718],[-83.9841838543159,42.4226470770693],[-83.9841911273965,42.422587386519],[-83.9842069808524,42.4224515495698],[-83.9841703405964,42.4223868545002],[-83.98420136395,42.4221589597844],[-83.9841429702209,42.4219305773846],[-83.9840450810224,42.421702436196],[-83.9836528428539,42.4212933599053],[-83.9835836064847,42.421155504646],[-83.9835879509903,42.4210228759156],[-83.9837484523634,42.4209476992262],[-83.9839497951103,42.4209122879884],[-83.9841199307666,42.4208646060542],[-83.9842635070849,42.420763267125],[-83.9874213351935,42.4207241868074]]],[[[-84.0092367180579,42.4133863215937],[-84.0090063426991,42.4133765472006],[-84.0087961520548,42.4133676290858],[-84.0087971197073,42.4133439944092],[-84.0087959795242,42.4132706385041],[-84.0087941334066,42.4131518770298],[-84.0087883170429,42.4127776949281],[-84.0084026233561,42.412779404292],[-84.0083965104609,42.4133506700835],[-84.0078560597971,42.4133277371518],[-84.0075706572906,42.413315626102],[-84.0074751966478,42.4133073917591],[-84.0073328141197,42.4132512203499],[-84.0060680892008,42.4127860404363],[-84.0062986782767,42.4124412228804],[-84.0064030541589,42.4124734164093],[-84.006642238665,42.4120344191833],[-84.0060898100303,42.4119107052645],[-84.0059534635711,42.4118705340827],[-84.0051760177565,42.4114931447619],[-84.0050521146827,42.411432995906],[-84.0048180894965,42.411319391382],[-84.0047924558705,42.411438167522],[-84.00431179061,42.4119838228578],[-84.0011158461815,42.4117947863004],[-84.0006387859702,42.4116249238934],[-84.0005095360631,42.4115841421662],[-83.9996847541264,42.4112963228362],[-83.9995472173283,42.4112485744662],[-83.9981695166488,42.4107670941158],[-83.9974919458758,42.4106994276298],[-83.9975169154653,42.4096999734936],[-83.9975444157805,42.4060455122734],[-83.9952068783059,42.406094780832],[-83.9928693327011,42.4061439990112],[-83.9928693354808,42.4061467475741],[-83.9928739758885,42.4110564231508],[-83.9928762033567,42.4134116584558],[-83.9974894069925,42.4133544328217],[-83.9974981746295,42.4133341427483],[-83.9974974148219,42.4130597307711],[-83.9979419098205,42.4130600162178],[-83.9979425573226,42.4133344270593],[-83.9980906857647,42.4133342328895],[-83.9980900318347,42.4130601120185],[-83.9987148864224,42.4130605432308],[-83.9985062181472,42.4133347862621],[-83.9987715233706,42.4133329284734],[-84.0020064217457,42.4132779103088],[-84.0023780986541,42.4132650695739],[-84.0029608085448,42.4132449294638],[-84.0034354124588,42.4132944265303],[-84.0039035311148,42.4133859516431],[-84.0044111645726,42.4135244839314],[-84.0049404980787,42.4136966281059],[-84.0054779489939,42.4140404950924],[-84.0060434291167,42.4142932197475],[-84.006348628387,42.4143946421807],[-84.0065106003844,42.4144196621555],[-84.0065086573483,42.4152148926264],[-84.0057264998049,42.4151920806508],[-84.0051437607399,42.4151864971662],[-84.0049253495416,42.4151844082637],[-84.0047873622618,42.4170466902988],[-84.0055282227921,42.4170537933205],[-84.0055274406354,42.4173717242611],[-84.0053027075873,42.4203721270015],[-84.0052801226289,42.4206736310474],[-84.0052683330969,42.4208310504275],[-84.0052245882585,42.4214149722397],[-84.0065036949594,42.4214455336183],[-84.0067024600619,42.4214502859299],[-84.0068856464358,42.4214546591255],[-84.0068574858518,42.4222017195434],[-84.0075551478819,42.4223554827641],[-84.0076432703714,42.4232871049255],[-84.0079463631403,42.4232992916408],[-84.0086086513912,42.423325932172],[-84.009233772348,42.4233510728666],[-84.0107750991137,42.4234130326854],[-84.0107731960441,42.4233490214732],[-84.0107892386427,42.4230639890292],[-84.0106791842349,42.4229659046097],[-84.0104956191803,42.4229558806843],[-84.0104004939335,42.4227479924012],[-84.0101953758686,42.4226284970358],[-84.0099520435361,42.4226569802732],[-84.0097533213028,42.4226689397703],[-84.0095247975886,42.422615041933],[-84.00928953774,42.4226052476482],[-84.009231466677,42.422474013839],[-84.0090482585393,42.4223981768968],[-84.0086198802483,42.4211927514317],[-84.0082031777554,42.4204444716347],[-84.0079336728622,42.420013824475],[-84.0073287614702,42.4189996811422],[-84.0072426425342,42.418741468034],[-84.0072097697491,42.4185578496029],[-84.0072140373565,42.4185495853869],[-84.0072161174798,42.4182975308398],[-84.007194143011,42.4180607955405],[-84.0072005215571,42.417911154102],[-84.0072518089607,42.4176177414662],[-84.0072776225015,42.4174291737858],[-84.0072283962505,42.4170711227844],[-84.0074171971921,42.417073297959],[-84.0074173016061,42.4170729268625],[-84.0074171642728,42.4170729253222],[-84.0074172717888,42.417062882739],[-84.0074211379746,42.4167002452117],[-84.0074258412128,42.4162591412434],[-84.0074390252644,42.4150225367638],[-84.0074428598345,42.4146628560257],[-84.0076549118781,42.414715540594],[-84.0080497368168,42.4148136345505],[-84.0084543406113,42.4147904651623],[-84.0085385769988,42.4149003864666],[-84.008553320807,42.4149873878102],[-84.008778996724,42.4147853145524],[-84.0087506058354,42.4146786295262],[-84.0087088573982,42.4145217558698],[-84.0089555999001,42.4141314731276],[-84.0091168005658,42.4139245919896],[-84.0093439872269,42.4138417713141],[-84.0093910244935,42.4138376375644],[-84.0094801958798,42.4138023096355],[-84.009457473102,42.4135066618802],[-84.0094658826075,42.4133959839362],[-84.0093848179646,42.4133926011814],[-84.0093850803182,42.4133423905615],[-84.0092370184443,42.4133427941665],[-84.0092367180579,42.4133863215937]]],[[[-84.0156390802865,42.4171386804824],[-84.0116252794647,42.4171216942822],[-84.0115821565035,42.4179611985804],[-84.0115017791107,42.419525867749],[-84.0114779702389,42.4199893273814],[-84.0114742953186,42.4200608752714],[-84.011393419017,42.4216351632156],[-84.0113905796188,42.42286718162],[-84.0113880921142,42.4239461219181],[-84.0134380661747,42.4239346886241],[-84.0150900272582,42.4239340067881],[-84.017774448607,42.4239328475035],[-84.0183287457121,42.4239326001183],[-84.0203583715429,42.4239358268068],[-84.020359148131,42.4236525230463],[-84.0203616189142,42.4228897928034],[-84.0203659145583,42.421558727172],[-84.020367138543,42.4211803007218],[-84.0203696843768,42.420391757624],[-84.0238231644881,42.4201254524464],[-84.0237403157688,42.4200265199305],[-84.0237038446973,42.4197899664722],[-84.0237348512677,42.4195814877224],[-84.0236463017258,42.4194048276453],[-84.0235360763646,42.4191457144077],[-84.0235073212886,42.4188817066285],[-84.0234247136928,42.4186567548661],[-84.0237344438324,42.4187469234698],[-84.0238754510449,42.4187413868065],[-84.0240009829227,42.4187114848584],[-84.0240762908355,42.4186639055352],[-84.0241556720309,42.4186580360573],[-84.0239803394341,42.4168306305275],[-84.0238195337734,42.4160838261014],[-84.0236972265424,42.4159532606911],[-84.0234496115802,42.4158252552584],[-84.0232576433084,42.4155199537584],[-84.0232364397361,42.414687540703],[-84.0222831118822,42.41397238363],[-84.0220895624311,42.4132965138392],[-84.0207641926603,42.4120784906415],[-84.0187498724258,42.4125991345175],[-84.0177995715215,42.4133679266636],[-84.0173946478821,42.4138720536644],[-84.0173572101838,42.4139277062476],[-84.0163871227703,42.4139468062679],[-84.0157726118587,42.4140933345268],[-84.0155609256784,42.4143155956988],[-84.0154533335541,42.4144285626369],[-84.0154419918648,42.4144273240395],[-84.0154415473018,42.4143025619097],[-84.0154410518228,42.4141637708335],[-84.0154420043778,42.4141083691864],[-84.016374585238,42.4138921487007],[-84.0154408522265,42.4141082451883],[-84.0154391631376,42.4136089576701],[-84.0154391146432,42.4136220731942],[-84.0154361971634,42.413663800278],[-84.0149554258673,42.4136501516707],[-84.0148074448224,42.4136320541231],[-84.0136362910237,42.4136107930635],[-84.0134866986381,42.4136443623793],[-84.0130557666811,42.4136350168613],[-84.0126856001323,42.41362708946],[-84.0125237842097,42.4140973607531],[-84.0117163626255,42.4137862789365],[-84.0115727552062,42.4137627190637],[-84.0106627481709,42.4137145618958],[-84.0105548458599,42.4141210991334],[-84.0106742126764,42.4152143674849],[-84.0106846455871,42.4152713305893],[-84.0107143113694,42.4153463926006],[-84.0107448455763,42.4153963569874],[-84.0107829690125,42.4154433724346],[-84.0103776269449,42.4156159404327],[-84.0099679022177,42.4157855392875],[-84.0098648254361,42.415457289407],[-84.0099347089007,42.4157528535538],[-84.010006133426,42.4158378214816],[-84.0101273813807,42.4158543821768],[-84.0107548479849,42.4159400810068],[-84.0110060004439,42.4160347968207],[-84.0119921104481,42.4164752210942],[-84.0120608355329,42.4164660684745],[-84.0121971625069,42.4165307142384],[-84.0124326640003,42.4166251267788],[-84.0125464244782,42.4166475355673],[-84.0128678671729,42.4167108538905],[-84.0131157346875,42.4167889995665],[-84.0132366232047,42.4168780068593],[-84.0136130691998,42.416954288295],[-84.0136911838577,42.4169377943088],[-84.0137106352712,42.4167935948801],[-84.0138916396942,42.4167643176131],[-84.0139560015989,42.4167839777139],[-84.0141021072419,42.4167924102258],[-84.0142728994716,42.416788475214],[-84.0144337042215,42.4168029250425],[-84.0144876496236,42.4168294044284],[-84.0147542269984,42.4168462219767],[-84.0156343026759,42.4170100239137],[-84.0156378163626,42.4167082041311],[-84.0159197368673,42.4165971393182],[-84.0163604919361,42.4166871241393],[-84.0165016015592,42.416601799331],[-84.0165492610408,42.4164953848572],[-84.0166965539157,42.4164611951638],[-84.0171867599666,42.4168016222869],[-84.0175226832719,42.4169833480866],[-84.0178412826583,42.4171002972194],[-84.0183159599948,42.4173221280641],[-84.0187099721841,42.417448268851],[-84.019086457416,42.4175089743181],[-84.0192931750686,42.417554860307],[-84.0196418467545,42.4175584810856],[-84.0200561975873,42.417551447333],[-84.0203746447702,42.4176204110252],[-84.0203786273019,42.4176236730736],[-84.0206322796042,42.4178317320996],[-84.0208540856356,42.4180701507156],[-84.0210092657377,42.4181596037881],[-84.0210405701113,42.4181693938205],[-84.0210812668531,42.4181821224898],[-84.0214079799895,42.4182843101446],[-84.0217183644178,42.4183918398447],[-84.0221404231756,42.4184288472923],[-84.0224138318093,42.4184094668973],[-84.0226665463336,42.4182307976405],[-84.0228215782217,42.4181827239329],[-84.023043193429,42.4182619324288],[-84.0232353528989,42.4184066468211],[-84.0232018216135,42.4186333555722],[-84.0232214026585,42.4186932478839],[-84.023221562103,42.4186937344514],[-84.0232085448724,42.4187617278762],[-84.0231947395766,42.4188537960728],[-84.0232921477797,42.4190279633919],[-84.0234021272051,42.4192707374768],[-84.0234908421125,42.4195134175012],[-84.0235042445682,42.4197112818239],[-84.0234517199532,42.4199030522812],[-84.0233482251914,42.4199789252024],[-84.0232219402569,42.4199831696575],[-84.0229557689124,42.4199421616758],[-84.0224225870107,42.4200523970013],[-84.0220596356198,42.420114682138],[-84.0217710851569,42.420084395643],[-84.0214758982926,42.4199769930842],[-84.0212472198515,42.4198099575841],[-84.0210402158301,42.41965415231],[-84.0209078266257,42.4195651044927],[-84.0207747371135,42.4194977266671],[-84.0203748502233,42.4195268372056],[-84.0203724811173,42.4195276142335],[-84.0199524506711,42.4196654836974],[-84.0196630847796,42.419684576381],[-84.0194701289756,42.419682853423],[-84.0190709254437,42.4195964115586],[-84.0186423726755,42.4195483048896],[-84.0183238375466,42.4196001054712],[-84.0179981893568,42.4197310216656],[-84.01770985138,42.4199300181276],[-84.0174951209246,42.4201322904644],[-84.0173029890389,42.4203175091052],[-84.0172220681204,42.4202818742657],[-84.0173777081394,42.4200975588529],[-84.0174221647332,42.419943796457],[-84.0174080170488,42.4197699922641],[-84.0172179105019,42.4195850508028],[-84.0170338661192,42.4193071765554],[-84.0169177406675,42.419099188881],[-84.0167682567969,42.4189463833201],[-84.016567310287,42.4188047220746],[-84.0165310578138,42.4186819263006],[-84.0163800671679,42.418497207966],[-84.0168102848025,42.4183139289894],[-84.0172079079766,42.4183353123289],[-84.0174123116665,42.4183175905174],[-84.0174314956071,42.4182899728897],[-84.0171115122969,42.4181646834019],[-84.0170658800035,42.4181432827057],[-84.0170341087651,42.418122984823],[-84.0170139943033,42.4181003194328],[-84.0170113517955,42.4180745309127],[-84.0170248838246,42.418049887056],[-84.017057487934,42.4180084185285],[-84.0170819620552,42.4179676646733],[-84.0170995194921,42.417925929941],[-84.0171122815459,42.4178892596266],[-84.017120358819,42.4178542216504],[-84.0171218233631,42.417808770882],[-84.0171161502042,42.4177691998041],[-84.0171006956091,42.4177097198743],[-84.0170685441864,42.4176293511366],[-84.0170448228058,42.4175748742012],[-84.0170170772859,42.4175374863465],[-84.0169868776439,42.4175043458118],[-84.0169416604159,42.4174700810623],[-84.016886220914,42.4174296294689],[-84.0162021176703,42.4169893515923],[-84.0161735115202,42.4170145870689],[-84.0161736378737,42.4171184149349],[-84.0162051520697,42.417218507587],[-84.0161309119282,42.4175097922612],[-84.0159925760877,42.4175337413002],[-84.0159654549675,42.4173333329645],[-84.0159187217007,42.4171310198811],[-84.0156405081768,42.4170228375594],[-84.0156390802865,42.4171386804824]]],[[[-84.0495361034048,42.3753058499193],[-84.0495465215672,42.3758344376541],[-84.0495497335564,42.3759971592007],[-84.0495553263265,42.3762809631233],[-84.0494697918625,42.3761769988638],[-84.0494671560399,42.3761737945709],[-84.0493864651151,42.3760362678597],[-84.0492981986405,42.3759702672397],[-84.0492847099873,42.3759668928008],[-84.0489885445826,42.3758928018591],[-84.0488257011242,42.3758319795031],[-84.0487002276466,42.3757658814128],[-84.0486936164195,42.3757037642859],[-84.0486861794224,42.3756338917613],[-84.0488058186249,42.3754528453311],[-84.0488602110213,42.3753290766642],[-84.0490005999098,42.3750096182872],[-84.0491344439097,42.3748835754013],[-84.0492087791592,42.3748619302851],[-84.0494163257383,42.3747581446457],[-84.0495241257879,42.3746978709519],[-84.049601861254,42.3746544076629],[-84.0497428738477,42.3745175129893],[-84.0498043993282,42.3743254647601],[-84.0496422924836,42.3741931360123],[-84.0495127950247,42.3741231292407],[-84.0495084453147,42.3739024108793],[-84.0495489934137,42.373830329359],[-84.0495061546609,42.3737861585661],[-84.0493298766434,42.3736043978479],[-84.0491915168053,42.3732741643278],[-84.049061252415,42.3729277446271],[-84.0489898876575,42.372663847367],[-84.0488887171023,42.3723339703614],[-84.0489863996674,42.3721749326857],[-84.0491565613236,42.3720765535108],[-84.0494389008683,42.3719126950892],[-84.0494667916193,42.3717885185018],[-84.0494648817947,42.3716917707871],[-84.0494645803282,42.371676360986],[-84.0494401439942,42.3716772037056],[-84.049176423475,42.3715218844173],[-84.0490362976813,42.3714389312579],[-84.0488604275313,42.371334098595],[-84.0483872428843,42.3712665934224],[-84.0481067894952,42.3712272212963],[-84.0479146387093,42.3712047204178],[-84.0477668893722,42.3712426873605],[-84.0474626975384,42.3714009483428],[-84.0472253084839,42.3714881604067],[-84.0469435349709,42.3715861386596],[-84.0466534096237,42.3716841092716],[-84.0464902912382,42.3717274341116],[-84.0463884374967,42.3716117859233],[-84.0462580989923,42.3714356727571],[-84.0462118841635,42.3713367600595],[-84.0461683453574,42.3711058625135],[-84.0460857956074,42.3709077814938],[-84.0460582711154,42.3708417137942],[-84.0460282330158,42.3707356071094],[-84.0459572840544,42.3705546283821],[-84.0458875360972,42.3703839366652],[-84.0457439637474,42.3702423656503],[-84.0455640013348,42.3701708149105],[-84.0453690983201,42.3701154706561],[-84.0450473545129,42.3701094358981],[-84.0449141123593,42.3703121948721],[-84.0446916070794,42.370624310656],[-84.0443568414696,42.3712074038572],[-84.0442258592864,42.3714462292985],[-84.04401524595,42.3718642917115],[-84.0439746280449,42.3719449111377],[-84.0437518379576,42.3720981053869],[-84.0434313528507,42.3722674616076],[-84.0430963606323,42.3724862598453],[-84.042739019561,42.3727159298693],[-84.0424558355846,42.3729292888875],[-84.0422033335224,42.3731810545561],[-84.0421599921853,42.3734936275965],[-84.042172322911,42.3738222325687],[-84.0421774735548,42.3742537253096],[-84.0421777139298,42.3742735987022],[-84.0421694456478,42.3745812959643],[-84.0421924261223,42.3748615176195],[-84.0422460246652,42.3749350452768],[-84.0423233868623,42.3750411613465],[-84.0424017628248,42.3752272078334],[-84.0424600779237,42.3754471035246],[-84.0424753819931,42.3755511455442],[-84.0424727584077,42.3755512366139],[-84.0418790522125,42.3755718726348],[-84.0414875119974,42.3755854761342],[-84.0409238714006,42.3756050592313],[-84.040921482571,42.3756051417604],[-84.0408660708675,42.3756070668503],[-84.0407243358568,42.3754918834873],[-84.0404184399459,42.3753195143364],[-84.0402110917246,42.375173430663],[-84.0400768825278,42.3750188010166],[-84.040067103212,42.3750107510166],[-84.0399671425876,42.3749284608758],[-84.0398432038949,42.374867348894],[-84.0396670768131,42.3748213917617],[-84.0395606909873,42.3747936317854],[-84.038684273721,42.3746456512103],[-84.038205103966,42.3745287210582],[-84.0378652350959,42.3744035057929],[-84.0378031726178,42.3743806457156],[-84.0372092371097,42.3740833090897],[-84.0369135961695,42.3738933181916],[-84.0366667797578,42.3736117873374],[-84.0364404040046,42.3733063011606],[-84.0363203462422,42.3731631675467],[-84.0361475516636,42.3730288328516],[-84.0358835923919,42.3728734424518],[-84.035650873136,42.3727672310518],[-84.0350341964345,42.3725667463006],[-84.0347570847807,42.3724736164943],[-84.0347569532784,42.3724497199404],[-84.0347554858319,42.3721830216373],[-84.0347275918922,42.3685478170469],[-84.0347034822656,42.364933412999],[-84.0347034798075,42.3649331093676],[-84.0391749463619,42.3647786275117],[-84.0392330638488,42.3647766192281],[-84.0392045401337,42.3611603012824],[-84.0392045377685,42.3611599940494],[-84.0395539099582,42.3611477594005],[-84.0395590125136,42.3611475802845],[-84.0395471415312,42.359643790599],[-84.0395341320004,42.3579949482182],[-84.0395311290116,42.3576147517756],[-84.0395310602866,42.3576060356968],[-84.0395304661854,42.357530792154],[-84.0395020103262,42.3539253862029],[-84.0395282899065,42.3503083773139],[-84.0366920153631,42.3504073912101],[-84.0367185676135,42.346798875278],[-84.0346752414655,42.3468680818524],[-84.0298251445956,42.3470683158644],[-84.027111189533,42.347180265602],[-84.0250545580018,42.3472650607247],[-84.0250003044842,42.3472672973226],[-84.02500031741,42.3472357521243],[-84.0250045337443,42.3459991667172],[-84.0250313737351,42.3450510861498],[-84.025103295783,42.3447087349486],[-84.0251843996264,42.3444599865236],[-84.0255542765696,42.3436289686717],[-84.0255936135004,42.3436273723756],[-84.0259983078969,42.3436109516199],[-84.027576853938,42.3435468932463],[-84.0276082895722,42.3434758178342],[-84.0284420122859,42.3415907030908],[-84.026423132721,42.3416726526291],[-84.0265273007588,42.3414371326657],[-84.0271365376946,42.3400436402251],[-84.0271813267266,42.3399485220024],[-84.0298347431028,42.3398425111793],[-84.0333351057092,42.3397025668451],[-84.0333404760482,42.3397023521958],[-84.0333542548713,42.3397112812518],[-84.0333595559143,42.339714835483],[-84.0333641602706,42.3397179234413],[-84.033647038318,42.3399076012976],[-84.0339209255503,42.3400912496191],[-84.0344105850608,42.3404443793794],[-84.0344156749047,42.3404480487646],[-84.0346811214848,42.3406375124727],[-84.0347131730229,42.340660389453],[-84.0349781216765,42.3408650637175],[-84.0351648476583,42.3410159290098],[-84.0358129065955,42.3415638092399],[-84.0358160211705,42.3415664421466],[-84.0359476681986,42.3416777351541],[-84.0359744413482,42.3417003678109],[-84.0359763237833,42.3417019602242],[-84.037553197914,42.3430350173473],[-84.0376299998431,42.343099998525],[-84.03763019141,42.3431001604342],[-84.0376996481424,42.3431589959698],[-84.0395689874598,42.3447424194505],[-84.0395723185816,42.344745240717],[-84.0398776139933,42.3450038304471],[-84.039896715146,42.3450200091833],[-84.0400223894126,42.345126456842],[-84.040682868203,42.345686495933],[-84.0409549961529,42.3459171025284],[-84.0411767967465,42.3461008345586],[-84.0413853788723,42.34626374127],[-84.0415896430779,42.3464169626008],[-84.0415995557136,42.3464240861275],[-84.0416204840498,42.3464391236092],[-84.041658541351,42.3464664709636],[-84.041662802505,42.3464695336498],[-84.0417618841797,42.3465407310943],[-84.0417895706375,42.3465606252697],[-84.0417950036318,42.3465645309317],[-84.04181582283,42.3465794898939],[-84.0418791738265,42.3466239229473],[-84.0420647535863,42.34675408434],[-84.0422292473548,42.3468640956403],[-84.0422292890059,42.3468641224935],[-84.0423327762049,42.3469328110093],[-84.0425506750129,42.3470714868252],[-84.0427685469488,42.3472043494131],[-84.0430380115318,42.3473598655836],[-84.0430472686852,42.3473648866327],[-84.0435590597261,42.3476424866423],[-84.0439566339458,42.3478361719292],[-84.0441499479973,42.3479281533377],[-84.0442518015344,42.3479745162211],[-84.0444211463215,42.3480498413626],[-84.0444211319925,42.3480515932774],[-84.04442098355,42.3480690069349],[-84.0444033652071,42.3501380282262],[-84.0443729398598,42.3537571941172],[-84.0443729306759,42.3537582101213],[-84.0443729022859,42.3537615905345],[-84.0443731758942,42.3537615799995],[-84.0443736525916,42.353761561301],[-84.047739796386,42.3536286752059],[-84.0477401201325,42.3536292285713],[-84.047740931177,42.3536306165181],[-84.0477500416413,42.3536462061309],[-84.0478591466097,42.3538444670847],[-84.04792526385,42.3540095971238],[-84.0481386384071,42.3541750578919],[-84.0483231506954,42.3541976945201],[-84.0486790312451,42.3540341431987],[-84.0489755219136,42.3538043843591],[-84.0491685674941,42.3536292669351],[-84.0492435261461,42.3535720032592],[-84.0492467398816,42.3535695476805],[-84.0492473547363,42.3535690782397],[-84.0498422936789,42.3535377732867],[-84.0498441453014,42.3535376758205],[-84.050761350563,42.3534894080016],[-84.050761962155,42.3534898087208],[-84.0507620037857,42.3534898364713],[-84.0507736612089,42.3534974651968],[-84.0508314987696,42.353684700382],[-84.0510149330434,42.3538611599131],[-84.0511329363247,42.3539219148731],[-84.0514214647777,42.353824041238],[-84.0517108372441,42.3536988839145],[-84.0519541370877,42.3536385053464],[-84.0520597135078,42.3536127521381],[-84.0524398991343,42.3534020517164],[-84.0524415185782,42.3534011538144],[-84.0541141522595,42.353387854562],[-84.0541484912021,42.3563626486439],[-84.0541559819354,42.3570108584547],[-84.0541978116169,42.3606338651046],[-84.0542291298955,42.363345342958],[-84.0590779084953,42.3631970913322],[-84.0590830067566,42.3631969355954],[-84.0590629910062,42.3609271352707],[-84.0590591996977,42.3604977781083],[-84.0590591971289,42.3604974357404],[-84.0594518627834,42.3604864137921],[-84.060501075698,42.3620869015523],[-84.060513180424,42.3621053661056],[-84.0608515480126,42.36262149661],[-84.0633191118544,42.3639790920424],[-84.0639395162046,42.364320409412],[-84.0639446316737,42.3643232238553],[-84.0639424141079,42.3639599982617],[-84.0640644561729,42.3639562669622],[-84.0640644580362,42.3639565940027],[-84.0640730206322,42.3653587244114],[-84.0655318946242,42.3653118193265],[-84.0655392948503,42.3653200575516],[-84.0674587855169,42.3674567647631],[-84.0674895792062,42.3674557730468],[-84.0675023633956,42.3674553613534],[-84.0675026075719,42.3674556322198],[-84.0688246913278,42.368929766827],[-84.0692724584185,42.3694290118205],[-84.0697668572579,42.3699729671867],[-84.0698799556721,42.3700933291319],[-84.0700302243955,42.370246080356],[-84.0701604022753,42.3703753170328],[-84.0702863040662,42.3704933255533],[-84.0704438109,42.3706367618991],[-84.0705947274624,42.3707689301432],[-84.0707572907229,42.3708987242813],[-84.0708702946177,42.3709872512368],[-84.0708905639915,42.3710031302377],[-84.0710330375491,42.3711094097818],[-84.0711993940902,42.3712289728514],[-84.0713703787019,42.371348614504],[-84.071626031935,42.3715188088004],[-84.0718424599068,42.3716532974593],[-84.0720290550137,42.3717614824599],[-84.0715037185255,42.3722891295415],[-84.0712570623778,42.3725368655745],[-84.0721063128758,42.3729504685808],[-84.0727509568706,42.3721461079936],[-84.0728323030576,42.3721855151681],[-84.0729896804817,42.3722594426417],[-84.0731277462178,42.372321884103],[-84.0733127209152,42.3724014344945],[-84.0735119112532,42.3724817346068],[-84.0735474122258,42.3724960465357],[-84.0735507241167,42.3724972476064],[-84.073550722346,42.3724973818019],[-84.0735507170317,42.3724977456521],[-84.0735739245931,42.3725067346079],[-84.0735781453921,42.3725083963373],[-84.0739317764099,42.3726476977272],[-84.0740675570323,42.3727011839417],[-84.0740676098677,42.3727012037685],[-84.0742344346169,42.3727681050847],[-84.0742876288548,42.3727894369696],[-84.0750525371424,42.3730961796584],[-84.0751647892723,42.3731411946663],[-84.0752663735364,42.3731819317914],[-84.0756646643985,42.3733661298124],[-84.0757302570058,42.3733964645981],[-84.0758399609893,42.3734471996315],[-84.0759830507807,42.373527326436],[-84.0760216605891,42.3735489464206],[-84.0764430828545,42.3737849315346],[-84.076498345202,42.3738177323291],[-84.0766564059789,42.3739144910752],[-84.0768261969425,42.3740210613405],[-84.0773074347045,42.3743599626514],[-84.0774042812778,42.3744281651747],[-84.0786536735255,42.3743841234104],[-84.0786699316639,42.375611878291],[-84.0785189796563,42.378045130245],[-84.0785484100703,42.3799578936796],[-84.0786673679028,42.3816593183567],[-84.0787601606508,42.3816551238996],[-84.0796806071872,42.3816134955032],[-84.0796971514147,42.3821293018667],[-84.0797052528536,42.3823818920821],[-84.0829853596448,42.3822334723297],[-84.0830148195135,42.3822321436175],[-84.0830975563385,42.3823489808213],[-84.0830990423464,42.3823510493774],[-84.0831006679195,42.3823532013992],[-84.083442380444,42.3827972227794],[-84.083444947047,42.3828004502971],[-84.0837016564037,42.3831138275319],[-84.0837162284982,42.3851066176507],[-84.0837424353357,42.3887419209288],[-84.0837686584053,42.3923772353791],[-84.0788715343823,42.3925714537926],[-84.078311378626,42.3926050497914],[-84.0771724154602,42.3925728892174],[-84.0764069338777,42.3925512683342],[-84.0762727558094,42.3925474784806],[-84.0751796331857,42.3925772096094],[-84.0750504608709,42.392580721924],[-84.0748731464543,42.3925855431728],[-84.0750237635651,42.3927178250919],[-84.0739264796858,42.3927667291964],[-84.0739263281148,42.3927495214074],[-84.0739055048811,42.3903782032015],[-84.0721449123934,42.3904250613959],[-84.0721250793011,42.3881604609262],[-84.0694250390945,42.3882322753612],[-84.0691084360994,42.388240691774],[-84.0690721136583,42.3882416571901],[-84.0690721041846,42.3882399066871],[-84.0690720951894,42.3882383345595],[-84.0690649831574,42.3869943338054],[-84.0720429190472,42.3869150788765],[-84.0720310288184,42.3855563191617],[-84.0738627259991,42.3855075296009],[-84.075840555449,42.3854271688103],[-84.0756586555533,42.3853655191484],[-84.0738561116321,42.3847545746929],[-84.0738558201538,42.3847214186395],[-84.073833913009,42.3822260813274],[-84.0738308555872,42.3818779273191],[-84.0737966696379,42.3812532199974],[-84.0764192719276,42.381166951232],[-84.0764166086792,42.3805116849912],[-84.0750094539944,42.3805616639568],[-84.0751488517722,42.379673550424],[-84.0737259770293,42.3797292003958],[-84.0737124598484,42.3794395481336],[-84.0736607405887,42.3782216785156],[-84.073660728059,42.3782213801204],[-84.0735108184321,42.3745649615177],[-84.0725561893835,42.3745935656802],[-84.0719204558171,42.3746126107003],[-84.0695268920846,42.3716580916581],[-84.0682050413613,42.3734031681456],[-84.0680337138662,42.3736293419211],[-84.061301467578,42.3738305709528],[-84.0613462727603,42.3749288578842],[-84.0575874420077,42.3750410369789],[-84.0575869178244,42.3750410540099],[-84.054576489941,42.3751304727174],[-84.0528788371672,42.3751894656697],[-84.0510932345875,42.3752514827738],[-84.0495360973178,42.3753055435242],[-84.0495361034048,42.3753058499193]]],[[[-84.0754119912008,42.3734896526685],[-84.0753620676776,42.3734652552284],[-84.0753546244359,42.3734619346564],[-84.0753498472086,42.3734598030953],[-84.0752245823425,42.3734039192426],[-84.0750514197842,42.3733267416858],[-84.0749087617048,42.3732667333879],[-84.0747290756395,42.3731944932808],[-84.0745609204349,42.3731267671752],[-84.0741053692978,42.3729461050587],[-84.0740762481972,42.3729854628421],[-84.0736586074128,42.3735498963743],[-84.0753931968229,42.3734902988402],[-84.0754119912008,42.3734896526685]]],[[[-84.0747079767628,42.3761324076277],[-84.0747232489948,42.3765178976244],[-84.0747352574974,42.3768210293895],[-84.077729731501,42.3747051474236],[-84.0777297812258,42.3747051113429],[-84.0774049712894,42.374428750864],[-84.0746442945743,42.3745248905454],[-84.0746880534465,42.3756294899489],[-84.0747079767628,42.3761324076277]]],[[[-84.0564690068986,42.4033089753853],[-84.0559086001215,42.4028758040239],[-84.0555549070468,42.4025802550027],[-84.0553052235514,42.4023716152094],[-84.0551878334057,42.4022735218415],[-84.0548161311551,42.4019779369816],[-84.0554341330909,42.4014350356731],[-84.0556740407829,42.401324631925],[-84.0559097417159,42.4012123178487],[-84.0561942350746,42.4011511748255],[-84.0564345207696,42.4011423895007],[-84.0587198176796,42.401337026033],[-84.0589453492591,42.4013591336017],[-84.0591364669064,42.4013262424436],[-84.0592445147454,42.4012572129076],[-84.0592443823786,42.401265763223],[-84.0593335126688,42.4012003533047],[-84.0602952003553,42.4001108035229],[-84.0605839327065,42.3998934060842],[-84.0607978363444,42.3997421044516],[-84.0611050535293,42.3996057629871],[-84.0614416262931,42.3995106334426],[-84.0617828769478,42.3994538679213],[-84.062100859832,42.3994430687994],[-84.0623179943623,42.3995109459221],[-84.062321200432,42.3998763005226],[-84.0622818784288,42.3999699709135],[-84.0622245942417,42.4000565904038],[-84.0622080386582,42.4001807752614],[-84.0622820574067,42.4002530252345],[-84.0623933590787,42.4002680319935],[-84.0623936342003,42.4002814872416],[-84.0625693308968,42.4002718023185],[-84.0625734104119,42.4002708216055],[-84.0626037604253,42.4002609644046],[-84.0626313397122,42.4002473477935],[-84.062655311013,42.4002303905968],[-84.0626749457682,42.4002106108106],[-84.0626896467785,42.4001886007709],[-84.0626911625905,42.4001856235804],[-84.0627048444392,42.4001631698108],[-84.0627161193789,42.4001290310094],[-84.0627172257407,42.4000938956471],[-84.0627081117728,42.4000594077684],[-84.0626997592686,42.4000427724557],[-84.0626186442667,42.3999665957377],[-84.0626051956081,42.3997633004424],[-84.0626139395076,42.3992757351979],[-84.0623502287603,42.3992433054552],[-84.0619191036245,42.3992626251187],[-84.0614792551589,42.3993122632089],[-84.0610593606141,42.3994212998698],[-84.0606738915363,42.3995859780628],[-84.0603361259809,42.3998006239667],[-84.0600325009117,42.4000792967621],[-84.0592491002278,42.400961918356],[-84.0592492056347,42.4009551089037],[-84.0590497263963,42.4011558041208],[-84.0589080971557,42.4011769283773],[-84.0563140473843,42.4009616570549],[-84.0559755004018,42.4009928973666],[-84.055595186668,42.4011292797758],[-84.0553120093987,42.4012711715412],[-84.0550507304763,42.4014822935083],[-84.0546458755063,42.4018526248001],[-84.0545540193962,42.4017972048937],[-84.0543423587406,42.4016695038328],[-84.0543445331786,42.4014981523254],[-84.0543591367034,42.4004931759731],[-84.054360581124,42.4003938000526],[-84.0544111446974,42.3969142941302],[-84.0486881731603,42.3971159461621],[-84.0468236677718,42.397181579525],[-84.0461575407532,42.395858065974],[-84.045724725611,42.3949980851148],[-84.0446580498518,42.3928785448956],[-84.043184268266,42.3900516858256],[-84.0398147240426,42.3885937122611],[-84.0397388389545,42.3885608752283],[-84.0397360925159,42.3865444346097],[-84.0397309237706,42.3828877600929],[-84.0398290891444,42.3828840541147],[-84.0447046345695,42.3826998995204],[-84.0447043905493,42.3826822575198],[-84.0447043161684,42.3826768718414],[-84.0447042432859,42.3826715537528],[-84.0446594796323,42.379431108596],[-84.0446827723254,42.3794192402914],[-84.0449953293479,42.3792599882047],[-84.0454523972677,42.3791072158615],[-84.0455791345165,42.3790761287039],[-84.0458020139141,42.3790214601834],[-84.0464257905882,42.3788853705629],[-84.0469461975776,42.3787612119252],[-84.0481614418166,42.37847126929],[-84.0485857848557,42.378370022118],[-84.0495548462557,42.3781144040389],[-84.0495665719649,42.3781113111608],[-84.0495912780536,42.3781047941207],[-84.0496076347416,42.3789347272721],[-84.0496779134594,42.3824995504225],[-84.0496787873563,42.3825438747955],[-84.054589815669,42.3823896236966],[-84.054653163338,42.3823876324828],[-84.0545610166209,42.3859618731727],[-84.0545595057285,42.3860204740651],[-84.0594142014544,42.385891555193],[-84.0642357255519,42.3857636145016],[-84.06423510395,42.3861197682377],[-84.064234602304,42.3864074796095],[-84.0642325123553,42.3876050485205],[-84.0642293893091,42.3893940398658],[-84.0670357608045,42.3893195340752],[-84.0671602979679,42.3893162265172],[-84.0671430943822,42.3894845008973],[-84.0671423127655,42.3894921292653],[-84.0671411379236,42.3895036100611],[-84.0669005681121,42.3894947565995],[-84.0667826186238,42.3895504274728],[-84.0666581948436,42.3896667997261],[-84.0665709813133,42.389832091478],[-84.0665584028481,42.3900628516086],[-84.0664259727532,42.3901682428194],[-84.0663079160256,42.390130596537],[-84.0661145442895,42.3901209205671],[-84.0658930264819,42.3901607279531],[-84.0657828685421,42.3902824192417],[-84.065785101694,42.3904527705079],[-84.0659293616452,42.3907926544659],[-84.0660960482436,42.3911927460551],[-84.0662035255217,42.3914944183225],[-84.0663157134623,42.3915981230941],[-84.0665090303977,42.3917066049558],[-84.0666594190136,42.3918761368941],[-84.0668967568399,42.3919130313429],[-84.0669711698131,42.3919620336039],[-84.0670021446663,42.392088263909],[-84.0671968638764,42.3922244967327],[-84.0674715709736,42.3923051106006],[-84.0677157844796,42.3922924341635],[-84.0681297938286,42.3922182151426],[-84.0683226467263,42.3922446289449],[-84.0682919179801,42.3921350148359],[-84.0682608336898,42.3920362254205],[-84.0680595384431,42.3918670848609],[-84.0677686884501,42.3917204628775],[-84.0676855694416,42.3915616611295],[-84.067712881004,42.3913691546195],[-84.0676134701216,42.3911002840496],[-84.0676038595523,42.3908257869829],[-84.067720959059,42.390676497525],[-84.0679354026976,42.3906202268458],[-84.0680838479461,42.3906577029733],[-84.0682333305272,42.3907832993024],[-84.0684488434962,42.3908862503859],[-84.0686051644183,42.3908907836063],[-84.0687517244121,42.3907466397199],[-84.0689634147687,42.3906308531683],[-84.0689650246546,42.3906299728812],[-84.0689961376379,42.3906336101352],[-84.0690858574568,42.3906441000003],[-84.0690858637737,42.3906451766171],[-84.0690860084083,42.3906705018192],[-84.0690970634467,42.3926028255118],[-84.0690973222147,42.3926480198648],[-84.0690973262751,42.3926487811472],[-84.0690386892242,42.3926632005503],[-84.0688555703895,42.3928347251377],[-84.0688169194075,42.3929025523646],[-84.0687832123377,42.3929617014423],[-84.068733348374,42.3931708622041],[-84.068728256872,42.3933576921111],[-84.0687961104314,42.3934946968565],[-84.0688201449801,42.3936483915866],[-84.0690666131736,42.3938062067766],[-84.0691040602225,42.3938268989536],[-84.0693421219557,42.393958464849],[-84.0695212133588,42.3941329972612],[-84.0694551524122,42.3942049149126],[-84.0693437531535,42.3941725908637],[-84.0691581354849,42.3941574263412],[-84.0691056786047,42.3941096788983],[-84.0690621319144,42.3940700440212],[-84.0688823415558,42.3939173226351],[-84.0686892325319,42.3938745848714],[-84.068392842373,42.3939040911366],[-84.0681650913846,42.3940209311141],[-84.0680699866083,42.3942194468749],[-84.067932066936,42.3944511550112],[-84.0678379692293,42.3946660103323],[-84.0676413351352,42.394953277077],[-84.0673846142259,42.395218674535],[-84.0670694495159,42.395506717002],[-84.0668497084165,42.395755439194],[-84.0665787905035,42.3960373455066],[-84.066344666345,42.3963081962795],[-84.0660270252021,42.3964092637832],[-84.0656492430866,42.3964172434805],[-84.0653220791359,42.3962653409484],[-84.0651064493181,42.3961898336749],[-84.0648758586273,42.3961309519752],[-84.0645501057271,42.3961274359714],[-84.0642687792973,42.3961843696429],[-84.064217499558,42.3962143074211],[-84.0642169697567,42.3965179275349],[-84.0638671174296,42.396532999047],[-84.0638154258967,42.3966871972815],[-84.0638118366172,42.3967937617579],[-84.0638037639611,42.3970336789401],[-84.0638804539624,42.3973243989171],[-84.0640255433206,42.3976862589244],[-84.0641177722165,42.397965986755],[-84.0641575800143,42.3982460767591],[-84.0641398433795,42.3985924560214],[-84.0640480501229,42.3990711276136],[-84.0640669612495,42.3994119461183],[-84.064100484722,42.399746962614],[-84.0638804709877,42.3996772203296],[-84.0641011023449,42.3997566519454],[-84.0641168295435,42.3999996279682],[-84.0640678940831,42.4002034436581],[-84.063877664402,42.4004300052629],[-84.0637121610257,42.4005446688693],[-84.0637114428418,42.4005451663298],[-84.0635095646192,42.4006850306322],[-84.0634477801578,42.400745254771],[-84.0632075971305,42.400982870593],[-84.0630045628103,42.4012106020663],[-84.0628565922353,42.4012774437754],[-84.0628495916616,42.4012662342181],[-84.0628189973237,42.4012172496134],[-84.0626765551599,42.4010367296789],[-84.0625505270784,42.4010100592928],[-84.0624771839831,42.4010710045343],[-84.0624109395156,42.4011270710569],[-84.0623593490829,42.4011707306182],[-84.0620131658507,42.4013325265761],[-84.061555472633,42.4014890080502],[-84.060906082636,42.4017022777967],[-84.0605737774788,42.4018088430461],[-84.060367100839,42.4019309569269],[-84.0602128985004,42.4020751022295],[-84.0600813281624,42.4022242813666],[-84.0600173493299,42.4024224784896],[-84.0600849883311,42.402614375635],[-84.0602439687738,42.4029210194723],[-84.0604019076358,42.4031399596562],[-84.0604046939529,42.4033652186538],[-84.0603465081771,42.4034755498225],[-84.0601254464539,42.4036199361758],[-84.0598465294383,42.4037921802805],[-84.0596061736473,42.4039469460766],[-84.0596061874373,42.4039472796274],[-84.0640980588825,42.4038406984232],[-84.0640904170068,42.4043032009902],[-84.0642007340189,42.4042862729234],[-84.0644257766244,42.4043047991503],[-84.0646978137204,42.4043269566133],[-84.0651292964541,42.4044726304037],[-84.0653360908912,42.4044438246523],[-84.0656308448372,42.4042990175256],[-84.0658304420219,42.4042812092809],[-84.0662235305649,42.4042953163845],[-84.0665354791304,42.4043042252749],[-84.066822222089,42.4041484234994],[-84.0672777558297,42.4038432377072],[-84.0673760473007,42.4037630518965],[-84.0676379673824,42.4035493668187],[-84.0678934738784,42.4032510076297],[-84.06815074975,42.4029691484946],[-84.0683397316777,42.4026600639582],[-84.0684257419055,42.4023406226636],[-84.0684656209056,42.4019170717661],[-84.0685661797672,42.4016418026974],[-84.0685708783554,42.4014438355086],[-84.0685976401262,42.4011964232667],[-84.0686851229187,42.4010473193554],[-84.0689434441955,42.4009248155999],[-84.0690436471861,42.4008589487212],[-84.0691714982712,42.4007749038188],[-84.0693909785809,42.4005589625427],[-84.0695594283581,42.4003711411036],[-84.0697726216601,42.4002104141291],[-84.069891813777,42.4001037945507],[-84.0700078734714,42.3999999594196],[-84.0701843458809,42.3998229701453],[-84.0702332774177,42.3996192961923],[-84.0701863363425,42.3993722998826],[-84.0701244392809,42.3991419455867],[-84.0701745181932,42.3989983919652],[-84.0703301960609,42.3989755952302],[-84.0705296725365,42.3989852301299],[-84.0707818564186,42.3989616974814],[-84.0711071471418,42.3989321177276],[-84.0712851125874,42.3989253350021],[-84.0713895924485,42.3989849801656],[-84.0715680990103,42.3990335206843],[-84.071635702818,42.399292487634],[-84.0716623675293,42.3993946301655],[-84.0718244223001,42.3995321252015],[-84.0718612880457,42.3995544765437],[-84.0720607376873,42.3996754045177],[-84.0722824821241,42.3997745137923],[-84.0726665813779,42.3999289216397],[-84.0728277684957,42.3999968832631],[-84.0729017890581,42.4000280920421],[-84.0730069618155,42.4000724360024],[-84.0731169693601,42.4003198062904],[-84.0732048944457,42.400495580528],[-84.0734032270146,42.4008089415585],[-84.0736319369056,42.4011225364913],[-84.0737174393155,42.4012517843221],[-84.0739266265346,42.4015680002351],[-84.0739555814336,42.4000015715948],[-84.0739706269059,42.3991872297553],[-84.0788578596038,42.3990014570894],[-84.0788775434048,42.3979156484317],[-84.0795627420945,42.3978895852656],[-84.0837643513296,42.3977296782984],[-84.0837305825677,42.3996297903304],[-84.0836888694552,42.4014397935746],[-84.0836663024411,42.4032470303955],[-84.0836246946019,42.4055874655127],[-84.0836021047549,42.4068580779367],[-84.0836019942869,42.40686427561],[-84.081898346848,42.4069255067178],[-84.0787121295988,42.4070399556483],[-84.0774628808034,42.4070848015304],[-84.0774382975433,42.4070856839103],[-84.077443316548,42.4071017077142],[-84.0774742334915,42.4072003983747],[-84.0776434318485,42.4077423963156],[-84.0779072729712,42.408343318861],[-84.0780606557905,42.4089296612416],[-84.0781195001133,42.4092587753184],[-84.0780450232863,42.4093810759735],[-84.0778900648903,42.4094773663736],[-84.0777114785336,42.4095518633027],[-84.077451974373,42.4098811431623],[-84.0773033748243,42.4099440433808],[-84.0771918019105,42.4099140081551],[-84.0771112508341,42.4098923229392],[-84.0768671430986,42.4099238883616],[-84.0765408813444,42.4098856299426],[-84.0763632355741,42.4099055186207],[-84.0761114506397,42.4100848727661],[-84.0761069697489,42.4100947851893],[-84.0760943431224,42.4101227230881],[-84.0760202895804,42.4101231120691],[-84.075562500846,42.410125546847],[-84.0753382522346,42.4101267361903],[-84.0748408130529,42.4101293722052],[-84.0746644911834,42.4101303057598],[-84.0737682575663,42.4101350539638],[-84.0734347265569,42.4101424062903],[-84.0733665399192,42.4101439088261],[-84.0713246632585,42.4101888752437],[-84.0688794290587,42.4102426748468],[-84.0639906606685,42.4103468691964],[-84.0597505989687,42.4104323001424],[-84.059721217011,42.4098558172193],[-84.0597322959713,42.409355416627],[-84.0596982228305,42.4091211533969],[-84.0596980853494,42.4091069744634],[-84.0596952317432,42.4091005948163],[-84.0596892419846,42.4090594099601],[-84.0595851911551,42.4088506336671],[-84.0595681453768,42.4088164297841],[-84.0595543738449,42.4087887966082],[-84.0593367161313,42.4083520630776],[-84.0591408449756,42.4079125869321],[-84.0591416621148,42.4078627989179],[-84.0591469211268,42.4075423774997],[-84.0590055070314,42.4075455186635],[-84.0589983288563,42.4075456780437],[-84.0586339669225,42.4066002153916],[-84.0586338589864,42.406599937863],[-84.0586165438596,42.4065550064075],[-84.0581883378175,42.4054438459936],[-84.0580355313577,42.4050739240254],[-84.0580307586738,42.405063658149],[-84.0578095941542,42.4045879240149],[-84.0577045210256,42.4043619037848],[-84.0574588323657,42.404060945921],[-84.0573841168039,42.4039994395654],[-84.0570820084421,42.4037507493797],[-84.0570409274154,42.403716932586],[-84.0564690068986,42.4033089753853]]],[[[-83.9803237629362,42.4494839358889],[-83.9804443366668,42.4517610417182],[-83.9853433125978,42.4517862614756],[-83.9908011899489,42.4517566100907],[-83.9909286903927,42.4531277510852],[-83.9931451981035,42.4531156340125],[-83.9928629436543,42.4494401828128],[-83.9951342579929,42.4494226931918],[-83.9953617005537,42.4531034686679],[-83.9954555209668,42.454417441183],[-83.995617742288,42.4566892438408],[-83.9958768094532,42.4603169849314],[-83.9961359232231,42.4639447267729],[-83.9963748847162,42.4672225466737],[-83.996389200928,42.4674189018216],[-83.9914779267326,42.4674015447521],[-83.9891594504624,42.4674042916862],[-83.9875950138075,42.4673257654594],[-83.9869691494491,42.4672153807891],[-83.9865293767448,42.4671216217046],[-83.9864061103131,42.467095339784],[-83.9859462108834,42.4669593999144],[-83.985482927528,42.4667723365073],[-83.9849758426434,42.466542649197],[-83.9845525642534,42.4663158172315],[-83.9839639823787,42.4659515710472],[-83.9831016980728,42.4653858162526],[-83.9828157688579,42.4651927627375],[-83.9827522550366,42.4651498800395],[-83.9823946264162,42.4649084084471],[-83.9813873398946,42.4642286814987],[-83.9793776232815,42.4628761671267],[-83.9792415031761,42.4627850279521],[-83.977893438873,42.4620005501326],[-83.9769214271922,42.461486055472],[-83.9762531157747,42.4613186625026],[-83.9762502075013,42.4613179380126],[-83.9761492726634,42.4612929322515],[-83.9755192181111,42.4611318814447],[-83.9755110437745,42.4611299511708],[-83.9754993053414,42.4611277052506],[-83.9754893982507,42.4611262635008],[-83.9748846003737,42.4610511096123],[-83.9748825899577,42.4610508670321],[-83.9748710413864,42.4610498027859],[-83.9736024528495,42.4609627216534],[-83.9724439876497,42.4608743445573],[-83.9713047473907,42.4607849223114],[-83.9712715750713,42.4607825487744],[-83.9710794979274,42.4607668683649],[-83.9700128939953,42.4607475770722],[-83.9690337112796,42.4607085062266],[-83.9688694675293,42.460705471165],[-83.9688451247328,42.4603769692477],[-83.9667427035979,42.460374699049],[-83.966362485984,42.4603742887522],[-83.9662199405889,42.4584543134125],[-83.9662452943212,42.458456816076],[-83.9662525284436,42.4585375923975],[-83.9664005016388,42.4585692708873],[-83.9666020723494,42.4583827638172],[-83.9666859079041,42.4582919357451],[-83.9671363608565,42.4576744807567],[-83.96752457146,42.4579079470541],[-83.9694551272337,42.4579527717188],[-83.9694224581469,42.4570566337091],[-83.9694103041364,42.4567232507459],[-83.9709943289359,42.4567304672887],[-83.9707192682358,42.4530813865285],[-83.9658204276682,42.4530555178919],[-83.9655751813102,42.4494387807712],[-83.9665942148664,42.4494419610395],[-83.9665878329601,42.4493753875751],[-83.9662599522121,42.4459551182966],[-83.9662472808344,42.4458229332008],[-83.9653299627296,42.4458220450515],[-83.9651077870044,42.4425449336523],[-83.9650847632679,42.4422053150814],[-83.9700356487331,42.4421993743041],[-83.9725195739925,42.4421853214661],[-83.9747830382489,42.4421925714296],[-83.9749865249576,42.4421932208367],[-83.9747761455505,42.4385570471638],[-83.9747760436213,42.4385552661362],[-83.9747811378482,42.4385552428026],[-83.9747810956241,42.4385533844787],[-83.9747199123735,42.4367700518119],[-83.974717881742,42.4367108722373],[-83.9747178799622,42.4367108154514],[-83.9747178774706,42.436710743338],[-83.9796545613054,42.4359827033695],[-83.9824903914695,42.4355564637169],[-83.9829399828855,42.4355240614231],[-83.9832426269489,42.4354706313716],[-83.9834408011059,42.4354005896395],[-83.9844065051475,42.4350341370916],[-83.9845531889597,42.4349784744762],[-83.9845759849343,42.4349703917898],[-83.9846092963538,42.4358054594276],[-83.9846102262124,42.4358287577766],[-83.9846439100066,42.4366732017054],[-83.9847175905961,42.4385206326842],[-83.984888295819,42.4421802721443],[-83.984904128035,42.4427902024405],[-83.9849356508291,42.4440046073892],[-83.9849788228038,42.4446212660844],[-83.9850641053346,42.4458394153828],[-83.9801305730416,42.4458353959816],[-83.9803029546524,42.4490312780919],[-83.9803237629362,42.4494839358889]]],[[[-83.9754269243301,42.4498037841403],[-83.9754361436677,42.4499215252295],[-83.9778918567278,42.4499289631456],[-83.9778566778085,42.4490239207999],[-83.9753818260543,42.4490245348724],[-83.9754075534725,42.4494690958982],[-83.9754269243301,42.4498037841403]]],[[[-83.9088753547984,42.4210253731607],[-83.9089270894421,42.4209380004048],[-83.9086306969255,42.4210489132538],[-83.9085352734658,42.4211357942182],[-83.9083270490303,42.4211243813811],[-83.9084969832768,42.4210089568711],[-83.9085087138958,42.4210009406227],[-83.9082643198751,42.4208202798632],[-83.9081188116947,42.4205653237608],[-83.9081063328085,42.4203651968094],[-83.9079914661521,42.4201536381774],[-83.9080005104414,42.4198872821443],[-83.908093429339,42.4196674763856],[-83.9082266875224,42.4194355913309],[-83.9082636485251,42.4193093096065],[-83.9081543710019,42.4192155027707],[-83.9079841547618,42.4191929043643],[-83.9077919262193,42.4191921315483],[-83.9075476200872,42.4191362018019],[-83.9071114284995,42.4190247516791],[-83.9068238146304,42.4189906696531],[-83.9066617281703,42.4188857406694],[-83.9065902870137,42.4185282771482],[-83.9066599159142,42.4180888567228],[-83.9069054934839,42.4177271705553],[-83.9072408217121,42.417541711473],[-83.9073150994231,42.4174689782357],[-83.9074868476173,42.4173008015727],[-83.9076134304436,42.4171089121241],[-83.9078085148724,42.4168238495209],[-83.9080487302392,42.4163960559112],[-83.9081986174783,42.4161439301201],[-83.908392920125,42.4158149353584],[-83.9084369816468,42.4157665032039],[-83.9085119803511,42.4156840667474],[-83.9084416440369,42.4156070924819],[-83.9085589218711,42.4154835894668],[-83.9082918005637,42.4153914604121],[-83.9082871102511,42.4153914919024],[-83.9083438242577,42.414980762078],[-83.9084117237093,42.4149232763501],[-83.9087969104243,42.4146109687526],[-83.9091220067623,42.4143781710569],[-83.9090847130959,42.4146194729958],[-83.9089633415198,42.4154047728566],[-83.9089320167746,42.4156074006873],[-83.9089894611768,42.4156120916853],[-83.9090378163343,42.4155975112044],[-83.90919177736,42.4156012464773],[-83.9093126660354,42.4156041798149],[-83.9096959686801,42.4156027322765],[-83.9097443957163,42.4156025487731],[-83.9099777771928,42.4155853260926],[-83.9101270719051,42.4154973058865],[-83.9104543673378,42.4152566519834],[-83.9106922842933,42.415142274923],[-83.9109737568823,42.4151100713622],[-83.9110672396132,42.4145652256582],[-83.9112055472415,42.4145624121185],[-83.9112145494362,42.4151555488043],[-83.9114682736091,42.4151818274089],[-83.9116833022726,42.415294162694],[-83.911842976072,42.4157170879712],[-83.911697902727,42.4159192266528],[-83.9115037558717,42.4160665527048],[-83.9116718885528,42.4160427267734],[-83.9119227322393,42.4159395837729],[-83.9123082839229,42.4157257456719],[-83.9126870694801,42.4157112252526],[-83.9133572491102,42.4154703346451],[-83.9140945319299,42.4154678067655],[-83.9143104837663,42.4154629265629],[-83.9144806349489,42.4178583189195],[-83.9144992405225,42.4181202279508],[-83.9146624954473,42.4204183864723],[-83.9147376049421,42.4214755494762],[-83.9129887509053,42.4213797836708],[-83.9125380790499,42.4213551003375],[-83.9101284871857,42.4212230984422],[-83.9090275415889,42.4211627736731],[-83.9086641243853,42.4211428538122],[-83.9087487432092,42.4210832353659],[-83.9088753547984,42.4210253731607]]],[[[-84.0352296923166,42.3758044930151],[-84.0378064406215,42.3757146811561],[-84.0383038729436,42.3756978255078],[-84.0384230275825,42.3756931814005],[-84.0400993870692,42.3756347120204],[-84.0401277626607,42.375633722197],[-84.0401301788399,42.3757711390212],[-84.0401306626006,42.3757986135664],[-84.0407726209685,42.3757762164365],[-84.0408711992627,42.3757727763945],[-84.0409281820165,42.3790096358989],[-84.0382774602055,42.3792181931573],[-84.0379494593054,42.3792498509618],[-84.0379595488315,42.3797946809578],[-84.0379840431661,42.3811174432471],[-84.0379841777824,42.3811247334946],[-84.0379845353515,42.3811440531156],[-84.037395778999,42.3811692360707],[-84.0373977921345,42.3812839713874],[-84.0374147332367,42.3822492757821],[-84.0374148102541,42.3822536444597],[-84.0354785580218,42.3823367482167],[-84.0349237819631,42.3823605525919],[-84.0348748122206,42.3795639038454],[-84.0348500216603,42.3781480194809],[-84.0348490191714,42.3780907689128],[-84.0348215779415,42.3765233555601],[-84.0348213398127,42.3764601637454],[-84.0348194559353,42.3764022076387],[-84.0348092486002,42.3758191423199],[-84.0352296923166,42.3758044930151]]],[[[-84.0746977593592,42.4127483497184],[-84.0746224010696,42.4128538423475],[-84.0745200486854,42.4127986882848],[-84.0743603842666,42.4127840783178],[-84.0741720715983,42.4129172913711],[-84.0739710987078,42.4129434992218],[-84.0738402832813,42.4130302389064],[-84.0737370045892,42.4131303493443],[-84.0736636029047,42.4131383781692],[-84.0735904634769,42.4131463781271],[-84.0733687988029,42.4130856152156],[-84.0730496016182,42.4129981152813],[-84.0726359205693,42.4128709948156],[-84.0723432393751,42.4128414028701],[-84.0715806906635,42.4129532596151],[-84.0708539373384,42.4130138034994],[-84.0703348719162,42.4130175261121],[-84.0698025082591,42.4130393303753],[-84.0696121480735,42.4131352258785],[-84.0693268004872,42.4132724502554],[-84.0692280932521,42.4134327125161],[-84.0691606876054,42.4137323678565],[-84.0691005690714,42.4138361774877],[-84.0689578794556,42.4140825654602],[-84.0688411653136,42.414106699216],[-84.0688474747041,42.4133437366842],[-84.0688481554866,42.4132613459341],[-84.0646872200993,42.4133500440194],[-84.0639595406643,42.4133655404403],[-84.0639793436844,42.41103306213],[-84.0688674260874,42.4109288718908],[-84.0736141090125,42.4108254198856],[-84.0737555528584,42.4108223404169],[-84.0749668354779,42.4107937845659],[-84.0770251717248,42.4107452296976],[-84.0770265215469,42.4108347907868],[-84.0770346566212,42.4113745415256],[-84.0769529450282,42.4113854412396],[-84.0762606804688,42.4114777856415],[-84.075780565399,42.4115418291216],[-84.0757831331211,42.411991514958],[-84.0751047862218,42.4120646082847],[-84.0751014300511,42.4125133996098],[-84.0747331186235,42.4125627254333],[-84.0746977593592,42.4127483497184]]],[[[-84.0064535611737,42.3891966570348],[-84.0067568003558,42.3891202671205],[-84.00700824084,42.3891427637625],[-84.0070305889096,42.3892032600821],[-84.0070154027938,42.3892967295247],[-84.0070812168404,42.3893518118051],[-84.0073163196983,42.3893610043191],[-84.0073257891516,42.3909164084662],[-84.007327634664,42.3912209036583],[-84.0073292690962,42.3914887356385],[-84.0048816211188,42.3914991433859],[-84.0045016274944,42.3915007545689],[-84.0024429657881,42.3915094610753],[-84.0024410358789,42.3911878017433],[-84.002625147423,42.3909414594474],[-84.0028632514606,42.3906727658144],[-84.00308607995,42.3904533529539],[-84.003323296356,42.3903054277102],[-84.0036133556625,42.3901908021836],[-84.0042649812747,42.3900052105116],[-84.0047619769258,42.3898800599215],[-84.0053927787278,42.3897274390822],[-84.0058660672225,42.3897009560361],[-84.0061101202546,42.3896464629556],[-84.0062153445785,42.3894929365144],[-84.0063117825909,42.3893061787018],[-84.0064535611737,42.3891966570348]]],[[[-83.9796095450417,42.463403193564],[-83.9792488208138,42.4636951360016],[-83.9785675092488,42.4636227002553],[-83.9783805434939,42.4636028209476],[-83.9770116128362,42.4634572636785],[-83.9769061819783,42.4628137490074],[-83.9765710443794,42.4625711723779],[-83.9765353897063,42.4617567432897],[-83.9765319068202,42.4616771741874],[-83.9767500968379,42.4617312231481],[-83.9769375357644,42.461830755146],[-83.9776740648277,42.4622218545754],[-83.979007177654,42.4629977967023],[-83.9796095450417,42.463403193564]]],[[[-83.9963236493977,42.4230244248433],[-83.9963091859893,42.4231184757391],[-83.9962120038484,42.4232558017966],[-83.9960408749819,42.4233533901724],[-83.9958994097856,42.4233573369816],[-83.9956754048405,42.423304772336],[-83.995415217111,42.4232904078314],[-83.9952813833062,42.423316444101],[-83.9949836044264,42.4232428564526],[-83.9948654027095,42.4231157466044],[-83.9949618222537,42.4229783998985],[-83.9950580958761,42.4230559949287],[-83.9951543635567,42.4230399776336],[-83.995251748083,42.423013001533],[-83.9952739772086,42.4229138907746],[-83.9952299577852,42.422842157025],[-83.9953191261866,42.4227875939822],[-83.9953711655456,42.4226830948885],[-83.9953559807485,42.4225894932248],[-83.9954082408913,42.4225016151953],[-83.9954459208204,42.4224413371508],[-83.9955121174924,42.4223921269176],[-83.9956016897105,42.4223485459746],[-83.9956487301513,42.4224030471264],[-83.9961661846381,42.4226775245907],[-83.9962783257125,42.4227357653847],[-83.9963008738294,42.4228137281653],[-83.9963164816395,42.422941252542],[-83.9963236493977,42.4230244248433]]],[[[-84.0029363196766,42.4119694426293],[-84.0029246614246,42.412149405596],[-84.0029161029314,42.4122815254111],[-84.002451215996,42.4122809362978],[-84.0012474811131,42.4122794001121],[-84.001271844093,42.4119102286618],[-84.0023879201567,42.4119469745377],[-84.0029363196766,42.4119694426293]]],[[[-84.0539138449142,42.4348779404373],[-84.0533173673204,42.4348745537238],[-84.0533149359677,42.4348252031732],[-84.0582302814429,42.4348528308681],[-84.0582326827215,42.4349023699136],[-84.0550682869543,42.4348844865496],[-84.0539138449142,42.4348779404373]]],[[[-84.0111929851151,42.4141406366721],[-84.0111306718121,42.4141395535323],[-84.0110270969444,42.4141377544051],[-84.0107104710036,42.4141322517283],[-84.0106955818722,42.4139947463797],[-84.0106774498906,42.4138273202465],[-84.011202072634,42.4138539587606],[-84.0111973312274,42.4140034708982],[-84.0111929851151,42.4141406366721]]],[[[-84.0191395455461,42.4288805121025],[-84.0192016837705,42.4287528799795],[-84.019541782251,42.4288477747182],[-84.0194853502453,42.4289769140515],[-84.0194226457259,42.4291059434346],[-84.0193124228701,42.429075053543],[-84.0192381444373,42.429054236851],[-84.0190769651596,42.4290090660527],[-84.0191395455461,42.4288805121025]]],[[[-84.0436624911843,42.3795105186428],[-84.0436821057075,42.3795032526926],[-84.0438683743809,42.3797830134339],[-84.0437094824244,42.3798536267115],[-84.0435788725131,42.3796574622607],[-84.0435476222847,42.3796105252321],[-84.0435037221335,42.3795445907706],[-84.0435620888318,42.3795391387034],[-84.0436112000419,42.3795284252076],[-84.0436624911843,42.3795105186428]]],[[[-84.0197786907383,42.4293492724322],[-84.0197191848885,42.4294824852473],[-84.0196063858503,42.4294507979354],[-84.0195502563313,42.4294350297237],[-84.0193743515994,42.4293856147635],[-84.0194345722421,42.4292548839654],[-84.0197786907383,42.4293492724322]]],[[[-84.0193620200705,42.4292350185229],[-84.0193001766045,42.4293647837308],[-84.0191972707598,42.4293358751621],[-84.0191252254979,42.4293156365686],[-84.0189514677433,42.4292668237192],[-84.0190137081962,42.4291389863087],[-84.0193620200705,42.4292350185229]]],[[[-84.043806980535,42.3794450634724],[-84.0438258128004,42.3794301797537],[-84.0439520996017,42.379619851662],[-84.0439604425075,42.3796323822727],[-84.0439766633067,42.3796567444176],[-84.0439916455249,42.3796792471922],[-84.0440159228562,42.3797157088343],[-84.0439763509749,42.3797338013253],[-84.0439399416073,42.3797504482224],[-84.0438871473616,42.3797745868673],[-84.0438849891111,42.3797713466463],[-84.0438463130156,42.3797132571919],[-84.043832901035,42.3796931141274],[-84.0438143864229,42.3796653057791],[-84.0437335588287,42.3795439105256],[-84.0437016648927,42.3794960073928],[-84.0437296093703,42.3794856564928],[-84.0437711961813,42.3794661344999],[-84.043806980535,42.3794450634724]]],[[[-84.0253788149157,42.3981490974546],[-84.025296435159,42.3981533939418],[-84.0252689026148,42.3981548293153],[-84.0251551760453,42.3981607595943],[-84.0251550281555,42.3979800074916],[-84.0253741391753,42.3979335593705],[-84.0253788149157,42.3981490974546]]],[[[-84.0702513191268,42.3734121216495],[-84.069884713768,42.3734867568866],[-84.069824212639,42.3733875557346],[-84.0701900667624,42.3733124140825],[-84.0702513191268,42.3734121216495]]],[[[-83.9714909055474,42.4613582247003],[-83.9714274044102,42.4612646088605],[-83.9714108861018,42.4612402566094],[-83.9713277586495,42.4611177072898],[-83.9712880426874,42.4610591573044],[-83.9714756671707,42.4610741577877],[-83.9714787363945,42.4611313578463],[-83.9714909055474,42.4613582247003]]]]},"properties":{"Facility":"Pinckney Recreation Area","District":"Rose Lake","Acres":11475.32374588}},{"type":"Feature","id":32,"geometry":{"type":"Polygon","coordinates":[[[-84.2285562339557,42.0602051251537],[-84.2286507824521,42.0602094596404],[-84.2288034709305,42.0602164591177],[-84.2288179382009,42.0627470829599],[-84.2288128600944,42.062747102947],[-84.2288110960546,42.0627471099742],[-84.2288023278414,42.0627471450369],[-84.2287977055799,42.0627471623769],[-84.2239658767489,42.0627663054133],[-84.2231723254131,42.0627694320171],[-84.2230767745525,42.0627698092905],[-84.2230503819683,42.0627307998565],[-84.2229305176727,42.0625536317312],[-84.2226384187459,42.0621134793291],[-84.2215431979586,42.0605161028164],[-84.2206536674564,42.0592186670081],[-84.2206078781237,42.059151880924],[-84.2207492077721,42.059136508459],[-84.2211767358055,42.0590898890181],[-84.2214304205407,42.0590620301976],[-84.2225158902512,42.0589332552533],[-84.2237923514048,42.0587818130338],[-84.2239390310835,42.0587630754406],[-84.2252127380022,42.0586049629848],[-84.2263613732354,42.0584619267546],[-84.2265525904377,42.0584359499365],[-84.2275290288279,42.0582906493491],[-84.2280379755066,42.0582560959773],[-84.2284282553579,42.0591240571811],[-84.2284280457131,42.0591266023816],[-84.2284296803372,42.0591265942003],[-84.2284357888719,42.0601996040373],[-84.2284587275824,42.0602006551652],[-84.2285562339557,42.0602051251537]]]},"properties":{"Facility":"Cambridge Junction Historic State Park","District":"Rose Lake","Acres":64.02427628}},{"type":"Feature","id":35,"geometry":{"type":"MultiPolygon","coordinates":[[[[-83.5736553215342,42.5768431686654],[-83.5739199666824,42.5797802771245],[-83.5740054342061,42.5811712849594],[-83.5740061250668,42.5811825287124],[-83.5740089674904,42.5812287793037],[-83.5733861161545,42.5812563253387],[-83.5733248228792,42.5805585222697],[-83.5732939599061,42.5802071560932],[-83.5732924410279,42.5801898584423],[-83.572635178602,42.5802190697465],[-83.5727219914056,42.5812435290211],[-83.5727255511603,42.5812855356108],[-83.5720745635064,42.5813143185481],[-83.5720116156472,42.58024678029],[-83.5719891425196,42.5798656589379],[-83.5712074533899,42.5799002165405],[-83.571071890625,42.579906208731],[-83.5711551138127,42.5813179424548],[-83.5711572904973,42.5813548688387],[-83.5702387988993,42.5813954648562],[-83.5680820824727,42.5814942582605],[-83.5652781387552,42.5816226388342],[-83.5627981762452,42.5817361280413],[-83.5625343640019,42.5817481974603],[-83.5625337303767,42.5817348196972],[-83.5625278772808,42.5816113525873],[-83.5622058385056,42.5816219412596],[-83.5620945447577,42.5816244663658],[-83.5620132364406,42.5816242899489],[-83.5619420511081,42.5816219647104],[-83.5618680301507,42.5816179465854],[-83.5618031634358,42.5816133398126],[-83.5617494940618,42.5816084237124],[-83.5616950054907,42.581601135804],[-83.5616323571505,42.581591888566],[-83.5615727414539,42.5815811437823],[-83.5615145218381,42.581567067862],[-83.5614675716254,42.581553418447],[-83.561390827033,42.5815268986005],[-83.561316434874,42.581498943067],[-83.5612377720348,42.5814645599541],[-83.5611659934326,42.5814304229431],[-83.561091731238,42.5813922627791],[-83.5610167350194,42.5813481046608],[-83.5609522696892,42.5813079697503],[-83.5608808657907,42.5812567432181],[-83.5608258896517,42.5812121512419],[-83.5607649459753,42.5811533426739],[-83.5607118480893,42.5810971578286],[-83.5606645585108,42.5810416670499],[-83.5606300328934,42.5809961758144],[-83.5605995704351,42.5809492390999],[-83.5605708171129,42.5808986095806],[-83.5605453387577,42.5808455355493],[-83.5605215098277,42.5807923079956],[-83.5604989652041,42.580734355921],[-83.5604815225839,42.580684556605],[-83.5604646129223,42.5806293039009],[-83.560448916547,42.5805637629326],[-83.5604383571546,42.5805104773215],[-83.5604286411991,42.5804364187805],[-83.5602438061541,42.5804459559428],[-83.5603026526977,42.5814657393965],[-83.5603048819078,42.5815043798337],[-83.5573613842786,42.5815970702538],[-83.5544178803459,42.5816896844307],[-83.5495188033953,42.581843661127],[-83.5470822610257,42.5819338468997],[-83.5468734392293,42.5783390990528],[-83.5445544652958,42.5784177150631],[-83.5444337942922,42.5784218044981],[-83.5445508032698,42.5804107689255],[-83.5446420175476,42.5819611818443],[-83.5446457124781,42.5820239801214],[-83.539772597949,42.5822040925398],[-83.5367424507103,42.5823219109308],[-83.5366322537376,42.5804930646161],[-83.5365953833861,42.5798811393049],[-83.5357965410744,42.5799121873268],[-83.5356875904025,42.5799164209481],[-83.535746602683,42.5808960651817],[-83.5357520269591,42.580986114647],[-83.534770908944,42.5810242380256],[-83.5300198545854,42.5812088031178],[-83.5299970697871,42.5812096880675],[-83.5298518544716,42.5812153258386],[-83.5298964165398,42.5820107395435],[-83.5299010020091,42.5820925862007],[-83.5297013880619,42.5820992345755],[-83.5296176007286,42.5821020251754],[-83.5294737167922,42.5821068168622],[-83.5294933681977,42.5824576163756],[-83.5294970320697,42.5825230318113],[-83.5295013875202,42.5826007823923],[-83.5294648678184,42.5826019989132],[-83.5260567021732,42.5827154523165],[-83.5260542887561,42.5827155327299],[-83.5258969884421,42.5827207663188],[-83.5257260470936,42.5794218585688],[-83.5257077862554,42.5790694225653],[-83.5248361780961,42.5790980255052],[-83.5250253504246,42.5827497643938],[-83.5201220013163,42.582912767968],[-83.5203476745944,42.5865567583007],[-83.5153495133042,42.5866453730373],[-83.5151256465637,42.5830311463306],[-83.5149470599545,42.5793945396235],[-83.5199480865973,42.5792583130259],[-83.5197741900198,42.5756038547448],[-83.5196235145597,42.5719854066756],[-83.5195143868077,42.5693644833665],[-83.5195057354874,42.569156693464],[-83.5194728544744,42.5683669544756],[-83.5193878425474,42.5676379684637],[-83.5193525724015,42.5676268503286],[-83.5176690179459,42.5670961164145],[-83.5175825336771,42.5670673902408],[-83.5174944990927,42.5670337027532],[-83.5174077632676,42.5669966103726],[-83.5173213037773,42.5669526598971],[-83.517253264515,42.5669125463578],[-83.517190210205,42.5668639621276],[-83.5171489169719,42.5668227209166],[-83.5171181324443,42.5667799947286],[-83.5170991539875,42.5667323805223],[-83.5170817838272,42.5666736456171],[-83.5170736249392,42.5666168287994],[-83.5170693030568,42.5665633352402],[-83.5170688533726,42.5662899654545],[-83.5170687338698,42.5661222241003],[-83.5170656750868,42.5660648780717],[-83.5170536215877,42.5660182739412],[-83.5170332066643,42.5659774922059],[-83.51700579921,42.5659374151333],[-83.5169550920082,42.5658706570727],[-83.5170096706934,42.5657754094761],[-83.5170442238258,42.5657039918783],[-83.517073689567,42.5656362984147],[-83.5170912284121,42.5655745912164],[-83.5171048795999,42.5654950854538],[-83.5171089326478,42.5654342535273],[-83.5171119306678,42.5653776768496],[-83.5171068364113,42.5653312258873],[-83.5170915445604,42.5652785440391],[-83.5170645863485,42.5652273207609],[-83.5170317246651,42.565178542367],[-83.5169784988852,42.5651188929804],[-83.5169126965328,42.565049777348],[-83.5168597446169,42.5649942871733],[-83.5168181839666,42.5649464379738],[-83.5167841288558,42.5648984909073],[-83.5167555507797,42.5648496706804],[-83.5167238055881,42.5647821740145],[-83.5167018659806,42.5647216221697],[-83.5166871630328,42.5646543646103],[-83.5166813922525,42.5645958849472],[-83.5166819049122,42.5645255289279],[-83.5166770527975,42.5644730768245],[-83.516665276198,42.5644196137079],[-83.5166462642473,42.5643728563248],[-83.5166184052783,42.5643281880104],[-83.5165768205569,42.5642812237827],[-83.5165282079249,42.5642375418307],[-83.5164654859653,42.5641921014509],[-83.5163020621535,42.5640983492002],[-83.5162808056064,42.5641249124164],[-83.5162523131491,42.5641405899488],[-83.5162160467127,42.5641475141365],[-83.5161812170528,42.5641476058325],[-83.5161372814569,42.5641432059327],[-83.516118640801,42.5641736880646],[-83.5161125850093,42.5642087374824],[-83.5161160497331,42.5642379900911],[-83.5161311819421,42.5642657833479],[-83.5161569939211,42.5642878053154],[-83.5162212398493,42.564335558748],[-83.5162400237536,42.5643591422066],[-83.5162517807884,42.5643842863007],[-83.5162506407478,42.564412579841],[-83.5162381441291,42.5644346159971],[-83.5162085114949,42.5644785861556],[-83.5162789912716,42.5645444970223],[-83.5162981635644,42.5645677899146],[-83.516307765357,42.5645794565243],[-83.5163249756221,42.5646133019417],[-83.5163372355977,42.5646547619596],[-83.5163471267253,42.5647156612396],[-83.5163558380244,42.5647693028519],[-83.5164095317771,42.5647999225717],[-83.5164464841285,42.5648209942122],[-83.5141124170581,42.5648826147212],[-83.514099962603,42.5648829429899],[-83.5141285396227,42.5651952427297],[-83.51426546382,42.5666915486869],[-83.5120027433643,42.5667512461596],[-83.5092688266443,42.5668233157498],[-83.5091485817361,42.5650135019611],[-83.5089376948386,42.561839211516],[-83.5089081090681,42.5613938708454],[-83.5089042995801,42.5613381601462],[-83.5089438981129,42.561327020753],[-83.508983849162,42.5613157828215],[-83.5090684636562,42.561291655072],[-83.5091445033075,42.5612680397472],[-83.509167869455,42.561259926632],[-83.5092168006736,42.561242936306],[-83.5092968944234,42.561213086817],[-83.5093418501276,42.5611961879478],[-83.5093692779415,42.5611858779251],[-83.5094466074212,42.5611538591443],[-83.5095279330623,42.5611170103975],[-83.5096074170376,42.5610787163989],[-83.5096870131426,42.5610376139427],[-83.5097608281145,42.5609984910738],[-83.5098319355457,42.5609557956943],[-83.5099059759088,42.5609110577535],[-83.5099772816097,42.5608634485254],[-83.5100447315523,42.5608171595879],[-83.5101074623378,42.5607700628311],[-83.5101771801321,42.5607146894179],[-83.5102402212889,42.5606598722265],[-83.5103032919435,42.5606043520317],[-83.5103745544505,42.5605342572816],[-83.5104401196046,42.5604640376547],[-83.5105029771845,42.5603902446409],[-83.5105721554002,42.5603011330445],[-83.5106425949182,42.5602043211256],[-83.5109259524179,42.5598009475648],[-83.5112508467723,42.5593338485059],[-83.5113173152523,42.5592411648893],[-83.5113756782657,42.5591609486731],[-83.511424955358,42.5590938818605],[-83.5114879237549,42.5590172798842],[-83.5115506369483,42.5589469967226],[-83.5116190187158,42.5588775403898],[-83.5116960881056,42.5588047629546],[-83.5117739653392,42.5587355168871],[-83.511865278696,42.5586630535298],[-83.5119563639884,42.5585962059288],[-83.5120058289545,42.5585638952132],[-83.511980539454,42.5585645617856],[-83.5112564589179,42.5585836531244],[-83.5127864751265,42.55777817282],[-83.517816018777,42.5575924367601],[-83.5184243199155,42.5575699580923],[-83.5184216705586,42.5575239726155],[-83.523336958405,42.5573492408502],[-83.5233663422397,42.5578352075758],[-83.5256211361433,42.5577258295464],[-83.525830420087,42.5577174752055],[-83.5259557617729,42.5577131739945],[-83.5260752214729,42.5577131455307],[-83.5261887553049,42.5577138680733],[-83.5262908589609,42.5577178867439],[-83.5263877842968,42.557722704391],[-83.5264922235599,42.5577322030493],[-83.5266025713626,42.5577444204254],[-83.5267290422416,42.5577622733358],[-83.5268431449985,42.5577808630419],[-83.5269538340802,42.5578030157011],[-83.527054991154,42.5578258962202],[-83.5271627611396,42.5578542010229],[-83.5272633543265,42.5578832745305],[-83.5273513855288,42.5579119329174],[-83.5274522801449,42.5579461652262],[-83.5275488898301,42.5579832008745],[-83.5276388344733,42.5580198525],[-83.5277236384531,42.5580571562553],[-83.5278156560963,42.5580993713114],[-83.527862503143,42.5581236148164],[-83.5283135947595,42.558143798448],[-83.5301178949723,42.5602566729524],[-83.5305370517929,42.5607474901184],[-83.5334571691051,42.5606576546156],[-83.5336812596788,42.563525079043],[-83.5359321859397,42.5642191182528],[-83.5387148834631,42.5646057262764],[-83.5485871278312,42.5659795041457],[-83.5491728205523,42.5660751713917],[-83.5498299893805,42.5660595706427],[-83.5534965049812,42.5659724582409],[-83.5546655729483,42.5659446575352],[-83.5594366198109,42.5658310781016],[-83.5594348286995,42.5657974938796],[-83.559421071229,42.5655394731318],[-83.5595303348487,42.5655350547779],[-83.5643501707696,42.5653400377804],[-83.5643453982738,42.5652552742735],[-83.564247730792,42.563520400377],[-83.5640428674572,42.5598811248689],[-83.5641747632444,42.5598754803208],[-83.5689539918743,42.559670834087],[-83.569916719791,42.559629585957],[-83.5718643509272,42.5631980290776],[-83.5738115505199,42.5667616545158],[-83.5743593629031,42.5677602740502],[-83.5751441827302,42.569194318903],[-83.5752584743462,42.5693910601613],[-83.5753465788766,42.5695378089787],[-83.5754594966413,42.5697194734964],[-83.5755603206074,42.5698707181666],[-83.5757054196203,42.5700749663824],[-83.5758270735147,42.5702370595961],[-83.5758674262995,42.5702868671159],[-83.5759489865048,42.5703875347231],[-83.576103025839,42.5705709356692],[-83.5762630357442,42.5707504106369],[-83.5764435651299,42.5709377219312],[-83.5766397102645,42.5711317343284],[-83.5768198605781,42.5712998583201],[-83.5770119661622,42.5714692650332],[-83.5772475860908,42.5716637362387],[-83.5774531685158,42.5718229821008],[-83.5776389995861,42.5719586760914],[-83.5778154462135,42.5720834518952],[-83.5779857522522,42.5721988774413],[-83.5783034115579,42.5724049004115],[-83.5787764141973,42.5726994172068],[-83.5796827703456,42.5732649638328],[-83.5803992047906,42.5737119921111],[-83.5848941137387,42.5765160007666],[-83.5848998943472,42.5765970096089],[-83.5849246851379,42.576944499708],[-83.5849330586079,42.5770618813416],[-83.5849421098189,42.5771887459943],[-83.582250092207,42.5772737432539],[-83.5820511595016,42.5772800220262],[-83.5799433290505,42.5773465261587],[-83.5799814567354,42.5779462186407],[-83.5798500221021,42.5778167576596],[-83.5796300218757,42.5775839221343],[-83.5794294226119,42.5773691639552],[-83.5792104397059,42.5773788092613],[-83.5794732807084,42.5776570564297],[-83.5798663206279,42.5780731285685],[-83.5799964070644,42.5781813505673],[-83.5800212424484,42.5785719539311],[-83.5800258096657,42.578643790131],[-83.5800300259306,42.5787101007533],[-83.5800304200047,42.5787162975284],[-83.580168363058,42.5808858018072],[-83.5801686050118,42.5808896034119],[-83.5801728268516,42.5809559960916],[-83.5793439593478,42.5809926967578],[-83.5769574797561,42.5810983331518],[-83.5769409105792,42.5810990663422],[-83.5768991285934,42.581100915467],[-83.5768990333384,42.5811009197267],[-83.5752058280724,42.5811758378173],[-83.5749846294039,42.5775648588937],[-83.5749600384275,42.5771634005493],[-83.5749544550984,42.5770722555839],[-83.5749503544824,42.5770053129247],[-83.5749000376332,42.576999723653],[-83.5747696539808,42.5769788988863],[-83.5747179549812,42.5769649157925],[-83.5746653328408,42.5769449055754],[-83.5746164617349,42.5769181110987],[-83.5741597527486,42.576574480077],[-83.5741081103241,42.5765296058211],[-83.5740657825265,42.5764840733531],[-83.5740272058244,42.5764317566525],[-83.5739183879056,42.576246636959],[-83.5738512601495,42.5762117259017],[-83.5738254573506,42.5761941661584],[-83.5738082910974,42.5761824841496],[-83.5737082170199,42.5760996674641],[-83.5735999200731,42.5762282707088],[-83.5736553215342,42.5768431686654]]],[[[-83.5793844676945,42.5771674114214],[-83.5794433545549,42.5772283379304],[-83.5799354323113,42.5772097703898],[-83.5806492386823,42.5771872535139],[-83.5800072078965,42.5765550910357],[-83.579885384707,42.5764351381309],[-83.5788166939809,42.5754430396822],[-83.5788114852724,42.575438204395],[-83.5779459772472,42.5758435834502],[-83.5780210490472,42.5759055421555],[-83.5784426522597,42.5762534984473],[-83.5789903269699,42.5767646814358],[-83.5791757266805,42.5769514392368],[-83.5793844676945,42.5771674114214]]],[[[-83.5650538037545,42.5707982406564],[-83.5649543630619,42.5707608994769],[-83.5648798769214,42.5707640055686],[-83.5647983670074,42.5707674049911],[-83.5647926007746,42.570767645344],[-83.5646580665904,42.5707732564418],[-83.564729504493,42.572029833159],[-83.5648737222956,42.5720886613943],[-83.5648746471394,42.5720890390255],[-83.5648814366109,42.5720918090789],[-83.5658429775049,42.5724840295667],[-83.5659738593956,42.5725374144371],[-83.5660749488331,42.5725786470499],[-83.5665475006327,42.5727713907033],[-83.5666752736092,42.5727677008437],[-83.5669187947191,42.5727606666745],[-83.5679087022196,42.5727320705945],[-83.567913668248,42.5728163865493],[-83.5679289759085,42.573076313566],[-83.5680905957456,42.5730716790815],[-83.5684439766965,42.5730615449055],[-83.5689687176398,42.5730464956202],[-83.5690003721184,42.5730455878917],[-83.5694631755312,42.5730323119965],[-83.5695341449966,42.5724047758354],[-83.5695346338886,42.572400447596],[-83.569496568273,42.5723883496115],[-83.569177388326,42.5722681987275],[-83.5689984416026,42.5722066371952],[-83.5689176034547,42.5721788267374],[-83.568213174021,42.5719364861636],[-83.5678652350428,42.5718097041369],[-83.5675826397026,42.5717040676006],[-83.5674395017563,42.5716537832679],[-83.5669765477776,42.5714996325648],[-83.5668379818458,42.5714511623409],[-83.5664689295364,42.5713175996769],[-83.5655949230909,42.5710012834936],[-83.5650538037545,42.5707982406564]]],[[[-83.5848673677945,42.5761410974532],[-83.5809416082111,42.5736921563239],[-83.5796581697881,42.5728913415745],[-83.5790151999658,42.5724901409404],[-83.5785449009184,42.5721973083995],[-83.5782330920782,42.5719950802255],[-83.5780686630021,42.5718836389499],[-83.5778971948575,42.5717623849027],[-83.57771736396,42.5716310724968],[-83.5775195978383,42.5714778797455],[-83.5772919299099,42.5712899745811],[-83.5771070218563,42.5711269140193],[-83.5769332906865,42.5709647807062],[-83.576742781221,42.5707763458144],[-83.5765686008892,42.5705956237405],[-83.576415053008,42.570423396248],[-83.5762847023532,42.5702682005981],[-83.5762652209118,42.5702450069109],[-83.5761479803952,42.5701002974656],[-83.5760313591163,42.5699449128284],[-83.5758904492654,42.5697465623379],[-83.5757939498317,42.569601805577],[-83.5756841353082,42.5694251378803],[-83.5755983682274,42.569282282856],[-83.5754860508084,42.5690889654986],[-83.5747026355171,42.5676575001089],[-83.57420125302,42.5667438584321],[-83.5743133566867,42.5667387393664],[-83.5742009540495,42.566743310554],[-83.5722543205024,42.5631807681468],[-83.5740889855068,42.5630995476824],[-83.5738646384687,42.5594603526065],[-83.5787752564132,42.5592496613015],[-83.5785814330405,42.5556637271984],[-83.5835095185311,42.5554990233446],[-83.5843486800004,42.555470956425],[-83.5843815613867,42.5555091730412],[-83.5844713312861,42.5556175029006],[-83.5846234243047,42.5557941019131],[-83.584807318357,42.5559885434064],[-83.5850129283494,42.5562212068668],[-83.5852155831852,42.5564701112792],[-83.5852905138931,42.5565721162283],[-83.585364050543,42.5566800976244],[-83.5854115007629,42.5567428991428],[-83.5854659083303,42.5568058487457],[-83.5855250569923,42.5568663250617],[-83.5855922225457,42.556929547833],[-83.585693307035,42.5570158088549],[-83.5859917718471,42.5572487426494],[-83.5860614928825,42.5573060134904],[-83.5861254388953,42.5573658705689],[-83.586191119958,42.557434073838],[-83.5862389074733,42.5574883001517],[-83.5862819888843,42.5575441419171],[-83.5863292043645,42.5576129443542],[-83.5865010048385,42.5578787741442],[-83.586557824696,42.5579696669522],[-83.5866108923832,42.5580669118912],[-83.5866495878837,42.5581458291734],[-83.5867366963524,42.5583519252491],[-83.5867530698833,42.5584080536713],[-83.5867624512564,42.558464890084],[-83.5867650419372,42.5585172901105],[-83.5867603580138,42.5586665027762],[-83.5867573541986,42.5589876005354],[-83.5867235271073,42.5626039382947],[-83.5839567493541,42.5627035842636],[-83.5841899794888,42.5663198957085],[-83.5792382796917,42.5665137213555],[-83.5794760549845,42.5701253888043],[-83.5844364246193,42.5699375836546],[-83.5848673677945,42.5761410974532]]]]},"properties":{"Facility":"Proud Lake Recreation Area","District":"Metro Detroit","Acres":3032.63061059}},{"type":"Feature","id":36,"geometry":{"type":"MultiPolygon","coordinates":[[[[-83.490938798569,42.8317870878409],[-83.4860471306247,42.8319104662183],[-83.4859390724319,42.82829569265],[-83.4810271294137,42.8284083095733],[-83.4808988227427,42.824782980165],[-83.4807724556585,42.8211769167042],[-83.4758152067652,42.8212788038619],[-83.4733365789534,42.821329666892],[-83.4731890991099,42.8177211960098],[-83.4756747680567,42.8176711346415],[-83.4806460981311,42.8175708507712],[-83.4831314917727,42.8175207646542],[-83.4856168835796,42.8174706257546],[-83.4894284992806,42.8173936278028],[-83.4894752535376,42.8193149900291],[-83.4906344480743,42.8192915489399],[-83.4906317771,42.8191818647015],[-83.4943216615349,42.819088657164],[-83.4942774366192,42.8172769787419],[-83.4954754962017,42.8172466894085],[-83.4979194081419,42.8171848632071],[-83.5003633174221,42.817122984188],[-83.5004262422807,42.8194937038884],[-83.5028658532516,42.8194319269943],[-83.502867387045,42.8194924982232],[-83.505306922856,42.8194309147708],[-83.5052483410115,42.8169997142973],[-83.5101333501425,42.8168762377877],[-83.5100600286584,42.8132704007339],[-83.5099867119704,42.809664560396],[-83.5098996228001,42.8060424139539],[-83.5086792104434,42.8060727466247],[-83.5085942434575,42.8024521470589],[-83.5098125400406,42.8024202641975],[-83.5096992297261,42.7988195172822],[-83.5096700602888,42.7978925186714],[-83.5096455672252,42.7978324839107],[-83.5096133929736,42.7977639865463],[-83.5094328010353,42.7974193508135],[-83.5093651009143,42.7972788497831],[-83.5093292108162,42.7971871027748],[-83.5092970564418,42.7970894310367],[-83.509278852708,42.7970212422043],[-83.5092655145824,42.7969480111722],[-83.5092548530121,42.7968662583022],[-83.5092486390756,42.796789752784],[-83.5092405700727,42.7966728753055],[-83.5092377483767,42.796541527413],[-83.5092471100592,42.7959668184353],[-83.5092495332295,42.7958784900487],[-83.5092566321516,42.795761089048],[-83.5092648597162,42.7956445714368],[-83.5092792218821,42.7955204657912],[-83.509300916918,42.7953879408755],[-83.5093152393535,42.7953221837772],[-83.5093391385504,42.7952452263006],[-83.50934733969,42.7952242247713],[-83.5095859288429,42.7952187670778],[-83.5095302989869,42.7933163894276],[-83.5144620106414,42.7933769733162],[-83.5145092202822,42.7950984649852],[-83.5186438558198,42.7949972709532],[-83.5194461676645,42.7955120487291],[-83.5224848576038,42.7974286259265],[-83.5231508047392,42.7978579563163],[-83.5240191853967,42.7983986888401],[-83.5241545823451,42.7984796123653],[-83.5244212197465,42.7984733254276],[-83.5244258158797,42.7986420189763],[-83.5245766568879,42.7987326753054],[-83.5248534298895,42.7988906149393],[-83.5251417770556,42.799050523397],[-83.5254337919491,42.7992062205529],[-83.525746555117,42.7993675203755],[-83.5260379271004,42.7995103311867],[-83.5263192382808,42.799642623297],[-83.5265811376379,42.7997650525355],[-83.5268558462509,42.7998877604643],[-83.5271249417398,42.8000051964908],[-83.5273724707147,42.8001084309905],[-83.5276315747577,42.800213635124],[-83.5278793474189,42.8003108668558],[-83.5281511466292,42.8004128871559],[-83.5284522778788,42.8005224675898],[-83.5287258043312,42.8006168281595],[-83.5293890570357,42.8008338856773],[-83.5297850379391,42.8009634724004],[-83.5306662783206,42.8012452945129],[-83.5308973219523,42.8013241350959],[-83.5311065210921,42.801395634475],[-83.5313143154695,42.8014731079642],[-83.5314955391543,42.8015448533713],[-83.5316673802662,42.8016181088868],[-83.5318469924111,42.8017009739638],[-83.5320228701224,42.801789762402],[-83.5322065190418,42.8018881603657],[-83.5322903733828,42.8019368870809],[-83.5319267586783,42.8019420573469],[-83.5320713219421,42.8020195129479],[-83.5322458830155,42.8021209501636],[-83.5324208536879,42.8022300966435],[-83.5325833424779,42.8023355390368],[-83.5327287803109,42.8024364768115],[-83.5329387292338,42.8025962198858],[-83.533149134521,42.8027666594802],[-83.5332557860493,42.8028597550223],[-83.5331462440251,42.8029247081794],[-83.5334520259231,42.8032101048382],[-83.5335444132794,42.8032110465856],[-83.5337428439491,42.8034301966072],[-83.5338316869005,42.8034309680115],[-83.5338587816574,42.803461202909],[-83.5339678665274,42.8035910917038],[-83.5340668469606,42.8037159475718],[-83.5341610915655,42.8038492060205],[-83.5342575051272,42.8040032522983],[-83.5343285739974,42.8041232461809],[-83.5344003180995,42.8042531651516],[-83.5344663789468,42.8043820061139],[-83.5345237739344,42.804503316004],[-83.5345805851085,42.8046314813198],[-83.5346252488156,42.804746265119],[-83.534664232138,42.8048555450653],[-83.5347971010282,42.8052379963809],[-83.5346838597484,42.8052638448853],[-83.5345441898913,42.8052978310143],[-83.5343756954083,42.8053450751826],[-83.5341976867438,42.805394425923],[-83.5340289139,42.8054486064808],[-83.5310338542907,42.8064378805573],[-83.5303935750489,42.8064517037524],[-83.5303871650393,42.8061920047074],[-83.5303474771956,42.8045841635797],[-83.5294988240299,42.8050873193187],[-83.5295110880383,42.805584446997],[-83.529138250554,42.8055931845153],[-83.5291548433144,42.8062659512132],[-83.5291734178721,42.8070190434957],[-83.5292056534823,42.8083259786786],[-83.5295785006805,42.808316949977],[-83.5355185451384,42.8071404228777],[-83.5355775851774,42.8072569888783],[-83.5356803606737,42.8074425080466],[-83.5357711531256,42.8076015679069],[-83.5358825739778,42.8077841303822],[-83.5360055882219,42.8079748793042],[-83.5361305740062,42.8081555300202],[-83.5362589245911,42.8083210671504],[-83.5363773625032,42.808470603191],[-83.5364879367741,42.8086082222955],[-83.5366300630852,42.8087752644896],[-83.5367674000126,42.8089279072468],[-83.5368687163394,42.8090333436007],[-83.537139542319,42.8090274503219],[-83.5372398952505,42.8091259449193],[-83.537394657845,42.8092769043892],[-83.5375701380015,42.8094343218192],[-83.5377289458202,42.8095716397611],[-83.5378901519874,42.8097072944564],[-83.5380425934271,42.8098290280037],[-83.5382632482952,42.8099934340689],[-83.5384821263806,42.8101440727588],[-83.5389872088217,42.8104811354303],[-83.539624429577,42.8108968204362],[-83.5445857273787,42.8141329685347],[-83.5442179470364,42.8144368765321],[-83.5446252214737,42.8147024504033],[-83.5446948693302,42.8146436692588],[-83.5447338317369,42.8160931782297],[-83.539768597805,42.8161918644841],[-83.539789890223,42.8178249058362],[-83.5398156372951,42.819799559599],[-83.5398626786342,42.8234072514482],[-83.5399424299164,42.8270190262383],[-83.5400221880481,42.8306307977778],[-83.535033832067,42.8307235432429],[-83.532851422219,42.8307640516058],[-83.5328432251763,42.8303561646342],[-83.5300375864131,42.8304081801645],[-83.5294268215527,42.8304218330062],[-83.5294346653345,42.8308297307909],[-83.5251590716497,42.8309252440906],[-83.5202726661181,42.8310342064354],[-83.5153778907795,42.8311506970271],[-83.5153575242634,42.8302448442912],[-83.5141272688034,42.8302740908926],[-83.5141476174779,42.8311799427677],[-83.5119591177034,42.831231935165],[-83.511918359006,42.8297220444876],[-83.5104423779378,42.8297570875016],[-83.5104831008866,42.8312669783437],[-83.5055978441803,42.8313842960413],[-83.5007125727725,42.8315014070794],[-83.4958256949789,42.8316443517756],[-83.490938798569,42.8317870878409]]],[[[-83.5119983461716,42.8207460231707],[-83.5119916459639,42.8204369006451],[-83.5102113516006,42.8204797115168],[-83.5102180325797,42.8207883671806],[-83.5119983461716,42.8207460231707]]],[[[-83.5935818242295,42.8016537253226],[-83.5936834021701,42.8043452006226],[-83.5937629626689,42.8043703060569],[-83.5938433888298,42.8043994765026],[-83.5939328267517,42.8044365617784],[-83.5940403219092,42.8044886180444],[-83.5941658756118,42.8045556461765],[-83.5943961579017,42.8046858255692],[-83.5946154708455,42.8047986097426],[-83.5950112347891,42.8049880845161],[-83.5952009497914,42.8050830763955],[-83.5955207110993,42.8052494809163],[-83.5956692846987,42.8053238607418],[-83.5957940132904,42.8053822888565],[-83.5962956644119,42.8055990347105],[-83.5964468323454,42.8094451322868],[-83.5971095148007,42.8094332678722],[-83.5969705635728,42.8058989635723],[-83.5972697352191,42.8060254742117],[-83.597602919547,42.8061767121403],[-83.5977487913237,42.8062440123219],[-83.5984900196075,42.8065859857538],[-83.5987441668303,42.8066972256118],[-83.5993931186601,42.8069827892845],[-83.5994937151297,42.807028031959],[-83.6007621080074,42.8075984753009],[-83.6010095664941,42.8077155118383],[-83.6016865864642,42.8080147591594],[-83.603104245965,42.8086557769474],[-83.6031889037534,42.8086961847971],[-83.6032790141534,42.8087461482454],[-83.603368991798,42.8087995401479],[-83.6034451306529,42.808849206256],[-83.6035325102162,42.8089094074147],[-83.6036830199015,42.8090241469558],[-83.603783364144,42.8090977707516],[-83.6043665459402,42.8095256489713],[-83.6051812757083,42.8101087498551],[-83.605650884603,42.8104679316005],[-83.6056573090762,42.8104726044018],[-83.6038399331242,42.8105054752043],[-83.6039850694695,42.8141169584073],[-83.6058307943501,42.8140883357506],[-83.6058927154327,42.8154593802678],[-83.6077507798301,42.8154304724363],[-83.6077564866748,42.8154303833417],[-83.608020683995,42.8212760864582],[-83.6067844146488,42.8212984469296],[-83.6068375376548,42.823737724174],[-83.6073982366435,42.8245703301491],[-83.6072982791954,42.8246067874451],[-83.6067416185888,42.8237727080252],[-83.6067239015995,42.8232780468578],[-83.6038259241415,42.8234884733244],[-83.6038871690501,42.8249373801687],[-83.6028052709486,42.824949552272],[-83.5997635572719,42.8236961794596],[-83.5997633549135,42.8236960967885],[-83.5996680954825,42.8236580353709],[-83.5995969258357,42.8236299236722],[-83.599527883993,42.8236070063704],[-83.5994413375381,42.823584574859],[-83.5994114989035,42.8235789549209],[-83.599326348602,42.8214330626174],[-83.5961936918893,42.8214894619954],[-83.5960889611411,42.821396898268],[-83.5960458820135,42.8213659495029],[-83.5959525003581,42.8213099060516],[-83.5959095222954,42.8212763856547],[-83.5958724005968,42.8212421312976],[-83.5956733182195,42.8209984974964],[-83.5956333429156,42.8209478796708],[-83.5955918658635,42.8209058104804],[-83.5955295935631,42.8208590081418],[-83.5953606060946,42.8207395745686],[-83.595305948649,42.8207066639647],[-83.5952249078695,42.8206628943853],[-83.5951647633641,42.8206212863706],[-83.5951163002327,42.8205790683584],[-83.5949752773774,42.8204301966464],[-83.5949398605321,42.8203822501875],[-83.5948994822386,42.8203419202309],[-83.5948631902418,42.820316263781],[-83.5947959587544,42.8202770784861],[-83.5948143172535,42.8202251270439],[-83.5948194264935,42.820184048889],[-83.5948112877263,42.8201538440499],[-83.5947938992906,42.8201217253572],[-83.5947623669657,42.8200935964277],[-83.5946839259615,42.8200430172894],[-83.5946469078751,42.8200061909843],[-83.5946295868654,42.8199723584797],[-83.5946181894197,42.8199360774038],[-83.594612649415,42.8198990624714],[-83.5945867267806,42.8197577889422],[-83.5945626875198,42.8197169480658],[-83.5945383452501,42.8196838237264],[-83.5945010568802,42.8196538560961],[-83.5944543518086,42.8196262617681],[-83.594397129672,42.8195993020916],[-83.594322684711,42.8195617547636],[-83.5941580574736,42.8155465690871],[-83.5952036596281,42.8155307109136],[-83.5950925371118,42.8128213323861],[-83.5940409035176,42.812810098093],[-83.5939464758213,42.8106833456037],[-83.5921954126097,42.8107146381019],[-83.5930321964601,42.81286418923],[-83.5929465689172,42.8128745487371],[-83.5928176660777,42.8128923968428],[-83.5926969140174,42.812910418414],[-83.5925420889102,42.8129354370818],[-83.5924169522461,42.8129571404367],[-83.5923140577389,42.8126928229912],[-83.5915578317926,42.8128239765779],[-83.5913128153922,42.812866305725],[-83.5910669321781,42.8129062430327],[-83.5907712403016,42.8129494376767],[-83.5904719843246,42.8129895980827],[-83.5903418675623,42.81300633472],[-83.5904452187642,42.8132718456627],[-83.5901884545786,42.8133048711205],[-83.5898676263408,42.8133426503065],[-83.5895045721243,42.8133872492521],[-83.5893716275565,42.8134023110667],[-83.5891270025342,42.8134301501234],[-83.5889954318544,42.8107717545179],[-83.5840140250765,42.8107779308613],[-83.5840884088175,42.8125552755423],[-83.5790930121776,42.8125528932443],[-83.5791452103738,42.8140818355381],[-83.5778060426512,42.8140978819194],[-83.5778143639595,42.8143417828785],[-83.5741684979911,42.8143958061302],[-83.5741479335844,42.8137028123798],[-83.5702437910142,42.8135263445859],[-83.5702421506106,42.8134791549062],[-83.570232533143,42.8133266341039],[-83.5702252172282,42.8131841433537],[-83.5702130448522,42.8130292803452],[-83.5701954913271,42.8128820652393],[-83.5701718839881,42.8127296553791],[-83.5701420039006,42.8125831265879],[-83.5700984672388,42.8123954143394],[-83.5700449024077,42.8122035047027],[-83.5700036983218,42.8120600998207],[-83.5699555137576,42.8119115775289],[-83.5698943273586,42.811745108992],[-83.5698246531096,42.8115797578689],[-83.5697313646743,42.8113779971495],[-83.5696500796657,42.8112147123687],[-83.5695377101038,42.8110088080532],[-83.5694605100781,42.8108810020117],[-83.5694577786641,42.8108764786331],[-83.5690928741475,42.8108799915981],[-83.5690790989056,42.8103348137425],[-83.5690790881779,42.8103343747943],[-83.5690790207153,42.8103317266251],[-83.5690659081284,42.8103153769415],[-83.5690615862441,42.8103099878567],[-83.5689071644407,42.8101174426319],[-83.5688908015381,42.8100986429562],[-83.5687255548403,42.8099087825258],[-83.5684879599444,42.809664479849],[-83.5682528387644,42.8094376497423],[-83.5680408193786,42.8092534564722],[-83.5677940660132,42.809056241233],[-83.5677490333792,42.8090224810337],[-83.5675609842498,42.8088815032597],[-83.5669371998149,42.8084152665314],[-83.5669340382334,42.8084153291037],[-83.5654567616734,42.8084444521268],[-83.5650983082348,42.8081710961698],[-83.5647005034666,42.8078737409893],[-83.5641046274862,42.8074307057132],[-83.5629625209942,42.8065815220517],[-83.56076208915,42.8049470061145],[-83.562234289115,42.8049220545175],[-83.5622344115331,42.8049220526533],[-83.5589739688771,42.8024998017343],[-83.5575079761491,42.8014105933775],[-83.5556665869226,42.8000426861647],[-83.5556662447371,42.800042431929],[-83.5556663675997,42.8000427868228],[-83.5558875005321,42.8006807932103],[-83.5556714797114,42.8011651332527],[-83.5540553077468,42.7999643175256],[-83.5512676721782,42.7978929429836],[-83.5490801830716,42.7962673688131],[-83.5490384561718,42.7951182912565],[-83.549038450571,42.7951181253761],[-83.5480181053694,42.7943598210098],[-83.546296179537,42.7930795829374],[-83.5489288965124,42.7909242528706],[-83.5490295298978,42.7908418627407],[-83.5491494198063,42.7907326857421],[-83.5533524126792,42.7869049412778],[-83.5551529306865,42.7868087764505],[-83.5551517230933,42.7868098295644],[-83.553741321522,42.7880387893331],[-83.5537430175694,42.7881115168262],[-83.5538840660977,42.7941598535084],[-83.568538252037,42.7936175969298],[-83.5685269435673,42.7932589713237],[-83.5725807947173,42.7931653781998],[-83.5733033894559,42.793318391916],[-83.5731783905579,42.79366858104],[-83.573656615924,42.793769845042],[-83.5737872251026,42.7934208443006],[-83.5791999792664,42.7945484724568],[-83.5792576447258,42.7945634367732],[-83.5793128464867,42.7945817805602],[-83.5793770228605,42.7946088972301],[-83.5794512697067,42.7946465263749],[-83.5795229864327,42.7946892496878],[-83.5795933014924,42.79473794986],[-83.5796542696328,42.7947873074236],[-83.5796820889132,42.7948134731936],[-83.5797205514064,42.7948496502196],[-83.5802089309013,42.7953466332888],[-83.5812194675462,42.7963185654078],[-83.5805324545347,42.7966519814891],[-83.5806620860125,42.8001805668272],[-83.5820689058621,42.8001542676929],[-83.5824562559279,42.7997015677302],[-83.5826098843509,42.7995289499082],[-83.5827004003868,42.7994201950115],[-83.5827937179496,42.7992994879368],[-83.582983439612,42.79906843457],[-83.5831933229836,42.798828373779],[-83.5835034557499,42.7984772248072],[-83.5837344645456,42.7986913089279],[-83.5838973289843,42.7988458106143],[-83.5841366581733,42.7990705919626],[-83.5843543072888,42.7992837549597],[-83.5845397658922,42.7994859327072],[-83.5846853728389,42.79963491685],[-83.5848359415623,42.7997762837874],[-83.5850605146952,42.7999913085521],[-83.5851714337326,42.8000962078811],[-83.5853705649055,42.8002845283858],[-83.5857160351912,42.8005956653202],[-83.5861352099055,42.8009881750801],[-83.586333958437,42.8011786206597],[-83.5864262546948,42.8012612499767],[-83.5864757802798,42.8013127772209],[-83.586533569196,42.8013768064225],[-83.5867405697184,42.801624060683],[-83.5870239584407,42.8019733378135],[-83.5871712690835,42.8021639519592],[-83.5872348774293,42.8022395512925],[-83.5873075865499,42.8023166141832],[-83.5873860492416,42.8023955150807],[-83.5874547091379,42.8024570453582],[-83.5875361083284,42.8025205636643],[-83.5876256908996,42.8025833989771],[-83.5877258554537,42.8026438854448],[-83.5878285500733,42.8026992774351],[-83.5879303499387,42.8027477857154],[-83.5880299575623,42.8027928148566],[-83.5881171285476,42.8028281402307],[-83.5882183050476,42.8028629059102],[-83.5883265361987,42.802896105914],[-83.5886669617803,42.802998042678],[-83.5885599045483,42.800032701136],[-83.588931818691,42.8000181538852],[-83.5900501720743,42.7999744101656],[-83.590115159007,42.8017732620628],[-83.591341689059,42.8017309734742],[-83.5919492734149,42.8017100270932],[-83.5935818242295,42.8016537253226]]],[[[-83.5741021458104,42.8072676335532],[-83.5739570110943,42.8072682876825],[-83.5739621133037,42.8074402581768],[-83.5741021458104,42.8072676335532]]],[[[-83.5775509955658,42.8054536365833],[-83.5788375180649,42.8050683191851],[-83.5788404721307,42.8051548493804],[-83.578895798126,42.8051461593595],[-83.5789824009647,42.8051368600676],[-83.5790489710594,42.8051331376219],[-83.5791246538835,42.8051347587214],[-83.5792093454243,42.805144294867],[-83.5792892453394,42.8051571614875],[-83.5798308066975,42.8052537082605],[-83.5798875893096,42.8052617886663],[-83.5799410476028,42.8052655070844],[-83.5799817990559,42.8052663796551],[-83.5800227210031,42.8052629659841],[-83.5800672369576,42.805257054603],[-83.5801083946849,42.8052476390402],[-83.5801509543641,42.8052322465695],[-83.580187862173,42.805212443199],[-83.580219116922,42.8051882280075],[-83.5802482460519,42.8051588198066],[-83.5803201251173,42.805079700515],[-83.5804072274034,42.8049691582036],[-83.5810255707462,42.8041243267517],[-83.5810799483461,42.8040456900225],[-83.5811162524179,42.8039821125389],[-83.5811393083628,42.8039294059114],[-83.5811780827264,42.8038032411281],[-83.5811886011747,42.803743401639],[-83.5811959994909,42.8036740570997],[-83.5811990451466,42.8035968954619],[-83.5812009947362,42.8035179951345],[-83.5811913930855,42.8032003043882],[-83.5811974584484,42.8031352211918],[-83.5812061557234,42.803062472179],[-83.5812180758166,42.8029966557641],[-83.5812363594302,42.8029172464812],[-83.5813994969045,42.8022677481993],[-83.58142478513,42.8021584569166],[-83.5814717530796,42.8019131966102],[-83.5816291753865,42.8012808846681],[-83.5798053389756,42.8008660424333],[-83.5794663889355,42.802125950062],[-83.5792834642519,42.8037261008081],[-83.5787919003938,42.8037318047705],[-83.5774860451961,42.8037567155863],[-83.5775509955658,42.8054536365833]]],[[[-83.5638472953097,42.8013139063259],[-83.5637610276334,42.7975560855858],[-83.5622346532787,42.7975951440639],[-83.5622284289492,42.7976172034352],[-83.5622100503985,42.7976691488852],[-83.5621845843451,42.7977235161288],[-83.5621522694667,42.7977743033669],[-83.5621143046392,42.7978206788325],[-83.5620657578752,42.7978693998026],[-83.5618895471373,42.7980400642223],[-83.5617736933271,42.7981522699667],[-83.5617180597156,42.7982034125784],[-83.5616565373973,42.798256144269],[-83.5615964173238,42.7983028992361],[-83.5615269153059,42.798351167909],[-83.5614454629479,42.7984069009006],[-83.5613477127302,42.7984622831058],[-83.5608326287735,42.7987566427778],[-83.5606897503228,42.798833359495],[-83.5605516306892,42.7989076058838],[-83.5603563999555,42.7990115090769],[-83.560279945028,42.7990587684183],[-83.5602260189882,42.7990962180542],[-83.5601800724186,42.7991381298065],[-83.5601385779102,42.7991852860637],[-83.5600917780288,42.7992486315704],[-83.5599326169596,42.7994708687386],[-83.5598675335234,42.7995544131457],[-83.5598015934921,42.7996302159407],[-83.5597095965488,42.7997166106135],[-83.559499374266,42.7999042805117],[-83.5594257917041,42.7999793018951],[-83.55936197783,42.800048044357],[-83.5593043917574,42.800118878831],[-83.5590498016313,42.8004257197265],[-83.5589092865428,42.8006022115428],[-83.5588449583441,42.8006830078482],[-83.5587789475725,42.8007605246792],[-83.5587266318129,42.800816027428],[-83.5586343925649,42.8009084229649],[-83.5585666017433,42.8010013464936],[-83.5585241827022,42.8010716505546],[-83.5584776896474,42.8011564533452],[-83.5584149402659,42.8012885533214],[-83.5584026469575,42.8013144343739],[-83.5583662896263,42.8013945274427],[-83.5583651816336,42.8013945485524],[-83.5581961200877,42.8013977133997],[-83.5583762672605,42.8015312567464],[-83.558932895784,42.8015208348336],[-83.5589461518446,42.8018367782609],[-83.5636804899869,42.8017693100656],[-83.5636614457183,42.8013165588151],[-83.5638472953097,42.8013139063259]]],[[[-83.5407665692052,42.8667843176225],[-83.5365197437694,42.8668504132251],[-83.5345163473891,42.8668815394805],[-83.5344599557995,42.8658934940781],[-83.534064570623,42.8658996326313],[-83.5340178530089,42.865080993634],[-83.5339147551362,42.8632743082329],[-83.5363380402849,42.8632382593448],[-83.536156354189,42.8596261020476],[-83.5367326991742,42.8585459551904],[-83.5368889170499,42.8582531739786],[-83.5361038072948,42.8583149561703],[-83.5338980547261,42.8586817970842],[-83.534201027458,42.8585641096007],[-83.5342971794245,42.8585224448782],[-83.5343590877519,42.8584911880014],[-83.5344198991462,42.8584581910574],[-83.5344667625042,42.8584240315457],[-83.5345055715793,42.8583871227236],[-83.534536362147,42.8583466068663],[-83.5345676002828,42.8582949454977],[-83.5345964744312,42.8582440911082],[-83.5346182518762,42.8581956566712],[-83.5350928758735,42.8570666073353],[-83.5325992954505,42.8580712963893],[-83.5332668052925,42.8589253696658],[-83.531767722452,42.8594978142615],[-83.5315273574945,42.8595869560663],[-83.5314421746174,42.8596168450105],[-83.5313737556973,42.8596359453824],[-83.5312937179606,42.8596539345303],[-83.531259375417,42.8596598756589],[-83.5312036389078,42.8582465782947],[-83.5287434491517,42.8582923315421],[-83.5286587964837,42.8561210159366],[-83.5285176574469,42.8525005505419],[-83.5309749625419,42.8524476395562],[-83.5308097862718,42.8488501276875],[-83.535709431122,42.8487557366546],[-83.5355533308569,42.8451421913704],[-83.540462023761,42.8450315607364],[-83.5403457272154,42.8414429259719],[-83.540229439249,42.8378542879163],[-83.5451625470366,42.8377613343721],[-83.5500956425205,42.8376681691641],[-83.5502287741117,42.8412796559146],[-83.5503619175329,42.8448911393497],[-83.5466494605462,42.8449438976808],[-83.546710908061,42.8467561556739],[-83.5479459794657,42.8467380768985],[-83.5480050152084,42.8485498274883],[-83.5504703275557,42.8485126189598],[-83.5505787465828,42.8521340943584],[-83.5543027280884,42.8520565871116],[-83.5542029163166,42.8484416045205],[-83.5554471115733,42.8484179055231],[-83.559179691751,42.8483467295245],[-83.5592680260177,42.8519530552948],[-83.5605093488003,42.8519271388415],[-83.5654323795436,42.8518242229551],[-83.570083411931,42.8517269441338],[-83.5703402482489,42.8517214139657],[-83.5703361664329,42.8516061591801],[-83.5704818784558,42.8517000917481],[-83.5703437486655,42.8518171375875],[-83.5703437408272,42.8518169031987],[-83.5700989285535,42.852023915923],[-83.57018289001,42.8524958175276],[-83.5702874945026,42.8530837376763],[-83.5704164231865,42.8538083577159],[-83.5704734248081,42.8553698144423],[-83.5705982908944,42.8590184768776],[-83.565605492584,42.859102101858],[-83.5606814581604,42.8591843638489],[-83.5557617029552,42.8592826283504],[-83.5508419346499,42.8593806823118],[-83.5509723395421,42.8630014565546],[-83.5462020762533,42.8630817592886],[-83.5463336484843,42.8666971462891],[-83.5462100382615,42.8666990853189],[-83.5461101610929,42.8639545332947],[-83.5423787563365,42.8640130092581],[-83.542478469012,42.8667575629188],[-83.5413173121583,42.8667757350113],[-83.5413024196539,42.8663706703969],[-83.5407516802479,42.8663792538718],[-83.5407665692052,42.8667843176225]]],[[[-83.5389002594954,42.8558904457366],[-83.5388615508811,42.8547463522159],[-83.5372654525805,42.8547553716594],[-83.5372466485906,42.8547871938507],[-83.5372071881698,42.8548403930378],[-83.537170368564,42.8548859267006],[-83.5371033837232,42.85495654539],[-83.5369991360342,42.8550546691375],[-83.5369071625674,42.855137614957],[-83.5368250282569,42.8552079035857],[-83.5367380947769,42.8552815198913],[-83.5364061619779,42.8555600258921],[-83.536135226466,42.8557800322235],[-83.5389002594954,42.8558904457366]]],[[[-83.5389955250857,42.8491422988299],[-83.5387081144706,42.8496046768988],[-83.5357484584445,42.8496591224496],[-83.5358655445666,42.8523692794454],[-83.5376144751496,42.852341206026],[-83.5376183132803,42.8523026087397],[-83.5376331357938,42.8522049041659],[-83.5376389433188,42.8521666263148],[-83.5376726796401,42.8519657155252],[-83.5377088764159,42.8517906001729],[-83.5377237468584,42.8517034492203],[-83.5377420338083,42.8515750892238],[-83.5377568918105,42.8514956132654],[-83.5377790856488,42.8514077154703],[-83.5378037131879,42.851317296911],[-83.5378354007102,42.8512253150078],[-83.53787829922,42.8511155591701],[-83.5380839963199,42.8506403781053],[-83.5381359038763,42.8505385403844],[-83.5381963828617,42.8504265924478],[-83.5382424230662,42.8503546587307],[-83.5384114943906,42.8501232292429],[-83.5384501296039,42.8500614310372],[-83.5384865390229,42.8499970106379],[-83.5385219893774,42.8499274209748],[-83.5385498284374,42.8498731098933],[-83.538581197927,42.8498180189252],[-83.5386196633796,42.8497469724057],[-83.5387081144706,42.8496046768988],[-83.5397686539737,42.849585149],[-83.5397575359161,42.8493106269262],[-83.5406347228867,42.8492944670166],[-83.5406090647272,42.848661137749],[-83.5405405609366,42.846970226246],[-83.5387931677856,42.8470715684015],[-83.5387179080952,42.8473991910844],[-83.5396723479263,42.8479060010422],[-83.5393454460589,42.8485020731819],[-83.5389955250857,42.8491422988299]]],[[[-83.5454758362054,42.8467742202852],[-83.5454119743798,42.8449614565684],[-83.5428857496085,42.8449972613519],[-83.542808287366,42.8426098906052],[-83.5409437664631,42.8426362821798],[-83.5410211572927,42.8450236525928],[-83.5419909590506,42.8450099300321],[-83.5420201538397,42.8456659810465],[-83.5420311907406,42.846059214921],[-83.5420381959968,42.8461752061909],[-83.5420826714225,42.8466651869572],[-83.5420850155566,42.8467228114759],[-83.5420839789265,42.8467777050006],[-83.54207825687,42.8468238484986],[-83.5454758362054,42.8467742202852]]],[[[-83.5742930541115,42.8179898012177],[-83.5742922621768,42.8179669673802],[-83.5742920142453,42.8179590435486],[-83.5742822211023,42.8176332699626],[-83.574259932054,42.8176334141529],[-83.5740583574361,42.8176347205147],[-83.5740458342184,42.8172782006607],[-83.5742696966044,42.8172767501212],[-83.5742057719891,42.815456955878],[-83.5742032564247,42.8153853433691],[-83.5742032383635,42.8153848105762],[-83.5742009652436,42.815320085802],[-83.575219470247,42.8152276803303],[-83.5752218060015,42.8152274682862],[-83.5752284653104,42.8154169555317],[-83.5759635954685,42.815337730096],[-83.5759629560845,42.8153188191532],[-83.5759571895123,42.8151482159195],[-83.5759939159206,42.8151437587278],[-83.5759938471124,42.8151431473736],[-83.5763201168311,42.8151041684769],[-83.5774945939055,42.8149524390004],[-83.577523395453,42.815660964869],[-83.5775923520718,42.8156611400281],[-83.5775993899366,42.8158358512169],[-83.5775279077613,42.8158356696844],[-83.5775766943115,42.8171332481052],[-83.5775767468091,42.8171346437524],[-83.5775789250181,42.817134611157],[-83.5775815577165,42.81713456578],[-83.5792459062952,42.8171077541748],[-83.5792557006743,42.8171075972814],[-83.5792557965945,42.8171101865878],[-83.5792711842972,42.8175292446736],[-83.5792777133577,42.8177070445598],[-83.579280523448,42.8177835845142],[-83.5792805560873,42.8177844617438],[-83.5792687655991,42.8177845299495],[-83.5792012796021,42.8177849215261],[-83.5791634626426,42.8177851404047],[-83.5780529709025,42.8177915840754],[-83.5780530112703,42.8177926677667],[-83.5780627498214,42.8180516061591],[-83.5780652627432,42.818118446601],[-83.578113776643,42.8194405005619],[-83.578115595689,42.8194900720649],[-83.5781427973169,42.8202313203294],[-83.5781429339453,42.8202350455826],[-83.578189509013,42.8215042429354],[-83.5781812741605,42.8215043088403],[-83.5771857876394,42.8215123250539],[-83.5771886610902,42.8215887474633],[-83.5781958443763,42.8215905425555],[-83.5782212455144,42.8215905867738],[-83.5844533590199,42.8216014967323],[-83.5845136064126,42.8238670991096],[-83.5895155859752,42.8238936349454],[-83.589500972815,42.8229628068105],[-83.5944406623242,42.8228867616184],[-83.5946011709771,42.8287117413459],[-83.5971047961539,42.8286264079559],[-83.5972306359069,42.8322990228681],[-83.5992927629376,42.8322462387059],[-83.5997219692878,42.8322352475194],[-83.604715239132,42.8321815228461],[-83.6048325685126,42.8358443165429],[-83.6036918450499,42.8358637748094],[-83.6038056652952,42.8396943640036],[-83.603714354345,42.8397290324146],[-83.603627831991,42.8397649526463],[-83.6035292903205,42.8398100570545],[-83.6030984626147,42.8400334559382],[-83.602442724255,42.8403700767855],[-83.6018014664249,42.840699257495],[-83.6000111986104,42.8416431653791],[-83.5999929462575,42.8416527889649],[-83.5999347173248,42.8416807265887],[-83.5998635378749,42.8417118214448],[-83.5997936236389,42.8417403685063],[-83.5997191163832,42.8417671027955],[-83.5996436799662,42.8417878104753],[-83.5995684115669,42.841804231851],[-83.5995049952556,42.8418157556232],[-83.5994393160462,42.8418255160994],[-83.5993515341081,42.8418339486653],[-83.5990102668817,42.8418541588125],[-83.5989260814738,42.8418600928262],[-83.5988440903627,42.8418695065057],[-83.5987666261308,42.8418824476002],[-83.5986924557878,42.8419006078397],[-83.598633430344,42.8419190888411],[-83.5985800612839,42.8419419806927],[-83.59853824168,42.8419676924791],[-83.5985044770639,42.8419961490782],[-83.5984704097095,42.8420323221797],[-83.5984372389433,42.8420753778554],[-83.5984065987582,42.8421133398537],[-83.5983793197803,42.8421548045684],[-83.5983541353651,42.842202321509],[-83.5983298139127,42.8422575779188],[-83.5980752933578,42.8429197388077],[-83.5980473410241,42.8429783502288],[-83.5980171594163,42.8430343405635],[-83.5979838195425,42.8430816841397],[-83.5979484510854,42.8431212607605],[-83.5979110215485,42.8431539300404],[-83.5978691011673,42.8431822131614],[-83.5978333418729,42.8432020466369],[-83.5977894937831,42.8432199921123],[-83.597746945916,42.8432345329819],[-83.5976987078951,42.8432455207021],[-83.5976494051324,42.8432539111618],[-83.5975861539889,42.8432611475813],[-83.5975288309089,42.8432659362324],[-83.5974587251648,42.8432695946933],[-83.5974231713925,42.8432707741131],[-83.5926562632931,42.8432987449821],[-83.5925271870694,42.8396772796783],[-83.5900535318538,42.8397054845108],[-83.5901802920795,42.8431039446602],[-83.5886401591902,42.843084915804],[-83.5880024062209,42.8430559530104],[-83.5878641470089,42.8430503908044],[-83.5877274184058,42.8430456583392],[-83.5875886989214,42.8430455334002],[-83.5874523995414,42.8430499776826],[-83.5873186183732,42.843056221384],[-83.5871807992681,42.8430662686105],[-83.5870398192602,42.843080633532],[-83.586902156333,42.8430971203089],[-83.5867613941081,42.8431191557448],[-83.5866420958311,42.8431404663723],[-83.5865220764485,42.8431645712245],[-83.5864065441912,42.8431933192191],[-83.5863003450207,42.8432216015272],[-83.5861833676903,42.8432587719953],[-83.5861453137158,42.843271628982],[-83.5860655530332,42.8432985774619],[-83.5858915142922,42.8433606268297],[-83.5854449437859,42.8435234531481],[-83.5852693515702,42.843262613873],[-83.5852690223988,42.8432626104459],[-83.5851705421861,42.8432615970814],[-83.5840115054239,42.8432496572127],[-83.5815559769592,42.8395956574125],[-83.5799640662577,42.8372264065418],[-83.5799235165765,42.8359421218168],[-83.5799025403658,42.835277737611],[-83.5799025229999,42.8352771859193],[-83.5791476107636,42.8341523195221],[-83.5778829689224,42.8341279143925],[-83.5766684683975,42.8323175011629],[-83.5742523159606,42.8287212731334],[-83.5755086114889,42.8287325800449],[-83.5730971736106,42.8251467496225],[-83.5730970441823,42.8251465567639],[-83.5718427978035,42.8251397438516],[-83.5709108146126,42.8237452565704],[-83.5708227834361,42.8236074387737],[-83.5707423011006,42.8234861606384],[-83.5706602394404,42.8233569444079],[-83.5705856305101,42.8232282044688],[-83.5705141786667,42.8231047563739],[-83.5702835207819,42.8226988244877],[-83.5701785316991,42.8225067129156],[-83.5700854631717,42.8223193139831],[-83.5700635303184,42.8222676136632],[-83.5700179177347,42.8221600954891],[-83.5699334954577,42.8219684257299],[-83.5698667713224,42.821804008831],[-83.5698216945468,42.8216770778513],[-83.569785631128,42.8215752843715],[-83.5700407699691,42.8215757556011],[-83.5711076671667,42.8215777233944],[-83.5711075623568,42.8215774346708],[-83.5710543262359,42.8214312289729],[-83.5709864028921,42.8212309176454],[-83.5709133971145,42.8210125979764],[-83.5708558842489,42.8208261032287],[-83.5708185030905,42.8206965597537],[-83.5707825258695,42.8205456259088],[-83.5706010455086,42.8196801070872],[-83.5705688156281,42.819497624642],[-83.5705404052666,42.8193322657353],[-83.5705229690833,42.8192134781363],[-83.5705184541838,42.819121567771],[-83.5705215662013,42.8190787035083],[-83.5705275752897,42.8190153358886],[-83.5705735456438,42.8187022992987],[-83.5707081806328,42.8180129683918],[-83.574285242502,42.8179898515971],[-83.5742930541115,42.8179898012177]]],[[[-83.5847833606973,42.8324231999838],[-83.5846454933395,42.8288263192345],[-83.5827898437773,42.8288052924307],[-83.5829184314604,42.8323980821696],[-83.5847833606973,42.8324231999838]]],[[[-83.4860471306247,42.8319104662183],[-83.4861990619435,42.8354961402571],[-83.4863510069819,42.8390818109532],[-83.4875694095098,42.8390576110317],[-83.4877243952755,42.8426696556034],[-83.4889422664735,42.8426447285364],[-83.4890575314042,42.845358761282],[-83.4889645683074,42.8453607203302],[-83.4890026782574,42.8462580380293],[-83.4866631063992,42.8463073044325],[-83.4868270904315,42.8499078858717],[-83.4819727513151,42.8500070364654],[-83.4817979487046,42.8464096020229],[-83.4769535645407,42.8464952868025],[-83.4771087291,42.8500983496949],[-83.4819727513151,42.8500070364654],[-83.4821475715099,42.8536044675229],[-83.4772639077133,42.8537014100948],[-83.4723802337985,42.853798145322],[-83.4674066392085,42.8539687651676],[-83.4624330213715,42.8541391707198],[-83.4622889216328,42.8504612179651],[-83.4635192518175,42.8504276810615],[-83.4633754278589,42.8467583012269],[-83.4632121787064,42.8431354894208],[-83.4669448716276,42.8430674481891],[-83.4671270089387,42.8466821220751],[-83.4721091720993,42.8465807666775],[-83.471933329372,42.8434272833792],[-83.4719082098337,42.8429767857967],[-83.4717072681724,42.8393728014596],[-83.4715305912475,42.8357641502786],[-83.4764235054623,42.8356852095511],[-83.4763390964244,42.8338899401971],[-83.4812359272885,42.8338198485641],[-83.4811554471563,42.8320336355964],[-83.4860471306247,42.8319104662183]]],[[[-83.5282010342515,42.8453131564892],[-83.5257574392838,42.8453736476796],[-83.5208702390606,42.8454944751779],[-83.5207209075324,42.8418813985341],[-83.515834201723,42.8419887663136],[-83.5156821363079,42.8383773999261],[-83.5155300071939,42.8347640501749],[-83.515453946653,42.8329573735587],[-83.520347392163,42.832842736178],[-83.5204221204321,42.8346512641517],[-83.5253198962141,42.8345419174558],[-83.5254807357929,42.838158586539],[-83.525619080758,42.8417661187634],[-83.5280681625248,42.8417084015401],[-83.5282010342515,42.8453131564892]]],[[[-83.5030153833645,42.8176327220192],[-83.5005094278402,42.8176959339967],[-83.5004941315076,42.8171196863959],[-83.503002974371,42.8170564009469],[-83.5030153833645,42.8176327220192]]],[[[-83.5514783554154,42.8273059775829],[-83.5512683444839,42.8274300106087],[-83.5511724446189,42.8274866487874],[-83.5509006682449,42.8276471586838],[-83.5506170275074,42.8274177886356],[-83.5511649289025,42.8270506371649],[-83.5514783554154,42.8273059775829]]]]},"properties":{"Facility":"Holly Recreation Area","District":"Metro Detroit","Acres":8079.72884611}},{"type":"Feature","id":42,"geometry":{"type":"MultiPolygon","coordinates":[[[[-83.4604080545251,42.671265700101],[-83.4593221131698,42.6723315241897],[-83.4594334976799,42.672016112175],[-83.45951865168,42.671774972039],[-83.4596625346277,42.671367523187],[-83.4592785032289,42.6713803647196],[-83.4592997039105,42.6718778004396],[-83.4593047738406,42.6719804431984],[-83.4593208918715,42.6723067920262],[-83.4593221131698,42.6723315241897],[-83.4604444656282,42.6722949481667],[-83.4612576816227,42.6722684399665],[-83.4613142690266,42.6734335290683],[-83.4642878656991,42.6733368884254],[-83.4643686302815,42.674998084654],[-83.46263096548,42.6745786415749],[-83.4617687800377,42.6743701238269],[-83.4604708121512,42.6740398613701],[-83.4602163140509,42.6739769074361],[-83.459818142265,42.6738866782726],[-83.4593967275788,42.6738177152782],[-83.4591284588767,42.673779874648],[-83.4588122452756,42.6737535703712],[-83.4584593367051,42.6737341172613],[-83.4578445803422,42.6737470175904],[-83.4573797559948,42.6737549682777],[-83.4573917837571,42.6740892397799],[-83.4573736956976,42.6740890993656],[-83.4572520625226,42.6740881582719],[-83.4570716363931,42.6740866586043],[-83.4568543203388,42.6740817669779],[-83.4566076321697,42.674075357846],[-83.4563926164219,42.6740679549494],[-83.4562603925974,42.6740624500068],[-83.4561620801439,42.6740552174625],[-83.4560651300669,42.6740471920807],[-83.4559870890859,42.6740379941979],[-83.4559103709632,42.6740278963134],[-83.4558393109231,42.6740172284892],[-83.4557721048109,42.6740050672169],[-83.4557003956907,42.6739903161875],[-83.455632339545,42.6739740599808],[-83.4555625790758,42.673955412177],[-83.4554834709423,42.6739306357344],[-83.4553976967423,42.6739015496036],[-83.4553177094112,42.6738701685037],[-83.4552429710799,42.6738387812517],[-83.4551622861006,42.6738012185103],[-83.4550859706003,42.6737640153996],[-83.4544628180346,42.673453594085],[-83.4544715959419,42.6736231104208],[-83.4549829519661,42.6738778417056],[-83.4550616659352,42.6739162124329],[-83.4551475591637,42.6739562006863],[-83.4552282762599,42.6739900992625],[-83.4553153616107,42.6740242655422],[-83.4554084925399,42.6740558453732],[-83.4554947048084,42.6740828467465],[-83.4555721695922,42.674103554603],[-83.4556469041766,42.6741214063033],[-83.4557250974764,42.6741374907848],[-83.4557987143346,42.6741508126731],[-83.4558755890039,42.6741623538066],[-83.4559561711869,42.674172960348],[-83.4560401487748,42.6741828576959],[-83.4561425403434,42.6741913335492],[-83.4562459604653,42.6741989405704],[-83.4563830695651,42.6742046492088],[-83.4566000462119,42.674212119685],[-83.45684823014,42.6742185679013],[-83.4570677642209,42.674223509457],[-83.4572500434807,42.6742250238062],[-83.4573758510492,42.6742259984853],[-83.4573967109719,42.6742261598391],[-83.4574143181703,42.6747154571469],[-83.4578791508606,42.6747075064169],[-83.4585147122717,42.6746977161702],[-83.4590011934283,42.6747263688893],[-83.4594460564049,42.6748002173273],[-83.4594977220196,42.6748087936152],[-83.4598157136265,42.6748797506359],[-83.4602250971616,42.6749890868386],[-83.4602311513941,42.6751659277722],[-83.4602402756506,42.6754324428325],[-83.4611856380193,42.6754237296922],[-83.4616012493285,42.675419896512],[-83.4616211337537,42.6758292477534],[-83.4616273792545,42.6759578213404],[-83.4616552393666,42.6765313455433],[-83.4621890941967,42.6765701210748],[-83.4626560013712,42.6766040319681],[-83.4626530987084,42.676752003707],[-83.4626220684921,42.6783337745811],[-83.4644581620222,42.6782594351636],[-83.4645270687344,42.678256644671],[-83.4645770055745,42.6792836273883],[-83.4695812685363,42.6791985663723],[-83.4727475547445,42.679145754003],[-83.4745815817661,42.6791151239248],[-83.4744061767817,42.675522035308],[-83.4743159340463,42.673673315469],[-83.4742307884262,42.6719289424535],[-83.4741120431796,42.6693883102848],[-83.4741380808852,42.6693451346189],[-83.4743368234042,42.6691671054528],[-83.4747029141141,42.6689928182273],[-83.4750192577399,42.6688645072941],[-83.4751792775,42.6688177037154],[-83.4751126842606,42.6673049266033],[-83.4743669713301,42.6672824066501],[-83.4743438546656,42.6667571190633],[-83.4743331166458,42.6665130927957],[-83.4743269255093,42.6663724057528],[-83.4748755482729,42.6663910788603],[-83.4749981701732,42.6663952524685],[-83.4749582975103,42.6654893835294],[-83.4749577432992,42.6654768025933],[-83.4750323034944,42.665478853122],[-83.4757841160558,42.6654995242689],[-83.4759020049419,42.6655045839648],[-83.4767218394905,42.6655555025061],[-83.4779344307649,42.6656308037233],[-83.4789140381917,42.665694273159],[-83.4794827406576,42.6657288573087],[-83.4795450657495,42.6657311462942],[-83.480792360757,42.6657769528097],[-83.4808990259946,42.665784480479],[-83.4809893573214,42.665793359994],[-83.4810691638203,42.665803720944],[-83.4811580169433,42.6658202908207],[-83.4812605659838,42.6658431723799],[-83.4812647452221,42.6658443493649],[-83.4813697693882,42.6658739247908],[-83.4814141928236,42.6658876550724],[-83.4814685169807,42.6659044448548],[-83.4815683217017,42.6659375622895],[-83.4816966419131,42.6659841875518],[-83.4823883796585,42.6662424545561],[-83.4829118420522,42.6664360409837],[-83.4831663750437,42.6665240917697],[-83.4834106280958,42.6666076228275],[-83.4834718467482,42.6666270148211],[-83.4836000314361,42.666667620457],[-83.4837940808152,42.6667277203705],[-83.4839477237755,42.6667730378189],[-83.4851516772136,42.6671339702808],[-83.4852022555556,42.6681962668774],[-83.4852031895352,42.6682158832351],[-83.4864769442487,42.6681754811096],[-83.4865613574931,42.6681728028312],[-83.4865859823577,42.6686482171429],[-83.4865870518485,42.6686688599236],[-83.4869522085477,42.6686633688588],[-83.4869924340513,42.6686627638512],[-83.4873196482896,42.6686578418398],[-83.4872751488297,42.6677989069652],[-83.4872734825146,42.6677667499751],[-83.4880678992261,42.668001611387],[-83.4881244441443,42.6690932466973],[-83.4881297178971,42.669195069651],[-83.4890639234727,42.6691810067209],[-83.4890597869279,42.6691052082728],[-83.4890556527717,42.6690294711375],[-83.4893247277919,42.6691085952224],[-83.4897329461805,42.6692286338713],[-83.4897348758897,42.669113836862],[-83.4897452991973,42.6684936724791],[-83.4900647381324,42.6685876268536],[-83.4902782525257,42.6686482400976],[-83.4903513198211,42.6686672015606],[-83.4904305246106,42.6686874669183],[-83.4904305057246,42.6686877502831],[-83.4903819364115,42.6693968104528],[-83.4913811909256,42.6696271501421],[-83.4915063673407,42.6696583619414],[-83.4919265845471,42.6697764744923],[-83.4922724679861,42.6698719134118],[-83.493701278006,42.6702561191069],[-83.493771963925,42.6702781354211],[-83.4939524544047,42.6703408449334],[-83.4941427834381,42.670413663444],[-83.4940963130157,42.6696588306561],[-83.4940947777257,42.6696338884536],[-83.4941482362583,42.6696505394274],[-83.4942583344975,42.6696881650347],[-83.4943672367967,42.6697266216613],[-83.4947267611733,42.6698641720409],[-83.4950599508969,42.6699916975536],[-83.4957932397641,42.6702885607439],[-83.4959139806476,42.6703504477493],[-83.4959809909338,42.6703896902208],[-83.4960703645208,42.6704508807135],[-83.4962183003546,42.6705588505032],[-83.4963390529012,42.6706490544364],[-83.496540209588,42.6708208450287],[-83.4965823131345,42.6708580512685],[-83.4966032064179,42.6713836253642],[-83.4966053953249,42.671438694617],[-83.4971680706368,42.6714264731105],[-83.4972241815013,42.671425254364],[-83.4977121427476,42.671855094343],[-83.4978606542011,42.671977662042],[-83.498793737937,42.6727097025492],[-83.4992387115317,42.6730841233241],[-83.4994357766339,42.6732499404773],[-83.500549093332,42.6742408144903],[-83.50060991745,42.6742893568623],[-83.5006812339142,42.6743372728292],[-83.5007436376334,42.6743755518972],[-83.5008142459675,42.6744122971682],[-83.5008906618885,42.6744491709002],[-83.5009900377888,42.6744934165569],[-83.5011432545782,42.6745577326194],[-83.5011488023915,42.6745599256318],[-83.5021441383655,42.6749532775734],[-83.5027702933579,42.6752007244913],[-83.5031008346935,42.6753303313683],[-83.5034253540035,42.6754503285019],[-83.5037380949837,42.675567078795],[-83.5039982253196,42.6756620709935],[-83.5042134943555,42.675744916325],[-83.5042718807597,42.6757696353078],[-83.5045107503218,42.6758707618983],[-83.5050912199447,42.6761247143512],[-83.50516901297,42.6761564660509],[-83.5052881811224,42.6762002874482],[-83.5059781544103,42.6764497892033],[-83.5060650336684,42.6764868904645],[-83.5061688207273,42.6765372361314],[-83.5062691563664,42.6765866478395],[-83.5067217302625,42.6767828490975],[-83.5068498484134,42.6768354474742],[-83.5069734581574,42.6768845137659],[-83.5077278689152,42.6771800486248],[-83.507816969854,42.6772197714208],[-83.507891105509,42.6772557315065],[-83.5079547833285,42.6772914607896],[-83.5080114549122,42.6773278940017],[-83.5080702767054,42.677368664702],[-83.5081209297591,42.6774101127929],[-83.5081600342854,42.6774495907527],[-83.508198860915,42.6774959274067],[-83.5082339927866,42.6775473302591],[-83.5082657772506,42.6775952277286],[-83.5083721075142,42.6777837827976],[-83.5084171070932,42.6778499915151],[-83.5084601997758,42.677905860887],[-83.5085081127381,42.6779575465039],[-83.5085607442612,42.6780076190789],[-83.5086123869921,42.6780533797426],[-83.5088994077858,42.6782888252694],[-83.5089660410166,42.6783526064246],[-83.5090178847657,42.6784072830043],[-83.5090591019762,42.6784587152899],[-83.5092238372594,42.6784557466857],[-83.5093669142993,42.6820969592922],[-83.5094210336937,42.6834741663033],[-83.5095100056861,42.6857381685824],[-83.5096873849168,42.6893658825555],[-83.509864781242,42.6929935922467],[-83.509863502898,42.6929936145154],[-83.5049502190388,42.6930784153664],[-83.5000440326537,42.6931789950688],[-83.4989961882334,42.6932004492869],[-83.4951378340432,42.693279365481],[-83.4909563114224,42.6933647447423],[-83.4902168078595,42.6933798280966],[-83.4852957694409,42.6934800810626],[-83.4803029504748,42.693587089565],[-83.4803028848682,42.6935857700862],[-83.4781672515539,42.693632040687],[-83.475310119399,42.6936938813572],[-83.4753647007803,42.6949509421432],[-83.475368015455,42.6950272854932],[-83.4742992539321,42.6956983040111],[-83.4729512377725,42.6965408600741],[-83.4728104611131,42.6966260969509],[-83.4726853568255,42.6966979535982],[-83.4725459525846,42.6967780722117],[-83.4724246170449,42.6968431489261],[-83.4723402638693,42.6968858834952],[-83.4722548534719,42.6969260195795],[-83.472187744482,42.6969549082966],[-83.4721506339191,42.6969708843429],[-83.4720346517791,42.697018917374],[-83.4719210997103,42.6970644316905],[-83.4718194875402,42.6971024887373],[-83.471796618662,42.6971102166717],[-83.4716932553735,42.6971451443393],[-83.4715966093384,42.6971755897997],[-83.4714800276983,42.6972098791468],[-83.4713612283782,42.6972415448755],[-83.4712342911645,42.6972730292562],[-83.4711016148602,42.6973026679337],[-83.4709725644958,42.6973289551877],[-83.4708237219487,42.6973556569327],[-83.4706890369445,42.6973775276595],[-83.4705638264326,42.6973953193387],[-83.4704599856999,42.6974071514553],[-83.4703765830738,42.6974159581614],[-83.4702811096873,42.6974241720396],[-83.4701505115631,42.6974315453602],[-83.4700176934662,42.6974362949538],[-83.4698476837767,42.6974402115963],[-83.4697997571794,42.6974403402025],[-83.4696766523665,42.6974406717764],[-83.4695127722492,42.697437001769],[-83.4693723481646,42.6974287082148],[-83.4692378772689,42.697417115395],[-83.469111577044,42.6974048468717],[-83.4689749228885,42.6973897724099],[-83.4688487992433,42.6973732174635],[-83.4687204570004,42.6973540388036],[-83.4685888051549,42.6973304948641],[-83.4677414877911,42.6971707793757],[-83.4675982834817,42.6971452582762],[-83.4674780785954,42.6971262605918],[-83.4673647061546,42.6971108474545],[-83.4672477403853,42.6970979284353],[-83.467114433512,42.6970863592102],[-83.4670458838335,42.6970810811311],[-83.4669729536544,42.6970754651723],[-83.466851276931,42.6970688086103],[-83.4668139357321,42.6970667516544],[-83.4667751156982,42.6970661417126],[-83.466773886035,42.6970354276536],[-83.4667145039169,42.6955526237547],[-83.4664943618805,42.695557946544],[-83.4653760405414,42.6955849789561],[-83.4653671647898,42.695363213008],[-83.4653093090571,42.6939177118745],[-83.4603973474724,42.6941116624861],[-83.4554853591794,42.6943054022994],[-83.4554874593947,42.6943446938598],[-83.4555376820768,42.6952841483138],[-83.4552355691755,42.6952952569598],[-83.4506284228418,42.69546456695],[-83.4505738329388,42.6944968648554],[-83.4478726599227,42.6946020725177],[-83.4456622816013,42.6946881175884],[-83.4456609066323,42.6946593872642],[-83.4455568097447,42.6924842703135],[-83.4454491692958,42.6925029128972],[-83.4453127273985,42.6925239403338],[-83.4451681484651,42.6925462223957],[-83.4448896986612,42.6925845487746],[-83.4443890466436,42.6926513165357],[-83.4439765192277,42.6926969058797],[-83.4438386702884,42.6927109501635],[-83.4436892708475,42.6927230167765],[-83.4435038790727,42.6927334104079],[-83.4432196319147,42.6927432843287],[-83.4430928832854,42.6927421328238],[-83.4430070251655,42.6927367577213],[-83.4429678252706,42.6927323373975],[-83.4429213453216,42.6927270955711],[-83.4428617805095,42.6927181855505],[-83.4431174873608,42.6922203196181],[-83.4425580533599,42.6920761084285],[-83.4419437311898,42.6919177438492],[-83.4416752840094,42.6918485404042],[-83.4416766978155,42.6919145440186],[-83.4416873213689,42.6924105886667],[-83.4416529341426,42.6924023380765],[-83.4416030842663,42.6923926824572],[-83.4415619458217,42.6923865763113],[-83.4415175340256,42.6923812419944],[-83.4415103425517,42.6918044078055],[-83.4415084151118,42.6916497739442],[-83.4409358648483,42.6911543517525],[-83.4408812899597,42.6911071281838],[-83.4407338908305,42.6906615600144],[-83.4402746897011,42.6892734107179],[-83.4402641613907,42.68924158191],[-83.440953036912,42.6892324105703],[-83.4409078827749,42.6886167059364],[-83.440906032158,42.6885914782508],[-83.4369733271036,42.6886837055337],[-83.4360244854849,42.6887059372531],[-83.4350108479569,42.6887296779157],[-83.4349755246839,42.6886920524299],[-83.4349126161137,42.6886180230142],[-83.4348588206144,42.6885476157587],[-83.4348074083462,42.6884755553495],[-83.4347617104788,42.6884053318497],[-83.4347193666338,42.6883304402778],[-83.4346673051507,42.6883318368907],[-83.4345877861738,42.6883339705493],[-83.4346193267996,42.6883913338962],[-83.4346491738719,42.6884425443198],[-83.4346972553126,42.6885164301117],[-83.4347505526566,42.6885911342846],[-83.4348066340202,42.6886645313412],[-83.4348648966267,42.688733095853],[-83.4320811122215,42.6887982464854],[-83.4320623686874,42.6884016961286],[-83.432043325522,42.687912323613],[-83.4320398808463,42.6878238084532],[-83.4341486391773,42.6868630115435],[-83.4340594116499,42.6864584601603],[-83.4339966177157,42.6861737577655],[-83.4339526193356,42.6859649170639],[-83.4338158468257,42.6853122166581],[-83.4337633079003,42.6850939196288],[-83.4337274191901,42.6849401643747],[-83.433703674214,42.684848031438],[-83.4336706477821,42.684738302857],[-83.4336018400995,42.6847389150436],[-83.4319204185384,42.6847538540547],[-83.4319172620163,42.6846727166133],[-83.4336435672905,42.6846566375027],[-83.433653178354,42.6846856218231],[-83.4336610724179,42.6847094283595],[-83.4351717035747,42.6846708514939],[-83.435131237357,42.6833194970983],[-83.4350625717664,42.6810263552528],[-83.4366076214046,42.6809888482099],[-83.4367362510107,42.6809857245687],[-83.4365331389244,42.6773088753885],[-83.436376914315,42.6744805575492],[-83.4363755189913,42.674455295858],[-83.4373048574127,42.6744311054045],[-83.4372593730646,42.6736078324217],[-83.4373331504945,42.6736059119841],[-83.4402464306992,42.6735300287651],[-83.4399217586113,42.6733870533589],[-83.4391567593686,42.673050164457],[-83.4391541565034,42.6729948714778],[-83.4389815113035,42.6693272601163],[-83.4388868748824,42.6673447711172],[-83.4388362706483,42.6662846530229],[-83.4387890144918,42.6652946466077],[-83.4387172982116,42.6637921556334],[-83.4394589548213,42.662701987904],[-83.4394790735659,42.6626739867068],[-83.4419265500657,42.6626127369983],[-83.4419923966389,42.6626110882252],[-83.4421451811458,42.6626961512817],[-83.4435100378973,42.6629545635591],[-83.4435938326221,42.6629704283437],[-83.4435770173453,42.6625742181973],[-83.4435742293271,42.662508514583],[-83.4435479109454,42.6618883772813],[-83.4441466228571,42.661873023297],[-83.4441480888442,42.6619075290019],[-83.4490318447476,42.6617157585989],[-83.4491919360291,42.6653653130793],[-83.449519967337,42.6653535324253],[-83.4513657088147,42.6652872297368],[-83.4516960541372,42.6716966732561],[-83.4521282790551,42.6719455877465],[-83.4526071126956,42.6722213391008],[-83.4526141003792,42.6722253633581],[-83.4524994610322,42.6725147244073],[-83.4524475202155,42.6724989449698],[-83.452360428032,42.6724755854134],[-83.4522542957838,42.6724515018302],[-83.4521819658004,42.6724383021499],[-83.4521092212736,42.672426711108],[-83.452055801172,42.6724196216351],[-83.4519997077466,42.6724138493367],[-83.4519528292463,42.6724106479223],[-83.4518979472332,42.6724074921086],[-83.45185205614,42.6724055651865],[-83.4517910871585,42.6724041702516],[-83.4517285166735,42.6724040653008],[-83.4517364897053,42.6725778296392],[-83.4526019521454,42.67254988072],[-83.4526660468836,42.6725755675424],[-83.4526999273637,42.6725899603924],[-83.4527282097726,42.6725458030594],[-83.4528016463053,42.6724311441919],[-83.4528473968044,42.6723597128402],[-83.4529994947148,42.6724385371331],[-83.4531115134509,42.6724347137324],[-83.4556356013419,42.6723485378482],[-83.4555572343343,42.670624952342],[-83.4566951748364,42.6705869345737],[-83.4567842336513,42.6705839583376],[-83.4578996539107,42.670546681179],[-83.4578943305493,42.6704305225619],[-83.4592364435976,42.6704630221213],[-83.4592395045102,42.6705297626852],[-83.4592885323329,42.6705349022925],[-83.4594109364184,42.6705556759411],[-83.4594558920268,42.670565268079],[-83.4594855670199,42.6705788066936],[-83.4594974619962,42.6706005275175],[-83.4595032997058,42.6706281184801],[-83.4594942461952,42.6706502258787],[-83.459474808144,42.6706703835175],[-83.4594586777856,42.6706949056627],[-83.4594576864261,42.6707189114932],[-83.4594659539074,42.6707439823027],[-83.4594892542253,42.670771108302],[-83.4595796072338,42.6709132322554],[-83.4596912616191,42.6710888633099],[-83.4597202642705,42.6711186913754],[-83.4597431220857,42.671133271231],[-83.459705254442,42.6712465494863],[-83.4604080545251,42.671265700101]]],[[[-83.4498540391178,42.6726385988246],[-83.4498506467354,42.6725646314458],[-83.4493304748508,42.6725907751991],[-83.4493334384362,42.6726553994953],[-83.449536006015,42.6726488624471],[-83.4498540391178,42.6726385988246]]],[[[-83.4946581269907,42.6824209137662],[-83.4946281284695,42.6816908254859],[-83.4935226172306,42.6824388435241],[-83.4946581269907,42.6824209137662]]],[[[-83.4450492320237,42.6809698217378],[-83.4450379493694,42.6806952597372],[-83.4415501510788,42.6808173658207],[-83.4415618843268,42.6810919124293],[-83.4450492320237,42.6809698217378]]],[[[-83.4417064423798,42.6844740703333],[-83.44168176671,42.6838967833342],[-83.4392552059924,42.6839816710972],[-83.4392759135471,42.6845511058412],[-83.4395494369701,42.6845424387853],[-83.4417064423798,42.6844740703333]]],[[[-83.4949735462703,42.6896893803827],[-83.4948092750789,42.6860993920098],[-83.4946293027662,42.6861014419368],[-83.4911077503888,42.6861415042202],[-83.4910997292977,42.6859633138478],[-83.4910917051184,42.6857850504252],[-83.4910005642926,42.6857860856038],[-83.4898454485497,42.6857992020621],[-83.4898614866915,42.6861556568642],[-83.4899396480184,42.6877449001185],[-83.4923168325863,42.6877062391463],[-83.4923595027633,42.6886395809104],[-83.492402173977,42.6895729224512],[-83.4923306813525,42.6895740858911],[-83.4912226383234,42.6895921115362],[-83.4900314527136,42.6896114774415],[-83.4900391387951,42.6897677441654],[-83.4949735462703,42.6896893803827]]],[[[-83.4740539854875,42.6681460537086],[-83.4740136891964,42.6681491580272],[-83.4738475253712,42.6681463006684],[-83.4738128141719,42.668142091939],[-83.4737782790286,42.6681335961204],[-83.4737545509198,42.6681167617559],[-83.473743743364,42.668096782997],[-83.4737422296402,42.6680770129916],[-83.4737440961221,42.6680598924722],[-83.4737530021898,42.6680412131639],[-83.4737206856694,42.6680070235511],[-83.473704244896,42.667982628686],[-83.4736947757384,42.6679583897392],[-83.4736981554243,42.6679327219312],[-83.473708329467,42.6679114961943],[-83.4737289584197,42.6678905051799],[-83.4737504328555,42.6678772556388],[-83.4738102097578,42.6678657203636],[-83.4738298535892,42.6678404162839],[-83.4738514688078,42.6678237374202],[-83.4738789284505,42.6678063315919],[-83.473921560372,42.667787547931],[-83.473966444681,42.6677422135667],[-83.4739935164288,42.6677059196467],[-83.4740135825711,42.6676703276222],[-83.4740304656136,42.6676428050015],[-83.4740539854875,42.6681460537086]]],[[[-83.4618597965449,42.6682561892968],[-83.4618369510501,42.6682462362854],[-83.4618088268443,42.6682232933872],[-83.4617820772205,42.6681952326753],[-83.461747271806,42.6681369564673],[-83.4617225322745,42.6680883461381],[-83.4616459928997,42.6679424629645],[-83.4616377249311,42.6679173913891],[-83.461637517633,42.6678942180675],[-83.4616430842005,42.6678720321491],[-83.4616543184927,42.6678534060446],[-83.4616780127748,42.6678427824984],[-83.4617060001831,42.6678408374656],[-83.4617323654544,42.6678500110269],[-83.4617526056366,42.6678667695451],[-83.4617836836475,42.6679026510096],[-83.4618022651267,42.6679313858639],[-83.4618172912849,42.667961757964],[-83.4618263679669,42.6679954288485],[-83.461846549728,42.6681263158163],[-83.4618556252655,42.6681599857699],[-83.4618706868533,42.6681895009916],[-83.4618873706481,42.6682078958089],[-83.4619155997443,42.668228267149],[-83.4619555181425,42.668247183976],[-83.4620290199873,42.6682694300911],[-83.4620844646857,42.6682783992113],[-83.4621353332498,42.668285548368],[-83.4621796204448,42.6682831108345],[-83.462219543635,42.6682737103264],[-83.4622597850718,42.668256594368],[-83.4622907680365,42.6682384118463],[-83.4623213266245,42.668230517165],[-83.4623456881975,42.6682319220838],[-83.462359169211,42.6682433808639],[-83.4623596596767,42.6682596956186],[-83.4623450116642,42.6682765288733],[-83.4623139920943,42.6682955691527],[-83.4622758972694,42.6683170243784],[-83.4622260436514,42.6683416478946],[-83.4621985110737,42.6683607655769],[-83.4621807308425,42.6683689472945],[-83.4621596428312,42.6683727645739],[-83.4621421821221,42.668373229977],[-83.462119053573,42.6683701364862],[-83.462105395727,42.6683629647316],[-83.4620990619345,42.668347376365],[-83.4620962481121,42.6683310085116],[-83.4620838233507,42.6683221482263],[-83.4620641440566,42.6683199898796],[-83.462044076927,42.6683272625337],[-83.4620135584135,42.6683059821266],[-83.4619793431336,42.6682897673473],[-83.461944915661,42.6682786964814],[-83.461885071632,42.6682636220949],[-83.4618597965449,42.6682561892968]]],[[[-83.4671283692687,42.6706634267411],[-83.4670999924273,42.6706748040758],[-83.4670682014546,42.670684388624],[-83.4670318327449,42.6706921542921],[-83.4669945146668,42.6706947499785],[-83.466959590744,42.6706956831096],[-83.4669283292548,42.6706924082357],[-83.4669029819713,42.6706866911791],[-83.466875486452,42.6706766349258],[-83.4668561957775,42.6706650473247],[-83.4668485922988,42.6706520046664],[-83.4668505313567,42.6706331696438],[-83.4668616927935,42.6706162576513],[-83.4668903532916,42.670598021825],[-83.466911618274,42.6705899175244],[-83.466938832725,42.6705785141714],[-83.4669698508336,42.6705594726267],[-83.4669948135339,42.6705463025419],[-83.4670312515447,42.6705368222127],[-83.4671062051857,42.6705239153511],[-83.4671353913485,42.6705211372996],[-83.4671573938505,42.670523346856],[-83.4671791505017,42.670531557242],[-83.4671878093231,42.6705471974309],[-83.4671974893398,42.6705662929705],[-83.4671965362628,42.6705894411238],[-83.4671886113467,42.67061243206],[-83.4671725910633,42.6706343847254],[-83.4671533672586,42.6706493997501],[-83.4671283692687,42.6706634267411]]],[[[-83.459376739151,42.6664608936128],[-83.4593751578199,42.6664991881328],[-83.4592628373361,42.6665240388291],[-83.4591819829468,42.6665057940348],[-83.4591557099421,42.6664944381451],[-83.4591017979274,42.6664711352571],[-83.4590890053612,42.6664215695857],[-83.4591278746427,42.6663786407329],[-83.4591945905664,42.6663801412945],[-83.4593340713981,42.6664161309023],[-83.459376739151,42.6664608936128]]],[[[-83.4571488427086,42.6705472094367],[-83.4570700755899,42.6705235164759],[-83.4568983933851,42.6704718740389],[-83.4569199207049,42.6704340934293],[-83.4570033257161,42.6704667035831],[-83.4571392094333,42.6704989381339],[-83.4571436533951,42.6705212059215],[-83.4571488427086,42.6705472094367]]],[[[-83.4628290420449,42.6697265015337],[-83.4628047252301,42.6697466420412],[-83.4627818557364,42.6697500419475],[-83.46276079934,42.6697462149472],[-83.4627468556858,42.6697352782693],[-83.462742982855,42.6697189776468],[-83.4627552354274,42.6696974481649],[-83.4627684948076,42.6696882413897],[-83.4627853545788,42.669683588484],[-83.462806617057,42.669682388538],[-83.4628230621476,42.6696877903551],[-83.4628340707376,42.6696964232498],[-83.4628364990344,42.6697110148365],[-83.4628290420449,42.6697265015337]]]]},"properties":{"Facility":"Pontiac Lake Recreation Area","District":"Metro Detroit","Acres":3757.87470141}},{"type":"Feature","id":43,"geometry":{"type":"MultiPolygon","coordinates":[[[[-83.8547534695203,42.4919092874442],[-83.8558750798132,42.4918853191113],[-83.855800379332,42.4920146639877],[-83.8557111522306,42.4922026961931],[-83.8556060641893,42.4924786909758],[-83.8555030062942,42.4927863574872],[-83.8554398003245,42.4931437042043],[-83.8552027807853,42.4946432409593],[-83.8544621441086,42.4991841594188],[-83.8547168954009,42.4991751784473],[-83.8546213909667,42.4997702629429],[-83.8545471350838,42.5001759176889],[-83.8544709625668,42.5004398059721],[-83.8544427325485,42.5007041697498],[-83.8545361846317,42.5015377059948],[-83.8546839139345,42.5028364458511],[-83.8545621291811,42.5028393202787],[-83.8548350849318,42.5052220899187],[-83.8537308662443,42.5052507616534],[-83.8537982940777,42.5064767198546],[-83.8549104497298,42.5064488805991],[-83.8548199988917,42.5100753216567],[-83.8548007543539,42.510905758269],[-83.8547912429446,42.5113161486495],[-83.8547860574961,42.5117851498336],[-83.8546442171267,42.5126499811117],[-83.8530610717002,42.5126985447711],[-83.8509579550474,42.5127630252015],[-83.8508318150533,42.5101751023658],[-83.8502203191379,42.5101916981979],[-83.8502203027882,42.5101913645649],[-83.8496134407892,42.5102078196702],[-83.8494372763212,42.5065884273908],[-83.8482020461714,42.5066219188928],[-83.8483749169363,42.5102414068415],[-83.847131403781,42.5102754535805],[-83.8459077699218,42.5103086074745],[-83.8411891842985,42.5104363196831],[-83.8409837686933,42.510441881968],[-83.841265457813,42.5133023059088],[-83.8320018440577,42.5136151055887],[-83.8316065638747,42.5119393906961],[-83.8312940430006,42.5117844693719],[-83.8312393209016,42.5107006821361],[-83.8309866999311,42.5070874180772],[-83.8309864634195,42.5070816911854],[-83.8301075648854,42.5062189085497],[-83.8286760921851,42.5059744873779],[-83.8276988140595,42.5063509844603],[-83.8269967225784,42.504997964],[-83.8260238051823,42.5050266612706],[-83.8261063273472,42.5072313897364],[-83.8262241287249,42.510065079024],[-83.825307126381,42.5094648992362],[-83.8234241320114,42.509864435277],[-83.8229756869091,42.5104630232807],[-83.8225694261499,42.5110052913758],[-83.8228562907534,42.5138784796368],[-83.8248249537691,42.5138199323636],[-83.8247850665851,42.5138946690428],[-83.8239684077893,42.5155171275567],[-83.8215579847712,42.5154828041852],[-83.8204412408262,42.5154711263562],[-83.8195832706066,42.5154600509612],[-83.8177997446497,42.5145949365609],[-83.8179435748499,42.5151634036142],[-83.8179148095937,42.5155203788287],[-83.8178534236563,42.5158886395755],[-83.8177140768672,42.5161838807983],[-83.8175730407253,42.5165267604738],[-83.8167468055542,42.5165398467477],[-83.811804966559,42.5166982428942],[-83.8117006273064,42.5142043422021],[-83.8115921039931,42.5112828904585],[-83.8114649931557,42.5076620586719],[-83.809781593951,42.507727546968],[-83.8096433220113,42.5041070842005],[-83.8096344071717,42.5038738658178],[-83.8063743681587,42.504000521709],[-83.80142352481,42.5041926810148],[-83.8012795485176,42.5008057008385],[-83.801284673641,42.5008052334901],[-83.8011442414681,42.4977887734895],[-83.8021155458426,42.4978623937474],[-83.8021862141057,42.4976326420633],[-83.8022560373593,42.4975856790976],[-83.80271392604,42.4975305818911],[-83.8028723754618,42.4975010669883],[-83.802923309509,42.497426419035],[-83.8029643165214,42.4973116537994],[-83.802941270808,42.4970821715167],[-83.803026993361,42.497067036852],[-83.8031381347884,42.4971286472296],[-83.8033398351865,42.4971762638981],[-83.8035476617591,42.4972156550371],[-83.8036420355725,42.4971778083998],[-83.803665195008,42.4971311853722],[-83.803656451949,42.4970674216349],[-83.8035754555931,42.4969598513136],[-83.8035038417118,42.4968981206939],[-83.8033920879036,42.4968437823024],[-83.803186367601,42.4967712526701],[-83.8027006767395,42.4965990483886],[-83.8025304167348,42.4965058001817],[-83.802424371334,42.4963966791598],[-83.802313765848,42.4962532130136],[-83.8022956767597,42.4961115549155],[-83.8023478901408,42.4959455786333],[-83.8024404249475,42.4957846730973],[-83.8025658205732,42.4956757921463],[-83.8026212192883,42.4955826716631],[-83.8025836447638,42.49550058088],[-83.8024817033953,42.4954386406918],[-83.8020194594144,42.4952583286664],[-83.8018737066467,42.4951270206365],[-83.8017962691707,42.4950270219247],[-83.8017828944071,42.4949154289797],[-83.8018644542711,42.4948998958274],[-83.801941148493,42.4948585753493],[-83.8023204355838,42.4952556475434],[-83.8025361858802,42.4953711944931],[-83.8027184661432,42.4954518320129],[-83.8028173544085,42.4955993507288],[-83.802942539106,42.4959828907374],[-83.8029000402801,42.4963631543846],[-83.8029864501429,42.496536121233],[-83.803150929987,42.4966292558301],[-83.8037556241549,42.4967095785986],[-83.8039311042668,42.4971694130185],[-83.8060741143595,42.4971071681491],[-83.806070569667,42.4970345161975],[-83.8110366029209,42.4968456357634],[-83.810862428574,42.4932708636751],[-83.810688273015,42.4896960598073],[-83.8155018992818,42.4895156713397],[-83.815309236462,42.4859284689584],[-83.8177187929621,42.4858315108243],[-83.8175191738342,42.4822173224902],[-83.8151084514884,42.4823087997981],[-83.8151056343812,42.4821964919828],[-83.8155561691446,42.4821932405641],[-83.8156980210533,42.4820979011371],[-83.8158670382197,42.4818575109879],[-83.8162565267073,42.481384517623],[-83.8165000600977,42.4811022328091],[-83.8176987593478,42.479710005458],[-83.8182871301933,42.4790629373229],[-83.8197616317237,42.4790654527164],[-83.8199299024971,42.4821257759095],[-83.8208699369575,42.4820900680143],[-83.8247513225553,42.4819425495119],[-83.8256613667046,42.481907939202],[-83.8258466033861,42.4855026348406],[-83.8249474452357,42.4855404353495],[-83.8201283529737,42.4857345509828],[-83.8203335571312,42.4893344033186],[-83.8205387644738,42.4929342531162],[-83.8206289652908,42.4944262663037],[-83.8207491254072,42.4965336263483],[-83.8207944503793,42.4973285572695],[-83.8215809371237,42.4978286897198],[-83.8224165016809,42.4978674097875],[-83.8234410874361,42.492843306072],[-83.8253829181522,42.4927654284324],[-83.8302270442531,42.4925963966589],[-83.8299967610085,42.4889712604001],[-83.8297693660984,42.4853910902578],[-83.8286393703028,42.4854351145107],[-83.8286365102683,42.485390129917],[-83.8297665100915,42.4853461066819],[-83.8346629305594,42.4852082703219],[-83.8346296905156,42.4846049515336],[-83.8370775646802,42.4845358988837],[-83.8395254529996,42.484466910644],[-83.8444211948156,42.4843286241211],[-83.8493168076343,42.4841902646597],[-83.8493520867413,42.4847934829671],[-83.8494428427547,42.4861858590531],[-83.8494495278799,42.4862884276985],[-83.8505830589838,42.4862479509631],[-83.8506020022192,42.4865385863641],[-83.8519555783189,42.4864888560956],[-83.8520351864063,42.4867905953692],[-83.8524821579897,42.4881600492331],[-83.8529101222848,42.4894712918267],[-83.8530154954644,42.4896797301232],[-83.8531328228853,42.4898526618773],[-83.853367118164,42.4900556177249],[-83.8535688685236,42.4901793281416],[-83.853648381317,42.4902280801845],[-83.8539954564833,42.4903718267138],[-83.8541196842812,42.4904203926427],[-83.8528981706262,42.4919523772017],[-83.8528981058836,42.491952732709],[-83.8533559230187,42.4919420147645],[-83.8547534695203,42.4919092874442]]],[[[-83.8501069597837,42.5053428739276],[-83.850166601695,42.5065686520809],[-83.8506555662804,42.5065553878836],[-83.8521673764983,42.5065175446248],[-83.8521637210629,42.5057692782008],[-83.8519452094226,42.5028989977529],[-83.8519978177087,42.5028976797511],[-83.8518406350199,42.5007860275555],[-83.8518808420887,42.4992751535621],[-83.8504347324556,42.4993125553238],[-83.8503082825934,42.4993154764717],[-83.8503031720311,42.4993159606922],[-83.8498147965923,42.4993307653704],[-83.8499025481503,42.5011379176836],[-83.8496580948722,42.5011430302963],[-83.8497207538409,42.5024352634278],[-83.8499652321564,42.5024287412342],[-83.8499904820265,42.5029489373661],[-83.8500080694921,42.5033103495324],[-83.8500414793612,42.5039970395519],[-83.8501069597837,42.5053428739276]]],[[[-83.8183407411495,42.4952946972779],[-83.817785003004,42.4952485492229],[-83.8174257601812,42.4952187163239],[-83.8171256317588,42.4971876805976],[-83.8176996270807,42.4969166211828],[-83.8179919676997,42.496809260424],[-83.8182428648592,42.496753419358],[-83.8185467361224,42.4967195482195],[-83.8204660834859,42.4966772237031],[-83.820579517281,42.4966689526589],[-83.8206603751942,42.496622376388],[-83.8207054417627,42.496547890885],[-83.8207082326058,42.4965349408567],[-83.8186601810088,42.4966007419225],[-83.8188585290717,42.4953376920657],[-83.8183407411495,42.4952946972779]]],[[[-83.8561234137301,42.5162704323086],[-83.8566929021017,42.5162513196691],[-83.8578290938066,42.5180321926705],[-83.8580517874109,42.5183595484619],[-83.8585430236592,42.5190816498638],[-83.8589839256283,42.5199450842115],[-83.8594798972788,42.521088899909],[-83.8571041082519,42.522047543529],[-83.85642652656,42.5211207480568],[-83.8561003696521,42.520669419707],[-83.8560474519801,42.5205901544111],[-83.8559917775088,42.5205101491549],[-83.8559362465987,42.5204260287621],[-83.8558870399945,42.5203468341575],[-83.8558364330777,42.5202545701279],[-83.8557974037572,42.5201762560393],[-83.8557656260454,42.5201028845462],[-83.8557491801919,42.5200606573236],[-83.855637439826,42.5195722978131],[-83.8554083122787,42.5187352511771],[-83.8552808264955,42.5180486034766],[-83.8552437584499,42.5177587812736],[-83.855262024293,42.5175274096217],[-83.8552890090759,42.5173152179221],[-83.8553817918211,42.5170745772723],[-83.8556232460523,42.5165576219025],[-83.8557199124178,42.5164034848199],[-83.8558018315407,42.516272861792],[-83.8561234137301,42.5162704323086]]],[[[-83.9192202293869,42.519773937631],[-83.9193314462554,42.519770451714],[-83.9196172951911,42.5250212935368],[-83.9195372381824,42.5250243938198],[-83.9194453484903,42.5250279514778],[-83.9118501271535,42.5253217870977],[-83.9118440025166,42.5252313152428],[-83.9142905156696,42.5251457626929],[-83.9140752546456,42.5219656285022],[-83.9161213211496,42.5218940432038],[-83.9166224329536,42.5211250471927],[-83.9165897700013,42.520590332552],[-83.918213601004,42.5205394192559],[-83.9189250089139,42.5202175805357],[-83.9190809896686,42.5201470142918],[-83.9190860091926,42.5201335647774],[-83.9192202293869,42.519773937631]]],[[[-83.9057116795695,42.5218837098015],[-83.9055208692943,42.5182198441571],[-83.9006314525296,42.5184110975364],[-83.8957419933214,42.5186021397066],[-83.8908525206504,42.5187929793178],[-83.8906632537083,42.5151382957017],[-83.8955522311826,42.5149443885616],[-83.8954967737663,42.5138754111254],[-83.8953624937177,42.511286610995],[-83.8904740221919,42.5114836246067],[-83.8903619576676,42.5092688956786],[-83.8902337775955,42.5067355850481],[-83.8939042250938,42.5066275303048],[-83.893849001288,42.5055374685854],[-83.8926241952464,42.5055748215292],[-83.8924410244666,42.5019553567906],[-83.8899957024308,42.5020298271453],[-83.8850522587637,42.5021327336828],[-83.8801087755065,42.502235419764],[-83.8751652423881,42.50233790231],[-83.8753547562732,42.5059572596639],[-83.8802961726921,42.505854840449],[-83.8803930816786,42.5077262280241],[-83.8754514453029,42.5078034755904],[-83.8755443085383,42.5095766089262],[-83.8756713412572,42.5120022833923],[-83.8707370592961,42.5121747370887],[-83.8705956641663,42.5121785310606],[-83.8708641721473,42.5158200140762],[-83.8660212905878,42.5159682009735],[-83.8610723629198,42.5161194273263],[-83.86107214826,42.5161177908786],[-83.8612972129425,42.5197695366217],[-83.8612319531194,42.5186266676803],[-83.8613906550829,42.5189309920201],[-83.8615378888247,42.5190526040168],[-83.8616710628855,42.5190751274183],[-83.8618350632369,42.5190429159591],[-83.8619688234782,42.5190049167446],[-83.8621547101097,42.5189121723738],[-83.8622589651195,42.5188906497083],[-83.8623105182978,42.5189403261541],[-83.8622851622732,42.5193196230199],[-83.8628166830462,42.519684717495],[-83.8630519926757,42.5199441076642],[-83.8631320746596,42.5200707659255],[-83.8631972926344,42.5203186137478],[-83.8632094380372,42.5206044447081],[-83.8631551774309,42.52087367263],[-83.8629503971729,42.5215235277789],[-83.8628506407155,42.5218401164529],[-83.8628563199746,42.5220710674032],[-83.8629213519832,42.5223242592383],[-83.8629943969338,42.5224344574122],[-83.8629789787959,42.5225279160339],[-83.8630225242953,42.522654577879],[-83.8630213613307,42.5227975665599],[-83.8630647370794,42.5229295780669],[-83.8630694574173,42.5232099256374],[-83.8631166229057,42.5233642523015],[-83.8615220709623,42.5234196514125],[-83.8608682786983,42.5234458888868],[-83.8592670547073,42.5198343008199],[-83.8588805933765,42.5189674722276],[-83.858161474985,42.5179103952056],[-83.8570949291285,42.5162386090537],[-83.8564274285465,42.5152284251865],[-83.856687790903,42.5147756588451],[-83.8571843229767,42.5139170216763],[-83.857597426963,42.5132602300113],[-83.8577528211856,42.5129331644812],[-83.8578913891929,42.5126597876002],[-83.8578170648305,42.512797943909],[-83.8577625118713,42.5129127626145],[-83.8575812804383,42.5129220388322],[-83.8565135495481,42.5129549524123],[-83.8564932614805,42.5125932397138],[-83.8559025251573,42.5126113690963],[-83.8551573655449,42.5126347569511],[-83.8551491042211,42.5124944923637],[-83.8551538839099,42.5120482348671],[-83.8551690060974,42.5110212060487],[-83.8551790913799,42.5105858609253],[-83.8551911164197,42.5100669155623],[-83.8552751075128,42.5064413458075],[-83.8555951077346,42.5064317210272],[-83.8587331088186,42.5063530243989],[-83.8587846839251,42.5058356275055],[-83.8589359782554,42.5049345372515],[-83.8590742529085,42.5039435481652],[-83.8591213679984,42.5036384441121],[-83.859157018608,42.5033140962814],[-83.8591962421398,42.5030395145282],[-83.8592385552704,42.5027165655635],[-83.8603506245537,42.5026883495323],[-83.8652861718635,42.5025643601605],[-83.8651037725198,42.4989476815414],[-83.8601671332803,42.4990752283666],[-83.8593242042321,42.4990946381875],[-83.8593242514281,42.4990939463203],[-83.8548274355716,42.4992006189056],[-83.855269506995,42.4965103458153],[-83.8596729474099,42.4964138852981],[-83.8596944659551,42.4967099154249],[-83.8596695654934,42.4972860580482],[-83.8595602523231,42.4977570203777],[-83.8626069305399,42.4976924939421],[-83.8625439464693,42.4967582069419],[-83.8649523878567,42.4967033623558],[-83.8649808941419,42.4971259792821],[-83.8699064198243,42.4970062465841],[-83.8700352335214,42.4988204030803],[-83.8701284618933,42.5006304627296],[-83.8750689212038,42.5005047090811],[-83.8800140401112,42.5004100451199],[-83.8799193088071,42.4985846615811],[-83.8798589442385,42.4976869996978],[-83.8848060524144,42.4975999031403],[-83.8848659938319,42.498497581413],[-83.8898126437112,42.4984102931757],[-83.889571731796,42.4947769192422],[-83.8893308455818,42.4911435511066],[-83.8942173317282,42.4909469665616],[-83.8943209375471,42.4925068669964],[-83.8992091595249,42.492333944485],[-83.899103763584,42.4907501726623],[-83.9039901899721,42.490553164017],[-83.9069702316132,42.4904329192627],[-83.9072291931464,42.4941520395949],[-83.9102211737837,42.4940459282287],[-83.9104587192041,42.4973193564316],[-83.9104414664777,42.4977809523035],[-83.9104759685414,42.4988604036432],[-83.9105566250844,42.5013839724022],[-83.9105572068609,42.5014020039389],[-83.9106730155873,42.5050230663906],[-83.9107888441745,42.5086441333503],[-83.910853350087,42.5106609207206],[-83.9111012154053,42.5143262608428],[-83.9113491127796,42.5179915950828],[-83.911597045496,42.5216569343104],[-83.9118266389951,42.5250506332225],[-83.9116006127571,42.5253315348214],[-83.9107068724608,42.5253654306068],[-83.9059024974547,42.525547518967],[-83.9057849067112,42.5232897666971],[-83.9057116795695,42.5218837098015]]],[[[-83.8975219318186,42.5010806616387],[-83.8975527542109,42.5016892438619],[-83.8981457836977,42.5016711420577],[-83.8997713984306,42.5016215904713],[-83.8996818262563,42.4998523444649],[-83.8976448910343,42.499914460077],[-83.8974631492552,42.4999200009698],[-83.8975060583893,42.5007672460557],[-83.8975219318186,42.5010806616387]]]]},"properties":{"Facility":"Brighton Recreation Area","District":"Rose Lake","Acres":4750.92344136}},{"type":"Feature","id":46,"geometry":{"type":"MultiPolygon","coordinates":[[[[-83.2340462381394,42.7330594606944],[-83.234921283758,42.7331469193949],[-83.2374603040886,42.7328703379817],[-83.2412611459986,42.7324693862585],[-83.2427384303312,42.7323135114803],[-83.2438546054855,42.7321957264909],[-83.2439849618826,42.7321819701447],[-83.2441109235928,42.7321686769455],[-83.2443867667135,42.733970146332],[-83.2397763375344,42.7344651570446],[-83.2375297212036,42.7347063011756],[-83.2375865523331,42.739736201745],[-83.23961908348,42.7396851548662],[-83.2452394092241,42.7395610554796],[-83.2453578262161,42.74049717113],[-83.2451703843503,42.740481566059],[-83.2449140184684,42.7404934607887],[-83.2443348057367,42.7405736556167],[-83.2441824953297,42.7406167241645],[-83.2437916664175,42.7407272472987],[-83.2434134875446,42.7408548191874],[-83.2420244482678,42.7412738999128],[-83.2414186238254,42.7414747099497],[-83.2406043403419,42.7417446058933],[-83.2399640543296,42.7419322526003],[-83.2397283637935,42.7419959696819],[-83.2393360396324,42.7421020133213],[-83.2390085939574,42.7421736826762],[-83.2386413386917,42.7422445070933],[-83.2380174712123,42.742347457691],[-83.2377440967742,42.7423880532555],[-83.2366313830673,42.742553295262],[-83.2363662682441,42.7425926675198],[-83.2358275364442,42.7426726630333],[-83.2355647917743,42.7427170131267],[-83.2353994548462,42.7427324511041],[-83.2352881662379,42.7427434166983],[-83.2353933328034,42.7452232835406],[-83.2355314052074,42.7488418991695],[-83.2356323450803,42.7515581365168],[-83.2306658948635,42.7517268851243],[-83.2307085420567,42.752621410171],[-83.2308006006484,42.7564182315321],[-83.2308926687582,42.7602150554053],[-83.2358344228055,42.7600864467408],[-83.2404094666371,42.7599458203295],[-83.2405050707936,42.7637557283588],[-83.2359079755952,42.7638995858915],[-83.2344662420227,42.7639324927786],[-83.2332354301222,42.7639605705083],[-83.2309847390938,42.7640118807094],[-83.2260615096098,42.7641239537425],[-83.2211382425768,42.7642358183164],[-83.221009126295,42.7604716283925],[-83.2160504241422,42.7606003129739],[-83.216062151672,42.7610224015845],[-83.2160724119286,42.7612349233738],[-83.212508137932,42.7612491312102],[-83.2118756550265,42.7612516413916],[-83.2119020488232,42.762185700904],[-83.2118538790798,42.762147752365],[-83.211826228232,42.7612518371054],[-83.2117908565637,42.7597645048717],[-83.210161625491,42.7596711961774],[-83.2100934811485,42.7597203029668],[-83.2088889512621,42.7588225907969],[-83.2076239033142,42.7597341997174],[-83.207552922815,42.7596812971024],[-83.2075130533739,42.7580000687314],[-83.2074355471851,42.7547315826768],[-83.2073983185018,42.7541237043919],[-83.2072031806123,42.7509372925874],[-83.2071502896762,42.7500735901491],[-83.206970837153,42.7471429975172],[-83.2073212937375,42.7471244656754],[-83.215426275968,42.7447774632112],[-83.2153697892586,42.7422139202805],[-83.2152082929586,42.7421284990232],[-83.2150200540897,42.7388435028629],[-83.2149964306098,42.7384706686783],[-83.2149906704722,42.7383006326289],[-83.2149466084636,42.7369983779853],[-83.2149300383436,42.7365086617886],[-83.2202891000755,42.7363780384212],[-83.2205345068359,42.7365214683112],[-83.2209038425371,42.7370747382452],[-83.2213168824592,42.7371571336027],[-83.2233837437414,42.7364576944859],[-83.2244431102857,42.7359062579417],[-83.2249147172109,42.7351445904657],[-83.224896362242,42.7345495564064],[-83.2248239130462,42.7323514458513],[-83.2300651251769,42.7326614682614],[-83.2331434191648,42.7329692181955],[-83.2340462381394,42.7330594606944]]],[[[-83.2216124403194,42.7765438342342],[-83.2216275625807,42.776918183839],[-83.2216825220981,42.7782787034766],[-83.221710198586,42.7789638509399],[-83.2218572255343,42.7826030555309],[-83.2219100651999,42.7844212983234],[-83.2172506728616,42.7845025216711],[-83.2169971540353,42.7845069360989],[-83.2170083796734,42.784847604457],[-83.2170383731371,42.7857576616354],[-83.2170439750098,42.7859276193515],[-83.2170571589657,42.7863276553594],[-83.2171765422736,42.7899485354205],[-83.2172959306518,42.7935694208252],[-83.2173256139165,42.7944557656786],[-83.2173256461439,42.7944567286572],[-83.2174823371276,42.7944549805106],[-83.2174738700489,42.7940434259116],[-83.2174764357328,42.7939963940331],[-83.2174859190928,42.7939502564337],[-83.2175025337295,42.7939044021269],[-83.2175253090005,42.7938612739961],[-83.2175552528543,42.7938190363897],[-83.2175901372926,42.7937807760949],[-83.2177918548173,42.7935834952004],[-83.2182509866949,42.7938039322473],[-83.2179722767683,42.7939493828969],[-83.2178245191387,42.7942956067971],[-83.2177578137269,42.7944519066007],[-83.2178755005543,42.7944506944836],[-83.2180676216943,42.7940005177972],[-83.2183046158589,42.7938768376305],[-83.2183335794619,42.7938617223964],[-83.2184878273798,42.7936826443995],[-83.2185705051616,42.7935216975278],[-83.2191196435914,42.793627204946],[-83.2192167810799,42.7936707187444],[-83.219414158319,42.7940666291848],[-83.2197160756891,42.7942092592195],[-83.2199687018103,42.7944705158992],[-83.2203872655399,42.7946302722305],[-83.2205586477086,42.7946890080448],[-83.2207729652821,42.7947286245313],[-83.2208131336418,42.7947133079208],[-83.2208183993606,42.7947215436309],[-83.2207534184946,42.7947977511509],[-83.2206026761493,42.7950054215146],[-83.2202130805052,42.7949998132112],[-83.2199901175097,42.7949238546724],[-83.2199114884657,42.7947692218839],[-83.219627680496,42.7946406472034],[-83.2193556713965,42.79475307203],[-83.2191770935838,42.794874508248],[-83.2190920083991,42.7949472112928],[-83.2190390395016,42.7949873686216],[-83.2185376142309,42.7949952228931],[-83.2184302675462,42.7950855873668],[-83.2182917892779,42.795202155457],[-83.21811316751,42.7955020835693],[-83.2177046455739,42.7958003358046],[-83.2180551103811,42.7960606834864],[-83.2180198929703,42.7960872561609],[-83.2179894017081,42.7961191423303],[-83.2179644278139,42.7961555109593],[-83.2179456219048,42.7961954212507],[-83.2179334714687,42.7962378338027],[-83.2179282931231,42.796281646456],[-83.2179302203115,42.7963257228207],[-83.2179392034232,42.7963689166041],[-83.2179550094643,42.7964101058376],[-83.2179772268621,42.7964482218248],[-83.2179923278323,42.7964885567769],[-83.2180008030853,42.7965307831006],[-83.2180024360541,42.796573820677],[-83.2179971848359,42.7966165684499],[-83.2179851834151,42.7966579314836],[-83.2179667390981,42.7966968506308],[-83.217945393421,42.7967278712925],[-83.2179423238788,42.7967323311497],[-83.2179125637263,42.7967634631631],[-83.2178782189103,42.7967894509056],[-83.2178401697849,42.7968096294927],[-83.2177569218221,42.7968306528792],[-83.2177138540005,42.7968309599125],[-83.2176712882556,42.7968243953068],[-83.2174595146107,42.7968274844417],[-83.2174104619165,42.7968282272393],[-83.2174050742066,42.7968283084057],[-83.2174053647567,42.7968369914359],[-83.2174396129199,42.7978595725778],[-83.2170345073745,42.7978700136877],[-83.2164086260045,42.7978861429114],[-83.2164375299568,42.7982194605688],[-83.2162273775308,42.7982947071467],[-83.2156202746023,42.7984483213724],[-83.2153203483774,42.7985589253671],[-83.2149270933642,42.7986975752712],[-83.2146019132805,42.7987934273213],[-83.2144805705924,42.7979358075543],[-83.2143823989218,42.7979383358566],[-83.2142133323092,42.7979426891258],[-83.2094799524866,42.7980729723767],[-83.2092985879819,42.7980779605598],[-83.2084412372881,42.7981015379083],[-83.2083797694129,42.7981032277119],[-83.2076553875314,42.7981231397784],[-83.2060154975765,42.7966424079271],[-83.2056389135879,42.7962514544723],[-83.2053729804602,42.7959360378582],[-83.2054942718533,42.795814800539],[-83.2059398116772,42.7960565467489],[-83.2082824739532,42.7961143056384],[-83.2083523642015,42.7961160280661],[-83.2083237103676,42.7954758388164],[-83.2083178459569,42.7953448042431],[-83.2091640970051,42.7953228251177],[-83.2090885245281,42.7937745435235],[-83.2090222652543,42.7924172167027],[-83.2041077706517,42.7925519001523],[-83.2039969343831,42.7902775289141],[-83.2038492769209,42.7902842501901],[-83.2031062587273,42.7903180729715],[-83.1991866457833,42.7904964958285],[-83.199174195427,42.7904970627913],[-83.1991741316847,42.7904970657199],[-83.199167392312,42.7904973720738],[-83.1991351626196,42.7904988392101],[-83.1989709006215,42.7905063166937],[-83.1989709832185,42.7905076980573],[-83.1989823337316,42.7906969889598],[-83.1990931108531,42.7925444807985],[-83.1993960019076,42.7925374664339],[-83.1995417590233,42.7925343237465],[-83.2026698979237,42.7924668784553],[-83.2025924646262,42.7928579587513],[-83.2026131853818,42.7939739693104],[-83.2024607364562,42.7950343818029],[-83.202395944104,42.7964042267813],[-83.2028608352393,42.7969927202681],[-83.2027389654892,42.7971530678016],[-83.2022013023193,42.7978604722608],[-83.2020718421827,42.7980308003799],[-83.1999865067629,42.7980637654499],[-83.1999929245002,42.7983841069436],[-83.199993894392,42.7984324827223],[-83.1999675712291,42.7984335663836],[-83.1999474425958,42.7984343986332],[-83.199554605038,42.7984505736145],[-83.199467470526,42.7984541999247],[-83.1994378114869,42.7984553829854],[-83.1990061698836,42.7984726013633],[-83.1989914206661,42.7984731889648],[-83.198938940462,42.7984752797488],[-83.1988135880853,42.7984802723709],[-83.1983441279336,42.7984989730214],[-83.1982701232049,42.798501920407],[-83.1982720538025,42.7985558931059],[-83.1983068471229,42.7995284350543],[-83.198269607997,42.7995292790014],[-83.1980343158975,42.7995346086347],[-83.1975330837611,42.7995459605977],[-83.1961625624009,42.7995770029469],[-83.1945236160864,42.7996141247882],[-83.194519269646,42.7994763321039],[-83.1933755918876,42.79869675552],[-83.1910820142772,42.7987879672671],[-83.189538974499,42.7988493307212],[-83.1846119055209,42.7988891641311],[-83.1796848351604,42.7989287859251],[-83.179683072144,42.7988968049826],[-83.1796674621,42.7986135046519],[-83.1794486735298,42.7946425883171],[-83.1792492199376,42.7910222414417],[-83.178960398772,42.7875256433551],[-83.1789556316809,42.7874679307309],[-83.178950894296,42.7874105837229],[-83.1789503391322,42.7874005605373],[-83.1794946085937,42.7873165549808],[-83.1796865141937,42.7872849800569],[-83.1804952134162,42.7871519217752],[-83.181040613196,42.7870021627277],[-83.1813071630816,42.7869465803536],[-83.1822497927494,42.7868844759994],[-83.1825141888162,42.7868754920459],[-83.1827712705408,42.7868449933207],[-83.1830310000998,42.7868038486859],[-83.1838290280659,42.7866164386697],[-83.1867643451217,42.7855811429102],[-83.1875006221611,42.785321452853],[-83.1876401020113,42.7852722571991],[-83.1878279269118,42.7852123863749],[-83.1879506711782,42.7851752203557],[-83.1881122164694,42.7851263052099],[-83.1882977950523,42.7850710266754],[-83.1888097560118,42.7849185290919],[-83.1888086814204,42.7848964296044],[-83.1887591501955,42.7838779621778],[-83.1887335505775,42.7833857550786],[-83.1887352108148,42.7833857179004],[-83.1893061784978,42.7833728684203],[-83.1937273601346,42.7832733699559],[-83.1937325171727,42.7832732535647],[-83.1935731009352,42.7796280969854],[-83.193573087465,42.7796277759199],[-83.1985738969039,42.7795116856432],[-83.2034828048671,42.7793886417316],[-83.2033391400086,42.7760323346338],[-83.2033311077311,42.7758446904018],[-83.2033342684588,42.7758446233973],[-83.2033362552286,42.775844581461],[-83.2033347245337,42.7758088226513],[-83.203331720633,42.7757386488376],[-83.2053009798974,42.7756888064328],[-83.2082454301905,42.7756142818117],[-83.2131590983675,42.775489696267],[-83.2166501749123,42.7754010552101],[-83.2203025816085,42.7753328139447],[-83.2203323241843,42.77606954807],[-83.2215923303752,42.776045975676],[-83.2216116035931,42.7765230896702],[-83.2216117299559,42.7765262189889],[-83.2216124403194,42.7765438342342]]],[[[-83.2791542396835,42.7431154396539],[-83.2786335065925,42.7435634223762],[-83.2779216622865,42.7441758020912],[-83.2778808672776,42.7442105633323],[-83.2776907373309,42.7443725695811],[-83.277512581384,42.7445386095936],[-83.277321359939,42.7447415891843],[-83.2771619536846,42.7449198313671],[-83.2770038391427,42.7451097344496],[-83.2768338322538,42.7453434460599],[-83.2767017410881,42.7455485446078],[-83.276571153632,42.7457749500236],[-83.2764465188811,42.7460520566322],[-83.2763148121103,42.7463541242147],[-83.276233364352,42.7465933606932],[-83.2761792160004,42.7468376839263],[-83.2761324676636,42.7470839068772],[-83.2760852491867,42.7473399601842],[-83.2759135896837,42.748510069573],[-83.2758544353997,42.7488917990853],[-83.275816509503,42.7492323266733],[-83.2757859919704,42.7495507914153],[-83.2757801190011,42.7498317501002],[-83.2757785606092,42.750163922929],[-83.275805236001,42.7504568057679],[-83.2758387511003,42.7507384907381],[-83.2758967622303,42.7510622707789],[-83.2759489381591,42.7512908088177],[-83.2759515396211,42.751302201442],[-83.2759614218057,42.7513445268216],[-83.276009669847,42.7515511715323],[-83.276090936767,42.7518037885272],[-83.2761781802373,42.7520574988345],[-83.2762788071283,42.7523068165682],[-83.2763712279309,42.7525223683254],[-83.2764865878948,42.7527594760646],[-83.2766187383535,42.7529947920971],[-83.2770490855289,42.7536743917093],[-83.2775691057956,42.755039246545],[-83.2777525552703,42.7587847203679],[-83.2775982007701,42.7588641722427],[-83.2767886714274,42.7590609273379],[-83.2766353682076,42.7592666908344],[-83.2765097642881,42.7594352728522],[-83.2762413893008,42.7595299925945],[-83.275845629556,42.7596319950915],[-83.2755134245635,42.7594726738704],[-83.2752877222288,42.7594385947217],[-83.2751144839564,42.7595085417129],[-83.2751742210434,42.7596950912054],[-83.2753095071883,42.7598320777844],[-83.27521271911,42.7599641826892],[-83.2749594924874,42.7599707530535],[-83.2746307566671,42.7599225775627],[-83.2742791398985,42.7597701027004],[-83.2741808511892,42.7595396909545],[-83.2743066340397,42.7592534381625],[-83.2743202331468,42.7590500779272],[-83.2742525059742,42.7589404715827],[-83.2741267145889,42.7589684135173],[-83.2739922037102,42.7589689744206],[-83.2739816060289,42.7588693754111],[-83.2690198613101,42.7590330609188],[-83.2640580763927,42.7591965148579],[-83.2602620346298,42.7593214275062],[-83.2600582111831,42.7555354351701],[-83.2596065464941,42.7517165182599],[-83.2582927754448,42.7517499084496],[-83.2532571780459,42.7518777529983],[-83.2533159536546,42.7487643680898],[-83.2533610604926,42.746374715801],[-83.2533747213202,42.7456509804846],[-83.2532026730106,42.7416279622356],[-83.2581679007716,42.7414035487489],[-83.2580773174378,42.7374666915334],[-83.2631239747012,42.7373282230181],[-83.2629985413915,42.7340947297025],[-83.262778560894,42.7341003029564],[-83.2627390807508,42.7332115489289],[-83.2627367658495,42.7331594317798],[-83.2629548714998,42.7331538970932],[-83.2629600162791,42.7331537665465],[-83.2630012493307,42.7331567259063],[-83.2630626249347,42.7314911904297],[-83.2679328644923,42.7313911756473],[-83.2723793976005,42.7312996822875],[-83.2729834603829,42.731287239636],[-83.2779690073719,42.7311844249998],[-83.2780567772503,42.7332660090219],[-83.278077839353,42.7345879752023],[-83.278111318354,42.7345995482962],[-83.2786494390296,42.7347682074747],[-83.2793810059408,42.7350602046164],[-83.2808638468766,42.7356757238802],[-83.2821539140241,42.7363162607556],[-83.2819800558019,42.7368260285022],[-83.2807481159755,42.740490833838],[-83.2807402839504,42.7405141300798],[-83.2806315992867,42.7408583532992],[-83.2805261216304,42.7411499610451],[-83.2804224384836,42.7414098983374],[-83.2803069869581,42.7416590461403],[-83.2801943744818,42.7418729196567],[-83.2800529873035,42.7420914404141],[-83.2798884367388,42.7423241650475],[-83.2796942783823,42.7425577796523],[-83.2795126482318,42.7427703719832],[-83.2793246667351,42.7429453184558],[-83.2791542396835,42.7431154396539]]],[[[-83.2615110426927,42.7447640175156],[-83.2615043931851,42.7451338650013],[-83.2631422163012,42.7450296147095],[-83.2631378812536,42.7431987652748],[-83.2615373057963,42.7433032638264],[-83.2615143807172,42.744578369284],[-83.2615110426927,42.7447640175156]]],[[[-83.221489279641,42.7674028815292],[-83.2217401178629,42.7673711680035],[-83.2225208454672,42.7672724556605],[-83.222906970004,42.7672274328818],[-83.2233375946401,42.7672174695214],[-83.223620336196,42.7672055149734],[-83.2241501745868,42.7672546963366],[-83.2246710537811,42.767336690045],[-83.2252357323397,42.7674889757155],[-83.2261440333725,42.76783427129],[-83.2261643782009,42.767903996117],[-83.2261646429592,42.7679046053238],[-83.2261670490764,42.7679045588541],[-83.2261721196046,42.7679044596288],[-83.2262420456633,42.7695931351039],[-83.2262421296934,42.7697198554383],[-83.2262732454152,42.7704710971323],[-83.2262973154512,42.7709279130868],[-83.225542810652,42.7706537933939],[-83.2248813520698,42.7703700971838],[-83.2237403768249,42.7698585463221],[-83.2223687886622,42.7691880362739],[-83.222076722294,42.7695777304343],[-83.2220675690165,42.7695899423234],[-83.2217609856746,42.7699989919048],[-83.2213445686523,42.769911555512],[-83.2193564902658,42.769494092915],[-83.2192936405688,42.769709697129],[-83.2165376359098,42.7680919412102],[-83.2163626100186,42.7680953411515],[-83.2154412374531,42.7681191154029],[-83.2154079537355,42.7676297501866],[-83.2163437641665,42.7676161522299],[-83.2162859777845,42.766146054176],[-83.217036527506,42.7665292001084],[-83.2177312085597,42.7668880369871],[-83.2182850236353,42.7671741062128],[-83.2187539567817,42.7674163272032],[-83.2190538100144,42.7675683292387],[-83.2192688844044,42.7674573393571],[-83.2193587574913,42.7673953972736],[-83.2196465941883,42.7673566406629],[-83.2199675600587,42.7674103446544],[-83.2202628511416,42.7674817424262],[-83.2203928996363,42.7676315645837],[-83.2204985136164,42.7677716234865],[-83.2205664394523,42.7679199197201],[-83.2207779689752,42.7680095266522],[-83.2208848454392,42.7680617286585],[-83.2211753362591,42.7681108082163],[-83.2212717256042,42.7681077633738],[-83.2212696885473,42.7680573099795],[-83.2212673743653,42.7680000027189],[-83.2212861217362,42.7679996374895],[-83.2212882061203,42.7679547430574],[-83.2212627356104,42.7673833853848],[-83.2213145234761,42.7673878418422],[-83.221489279641,42.7674028815292]]],[[[-83.2212461772948,42.7673822340033],[-83.2212462280008,42.7673837091687],[-83.2212273224768,42.7673809226598],[-83.2212247084333,42.767380537784],[-83.221040712409,42.7673534201156],[-83.2205463442214,42.7672805582032],[-83.2192503577097,42.7671234438553],[-83.218814256121,42.7670776429946],[-83.2184656064785,42.7670100247051],[-83.2177365261754,42.7666862204427],[-83.2175513097207,42.7665693795188],[-83.2174130279071,42.7664677136507],[-83.2173220179215,42.7663742526888],[-83.2172423998724,42.7662389404603],[-83.2170118417581,42.76565075974],[-83.2170066647969,42.7656344409818],[-83.2168104561903,42.7656644831099],[-83.2162703013982,42.7657471915265],[-83.2162524450877,42.7652929148227],[-83.2162515645155,42.765270451881],[-83.2161540858126,42.7627905317486],[-83.2161702920158,42.7627921671327],[-83.2161821693019,42.7631596608874],[-83.216224417763,42.7634767904623],[-83.2162894288955,42.7637240294019],[-83.2163928047582,42.7639651903812],[-83.2165188520498,42.7641619241032],[-83.2165618365486,42.7642290198312],[-83.2165964598513,42.7643393331185],[-83.2211382425768,42.7642358183164],[-83.2212458780304,42.7673734894426],[-83.2212461772948,42.7673822340033]]],[[[-83.2160985443447,42.7623846569248],[-83.2156122892127,42.7623746991158],[-83.2156121328415,42.7623746961718],[-83.215327104073,42.762368857747],[-83.2153121013598,42.7620952099822],[-83.2147070302264,42.7621055227572],[-83.214692299034,42.7618312860198],[-83.216085006878,42.7617890756414],[-83.2160985443447,42.7623846569248]]]]},"properties":{"Facility":"Bald Mountain Recreation Area","District":"Metro Detroit","Acres":4518.51442889}},{"type":"Feature","id":61,"geometry":{"type":"Polygon","coordinates":[[[-83.5122244149932,42.4303929796954],[-83.512013953886,42.4267829106306],[-83.5118035150824,42.4231728382739],[-83.516665520209,42.4227071418889],[-83.5167829004206,42.4246966663068],[-83.5191675702203,42.42464700554],[-83.5194453232086,42.4246412180972],[-83.5193148267633,42.4224532942204],[-83.5215274577819,42.4222412386414],[-83.5215704116734,42.422960999453],[-83.5233468740813,42.4229130634433],[-83.5234315180209,42.4242715154643],[-83.5241725262479,42.4242515115637],[-83.5240541988518,42.4221730478306],[-83.5250748850601,42.4221454861003],[-83.5251120568148,42.4231276383349],[-83.5264932929915,42.4230903258795],[-83.5264423999844,42.4221085442628],[-83.5312911302736,42.4219774296633],[-83.5315281373644,42.4256150415983],[-83.5364305449936,42.4255059374394],[-83.5413552034438,42.4254129859366],[-83.5411161491054,42.4217089702911],[-83.545021282651,42.4216559823408],[-83.5452357464425,42.4253060534912],[-83.545448318016,42.428923564494],[-83.5465193538604,42.4288970039676],[-83.549135277427,42.4288467963182],[-83.5491840518729,42.429764204968],[-83.5516297998093,42.4297268122682],[-83.5517731495123,42.4324210000688],[-83.5519199424061,42.4351796860732],[-83.546856882541,42.4353433170819],[-83.5419696585453,42.4355071664672],[-83.5371383733217,42.4356660890828],[-83.5371004592651,42.4351360878885],[-83.5364878487112,42.4351578398637],[-83.5365153357746,42.4356872222791],[-83.5321943044031,42.4358374003687],[-83.5272764055449,42.4360007429781],[-83.5270973552648,42.4331354739153],[-83.5268710288426,42.4295133462652],[-83.5219790309634,42.4298073557615],[-83.5221952827535,42.4334300787966],[-83.5223314689271,42.4357113399715],[-83.521843233146,42.4357275598968],[-83.5218702461824,42.4361800952797],[-83.5174378685341,42.436327247318],[-83.5125172304021,42.4364904088233],[-83.5123985026124,42.4340182120672],[-83.5122244149932,42.4303929796954]]]},"properties":{"Facility":"Maybury State Park","District":"Rose Lake","Acres":943.97056704}},{"type":"Feature","id":63,"geometry":{"type":"Polygon","coordinates":[[[-82.9776312428288,42.3462283094632],[-82.9759531490782,42.3475539430156],[-82.974514391556,42.3479099866097],[-82.9721875539651,42.3482354187543],[-82.9713421999852,42.3484576622656],[-82.9708695935641,42.3489347863063],[-82.9707078287489,42.3492433720785],[-82.9705637223549,42.3501306561457],[-82.9708116833555,42.3506883170931],[-82.9707361003472,42.3512985299776],[-82.9706270738698,42.3514656732548],[-82.9700865498408,42.35175169683],[-82.969447062134,42.3518166349219],[-82.9666265228841,42.3506533403509],[-82.9643079131594,42.3494111129541],[-82.9559092390482,42.3491749517367],[-82.955249929881,42.349362405324],[-82.9546677176626,42.3493877618904],[-82.9537346021055,42.3489521905148],[-82.9534937154504,42.3485044895477],[-82.9531865145843,42.3477163981657],[-82.9530736415691,42.347029193637],[-82.9532339456717,42.3464658767555],[-82.9563413163352,42.3437381817721],[-82.9570348799419,42.3425666215952],[-82.9583800393714,42.3417438771808],[-82.9599438179379,42.3404203462712],[-82.9600904626975,42.3406056301762],[-82.9614069050691,42.3400808711614],[-82.9612732944091,42.3398981362574],[-82.9615703518087,42.3398194673759],[-82.9629826414402,42.3394432050529],[-82.9664595345821,42.3393313792857],[-82.9700056447705,42.3389340070798],[-82.9734365291896,42.3380614510258],[-82.9750739057997,42.3368124546839],[-82.9790117126949,42.3357251419957],[-82.9813120937499,42.3353683652515],[-82.9834063041211,42.3346752707608],[-82.9863799249054,42.3340979436207],[-82.9887113115656,42.3333597769999],[-82.9983374079905,42.3330553520861],[-83.0048638153342,42.333003019669],[-83.0049908224571,42.3330438319482],[-83.0050202329161,42.3330532827012],[-83.0050406729977,42.3331106337483],[-83.0050088090832,42.3331941422082],[-83.0049479789676,42.3333009837616],[-83.0049403027467,42.3333115435883],[-83.0048619148776,42.3334193730404],[-83.000514703233,42.3372239250098],[-83.0002322099586,42.3376714844815],[-82.9986259743514,42.3391456987822],[-82.9950723588746,42.3409589522858],[-82.9929278979474,42.3416805576175],[-82.9908167004803,42.3407214186341],[-82.9892422989274,42.341531106794],[-82.9868875493246,42.3418890213843],[-82.9842584996519,42.3421985263553],[-82.9827177891051,42.3423113049929],[-82.9801569115438,42.3434946883128],[-82.9794818027486,42.344010195688],[-82.9785779426487,42.3452480869219],[-82.9776312428288,42.3462283094632]],[[-82.9848775316048,42.3369053483473],[-82.9844599898538,42.3362496102326],[-82.9839258195558,42.3364440008513],[-82.9841221761157,42.3367686256625],[-82.9840772257365,42.3367884074552],[-82.9841148032647,42.3368558514639],[-82.9839357929083,42.336918680215],[-82.9840950247799,42.3371665477851],[-82.9848775316048,42.3369053483473]]]},"properties":{"Facility":"Belle Isle Park (leased from City of Detroit)","District":"Urban","Acres":930.23900527}},{"type":"Feature","id":64,"geometry":{"type":"MultiPolygon","coordinates":[[[[-84.361641637001,42.4229071774127],[-84.3615996075869,42.4202647654774],[-84.3644511638844,42.4202563683255],[-84.364437181645,42.4177123457576],[-84.3646813829407,42.4176929805449],[-84.3649255853015,42.4176736148297],[-84.364936461223,42.4196496563256],[-84.3649403470242,42.4203556555826],[-84.3671483765549,42.4203496600074],[-84.3671541810739,42.4219148983204],[-84.3696031610948,42.4219081981429],[-84.3735770879785,42.4218972144698],[-84.3735762367986,42.4220782388329],[-84.3735753843984,42.4222592631726],[-84.3696037788626,42.4222702396128],[-84.3671548504028,42.4222769398625],[-84.3671548252859,42.4257179410382],[-84.3647113378168,42.4257221016686],[-84.3647204915006,42.4319119289742],[-84.3644761289568,42.4319112297023],[-84.3644669923671,42.4257168371451],[-84.3622655159212,42.4257105141551],[-84.3622642859872,42.4248565375338],[-84.3607322496155,42.4248553942045],[-84.3607305625891,42.424674372727],[-84.3594608559518,42.4246734092921],[-84.3558534063528,42.4246705951782],[-84.3558536700003,42.4244886743616],[-84.3558713880636,42.4241899024039],[-84.3558851315382,42.4239798966772],[-84.3559344964738,42.4233920413257],[-84.3559806901094,42.4229028185188],[-84.361641637001,42.4229071774127]]],[[[-84.3649217884557,42.4169837386493],[-84.3646775887705,42.4170031043589],[-84.3644333901502,42.417022469566],[-84.3644312462782,42.4166323808404],[-84.3644096940791,42.4127103500725],[-84.3646538902638,42.4126934091032],[-84.3648980406365,42.4126681158326],[-84.3649100580441,42.4148520923914],[-84.3649217884557,42.4169837386493]]]]},"properties":{"Facility":"Meridian-Baseline State Park","District":"Rose Lake","Acres":105.85829604}},{"type":"Feature","id":68,"geometry":{"type":"Polygon","coordinates":[[[-83.3435653570146,42.9336476766674],[-83.3460341655191,42.9335918555685],[-83.3458836187722,42.9299825992956],[-83.3483521334125,42.9299231657668],[-83.3532891449639,42.9298041585599],[-83.3582289762046,42.9296848605161],[-83.3583734400535,42.933312224676],[-83.3584369067586,42.9349057784891],[-83.3585179111486,42.9369395905689],[-83.3586623945024,42.9405669556077],[-83.3568176204344,42.9406034806057],[-83.3569286997046,42.9430940831632],[-83.3587771469581,42.9430574925054],[-83.3588024297667,42.9436061402212],[-83.3588133778183,42.9438436927677],[-83.3588285245644,42.944172339377],[-83.3588329053765,42.944267421317],[-83.3589115842493,42.9459750269757],[-83.3587152655177,42.9459787429489],[-83.3587148802747,42.9459787474827],[-83.3565015783875,42.9460206434207],[-83.3564414617612,42.9460217815034],[-83.3565231832856,42.9478237827923],[-83.3540516871912,42.9478697936258],[-83.3491087083391,42.9479616547247],[-83.3441657047004,42.9480533040435],[-83.3392226837162,42.9481447408563],[-83.3390781945807,42.9445503990169],[-83.3389337204731,42.940956045626],[-83.338781811056,42.9373575500178],[-83.338629918533,42.9337590482725],[-83.3435653570146,42.9336476766674]]]},"properties":{"Facility":"Metamora-Hadley Recreation Area","District":"Metro Detroit","Acres":718.13452454}},{"type":"Feature","id":76,"geometry":{"type":"MultiPolygon","coordinates":[[[[-83.6031621558514,42.6421595344563],[-83.6024794738702,42.6421810691383],[-83.6014726444385,42.6422128223544],[-83.6014726894326,42.6422140151853],[-83.6014798266938,42.6424042001535],[-83.6015019779669,42.6429944388968],[-83.6013699392477,42.6430495886256],[-83.6011626471048,42.6431408178287],[-83.6009493015902,42.6432371196726],[-83.6007378465249,42.6433376828873],[-83.6005270127557,42.6434447912689],[-83.6003332026858,42.6435460118901],[-83.6001276424365,42.6436588820813],[-83.5999120455915,42.6437795436961],[-83.5997357896525,42.6438844853473],[-83.5995661710627,42.6439899688414],[-83.5993833842001,42.6441080383865],[-83.5993307277085,42.6441434805256],[-83.5993267045871,42.6440424198318],[-83.5991111206665,42.6440845696868],[-83.5990656824492,42.6429430184313],[-83.5990396714987,42.6422895147881],[-83.5982927507507,42.6423130485518],[-83.5983243907623,42.6431084567534],[-83.5983774134097,42.6444414103326],[-83.5984811551701,42.6445334424152],[-83.5983969713329,42.6445939145035],[-83.5985307859552,42.6447205185801],[-83.598392919602,42.64483120316],[-83.5982419085209,42.6449595489479],[-83.5980800329309,42.6451010342318],[-83.5979130328655,42.6452520073513],[-83.5977256562013,42.6454271631494],[-83.597159089384,42.6459701988703],[-83.5966038226468,42.6465171382719],[-83.594564806149,42.6484949178509],[-83.5937113843634,42.6493215180534],[-83.5935137548499,42.6495129320318],[-83.5931533153164,42.6493140354897],[-83.5928564859532,42.6491502384286],[-83.5921226831607,42.6497411696993],[-83.5912771230136,42.6497648784509],[-83.5913490277907,42.6514084551819],[-83.5910555012774,42.6515993252166],[-83.5889105987178,42.6516713486519],[-83.5888704424581,42.6507873878663],[-83.5888489614238,42.6503145120822],[-83.5888271135826,42.64983353752],[-83.5887374990406,42.6478607152054],[-83.5887061192849,42.6471698826445],[-83.5886628494298,42.6462172470095],[-83.5837507453569,42.6463597897825],[-83.582142865626,42.6463943074954],[-83.57876035557,42.6464668491614],[-83.5788016901888,42.6472902773977],[-83.5740574935581,42.6473918527425],[-83.5740150439968,42.6465684439764],[-83.5737699520646,42.6465736910395],[-83.5740143469337,42.6502633671534],[-83.5741547517139,42.6530585296639],[-83.5717392724951,42.653120986018],[-83.5717805682477,42.6539438509335],[-83.5692457133857,42.6540093274355],[-83.5674168396199,42.654044231634],[-83.5663133481412,42.6540232626042],[-83.56592818309,42.6539779463682],[-83.5649602325793,42.6538613468487],[-83.5642798290839,42.6538196928367],[-83.5642779995429,42.6538188308401],[-83.5635099206645,42.6537747783665],[-83.5625942489153,42.6537413334494],[-83.5620155799349,42.6537356761206],[-83.5614314439246,42.6537504074885],[-83.5611391057733,42.6537645972439],[-83.560823242734,42.6537885381475],[-83.5605072255645,42.6538158964469],[-83.5585393525432,42.6540374779077],[-83.5578510645509,42.6541105656863],[-83.5573304237898,42.6541699668207],[-83.5571206414584,42.6541939022379],[-83.5565072555402,42.6542455771208],[-83.5561498630963,42.6542651855216],[-83.5557976411541,42.6542712328138],[-83.5550892530827,42.6542661469754],[-83.5546084130609,42.6542454751227],[-83.554068248999,42.6542030051205],[-83.5535980277746,42.6541483738019],[-83.5531332419766,42.6540733477147],[-83.5524803881236,42.6539465153418],[-83.5524069333415,42.6539283776781],[-83.5519486448919,42.6538152032311],[-83.551390098484,42.6536526785875],[-83.5508009248514,42.6534450292945],[-83.550258182543,42.6532349774177],[-83.5499120926261,42.6530873064604],[-83.5473901799941,42.651924754959],[-83.5473888830272,42.6519002602501],[-83.546461643104,42.6514283698561],[-83.5429519965739,42.6496421116733],[-83.5425475674869,42.6492561003737],[-83.5424940985669,42.6484091585112],[-83.5424982363386,42.6484090197664],[-83.5424902743709,42.6482993585486],[-83.5422885831256,42.6483071357695],[-83.5422816950884,42.6481768051949],[-83.5421020567742,42.6447776461607],[-83.5419291131253,42.6415046311542],[-83.5419097621379,42.6411383798147],[-83.5370277024817,42.6412722634547],[-83.5370220504121,42.6411386258282],[-83.5368735260124,42.6376263655995],[-83.5367193735219,42.6339804736318],[-83.5366150314059,42.6315125167299],[-83.5365652328574,42.6303345863869],[-83.5414897336233,42.6302010136696],[-83.5414197529635,42.628378117905],[-83.544587871788,42.6282584436177],[-83.5446239401726,42.628115084118],[-83.5449402619697,42.6268577847129],[-83.5449611326698,42.6267852566914],[-83.5449864806852,42.6267128179569],[-83.5450585660733,42.6265949463284],[-83.545091970098,42.6265459143688],[-83.5451339606661,42.6265070232444],[-83.5451940307346,42.6264652019493],[-83.5452315155597,42.6264467803669],[-83.5453151821272,42.6264265173409],[-83.5453849323211,42.6264096254435],[-83.5454670427252,42.626378243766],[-83.5456283745544,42.6262755876417],[-83.545688718346,42.6262271333017],[-83.5457448287611,42.6261719499225],[-83.5458581061194,42.6260350808104],[-83.5459349450081,42.6259106777776],[-83.5462033664322,42.6255185132694],[-83.5461628837916,42.6247531655462],[-83.5461610521988,42.6247185725267],[-83.5461562138994,42.6246270284759],[-83.5461801571068,42.6246016382595],[-83.5462225423277,42.6245567147795],[-83.5465443657745,42.6242970990441],[-83.5460930404888,42.6234323279777],[-83.5460544377009,42.6227023756896],[-83.5509521385848,42.6225177374773],[-83.5558498181687,42.6223328735305],[-83.5557772389953,42.6209732808896],[-83.5580777400904,42.6208746232799],[-83.5579669947443,42.6188039341208],[-83.5556667080316,42.6189028787851],[-83.5556499300972,42.6185885619936],[-83.5554978017536,42.6157387085784],[-83.5559503057315,42.6156647479944],[-83.5569146736137,42.6150906297826],[-83.5564696812128,42.6151120513037],[-83.5570006619477,42.6147070758554],[-83.5605690093187,42.6145090879178],[-83.5603783510765,42.6108320518657],[-83.5620655802191,42.6107367808943],[-83.5669634331116,42.6105905263445],[-83.5671717112004,42.6142204679791],[-83.567320304626,42.6155761041068],[-83.5695042984348,42.6155082832336],[-83.5721919488541,42.6154310994267],[-83.5722201473457,42.6141126719525],[-83.5770138852074,42.6139207413806],[-83.5768736143963,42.6119261381214],[-83.5773487244904,42.6119118992433],[-83.577324624611,42.6115692419486],[-83.5768495183261,42.6115834807755],[-83.5767590797481,42.6102973903005],[-83.5816568733917,42.6101505088019],[-83.5867518053485,42.6099465488052],[-83.5869130087098,42.6099412507199],[-83.5887145436145,42.6098820402133],[-83.5901856931184,42.6098336668298],[-83.5916124598475,42.6097867378006],[-83.5955865399839,42.6096559045215],[-83.5956919441894,42.6090912970196],[-83.5957736672022,42.6088568214751],[-83.5959196556752,42.6083913575303],[-83.5960354100821,42.6078518214446],[-83.5962647356003,42.6067972976335],[-83.5964857451469,42.605727577145],[-83.5964890798025,42.6056913718143],[-83.5965354780126,42.6051875874132],[-83.596551113963,42.6049396758866],[-83.5965275980644,42.6043179488988],[-83.5964466179148,42.603152287902],[-83.5965367702448,42.603149629888],[-83.5994654672684,42.6030633185197],[-83.6014023088141,42.6030061964439],[-83.6015464573697,42.6030823932943],[-83.6014651729696,42.6018850997842],[-83.6029271146957,42.6018483601642],[-83.6030224088312,42.6026829115948],[-83.6031350384981,42.6034986943625],[-83.6032982184886,42.6041128640664],[-83.6034718424408,42.6046615017013],[-83.6038692493506,42.6054482958592],[-83.6039074668089,42.6055239514898],[-83.6054162914459,42.6085823077359],[-83.6054921348742,42.6087360366955],[-83.6057821203639,42.6093237886437],[-83.6059767719047,42.6093175036867],[-83.6061714162049,42.6093112155444],[-83.6061945764186,42.6093104675004],[-83.6061981681515,42.6093654288849],[-83.6062264302699,42.6097981270894],[-83.6069534783567,42.6111528000732],[-83.6071082983056,42.6115091080732],[-83.6072173614788,42.6119578946799],[-83.6073853495092,42.6126986492938],[-83.6074182695824,42.6128503472013],[-83.6075641706433,42.6135226982777],[-83.6076451388444,42.6139708792014],[-83.6079006471212,42.6146304249084],[-83.6080779245924,42.615132570884],[-83.6083543432965,42.6156160496747],[-83.6088385894737,42.6164286910608],[-83.6081469606647,42.6164520444438],[-83.6078215672049,42.616463027036],[-83.606664421831,42.616502083377],[-83.6066735336897,42.6166415204133],[-83.606677791929,42.6167066786029],[-83.6067391222133,42.6176453193384],[-83.6067437747696,42.6177164614909],[-83.6073565426728,42.6175426837285],[-83.6076045666459,42.6174895509009],[-83.6076765247634,42.6174838016011],[-83.6082238383412,42.6190886627284],[-83.608421107805,42.6190917719045],[-83.6084322337241,42.6198775056222],[-83.6084329923783,42.6199312913915],[-83.6084346433639,42.6200480386348],[-83.6084349593591,42.6200703162622],[-83.6082672118933,42.6200754438959],[-83.6081971962844,42.6200775897875],[-83.6079856503148,42.6200840575752],[-83.6076768115142,42.6200935064162],[-83.6075086510013,42.6200986494093],[-83.6071625386492,42.6201092422505],[-83.6069472992385,42.6201158243687],[-83.6069006675135,42.6201172475873],[-83.6069037193033,42.6201639469751],[-83.6069387638049,42.6201221369015],[-83.6069464326274,42.6201164654348],[-83.6084740257995,42.6200697374091],[-83.6088611917267,42.620057891165],[-83.6089909443726,42.6200539202741],[-83.6092302461074,42.6200465975453],[-83.610586035649,42.6200050978273],[-83.6106014395144,42.6200213032523],[-83.6108151089806,42.6202935562237],[-83.6108715531391,42.6203659744536],[-83.6109392404706,42.6204480694316],[-83.6109599656742,42.6204828323499],[-83.6109847698,42.6205322697794],[-83.6110033729655,42.6205618391523],[-83.6110633958888,42.6206617922187],[-83.6110750002557,42.6206920709875],[-83.6110877328649,42.6207232321998],[-83.6111029205298,42.6207510130164],[-83.6111133645718,42.6207812681052],[-83.6111180711801,42.6208096845771],[-83.6111035341532,42.6210942661316],[-83.6111070459168,42.6211235158431],[-83.6111161632359,42.6211580328677],[-83.6111297566277,42.621196935634],[-83.6111672939544,42.621277533322],[-83.6111930258158,42.621332997476],[-83.611217168306,42.6213695489062],[-83.6112416437483,42.6213975264029],[-83.6113246574256,42.6214739385694],[-83.6113518876175,42.621490819559],[-83.6113838948134,42.6215043684147],[-83.6114272451512,42.6215250231611],[-83.6115429334629,42.6215978370743],[-83.6115893667053,42.6216288542152],[-83.6116559327482,42.6216800334519],[-83.6116771294709,42.6216727589627],[-83.6117859179817,42.6217437103229],[-83.611873809532,42.6218142200229],[-83.6119067025961,42.6218461521274],[-83.6119345523828,42.6222564395016],[-83.6117967616238,42.6225119395963],[-83.6117765884298,42.6225527011375],[-83.6117579084305,42.6225849133163],[-83.6117287470333,42.6226177612035],[-83.6117055609275,42.6226164126046],[-83.6116798321293,42.6227703253722],[-83.6116610819328,42.6228342861089],[-83.6116258497694,42.622873871104],[-83.6116007994454,42.6229205355725],[-83.6115622037858,42.6230467167264],[-83.6115473815779,42.6232489147698],[-83.6116426701145,42.6233384584763],[-83.6116703625377,42.6233733687548],[-83.6116932458208,42.6234124681328],[-83.6117059126957,42.6234453440482],[-83.6117168188153,42.6234936284327],[-83.6117318007699,42.623586620182],[-83.6117364332382,42.6236084747549],[-83.611739657296,42.6236236851743],[-83.6117725183373,42.6237050421211],[-83.6117936158571,42.623700340247],[-83.611884348715,42.6238773131964],[-83.6118990714839,42.6239170973914],[-83.6119235069469,42.6240059992197],[-83.6119354130906,42.6240285618284],[-83.6119801175288,42.6241041632215],[-83.612056141759,42.6242245126989],[-83.6122033173089,42.6272496510591],[-83.6122354516741,42.6279100971561],[-83.6122398222709,42.6279999289939],[-83.6120866247562,42.6279976876915],[-83.6120894892821,42.6280146562116],[-83.6120486481909,42.6280489740036],[-83.6120399875139,42.6280625201968],[-83.6120359390277,42.6280770225785],[-83.6120363006141,42.6280976245476],[-83.6120412411294,42.6281200396473],[-83.6120540755508,42.6281486280873],[-83.6121056495942,42.628226948587],[-83.6121140394511,42.628250295251],[-83.6121155913221,42.6282593126655],[-83.6121187802929,42.6282778546972],[-83.6121197377202,42.6283130573672],[-83.6121146561823,42.6283541384181],[-83.6121063583049,42.6283882866086],[-83.6120827627917,42.628457292449],[-83.6120709489553,42.6284922247506],[-83.6120639113453,42.6285238257788],[-83.6120585764368,42.628546700811],[-83.6120555468435,42.6285596887472],[-83.6120519931004,42.6285913626274],[-83.6120478322517,42.6286985370308],[-83.6120467670763,42.6287259735624],[-83.6120423856785,42.6287490498576],[-83.6120358140755,42.6287686464993],[-83.6120198218389,42.6287914769884],[-83.6119849481055,42.6288516630776],[-83.611981145246,42.6288608112699],[-83.6119644400553,42.6289009984901],[-83.6119498366403,42.6289478850675],[-83.6119353296684,42.629022232765],[-83.6119367863429,42.629044574107],[-83.6119441156456,42.629065323586],[-83.6119586099948,42.6290810761775],[-83.6119755608998,42.6290934483893],[-83.6119984831027,42.6291016560825],[-83.6119938341377,42.6291315914797],[-83.611995157684,42.6291573623865],[-83.6119970459069,42.6291762876851],[-83.6122972721447,42.629180680206],[-83.6148811577271,42.6292184513761],[-83.6149829806031,42.630813822452],[-83.6151115939306,42.632562492895],[-83.6166343328413,42.6325084348188],[-83.6166393063639,42.6325989015563],[-83.6151189916823,42.6326542253767],[-83.615146013434,42.6329893455901],[-83.6148805692996,42.6330071229124],[-83.6150755567434,42.6354786366525],[-83.6144068530913,42.6354964556718],[-83.6144576586283,42.6361403820158],[-83.6134684876487,42.6361667277737],[-83.6135151981468,42.6373009726645],[-83.6131854726566,42.6373137395902],[-83.6132471161488,42.6381817334624],[-83.6127465264378,42.6382011108298],[-83.6103324294681,42.6382945328909],[-83.607918331163,42.6383878980343],[-83.607098215342,42.6384195956104],[-83.6060801350449,42.6407216128091],[-83.6059056393258,42.6410197260572],[-83.6052486595532,42.6407568654991],[-83.6044217276072,42.6412805959077],[-83.6041278375315,42.6415743037527],[-83.6041416048025,42.6418334300328],[-83.6038898995821,42.6418253728415],[-83.6036992676086,42.6417893505886],[-83.603554028865,42.6417792224903],[-83.6034082416497,42.641783168832],[-83.6031553765134,42.6418222531519],[-83.6031621558514,42.6421595344563]]],[[[-83.5876424310648,42.6378398263358],[-83.5876929093382,42.6390049352286],[-83.5883550205539,42.6389875453603],[-83.5932717285856,42.6388582151229],[-83.5930607960921,42.6352107950426],[-83.5928848418197,42.6315391131616],[-83.5927089159822,42.6278674272492],[-83.590148005565,42.6279523980218],[-83.5895340713845,42.6294118608783],[-83.5894860469716,42.6295658603902],[-83.5894698410206,42.6297412287281],[-83.5894637094339,42.6300167068805],[-83.5894340115711,42.6316513046034],[-83.5879952627945,42.6316980532514],[-83.588152671904,42.6353670958069],[-83.5875361539067,42.6353867102403],[-83.5876181649432,42.6372797342086],[-83.5876424310648,42.6378398263358]]],[[[-83.5701124787273,42.6286441909873],[-83.5701373895459,42.6291888905248],[-83.5725948425547,42.6291223952777],[-83.5729063443495,42.6291139639445],[-83.5730046584223,42.6291113012473],[-83.5729881504922,42.6287453022415],[-83.5729094832435,42.6270011228606],[-83.5753550443801,42.6268589315126],[-83.575278683414,42.6250273236412],[-83.5728278112641,42.6251906368698],[-83.5699632755038,42.6253814508111],[-83.5700852197554,42.6280481194201],[-83.5701124787273,42.6286441909873]]],[[[-83.6054414804178,42.6283714565009],[-83.6073707437404,42.6283113585452],[-83.6073219904752,42.6273972223839],[-83.6086195058253,42.6273580166484],[-83.6086138076543,42.627335667299],[-83.6085911977924,42.6272596745038],[-83.6085694100431,42.6272223148584],[-83.6085472556692,42.6271943860547],[-83.6085212842139,42.6271749572921],[-83.6084915635577,42.6271623138129],[-83.6084489374056,42.6271528290954],[-83.6083934069764,42.627146503151],[-83.6083376098685,42.6271470363037],[-83.6082931899265,42.6271538168928],[-83.6078956253884,42.6272475006032],[-83.6078558495397,42.6272543795103],[-83.6078185291265,42.6272578789883],[-83.6077790867032,42.6272561839664],[-83.6077212674775,42.6272489515111],[-83.6076751255126,42.6272402495891],[-83.6075529197998,42.6272153471851],[-83.6074758969445,42.6271939777431],[-83.6074175164675,42.6271712865743],[-83.6073707810865,42.6271479847355],[-83.6073206607956,42.6271220372356],[-83.607306835472,42.6271129621035],[-83.6071268062809,42.6237357943207],[-83.6064057678651,42.6237557801708],[-83.6064061763701,42.6237538717442],[-83.6059446213518,42.6237658708064],[-83.6045373379651,42.6235717034053],[-83.6022827502896,42.6236515505088],[-83.6022413937037,42.6231191508305],[-83.6019481439975,42.6231270510178],[-83.6014561390833,42.6231403053724],[-83.5973655893264,42.6232504141737],[-83.5974355835823,42.6241537162394],[-83.6023118107531,42.6240256399583],[-83.6024555834222,42.6275435210583],[-83.602508450393,42.628462760177],[-83.6042552431253,42.6284083928177],[-83.6054414804178,42.6283714565009]]],[[[-83.5614909180279,42.622947054548],[-83.5622291921373,42.6229253072692],[-83.5626943099894,42.6229116038141],[-83.5626565352367,42.6220756100743],[-83.5583582711607,42.6222381111232],[-83.5583444878577,42.6222386326894],[-83.5583440701463,42.622238661038],[-83.558409765939,42.6224238531567],[-83.5584905040048,42.6226514440847],[-83.5586370933177,42.6229346623634],[-83.5587364492653,42.6230281524336],[-83.5614909180279,42.622947054548]]],[[[-83.6006377044739,42.622254967703],[-83.6014298911433,42.6222331122464],[-83.602170979718,42.6222126615036],[-83.6021357728076,42.6217594167428],[-83.5972606007919,42.6218954597431],[-83.5972955969316,42.6223471109844],[-83.6006377044739,42.622254967703]]],[[[-83.5739412767204,42.6214216507416],[-83.5751173874595,42.6213534173334],[-83.5749069052398,42.6176828419342],[-83.5723537069557,42.617809148324],[-83.5723890910069,42.6184320989359],[-83.572625244515,42.621497987056],[-83.5739412767204,42.6214216507416]]],[[[-83.6006872712842,42.6204384971512],[-83.6012637085441,42.6204218374562],[-83.6020301573165,42.6203996812749],[-83.6020128948977,42.6202746677452],[-83.6019882869492,42.6201755320298],[-83.6019449075581,42.6200364552635],[-83.6019083279763,42.6199018130891],[-83.6018825221253,42.6197888538033],[-83.6018651347712,42.6196983831898],[-83.6018565334204,42.6196209713195],[-83.6018475404558,42.6195238143701],[-83.6018488732553,42.6194117906087],[-83.6006103267637,42.6194475894379],[-83.6006872712842,42.6204384971512]]],[[[-83.5875037758975,42.6530619754212],[-83.5873494902295,42.6530968556621],[-83.5872063882841,42.6531254028399],[-83.5870385289893,42.6531565942989],[-83.5868845356406,42.6531846973861],[-83.5867182306487,42.6532130964332],[-83.5865505053244,42.6532388099482],[-83.5863936752147,42.6532600094686],[-83.5862419961111,42.6532805685136],[-83.5860905545269,42.6532992405752],[-83.5859213406959,42.6533183079179],[-83.5857545405336,42.6533339330054],[-83.5856871707537,42.6533389312524],[-83.585577821377,42.6533470438646],[-83.5848774257133,42.6533966017164],[-83.5840768845033,42.653038051209],[-83.5840373612616,42.6522288160014],[-83.5850189626904,42.652206579542],[-83.5849969083772,42.6517551533261],[-83.5880557821854,42.6516896642928],[-83.5881108870561,42.6529030391806],[-83.587944536943,42.6529499828983],[-83.5878032750916,42.6529872348832],[-83.5876512374745,42.6530255473141],[-83.5875037758975,42.6530619754212]]],[[[-83.6022456072246,42.6434768120076],[-83.6024639654631,42.6433955996603],[-83.6027360927291,42.6432994368557],[-83.6029779421337,42.6432172902744],[-83.6031992691648,42.6431477727807],[-83.6034622401924,42.6430704161766],[-83.6035975317837,42.6430317923694],[-83.6038861385834,42.6429553378768],[-83.6039868598295,42.6429314269127],[-83.6040771722478,42.6429099875664],[-83.6041733726932,42.6428892290333],[-83.6038961952231,42.6432543045066],[-83.6035837248307,42.6436658586834],[-83.603377287218,42.6439645067845],[-83.603321646601,42.6440487099959],[-83.6032743931588,42.6441269572124],[-83.6032385913343,42.6441948901889],[-83.6031895986399,42.6442947424284],[-83.6031530644509,42.6443798000933],[-83.6031225320869,42.6444693212201],[-83.6030894619042,42.6445688477253],[-83.6030758900929,42.6446189910405],[-83.6021584779944,42.6446457450763],[-83.6019128024582,42.6452162119303],[-83.6012074581709,42.6452794184203],[-83.6011800099213,42.6452977129302],[-83.6011571737231,42.6453169640376],[-83.6011400781774,42.6453380524844],[-83.6011039903746,42.6453990680319],[-83.6010843712904,42.6454252522859],[-83.601062462885,42.6454505293154],[-83.6010360761476,42.6454714210969],[-83.6008253585707,42.6455990871689],[-83.600800366658,42.6456140014425],[-83.600786956405,42.6456300196339],[-83.6007804128832,42.6456487585771],[-83.6007819327522,42.6456693860751],[-83.6007964627436,42.6456842822105],[-83.6008181605438,42.6456941830934],[-83.6008492510658,42.6457017089637],[-83.600879012354,42.645713496585],[-83.6009062501284,42.64573038001],[-83.6009298036824,42.6457523327582],[-83.6009406482031,42.6457722999794],[-83.6009456517283,42.6457930006463],[-83.6009412315337,42.6458169333151],[-83.6009312044693,42.6458355981947],[-83.6009144432184,42.645848112768],[-83.6008931701601,42.6458570999235],[-83.6008575435804,42.6458624611959],[-83.6029929672582,42.6458002007982],[-83.6029928682417,42.6470975760871],[-83.6030061728783,42.6477436518399],[-83.6030416192131,42.6487153159196],[-83.6030638030204,42.6492511620637],[-83.6030727299595,42.6494320766092],[-83.6032573094368,42.6523132897502],[-83.6032825490291,42.6527409201872],[-83.6032949005541,42.6529071147613],[-83.6033099765135,42.6530594638383],[-83.6033317984621,42.6531992167827],[-83.6033582652827,42.6533384143339],[-83.6038118602498,42.655683767842],[-83.6038369956279,42.6558270845699],[-83.6038516255448,42.6559307419881],[-83.6038736985157,42.6562489841172],[-83.6038706913459,42.6563933968565],[-83.6038592767315,42.6565167152287],[-83.6038442754558,42.6566218271392],[-83.6038216237361,42.6567301666105],[-83.6037922511669,42.6568364210461],[-83.6037570396128,42.6569465225721],[-83.6037161465384,42.6570540196929],[-83.6036717657834,42.6571625616288],[-83.6036226960705,42.6572675833094],[-83.6035680713975,42.6573703843305],[-83.6035134029562,42.6574637836714],[-83.6034507816198,42.657556797865],[-83.6033890430491,42.6576425047855],[-83.6033225773256,42.6577269851646],[-83.6032615124447,42.6578010389785],[-83.6031899139518,42.6578802599067],[-83.6031171524573,42.6579575930593],[-83.6030420521654,42.6580341755979],[-83.6029564041294,42.658118476217],[-83.6028558623201,42.6582166177661],[-83.602219358637,42.6588244645986],[-83.6020435679387,42.6589966500731],[-83.6019546997171,42.6590861769267],[-83.6018690015003,42.659178415177],[-83.6017822790666,42.6592798800716],[-83.6016997972842,42.659382392671],[-83.6016202541006,42.6594875721254],[-83.6015401495161,42.6596037231699],[-83.601482445031,42.6596951273371],[-83.6014225530342,42.6597987009638],[-83.601346675101,42.6599397070142],[-83.6012898503154,42.6600522185751],[-83.6012642552325,42.6596489109186],[-83.5991792733525,42.6597064338654],[-83.5992223538898,42.6603856054562],[-83.596663023837,42.6605167862082],[-83.5941904573183,42.6605922969001],[-83.5941556226721,42.6598425123791],[-83.5924522083564,42.6598686077175],[-83.5924740189043,42.660644680477],[-83.5892453031284,42.6607431477784],[-83.5860902922114,42.6608395831096],[-83.5843001245804,42.6608937885148],[-83.581702468712,42.6609202524455],[-83.5816496591201,42.6598693337695],[-83.5793937804842,42.659925693888],[-83.5792819389692,42.6573523760078],[-83.5792203756133,42.6562425569592],[-83.5807708797612,42.6561763995898],[-83.580810208465,42.657308440534],[-83.5814797480938,42.6572875362177],[-83.5817679429404,42.6572808967214],[-83.5816210667862,42.6538179698173],[-83.5834592749732,42.6537650689048],[-83.5834864917008,42.6544212553081],[-83.5841374896333,42.6544025145265],[-83.5841034325239,42.6535816058145],[-83.5841074606927,42.6535814974572],[-83.5841247162771,42.6536960139382],[-83.5841327957897,42.6537270783676],[-83.5841478107872,42.6537591498145],[-83.5841707550437,42.6537965386797],[-83.5842170802789,42.6538601718436],[-83.5842626140177,42.6539143485347],[-83.5843083848277,42.6539625240579],[-83.5843432442893,42.6539935896546],[-83.5845585518135,42.6539868939233],[-83.585166583106,42.6539679826625],[-83.5856108291608,42.6539480353047],[-83.5858800137413,42.6539348637578],[-83.5861859047369,42.6539105489708],[-83.5864912218898,42.6538819112522],[-83.5868012096028,42.6538448132674],[-83.5870589062715,42.6538078810342],[-83.5873055049433,42.6537659065175],[-83.5875796112265,42.6537159169494],[-83.5878607676474,42.653657437017],[-83.5881143212742,42.6536051789647],[-83.5883743263033,42.6535416151542],[-83.58873190034,42.6534568260589],[-83.5889027307843,42.6534020896544],[-83.5889879268943,42.653373521199],[-83.5890848199293,42.6533410305718],[-83.5893221758781,42.6532578846359],[-83.589557140507,42.6531705926029],[-83.589767980663,42.6530883153792],[-83.5899608353412,42.6530084085729],[-83.5901315676424,42.652933820819],[-83.5902903849958,42.6528613918591],[-83.5904417764114,42.6527887833977],[-83.5905839079436,42.6527195985938],[-83.590726730654,42.6526476545419],[-83.5908660728299,42.6525755098844],[-83.5909873902212,42.6525105188908],[-83.5911418924194,42.6524263139457],[-83.5912904723445,42.6523432985786],[-83.5914581952389,42.6522455927436],[-83.5916157267421,42.6521482952722],[-83.5917620715671,42.6520568452432],[-83.5919167204989,42.6519564976053],[-83.5920552403812,42.6518599938107],[-83.5921843397646,42.6517709256605],[-83.5923265281443,42.6516673602917],[-83.5924816919748,42.6515514141215],[-83.59164373213,42.6515795663493],[-83.591797297506,42.6514734237614],[-83.5919315550172,42.651375635475],[-83.5920833570383,42.6512622018373],[-83.5922232393673,42.6511494028398],[-83.5923359878822,42.6510565406399],[-83.5924530164312,42.6509589318843],[-83.5925851956709,42.6508439420079],[-83.5927022136588,42.6507387896478],[-83.5928021900514,42.6506476472861],[-83.5929893643692,42.6504706274826],[-83.5931460597435,42.6503236775341],[-83.5933077444928,42.6501640718207],[-83.5937296216926,42.6497554672103],[-83.593727129109,42.6496961662877],[-83.5937927601559,42.6496943145503],[-83.59451632525,42.6496738947004],[-83.5953042967489,42.6489106784602],[-83.5973455666902,42.6469306908706],[-83.5979316144481,42.646353424469],[-83.5983689396436,42.6459349682713],[-83.598434338917,42.6458723909924],[-83.5984583668588,42.64584939917],[-83.5986377762007,42.645681687838],[-83.5987950986064,42.6455394634534],[-83.5989478504948,42.6454059513736],[-83.5991001852626,42.6452764797083],[-83.5992373198029,42.6451671850096],[-83.5993810029697,42.6450568970698],[-83.5995849438892,42.6449061357283],[-83.5998028815503,42.6447542573965],[-83.6000025826008,42.6446198418249],[-83.6001716582334,42.6445106290799],[-83.6002382790292,42.6444691980846],[-83.6003270148879,42.6444140142032],[-83.6004846765236,42.644320142696],[-83.6006857566459,42.6442076045127],[-83.6008790259505,42.644101484481],[-83.601058881746,42.6440075499102],[-83.6012530913418,42.6439088878809],[-83.6014434678942,42.6438183475221],[-83.6016430503856,42.6437282584006],[-83.601836803048,42.6436429872885],[-83.6020371113058,42.6435593227338],[-83.6022456072246,42.6434768120076]]]]},"properties":{"Facility":"Highland Recreation Area","District":"Metro Detroit","Acres":5990.85833289}},{"type":"Feature","id":78,"geometry":{"type":"MultiPolygon","coordinates":[[[[-84.2642224256533,41.8203374041477],[-84.2642224307081,41.8203379970126],[-84.2642224365456,41.8203385619622],[-84.2642224421729,41.8203391773583],[-84.2642224764426,41.8203429805525],[-84.2642227443372,41.8203720402585],[-84.2642228957269,41.820388503695],[-84.2642558126753,41.8239685224377],[-84.264255814588,41.8239687548972],[-84.2642558344112,41.8239707110392],[-84.2642558435112,41.8239718039608],[-84.2642703566021,41.8239715523694],[-84.2688693639242,41.8238919077011],[-84.2690681842622,41.8238884628834],[-84.2690681934465,41.8238888666251],[-84.2690713565796,41.8238888116129],[-84.2690861262608,41.8238885562206],[-84.2691714851831,41.8238870241873],[-84.2695403859828,41.8238822439393],[-84.2696440864887,41.8238809002563],[-84.2723311390327,41.8238460822532],[-84.2723475587456,41.8238458693281],[-84.2723616061132,41.8238456869173],[-84.2723727015866,41.8238455430874],[-84.2724035060071,41.8238451439999],[-84.2724168400932,41.8238449711633],[-84.2724731368645,41.8252515363439],[-84.2724733058892,41.8252557506312],[-84.2738586694514,41.8252312391005],[-84.2738613627167,41.8252311910376],[-84.2738048664176,41.8238204132101],[-84.2737940584386,41.8232293670952],[-84.273780793334,41.8225039107347],[-84.2737806711805,41.8224971927137],[-84.2737755310337,41.8222161617842],[-84.2737755291837,41.822216012208],[-84.273775431583,41.8222106161716],[-84.2737754323885,41.8222105441132],[-84.2737754224967,41.8222101646852],[-84.2737408409394,41.8203189081577],[-84.2737390889845,41.8202230777247],[-84.2737388954926,41.8202125271127],[-84.2750562957813,41.8201801748826],[-84.2781699192986,41.8201037130968],[-84.2782618650743,41.8201014544267],[-84.2782782420684,41.8201010526207],[-84.278824907756,41.8200876273298],[-84.2802898004042,41.8200516770704],[-84.2803213780837,41.8200509023346],[-84.2803301058653,41.8200506884996],[-84.2803452611757,41.8208748933542],[-84.280389999868,41.8208737935069],[-84.2810534958652,41.8208574803281],[-84.2810794976016,41.8208568412314],[-84.2810655315944,41.8200977017821],[-84.2810646904087,41.8200520228056],[-84.2810643328708,41.8200326364917],[-84.2812798595291,41.8200273367362],[-84.2815402447443,41.8200352451202],[-84.2816123169338,41.8200423711949],[-84.2816888804075,41.8200530002813],[-84.2817527350246,41.8200668633376],[-84.2818153471421,41.8200841403294],[-84.2833978549082,41.8206188803413],[-84.283763907131,41.820742571302],[-84.2837649317654,41.8207840504378],[-84.2837649541142,41.8207849381564],[-84.2838353871126,41.8236362875456],[-84.2840670262556,41.82363618994],[-84.2840668717122,41.8236322948199],[-84.2842341487411,41.8236294090952],[-84.2888049775829,41.8235505624172],[-84.2888047669692,41.8235445908055],[-84.2887794815719,41.822829696241],[-84.2887826086198,41.8228308121777],[-84.2889155377953,41.8228746890328],[-84.29085672952,41.8235154404773],[-84.2908777796384,41.8235223882221],[-84.2934315237767,41.8244666767676],[-84.2937459336234,41.8245829336771],[-84.2938170723898,41.8246092380614],[-84.2938202099481,41.8246773625246],[-84.2939315777393,41.8270969215416],[-84.2938958283416,41.8270975167997],[-84.293880912603,41.8270977641343],[-84.2938252742904,41.8270986912293],[-84.2938252883474,41.8270990986447],[-84.2923999333513,41.8271228550079],[-84.292441859682,41.8282623865358],[-84.2926551546204,41.8282643501533],[-84.2939737495914,41.8282423800195],[-84.2940584389262,41.8305422067725],[-84.2940639734848,41.8306925528134],[-84.2940952863869,41.8315429675545],[-84.2941963763564,41.8342881844523],[-84.2942400238443,41.8354732298967],[-84.2942443204677,41.8355899142281],[-84.2942625938002,41.8360860027542],[-84.2941895018412,41.8360875086995],[-84.294105500536,41.836089238211],[-84.293855410581,41.8360943892377],[-84.2929781005647,41.8361124557212],[-84.2918745893297,41.8361351680619],[-84.2892909071965,41.836188304161],[-84.2866617308542,41.836273350683],[-84.2866115056381,41.8344380241536],[-84.2842423794549,41.8344845915038],[-84.2842938819399,41.8356949598526],[-84.2843177399778,41.8362554771684],[-84.2843959754597,41.838093829744],[-84.2843909032075,41.8380939366622],[-84.2843876619232,41.8380940053108],[-84.2843719714317,41.8380943367344],[-84.2819521951114,41.8381453663292],[-84.2808825448791,41.8381679103042],[-84.2805861390603,41.8381741542535],[-84.2805819756582,41.838174241796],[-84.2794295371224,41.8381985179072],[-84.2759429039216,41.8382718722882],[-84.275424870358,41.8382827590158],[-84.2744966645759,41.8383022662233],[-84.2744630810899,41.838302973999],[-84.2744608474925,41.8383030211463],[-84.2744608657701,41.8383034025056],[-84.2746376880339,41.8419221015375],[-84.2746379082204,41.8419266048879],[-84.2746364645472,41.8419266616551],[-84.2746328463828,41.8419268016312],[-84.2726210595231,41.8420049345607],[-84.2724177980195,41.842012827904],[-84.2697803596911,41.8421151979667],[-84.2697374270628,41.8421171311711],[-84.2660409710598,41.8422836034759],[-84.2650355687144,41.8423288820337],[-84.2650291633448,41.8423291699037],[-84.2649177469929,41.8423341880145],[-84.2649132294316,41.842334391962],[-84.2649602881035,41.8439402554087],[-84.2650130481587,41.8457406108745],[-84.2651088449665,41.849356817808],[-84.265103775831,41.8493569086235],[-84.2642265847071,41.8493726280313],[-84.2635716264435,41.8493843614882],[-84.2630297466322,41.8493940648275],[-84.2627217549439,41.8493995772606],[-84.2626982994486,41.8493999974128],[-84.2626904289358,41.8491694479234],[-84.262685841502,41.8490351303664],[-84.2626533604882,41.8480839080651],[-84.262653300368,41.8480821440868],[-84.262649694431,41.8479765603634],[-84.2626496918383,41.8479764810447],[-84.2626487726266,41.8479496544368],[-84.2626487690227,41.8479496111377],[-84.2626487658233,41.8479495534308],[-84.2625749358581,41.8457871758702],[-84.2624947588043,41.8425396477194],[-84.2624902989422,41.8423589795499],[-84.2624901659246,41.8423535901561],[-84.2624901648653,41.8423534991499],[-84.2624897455423,41.8423365081402],[-84.2624778144699,41.842336518135],[-84.2600496062479,41.8423385869943],[-84.2552316242514,41.8423425385465],[-84.2504567557734,41.8424002667377],[-84.2503636183499,41.8424018091999],[-84.2502944981004,41.8424027095641],[-84.2455250902554,41.8424989005935],[-84.2422750887006,41.84255107115],[-84.241028709999,41.8425710548339],[-84.2404394804303,41.8425804965759],[-84.2382367934149,41.8426157449095],[-84.2377776865195,41.8426230918317],[-84.2363226319511,41.8426463772648],[-84.2360072177507,41.8426514244925],[-84.2359109191582,41.8426529652427],[-84.2357986569341,41.8389569176523],[-84.2357406026084,41.835962617495],[-84.2357400256489,41.8359379210833],[-84.2357244236696,41.8354218228356],[-84.2357230005832,41.8353283052946],[-84.2357672339244,41.8353276686544],[-84.2357748781245,41.8353275580208],[-84.2357764773453,41.8353275348532],[-84.2404661098666,41.8352599484797],[-84.2404677729521,41.83525992446],[-84.2404689154074,41.8352599083823],[-84.2404739830069,41.8352598348654],[-84.2403551571879,41.8316296445579],[-84.2402368704496,41.8280150133846],[-84.2402362925944,41.8279973268412],[-84.2402104689972,41.8271363230059],[-84.2402095655896,41.8271062295648],[-84.2401276267492,41.8243741633231],[-84.2401226639002,41.8243741835205],[-84.2401225566515,41.824374185419],[-84.2390408623572,41.8243917252722],[-84.2369736555801,41.8244252197683],[-84.2355237156818,41.8244486909722],[-84.2354376670503,41.8244500834089],[-84.2353628742577,41.8244512939385],[-84.2353084387166,41.8244521721688],[-84.2353008720382,41.824236000346],[-84.2353556289131,41.8242350821997],[-84.2353965112908,41.8242343969258],[-84.2354402507282,41.8242336643845],[-84.2376752631384,41.8241962313479],[-84.2400801772799,41.8241559535234],[-84.2401105181161,41.8241554449176],[-84.2401159924444,41.824155353574],[-84.2401210631122,41.8241552684251],[-84.2400971405491,41.8233574298594],[-84.2400968387323,41.8233473674635],[-84.2400952382995,41.8232939972928],[-84.2400931827103,41.8232254497054],[-84.2400515026424,41.8218354104702],[-84.2400357688526,41.8213106146431],[-84.2400354566217,41.8213001989266],[-84.2400328226462,41.8212122971815],[-84.240018926071,41.8207487355718],[-84.2399943109619,41.8199276396712],[-84.2399419062187,41.8181797335934],[-84.2399408103067,41.8181432010381],[-84.2399102340798,41.8171233694903],[-84.2398815075617,41.8161650254308],[-84.2398814126185,41.8161618401524],[-84.2398031822101,41.8135518943972],[-84.2398019571342,41.8135110561715],[-84.2398016656407,41.813501311938],[-84.2398016211977,41.8134998247511],[-84.239801599617,41.8134991009876],[-84.2398015878271,41.8134987107117],[-84.2398145919055,41.8134988526658],[-84.2401684225829,41.8135027209198],[-84.2402297266352,41.8135033911956],[-84.2402959460634,41.8135041143674],[-84.2402987618735,41.813504145625],[-84.2403472412484,41.8135046749895],[-84.2403097598286,41.8126045424658],[-84.2403090230928,41.8125868578552],[-84.2403071599308,41.8125421040997],[-84.2446412372038,41.8109894925178],[-84.2494550181225,41.8092393078512],[-84.2530557294557,41.8079154739426],[-84.2530613462226,41.8080078214368],[-84.2530681824922,41.8081202420963],[-84.2530816681777,41.8083420201179],[-84.2530846982157,41.8083419616562],[-84.2530895812366,41.8083418666873],[-84.2541080207845,41.8083219938228],[-84.2541129418859,41.8084189122017],[-84.2541166702232,41.8084923209405],[-84.2543573662695,41.8132320815583],[-84.2544512898724,41.8161059172042],[-84.2544521216476,41.8161313490218],[-84.2544629603735,41.8164629774492],[-84.2544639966108,41.8164946989214],[-84.254464910195,41.8165226545279],[-84.2544652632548,41.8165334554975],[-84.2544664777741,41.8165705581126],[-84.2544664781,41.816570631991],[-84.2544664795175,41.8165706671482],[-84.2544665471198,41.8165727546826],[-84.2544665484865,41.8165727916408],[-84.2544671108723,41.8165900084683],[-84.2544671691868,41.8165918273902],[-84.2544702491352,41.8166860048726],[-84.2544704076868,41.8166908469705],[-84.2544758363261,41.8168569545564],[-84.2544872460173,41.8176170349382],[-84.2544873452282,41.8176235977052],[-84.2545304775254,41.820496860481],[-84.2545304866206,41.8204974777357],[-84.2545305053475,41.8204977960461],[-84.256582799173,41.8204639013559],[-84.2593764634282,41.8204177040771],[-84.2642137213878,41.8203375477595],[-84.2642171071839,41.8203374918731],[-84.2642210520586,41.8203374267404],[-84.2642219774274,41.8203374115295],[-84.2642224256533,41.8203374041477]]],[[[-84.2642232377619,41.8203373907633],[-84.2642224256533,41.8203374041477],[-84.2642223977692,41.8203343181621],[-84.264222384173,41.8203328702186],[-84.2642223260126,41.8203264828971],[-84.2642222131217,41.820314273166],[-84.2642214627807,41.820232708329],[-84.264200219837,41.8179226305356],[-84.2642001988039,41.8179203311334],[-84.2642001646561,41.8179166955053],[-84.2642001640917,41.8179166297314],[-84.2642001454082,41.817914504238],[-84.2678290821514,41.8178567755022],[-84.2678291145909,41.8178619858537],[-84.2678291739605,41.8178713983751],[-84.2678441744966,41.8202664599352],[-84.2678442172486,41.8202733677212],[-84.2678442330208,41.8202758598273],[-84.267844233918,41.8202764733468],[-84.2678442338656,41.8202772499124],[-84.2670542993536,41.820290380904],[-84.266219426137,41.8203042526257],[-84.2642239414254,41.8203373792811],[-84.2642232377619,41.8203373907633]]]]},"properties":{"Facility":"Lake Hudson Recreation Area","District":"Rose Lake","Acres":2766.35309328}},{"type":"Feature","id":81,"geometry":{"type":"Polygon","coordinates":[[[-84.1246004789041,42.0603151502197],[-84.1250127517031,42.0601376923034],[-84.1252718211403,42.0600357163957],[-84.1254699108007,42.0599634516148],[-84.1257136019241,42.0598867442669],[-84.1259851818941,42.0598131138541],[-84.1262706647469,42.0597423212253],[-84.126640378819,42.05966251461],[-84.126979168392,42.0596149842953],[-84.1303644836355,42.059343109554],[-84.1309959016943,42.0592842019339],[-84.1318161211514,42.0592324850628],[-84.1318711705162,42.0592290142311],[-84.1318768692462,42.0592286549029],[-84.1318768208258,42.0592206947683],[-84.1319580252366,42.059214525864],[-84.1323906350826,42.0591732509977],[-84.1325141078611,42.0591590584443],[-84.1326623534882,42.059142018249],[-84.1328191902677,42.0591239904324],[-84.1332374280981,42.0590772498326],[-84.1334457360309,42.0590435538386],[-84.133658406285,42.0589927687387],[-84.1338593852585,42.0589475015974],[-84.1340647165425,42.058885150601],[-84.1343209713978,42.0587893262038],[-84.1344797087857,42.0587211622171],[-84.1345582083974,42.0586874529615],[-84.1346301872285,42.058652259647],[-84.1347005336389,42.0587400529551],[-84.1350743203391,42.0592065444891],[-84.135760277303,42.0588752121883],[-84.1353162803924,42.0583211025756],[-84.1355871273538,42.0581897087495],[-84.1356821020516,42.0581436334345],[-84.1364114524575,42.0577898019828],[-84.1367210846707,42.0576406091852],[-84.1379854875997,42.0570313565516],[-84.1384342850181,42.0568547477826],[-84.1387492670096,42.056745977993],[-84.1390236701115,42.0566742084688],[-84.1393123514982,42.056616135265],[-84.1395663523056,42.0565889352089],[-84.1398580248484,42.0565717972543],[-84.1401534332595,42.0565785853921],[-84.1405692343278,42.0565887522995],[-84.141680861059,42.0566300473921],[-84.1416808916684,42.0566332919846],[-84.1416825036148,42.0566333540292],[-84.1416837461101,42.0566334008972],[-84.1416892763092,42.0566336112349],[-84.1417047729167,42.0566342014611],[-84.1427894712279,42.056675540742],[-84.1427946283038,42.0566757375938],[-84.1429611185176,42.0566820818701],[-84.1429612742727,42.0566820880721],[-84.1429671208234,42.0566823108328],[-84.1429697301585,42.056682410219],[-84.1429701854226,42.0566824259221],[-84.1429742436751,42.0566825819121],[-84.1429750406012,42.056682612324],[-84.142990829411,42.056683214458],[-84.1429931646374,42.0566833038654],[-84.143447407325,42.0567006150181],[-84.1436472418105,42.0567082306357],[-84.1436472924965,42.0567071062781],[-84.1436497863477,42.0567072271458],[-84.1437535833934,42.056712283282],[-84.1443273753004,42.0567341511126],[-84.1445763478476,42.0567436392177],[-84.1449576601106,42.0567581719602],[-84.1454542398874,42.056777096916],[-84.1457070500364,42.0567867311851],[-84.1457507133099,42.0567883954835],[-84.145822011878,42.0567875679266],[-84.1459015807107,42.0567866420554],[-84.1459492404547,42.0567860891116],[-84.1460084644789,42.056785400847],[-84.1460381810714,42.056785056193],[-84.1462495580661,42.0567723149002],[-84.1464197159927,42.0567465402188],[-84.1464347804531,42.0567434830439],[-84.1465982806724,42.0567103036873],[-84.1465983450556,42.0567179136118],[-84.1466207022664,42.0593381673861],[-84.1466369669724,42.0624641571166],[-84.1466438224621,42.0637816849794],[-84.1466615981437,42.0665825271612],[-84.1466737853048,42.0685022066579],[-84.1466616631787,42.068500754431],[-84.146635395023,42.0684934524144],[-84.1463839155337,42.068392301951],[-84.1463269282555,42.0683724751379],[-84.1462776891694,42.068363074377],[-84.1458103381012,42.0683175356136],[-84.1457587198332,42.0683106688185],[-84.1457176160934,42.0682988294979],[-84.1456801977787,42.0682793273965],[-84.1456441357702,42.0682529840636],[-84.1455926537084,42.0682032159161],[-84.1455447209235,42.0681886880622],[-84.1454990902791,42.0681741985367],[-84.1454479868469,42.0681501783962],[-84.1454209533184,42.0681299924625],[-84.1454022597068,42.0681005060261],[-84.1453974314797,42.0680695343901],[-84.1454031423218,42.0680327312489],[-84.1454145306158,42.0679985974039],[-84.1454337452941,42.0679723162846],[-84.1454584842165,42.0679538504385],[-84.1454944763386,42.0679441529335],[-84.1457601893671,42.067954585951],[-84.1457865944404,42.0679189860082],[-84.1458001302403,42.0678900364291],[-84.1458035129837,42.0678540530349],[-84.1457955653135,42.067811873855],[-84.1457750326525,42.0677669112476],[-84.1457327078562,42.0677190109507],[-84.1456471320972,42.0676540869836],[-84.1455623993752,42.0675994740603],[-84.1454931626585,42.0675657133442],[-84.1454292701092,42.0675457710369],[-84.1453456805239,42.0675297905487],[-84.1453074391981,42.0675377343549],[-84.1452692738501,42.0675431055973],[-84.1452312898763,42.0675424727748],[-84.1451947574681,42.0675701806142],[-84.145175697239,42.0675913157335],[-84.1451657939139,42.0676143195913],[-84.1451577551483,42.0676519415781],[-84.1451499737545,42.0676809869614],[-84.1451377683318,42.0677039515604],[-84.1451128492297,42.0677284214103],[-84.1450554768635,42.0677214584178],[-84.1449842146652,42.0677168386754],[-84.1449059174522,42.0677163925591],[-84.1448343463621,42.0677220646462],[-84.1447359915577,42.0677375874201],[-84.1446258957063,42.0677606367914],[-84.1444295650499,42.0678174308952],[-84.1442350211137,42.0678914171375],[-84.1440878251311,42.0679610429329],[-84.1439065556398,42.068060562877],[-84.1437310076721,42.068167141751],[-84.143612153437,42.0682440537652],[-84.1434797018225,42.0683464834007],[-84.1433674134409,42.0684424330734],[-84.1430888480871,42.068706370599],[-84.142892582092,42.0689141869506],[-84.1427688761557,42.0690451277253],[-84.1425784929203,42.0692487516974],[-84.1425151655137,42.0693249232319],[-84.1424719739758,42.0693825527137],[-84.1422975114098,42.0696323561738],[-84.1422220421774,42.0697345739391],[-84.1422217998995,42.0697348707908],[-84.1417786048296,42.0702774024521],[-84.1415992288154,42.0704969803032],[-84.1413790300174,42.070709501795],[-84.1413685972793,42.0707195706597],[-84.1413586293874,42.0707265653684],[-84.1408211891843,42.0711037237258],[-84.140590912285,42.0713144007371],[-84.140510107448,42.0714618669782],[-84.1404808994472,42.071515169012],[-84.1403428270411,42.0719597064927],[-84.1403141413583,42.0719583427187],[-84.1402662397018,42.0719560661043],[-84.1400840509542,42.0719474059472],[-84.1399905694876,42.0719429642635],[-84.1389106179831,42.0718916328583],[-84.1381314600774,42.0718545931605],[-84.1380228351617,42.0723190317932],[-84.137751820421,42.0725050216677],[-84.1373365997942,42.0726182065389],[-84.1354781342773,42.072686258848],[-84.1352246269191,42.0729253727856],[-84.1344580100567,42.073264661131],[-84.1335717386993,42.0742098438415],[-84.1333331550846,42.0746204949849],[-84.1331043392955,42.0748356683415],[-84.1327338087416,42.0749580498746],[-84.1320220067782,42.0748284149419],[-84.1320214601137,42.0751076361972],[-84.1314482865238,42.0749648358533],[-84.1313819741151,42.074948314501],[-84.1311984026898,42.0749025791623],[-84.1308181825683,42.0747633809307],[-84.1306839692335,42.07491992596],[-84.1304627967909,42.0749221411117],[-84.1304552780904,42.0743803489547],[-84.1307122794924,42.0743787271415],[-84.1307078749252,42.0741165574544],[-84.1307064447614,42.0740314558369],[-84.1305046786078,42.0733571838179],[-84.1304885222626,42.0733031893144],[-84.1303760410695,42.073351832443],[-84.1301106303658,42.0731392722256],[-84.1299811254664,42.0732846822118],[-84.1298308282551,42.0734534352281],[-84.1297919921051,42.0734970407478],[-84.1297883008538,42.073501185885],[-84.1292636259242,42.0736067857947],[-84.1280794093209,42.0729886092388],[-84.1277133448093,42.0726106148307],[-84.1275103641514,42.0722353559053],[-84.1274272212394,42.071822298846],[-84.1274122520359,42.0716899306504],[-84.1274092133334,42.0716630701372],[-84.1265718271669,42.0716800104589],[-84.1264943413785,42.0715526317713],[-84.1264047867079,42.0714054115985],[-84.126213941129,42.0710916783939],[-84.1257394743205,42.0703116900597],[-84.1257384337857,42.0703076050522],[-84.1257279488973,42.0702489584562],[-84.1257077277017,42.0693461195713],[-84.1256976271351,42.0688951538339],[-84.125670536961,42.0676855737444],[-84.1249719140408,42.0670122054733],[-84.1247974411271,42.0670061398427],[-84.1247020099217,42.0670028220884],[-84.1246909604953,42.0667579842703],[-84.1246087460633,42.0649363650809],[-84.124567594947,42.0641581397067],[-84.1243706670829,42.0604336973947],[-84.1243702514674,42.0604258373629],[-84.1246004789041,42.0603151502197]]]},"properties":{"Facility":"Hayes State Park","District":"Rose Lake","Acres":674.1464453}},{"type":"Feature","id":84,"geometry":{"type":"MultiPolygon","coordinates":[[[[-82.502561160039,43.1332043438951],[-82.5018744839399,43.1332396412744],[-82.5005633497818,43.1333108152959],[-82.4968070054393,43.1335146438675],[-82.4968001740012,43.1324033658421],[-82.492469987627,43.1326259773242],[-82.4922649223759,43.1309712778562],[-82.4922700094236,43.1307499036945],[-82.4922716454375,43.130325215169],[-82.4922842916731,43.1301049062159],[-82.4923230535363,43.1297146881101],[-82.4922861495776,43.1294502200386],[-82.4922400515646,43.1291198674258],[-82.4919737935519,43.127211703916],[-82.491750085326,43.1256083988655],[-82.4916272306252,43.1245931650097],[-82.4915268157839,43.1237633480934],[-82.4912988392994,43.1232947332964],[-82.4910026351586,43.1209411453608],[-82.490620538172,43.1182091339942],[-82.4961572336544,43.1179753847188],[-82.4961611072701,43.1179752209759],[-82.4961835192168,43.1179742742572],[-82.5015070740879,43.117749692465],[-82.5018114009483,43.1223620204912],[-82.5020502708953,43.1259815631172],[-82.5021779855248,43.127787271233],[-82.5023057042219,43.1295929601917],[-82.5025611387021,43.1332040504298],[-82.502561160039,43.1332043438951]]],[[[-82.4913994289047,43.1096023165885],[-82.4910948552364,43.1096139020959],[-82.4899561151654,43.109657193681],[-82.4892291258995,43.109684834559],[-82.4891671461192,43.10980643987],[-82.4890959945792,43.1099460402717],[-82.4887388241473,43.1106468207476],[-82.4887167076248,43.1106890040686],[-82.4886966120897,43.110731498353],[-82.4886885857554,43.1107905315781],[-82.4870164777585,43.1108540631437],[-82.4870124123383,43.1107885710772],[-82.4869692810519,43.1106469103803],[-82.4869431722109,43.1105611641003],[-82.4867779179571,43.1100184297999],[-82.4867815635677,43.1098606898432],[-82.48678347928,43.1097777629859],[-82.4867939344043,43.1093255062355],[-82.4867969896654,43.1091933615317],[-82.4867973302243,43.109140180041],[-82.4868003175328,43.1086756956251],[-82.486800819312,43.1085966154867],[-82.4868021150755,43.1083960234114],[-82.4868022176314,43.1083808624511],[-82.4868054044679,43.1079030768386],[-82.4868176999955,43.106059756054],[-82.4867093825592,43.105705355908],[-82.4866968703249,43.1049091612529],[-82.48669550725,43.104822452687],[-82.4866945069611,43.1047587929835],[-82.4879008762482,43.1047123366041],[-82.4882413018352,43.1046992235465],[-82.4897411846385,43.1046414436985],[-82.4907399161388,43.1046029592031],[-82.4956642587232,43.1044130668653],[-82.5005885370099,43.1042229655307],[-82.500846921688,43.107862747551],[-82.50110534364,43.1115025454064],[-82.4961793158389,43.1116762160886],[-82.4941531947675,43.1117489904683],[-82.4942599107489,43.109497618422],[-82.4913982685343,43.1095935225843],[-82.4913994289047,43.1096023165885]]]]},"properties":{"Facility":"Lakeport State Park","District":"Metro Detroit","Acres":520.46558278}},{"type":"Feature","id":86,"geometry":{"type":"MultiPolygon","coordinates":[[[[-82.5194046908685,42.6359416289952],[-82.5193217092326,42.6359145727604],[-82.519216054636,42.6358801235739],[-82.5192423490749,42.6357706839273],[-82.5193480068016,42.6358051178705],[-82.5193482308805,42.6358051914205],[-82.5194440521965,42.6358364150087],[-82.5194770836417,42.6358471782878],[-82.5308030021115,42.6395376111858],[-82.5309937901044,42.6395997640999],[-82.5315204109218,42.639771319793],[-82.5314773746236,42.639845578349],[-82.53027869848,42.6419137900792],[-82.5337284137772,42.6430393776429],[-82.5349225165928,42.6434289608971],[-82.5349808703079,42.6434479984936],[-82.534853958429,42.6408571985954],[-82.5347290051717,42.6383062824391],[-82.5347288414453,42.6383029290015],[-82.5354879935917,42.6382818558337],[-82.535548473192,42.6395162865458],[-82.5362550629013,42.6394952387914],[-82.5363127847125,42.6394935188913],[-82.5365392795932,42.6388506423488],[-82.5365453690749,42.6388333587461],[-82.5366326561051,42.6388319161601],[-82.536647077554,42.6391261527259],[-82.5371371957148,42.6391178206048],[-82.5371967433984,42.6403325604964],[-82.5380277144324,42.6406557716708],[-82.538089262522,42.6419109489511],[-82.5381286688973,42.6419237835479],[-82.5422875641034,42.6432781642453],[-82.5410057094729,42.6454211432594],[-82.5441389248272,42.646445333423],[-82.5416432179209,42.6507525648802],[-82.5404499343584,42.6528117623024],[-82.5403944959686,42.652907426044],[-82.5406830782045,42.6530017539895],[-82.5460422539644,42.6528228519159],[-82.5461356229781,42.652819732504],[-82.5465599749443,42.66091403514],[-82.5465404137616,42.6609147611707],[-82.5403966364954,42.6611426514284],[-82.5403130839125,42.6612854012577],[-82.5399001847712,42.6619908230304],[-82.5394872855539,42.6626962279725],[-82.5401859107484,42.6629213835294],[-82.5401831205678,42.6629263229335],[-82.5425673790429,42.6636888515725],[-82.5427942647811,42.6637619656255],[-82.5435892152439,42.6640181340159],[-82.5426306868937,42.665625904272],[-82.5418726772819,42.6653807457744],[-82.5373727487685,42.6639252209548],[-82.5368779234081,42.6637651524328],[-82.5358256321853,42.6634247978945],[-82.5358162637202,42.6634405630301],[-82.5356046649878,42.6637966508419],[-82.5353836963405,42.6641685033132],[-82.5345292182649,42.6656063977983],[-82.5344917738973,42.665669406544],[-82.5344707306342,42.6656625820263],[-82.5294814231978,42.6640443928631],[-82.5175856119255,42.6601850120764],[-82.5175687496288,42.6601795399118],[-82.5184716093994,42.6586922591662],[-82.5184718771903,42.6586918177351],[-82.5171194176749,42.6582540128543],[-82.5168432885628,42.6581646242622],[-82.5168161396746,42.6586876571416],[-82.5167951970022,42.6589144846496],[-82.5167640923948,42.6591976101947],[-82.5167188909359,42.659502903416],[-82.5166488584948,42.659881901468],[-82.516541994624,42.6598472801207],[-82.5166074944956,42.6594928057779],[-82.516652364702,42.6591897623525],[-82.5166832845992,42.6589083216001],[-82.5167040650237,42.6586832552567],[-82.5167788797814,42.6572609533528],[-82.515715831468,42.6569168094456],[-82.5157177882446,42.6569098545334],[-82.5157165186621,42.6569094416283],[-82.5156907534161,42.6569010540188],[-82.5158220933233,42.6565391268351],[-82.5159901626457,42.6559417570963],[-82.5159920735276,42.6559349656688],[-82.516011010166,42.6558676588469],[-82.51526952138,42.6558161561889],[-82.5148017280328,42.6557836611842],[-82.5147432664592,42.6555502328055],[-82.5146775357427,42.655258702694],[-82.5146428231294,42.6550802232925],[-82.5146121421777,42.6548906833275],[-82.5145875064635,42.6546929767183],[-82.5143297594209,42.6546101030634],[-82.5143671012963,42.6549098035671],[-82.5143985262223,42.6551039367516],[-82.5144538545227,42.6553872965956],[-82.5144943326525,42.6555596192724],[-82.5145226893745,42.6556718819247],[-82.5145458936598,42.6557637462218],[-82.514552075164,42.6557882211262],[-82.5144041835533,42.6557937982505],[-82.5143858961237,42.6556179369059],[-82.5143821599693,42.6555819986402],[-82.5143802791361,42.6555639200841],[-82.5143642837216,42.6554101083728],[-82.5142723926108,42.6550928122003],[-82.514261126096,42.6550286099738],[-82.5142586034329,42.654957808966],[-82.5142606538048,42.654587881278],[-82.514262881977,42.6544525812396],[-82.5142494401243,42.6539646618183],[-82.5142384459127,42.6539121406011],[-82.5142394867771,42.6538771545185],[-82.5142428199136,42.6538599848026],[-82.5142512811395,42.6538164066598],[-82.5142455113053,42.6537290944552],[-82.5142055884727,42.6531249409138],[-82.5141791208274,42.6530994098203],[-82.514153402097,42.6528504096009],[-82.5141189318052,42.6525166736947],[-82.514104783358,42.652272485373],[-82.5140359698381,42.6517107697707],[-82.5139326919071,42.650852744714],[-82.5139226200145,42.6507343353572],[-82.5138693375867,42.6499465076977],[-82.5138584566715,42.6498589717671],[-82.5138163003952,42.649633149848],[-82.5138085579428,42.6495889678877],[-82.5138047228075,42.6495414718385],[-82.5138035904819,42.6493277692744],[-82.5138027078617,42.6491613517535],[-82.5138017628171,42.64898315058],[-82.5137859064552,42.6486702465722],[-82.5137883007018,42.6486277490648],[-82.5137944493996,42.6486011592968],[-82.5138063623424,42.6485713133516],[-82.5138231092583,42.6485217035643],[-82.5138320031566,42.6484794056008],[-82.5138413183389,42.6483966094414],[-82.5138385644198,42.6483299218501],[-82.5138281033642,42.6481854076232],[-82.5138270906556,42.6481208333723],[-82.5138313804984,42.6480777074252],[-82.5138387648202,42.6480291834462],[-82.51384622287,42.6479463302601],[-82.5138409661855,42.6476268852877],[-82.5137869158303,42.6475957008003],[-82.5137257823851,42.6471619330119],[-82.513712355073,42.6471361154682],[-82.5136942852402,42.6471101553856],[-82.5136667372798,42.6470873374435],[-82.5136288599268,42.6470662622394],[-82.513588467406,42.6470403033908],[-82.5135720615724,42.6470178275259],[-82.5135683055737,42.6469854406105],[-82.5135713966636,42.6469470842583],[-82.5135819157749,42.6469089559724],[-82.5135920487,42.6468776821246],[-82.5136108085056,42.646841865841],[-82.513708826397,42.6466869504494],[-82.5137102551816,42.6466615890184],[-82.5136967121281,42.6466378278029],[-82.5136570552647,42.6466153247069],[-82.5136788269506,42.6465260446681],[-82.5148603604898,42.6469193415891],[-82.5173104862459,42.6477348606207],[-82.5173880868097,42.6477606887935],[-82.517451745309,42.6477818767279],[-82.5175096244727,42.6472768971429],[-82.5175772487569,42.6467837673847],[-82.5176157849798,42.6465027446632],[-82.5176920120198,42.6457594868614],[-82.5177228771214,42.6454936851412],[-82.5176575252176,42.6454723057107],[-82.5176143915826,42.6454581946108],[-82.5179003050582,42.642995981178],[-82.5181868326686,42.6405345223113],[-82.5182358597545,42.6401306650937],[-82.5182689784969,42.6398941669052],[-82.5183100106671,42.6396420449607],[-82.5183404235391,42.6394968784247],[-82.5184202009846,42.6391546983168],[-82.518496179334,42.6388382962649],[-82.5186780624706,42.6381192425697],[-82.5190428070621,42.6366011985203],[-82.5191484134026,42.6366358527141],[-82.5196457977068,42.6367676589333],[-82.5199086874411,42.6368373227713],[-82.520071633604,42.6361590859895],[-82.5194206898965,42.6359468456712],[-82.5194046908685,42.6359416289952]]],[[[-82.5195681266681,42.6328333485696],[-82.5193370502869,42.6327662592886],[-82.5189207430703,42.6326453892851],[-82.5192182534047,42.6320324888319],[-82.519296520982,42.6322174981706],[-82.5194995257748,42.6326778023368],[-82.5195681266681,42.6328333485696]]]]},"properties":{"Facility":"Algonac State Park","District":"Metro Detroit","Acres":1454.83733365}},{"type":"Feature","id":89,"geometry":{"type":"MultiPolygon","coordinates":[[[[-84.1479357828953,42.1431344275519],[-84.1469360500175,42.1432102167086],[-84.143203915716,42.1434931448955],[-84.1432724950705,42.1467096586511],[-84.1432637034971,42.146707300575],[-84.1431712438455,42.1466824963756],[-84.1429711074154,42.1466276776555],[-84.1429465323226,42.1466207018024],[-84.1427527393345,42.1465656901895],[-84.1426565883842,42.1465372079774],[-84.1426272145929,42.1465285062083],[-84.1425378789322,42.1465020436956],[-84.1424768398769,42.1464823055876],[-84.1424737311476,42.1464813006637],[-84.1423700129104,42.1464477616482],[-84.1423585771337,42.1464438486782],[-84.1423423796338,42.1464383068566],[-84.1421828396358,42.1463837191575],[-84.1420060900385,42.1463181330448],[-84.1418443235346,42.1462527964197],[-84.1416565921193,42.1461690075071],[-84.1414689128403,42.146083502992],[-84.1412961134412,42.1460016785899],[-84.1407118240799,42.1457333082063],[-84.1403526078384,42.1455683161293],[-84.1399875809659,42.1454006548544],[-84.1399848932586,42.1453994199581],[-84.1398713345313,42.1453472610148],[-84.1397607502993,42.1452964668645],[-84.1396594219191,42.1452535880689],[-84.1395660321977,42.1452151325196],[-84.1394828072928,42.1451837102768],[-84.1393824255486,42.1451477116575],[-84.1392773307211,42.1451150665894],[-84.1391710312454,42.1450841174705],[-84.13905318155,42.1450538330555],[-84.1389664721866,42.1450337284436],[-84.1389543535713,42.145030918102],[-84.1389375346286,42.1450270185091],[-84.1388828406315,42.1450159732713],[-84.1388673518021,42.1450128453992],[-84.1388263671192,42.1450045685772],[-84.1387048282702,42.1449819453614],[-84.138627485979,42.1449683912711],[-84.1385671035378,42.1449607678907],[-84.1384963439587,42.1449513550269],[-84.1384958623764,42.1449315557719],[-84.1384688883245,42.1438222306312],[-84.1384496021261,42.1430290823744],[-84.1383811010104,42.1402120431189],[-84.1382929091696,42.1365850017751],[-84.1335361786631,42.1369160167631],[-84.1334369401372,42.1332803632119],[-84.133348613496,42.130242814879],[-84.1333466202523,42.1301742655581],[-84.133329825474,42.1295966621277],[-84.1332718436945,42.1276024932497],[-84.133271306065,42.1275840055173],[-84.1332955414741,42.1275784404473],[-84.1333293167619,42.1275669929918],[-84.13335764185,42.1275451572543],[-84.133359068698,42.1275429541914],[-84.1333653919115,42.1275331865167],[-84.13337370435,42.1275203468454],[-84.1333757786195,42.127517143845],[-84.1333942794572,42.1274771242767],[-84.133414839079,42.1274071049482],[-84.1334172740687,42.1273952100499],[-84.1334271680025,42.1273468600852],[-84.1334297151448,42.1273344175318],[-84.1334346152549,42.1273244458446],[-84.1334493674425,42.1272944163385],[-84.1334634151956,42.1272491736848],[-84.1334718313234,42.1271995458503],[-84.133489865473,42.1271749630349],[-84.1335084686362,42.1271315119313],[-84.1335252871064,42.1270708701869],[-84.1335482679975,42.1269588457903],[-84.1335585994834,42.1269221208124],[-84.1335628916879,42.1269111993276],[-84.1335723360495,42.1268871699238],[-84.1335919103495,42.1268497420983],[-84.1336194192573,42.1268167371083],[-84.1336549416882,42.1267855833736],[-84.1337103616775,42.1267444649366],[-84.1337424530056,42.1267123951867],[-84.1337632058,42.1266741285346],[-84.1337702446649,42.1266447977303],[-84.1337724362025,42.1266356698363],[-84.1337765490889,42.126605850409],[-84.1337773546191,42.126600018126],[-84.1337783404553,42.1265928645775],[-84.1337753648869,42.1265542888725],[-84.1337750278083,42.1265499049802],[-84.1337734570516,42.1265451373775],[-84.1337602459186,42.1265050362614],[-84.1337404409201,42.1264738136476],[-84.1337254981214,42.1264574188583],[-84.1337238058055,42.1264547518593],[-84.1337162433236,42.1264472659803],[-84.1336935813922,42.1264224025327],[-84.1336462842109,42.1263719407961],[-84.1336052007473,42.1263281063273],[-84.1335930795531,42.1263151748863],[-84.1335347510646,42.1262618545662],[-84.1334108563612,42.126153852107],[-84.133393240547,42.1261384953528],[-84.1333855238949,42.1261304672446],[-84.133363066308,42.1261070989966],[-84.1333387309958,42.1260732257301],[-84.1333226424686,42.1260334844566],[-84.1333036673948,42.1259773376585],[-84.1333028209149,42.1259757550584],[-84.133302507655,42.1259739075237],[-84.1332807333151,42.1259094789429],[-84.133277145392,42.1258988615009],[-84.1332614717096,42.1258453978407],[-84.1332598507288,42.125832684578],[-84.1332540176953,42.1257869224587],[-84.1332395305263,42.1256716237365],[-84.1332307881194,42.1256020451146],[-84.1332281625397,42.1255926608707],[-84.1332141432994,42.1255425590473],[-84.1332116880706,42.1255334244959],[-84.1332041032144,42.1252725294513],[-84.1332079794122,42.1252507067351],[-84.1332191819443,42.1252223555816],[-84.1332291986333,42.1251970033941],[-84.1332606564152,42.1251477606084],[-84.1333253547683,42.1250651179212],[-84.1333503813718,42.1250394288592],[-84.1333787571674,42.1250158778082],[-84.133403437714,42.1249983142312],[-84.1334093852677,42.1249940806394],[-84.1334414240235,42.1249637262604],[-84.1334619172315,42.1249340361378],[-84.1334863585117,42.1248881090106],[-84.133501686789,42.1248385969231],[-84.1335023034576,42.1248359307532],[-84.1335038664113,42.124832625496],[-84.1335044844894,42.1248265090007],[-84.1335149441387,42.1247813278546],[-84.1335199289893,42.1247307840003],[-84.1335187393503,42.1246938660624],[-84.1335117899046,42.1246568525604],[-84.1335110714842,42.1246501118973],[-84.1335078366243,42.1246197640158],[-84.1335076706868,42.1246182072283],[-84.1335072989504,42.1246147308342],[-84.1335086207951,42.1245709911952],[-84.1335130625374,42.124538458435],[-84.1335266937557,42.124506937211],[-84.1335363152973,42.1244874448737],[-84.1335460555107,42.1244677094852],[-84.1337018550592,42.1241520460264],[-84.1337022739741,42.1241511981118],[-84.1337023337278,42.1241512630746],[-84.1337335211577,42.1241851870689],[-84.1337700763729,42.1241960962152],[-84.1337657938103,42.1241471133242],[-84.1337709338742,42.1240914244598],[-84.1337761805625,42.1240685310123],[-84.1337828839021,42.1240392810635],[-84.1338021337959,42.1239743891128],[-84.1338326857363,42.1238787954299],[-84.1338982433378,42.1236928302127],[-84.1339099069202,42.1236501213687],[-84.1339141410892,42.1236244497798],[-84.1339114098711,42.1236003777236],[-84.1338998002871,42.1235650014718],[-84.1338891089355,42.1235373637915],[-84.1338843327501,42.1235046766613],[-84.1338934083477,42.1234713638456],[-84.1339097848603,42.1234108866926],[-84.1339150070425,42.1233916044334],[-84.1339160245596,42.1233878459062],[-84.1339186316263,42.1233782177718],[-84.1339189598982,42.1233770052862],[-84.1339232477787,42.1233611703436],[-84.1339323311428,42.1233167850056],[-84.1339383705647,42.1232872752877],[-84.1339418900833,42.1232700761667],[-84.1339529980464,42.1232157943875],[-84.1339629063047,42.1231498324992],[-84.1339659842398,42.123129344998],[-84.1339705713374,42.123077931419],[-84.1339746978364,42.1230316694358],[-84.1339799963977,42.122894463968],[-84.1339772857985,42.1228033014204],[-84.1339771376812,42.1227983107975],[-84.1339812814815,42.1227374567346],[-84.1339835422843,42.1227191816107],[-84.133988907955,42.1226758015514],[-84.1340025012731,42.1226073825133],[-84.1340185800033,42.1225329989578],[-84.134040599694,42.1224527069413],[-84.1340582050996,42.1224040914356],[-84.1340840567161,42.1223496069656],[-84.1341120038706,42.1223020222412],[-84.1341493757633,42.1222477297429],[-84.1341866686161,42.1221960115102],[-84.1342085969885,42.1221569068238],[-84.1342248694141,42.1221142751073],[-84.1342390450199,42.122064743618],[-84.1342615306049,42.1219690138631],[-84.1342759525112,42.1218731500025],[-84.1342831520975,42.121805343684],[-84.134287229788,42.1217669364942],[-84.1342896473983,42.1216869018192],[-84.1342937842703,42.1215499507333],[-84.1342920374593,42.121493287997],[-84.1342869647473,42.1214322787115],[-84.1342774480403,42.121382225334],[-84.1342740357544,42.1213642741294],[-84.13427438577,42.121314510261],[-84.1342758686584,42.1213003913534],[-84.1342792414029,42.1212682550595],[-84.1342848848958,42.1212459519939],[-84.1343202453461,42.1211061949074],[-84.134327668406,42.1210768551706],[-84.1343451767664,42.1210185328692],[-84.1343690274791,42.120939084927],[-84.1343827752456,42.1208932893878],[-84.1344088319996,42.1208319436121],[-84.1344454646074,42.1207639102128],[-84.1344667973712,42.1207303611113],[-84.134480557189,42.1207087218202],[-84.1345022258299,42.1206781935633],[-84.1345354922214,42.1206452847492],[-84.1345440005139,42.1206346968575],[-84.1345654314618,42.1206080302641],[-84.1345922531894,42.1205595689536],[-84.1347329564361,42.1203276669906],[-84.1348021705067,42.1203235833099],[-84.1348939997137,42.1203181655356],[-84.1349142352741,42.1203169718278],[-84.1350087768941,42.1203159794123],[-84.1350769867327,42.1203183028976],[-84.1351077970165,42.1203193527338],[-84.1352066358775,42.1203287299692],[-84.135296181107,42.1203405254039],[-84.1354394977626,42.1203630238136],[-84.1354613700078,42.1203664572607],[-84.1355452853754,42.1203738683352],[-84.1356224441187,42.1203760169063],[-84.135638231983,42.1203744063257],[-84.1356802512334,42.1203701193752],[-84.1357416431536,42.1203599918225],[-84.1357972220132,42.120344208594],[-84.1358044218562,42.1203421642389],[-84.1358303474502,42.120333100926],[-84.1360199224526,42.1202668255145],[-84.1361132223632,42.1202306295669],[-84.1361770125148,42.1202021730662],[-84.1361985081077,42.1201925842381],[-84.1362134756098,42.1201812655473],[-84.1362173800146,42.1201783129207],[-84.1362317215807,42.1201613911293],[-84.1362560555048,42.1201188939706],[-84.136317007821,42.1199818435584],[-84.1363215889603,42.1199715412006],[-84.1363278640482,42.119961082494],[-84.1363725604936,42.1198865853687],[-84.1364096690236,42.1198408694908],[-84.1364441124766,42.119807121293],[-84.1364887937711,42.1197778360615],[-84.1365365176095,42.11976233012],[-84.1365875673977,42.1197511706421],[-84.1366295047542,42.1197364264323],[-84.1366740824178,42.1197105717294],[-84.1367294798449,42.1196687272317],[-84.1367318758703,42.1196669178006],[-84.136733078734,42.1196672361032],[-84.136822860662,42.1196909781104],[-84.1368438725138,42.1196965337851],[-84.1368496503717,42.1196980618811],[-84.1368962098527,42.1197211505059],[-84.1369321938952,42.1197509269605],[-84.1369644109552,42.1197909374174],[-84.1369780939324,42.1198340703274],[-84.1369783304182,42.1198450847683],[-84.1369790526754,42.1198787066663],[-84.1369706070203,42.1199256658805],[-84.1369693582976,42.119932604258],[-84.1369546690964,42.1199992891322],[-84.1369542941195,42.1200499102021],[-84.1369531506668,42.1200554044358],[-84.136948453978,42.1200779648848],[-84.1369448596366,42.1200952304066],[-84.1369188302776,42.1201557195477],[-84.1368798867877,42.1202344723996],[-84.1368746419024,42.1202450789864],[-84.1368706567193,42.1202580912493],[-84.1368657051225,42.1202742584316],[-84.1368631361402,42.1202826431585],[-84.1368644828984,42.1203144142906],[-84.1368786562564,42.1203412522834],[-84.1369011270895,42.1203605058081],[-84.1369400027371,42.1203822857891],[-84.1369453313306,42.1203852711894],[-84.137107688161,42.1204669291445],[-84.1371256021288,42.1204778742537],[-84.1371914360292,42.1205180979791],[-84.1372703173515,42.120577766227],[-84.1373364497557,42.1206397960109],[-84.1373941814091,42.1207128399593],[-84.1374641807319,42.1208175474489],[-84.1375055677605,42.1208794535998],[-84.1375631446227,42.1209576442626],[-84.1376334719978,42.1210334723931],[-84.1377052354044,42.1210998860187],[-84.1378519607059,42.1212413483013],[-84.1379149428593,42.1212439124423],[-84.1379198110605,42.1212441109055],[-84.137924580167,42.1212443050099],[-84.137931786224,42.1216168440104],[-84.1379369275106,42.1218825958303],[-84.1379383677397,42.1219570807248],[-84.1379510674494,42.1219563641355],[-84.1380299931937,42.1219519056464],[-84.1380954748901,42.1219482080279],[-84.1421952606755,42.1217166630669],[-84.142619829265,42.1216926844121],[-84.1427271741059,42.1216866217157],[-84.1427349476544,42.1220996510109],[-84.1427554949107,42.1231914844935],[-84.1427959020365,42.1253384422853],[-84.1428146732442,42.126114296146],[-84.1428165562224,42.126192158371],[-84.1428466464541,42.1274358784781],[-84.1475839484635,42.1272514135207],[-84.1475928113178,42.1272510689862],[-84.147598599143,42.127250843595],[-84.1476091618794,42.1272504327275],[-84.147620534057,42.1278913841227],[-84.1476281595379,42.1283211613337],[-84.1476213763728,42.1283226926594],[-84.1428939235285,42.1293898480857],[-84.1429002857139,42.1296528149031],[-84.1429047186818,42.1298359909035],[-84.1429074788051,42.1299500854232],[-84.1432001781941,42.129941537103],[-84.1435518361383,42.1299239507563],[-84.1439091541192,42.1298996416171],[-84.1442319752649,42.1298747253637],[-84.1445186763142,42.1298473618048],[-84.1447116718361,42.1298261291074],[-84.1448960618072,42.1298029033399],[-84.1450864215728,42.1297752110357],[-84.1452984151307,42.1297386211411],[-84.1455380986294,42.1296958648664],[-84.1458329943773,42.1296384210142],[-84.1459984389265,42.1296041732033],[-84.1460848724015,42.12958628035],[-84.1461899895969,42.12956301917],[-84.1462952577906,42.129539724372],[-84.1463648156141,42.1295230415196],[-84.1465247066852,42.1294846926047],[-84.1465581318324,42.1294766758836],[-84.1468273003479,42.1294073569214],[-84.1474664245978,42.1292320048771],[-84.1476434123205,42.1291807859477],[-84.1476464971211,42.1293546529788],[-84.1476500819643,42.1295566706079],[-84.1476873657608,42.1316578108026],[-84.1476991538647,42.132322102905],[-84.147783224968,42.1359239763525],[-84.1479357828953,42.1431344275519]]],[[[-84.1572430861208,42.1283072393503],[-84.1572046927803,42.1264247303141],[-84.1524050200808,42.1278074188125],[-84.1499842898539,42.1285033148137],[-84.1499825930908,42.1284180544231],[-84.1499784574082,42.1282102243918],[-84.1523992062128,42.1275158442253],[-84.1649142870406,42.1238916369202],[-84.1650063624768,42.1241589420789],[-84.1620030972014,42.1250393908274],[-84.1620702122984,42.1282581432959],[-84.1669125994823,42.1281955860806],[-84.1669739715574,42.1318045912681],[-84.1621135777275,42.1318703285123],[-84.1573170767185,42.1319350006515],[-84.1572430861208,42.1283072393503]]]]},"properties":{"Facility":"Watkins Lake State Park and County Preserve","District":"Rose Lake","Acres":707.15269243}},{"type":"Feature","id":92,"geometry":{"type":"MultiPolygon","coordinates":[[[[-83.441767299605,42.9186621277556],[-83.441743313445,42.9186580320072],[-83.4417434660117,42.9186617109429],[-83.4417227847972,42.9186580736173],[-83.4414898878454,42.918617145247],[-83.4411921373124,42.9186033351218],[-83.4400158790576,42.9186545589963],[-83.4378061148582,42.9187955628597],[-83.4370817469562,42.9188569720422],[-83.4369374897659,42.9188710315204],[-83.4368225990476,42.9188822313543],[-83.4367329714212,42.9188908868401],[-83.4361135472449,42.9189513204016],[-83.4358946923349,42.9189362036297],[-83.4357417415938,42.9189115270493],[-83.4356185159858,42.9188662892968],[-83.4354763743101,42.9188135630332],[-83.4353630689734,42.918761478832],[-83.4352119129266,42.9186943920331],[-83.4349474358527,42.918575238972],[-83.4340996390779,42.9181848052761],[-83.4327756938792,42.917581503638],[-83.4321035388664,42.9173154116254],[-83.4318850670851,42.9172467984239],[-83.4318315490694,42.9172380364875],[-83.4318315453785,42.9172378616376],[-83.4318295947854,42.9171904296108],[-83.4288328631449,42.9172538233437],[-83.4287961912404,42.9163622702698],[-83.426823974529,42.9151848163899],[-83.4269107954307,42.9172971180787],[-83.4219919935331,42.9174035883199],[-83.4219177242613,42.9155930437923],[-83.416999224568,42.9157035977288],[-83.4169621648304,42.914798318545],[-83.4169256967876,42.9139074357595],[-83.4168290383486,42.9115460017738],[-83.411874088822,42.9116653075245],[-83.4118987794288,42.9123021532116],[-83.411933489282,42.9131729094429],[-83.4117515500146,42.9135725719235],[-83.4111686573787,42.9135815396025],[-83.4112195726664,42.9153681305777],[-83.4097201355698,42.9136756217239],[-83.4096955280911,42.9128604932349],[-83.4094155530119,42.9128650737826],[-83.4094000900508,42.912351970962],[-83.4069413371029,42.9123945383941],[-83.4068668485434,42.9104743166087],[-83.4093446878357,42.9104315297191],[-83.4092184228114,42.9068055698538],[-83.4067414264234,42.9068512489934],[-83.406616017452,42.9032281698602],[-83.4064906149015,42.8996050934703],[-83.4063652229819,42.8959820073096],[-83.4088396538623,42.8959260181679],[-83.408718555913,42.8922749437094],[-83.4062465310652,42.8923299972114],[-83.4040120513827,42.8923797150874],[-83.4041862897697,42.8960312609132],[-83.4014163564323,42.8960938152173],[-83.3978106341666,42.8961753279795],[-83.39765264706,42.8928569090293],[-83.3970207887316,42.8928707097773],[-83.3973225857717,42.8925273055371],[-83.4006296053635,42.8888108017121],[-83.3962494428815,42.8888936974753],[-83.3935105808048,42.8889387512716],[-83.3935093597753,42.8889437202962],[-83.3933067531283,42.8898950568669],[-83.3927729660998,42.8909268261326],[-83.3926129382732,42.8910170980263],[-83.3924886526615,42.8911192076092],[-83.392349674006,42.8912469273999],[-83.3922494878594,42.8913415036323],[-83.3921092434042,42.8914574106085],[-83.3920157469171,42.8914788197728],[-83.3919510928586,42.8914917330466],[-83.3917713776497,42.891530801677],[-83.3916296784766,42.8915550299537],[-83.3915846707045,42.8915663757707],[-83.3914050602807,42.8915999833702],[-83.391198088964,42.8916374116066],[-83.3910529791129,42.8917117976391],[-83.3908867325302,42.8917856812143],[-83.3899576742776,42.8922550528676],[-83.3898365347224,42.8922341705538],[-83.3897139314894,42.892495006075],[-83.389476073383,42.8924323227179],[-83.3892770674997,42.8923753712886],[-83.3890820593088,42.8923200116234],[-83.3888770066894,42.8922614192379],[-83.388790620907,42.8922354931548],[-83.3886981349637,42.8922094227468],[-83.388595931237,42.8921726564658],[-83.3884861093242,42.8921237400484],[-83.3884481416244,42.8921056741105],[-83.3883946502722,42.8920768469257],[-83.3883412603776,42.8920457284382],[-83.3882926466335,42.8920124201465],[-83.3882349620317,42.8919720073794],[-83.388185183491,42.8919294733873],[-83.3881253437856,42.8918738987549],[-83.3880997348331,42.8918470729818],[-83.388054536518,42.8917913783405],[-83.38801333753,42.8917117253721],[-83.3879354809058,42.8915853203288],[-83.3878547496282,42.8914566625068],[-83.3878184684887,42.8914011734372],[-83.3877880317384,42.8913480055737],[-83.3877522166157,42.8912815960615],[-83.3877014531217,42.8912170254405],[-83.3876677664847,42.8911703400164],[-83.3876369572877,42.8911259073694],[-83.3875943626841,42.8910790164398],[-83.3875630878115,42.8910455005943],[-83.3875371961459,42.8910252283044],[-83.387499795972,42.8909959502758],[-83.3874598842054,42.8909556750179],[-83.3874459691629,42.8909334961804],[-83.3874417054105,42.8908940459708],[-83.3874586989757,42.8908441585761],[-83.3875762510595,42.8905976470135],[-83.3875793978603,42.8905933548826],[-83.3876534104901,42.8904649826811],[-83.38775772551,42.8902229546153],[-83.3877773188707,42.8901812124566],[-83.3877900435601,42.8901611336643],[-83.3878085517494,42.8901448277917],[-83.3878439839546,42.8901260015643],[-83.3879090606748,42.8901311411948],[-83.3880188961489,42.8901307646818],[-83.3881225901484,42.8901120578344],[-83.3882147030322,42.8900865353752],[-83.3883084109651,42.8900333235169],[-83.3883443301045,42.8900099121225],[-83.3883786671413,42.8899782086495],[-83.388427756579,42.8899394014672],[-83.3884721209153,42.8898734970058],[-83.3884927702191,42.8898355933672],[-83.3893227140371,42.8900560320672],[-83.3891264748568,42.889838579088],[-83.3890112593424,42.8896561864102],[-83.3889152980052,42.889496051227],[-83.388699617411,42.8895369613854],[-83.388510088622,42.8895698825943],[-83.3884940994281,42.8895223938164],[-83.3884553924176,42.8894633283675],[-83.3884150461589,42.8894249757698],[-83.3884143768132,42.8894249855586],[-83.3883923328818,42.8894004239451],[-83.3883617597278,42.8893595706671],[-83.3883203773112,42.8892848773145],[-83.3882820985004,42.8891373344903],[-83.3883674662437,42.8891474993314],[-83.3889466774151,42.8892304943189],[-83.388956355144,42.8891313630672],[-83.388973278158,42.889023098265],[-83.3890193746416,42.8889410214493],[-83.3885324886246,42.888695943193],[-83.3885225424792,42.8886885158735],[-83.3886284501249,42.8885934225051],[-83.3887050719498,42.88851855668],[-83.3887473044929,42.8884725031976],[-83.3887687494933,42.8884467516875],[-83.3887820665595,42.8884188272414],[-83.3888108886967,42.888370822233],[-83.388814858964,42.8883609474368],[-83.3888477842777,42.8882527741343],[-83.3890303771808,42.8882628064017],[-83.3892080893509,42.8882719457034],[-83.3891059449061,42.8879645881806],[-83.3890136469831,42.8876134004276],[-83.3888377667992,42.887548615664],[-83.3888140711802,42.8876262928835],[-83.3887328705572,42.887956689923],[-83.3886953054784,42.8879548372774],[-83.3886706037268,42.8879562396952],[-83.3886375758031,42.8879739378651],[-83.3886125986257,42.8879921405789],[-83.3885999721917,42.8880047039576],[-83.3885913845351,42.8880272457304],[-83.3885939970485,42.8880500421694],[-83.3886088727616,42.8880792500185],[-83.388647046988,42.8881063789767],[-83.3887178833095,42.8881476038678],[-83.388716590014,42.8882205365285],[-83.3886881467096,42.8883254177612],[-83.3886047154913,42.8884488997366],[-83.388471449416,42.888574709814],[-83.3881010294812,42.888891986265],[-83.3877957324776,42.8886693876946],[-83.3876411173362,42.8887765374091],[-83.3875429322163,42.8888625011293],[-83.3878543943944,42.8890956052866],[-83.3878540757464,42.8890958663964],[-83.3874123794962,42.8894569257538],[-83.387020758575,42.8892716855535],[-83.3869507700848,42.889357294879],[-83.3869142796502,42.8894360340997],[-83.3868826852029,42.8895035100735],[-83.3868685642131,42.8895611562254],[-83.3873367523411,42.8896274618983],[-83.3873294843964,42.8896561554425],[-83.387327875645,42.8896938594337],[-83.3873322097994,42.8897339247793],[-83.3873367213025,42.8897695466139],[-83.3873533054693,42.8898054550713],[-83.3873609358644,42.8898389318121],[-83.3873864755055,42.8898772621068],[-83.3874061678595,42.889911018909],[-83.387431994923,42.8899427001858],[-83.3874609229547,42.8899722260384],[-83.3875017358239,42.8900064709486],[-83.3875399040663,42.8900317749488],[-83.3875693126282,42.8900502122228],[-83.3876105004137,42.8900755858532],[-83.3876335958877,42.8901005394248],[-83.3876444253841,42.8901296504435],[-83.3876308515711,42.8901648640887],[-83.387510707902,42.8904329458554],[-83.3875105186738,42.8904373809832],[-83.3874697445666,42.8905236275948],[-83.3873523384708,42.890750918736],[-83.3873206795794,42.8907940292635],[-83.387265763967,42.8908234550281],[-83.3872116822213,42.8908331655223],[-83.3871492371063,42.8908295330206],[-83.3871019532564,42.8908196757269],[-83.3870547703599,42.8908076253198],[-83.3870073046304,42.8908021456277],[-83.3869302383093,42.8907915956921],[-83.386861739098,42.8907900151648],[-83.3868288848837,42.8907914516057],[-83.3867781596299,42.8907924738683],[-83.3867427001648,42.8907850810889],[-83.3867224144223,42.8907714593731],[-83.386696728739,42.8907445612288],[-83.3866921700237,42.8907115742345],[-83.3866713212878,42.8902222479391],[-83.3864578555163,42.8902140706188],[-83.3864967377553,42.8921227157662],[-83.3865543634349,42.8940330572725],[-83.3867287816501,42.894035985652],[-83.3867230042699,42.8937568860833],[-83.3870731052704,42.8937590002173],[-83.3874329337566,42.8937690013883],[-83.3878169722171,42.8937731591562],[-83.3885811976512,42.8937858278309],[-83.3887047672077,42.8937915085167],[-83.3888181107211,42.8938172201706],[-83.3889085138574,42.8938547798653],[-83.3890300853417,42.8939249876001],[-83.3891078034299,42.8939986174049],[-83.3891449906301,42.8940450163878],[-83.3891868876031,42.8941193455008],[-83.3892175863608,42.894189413881],[-83.3892312390366,42.894343311627],[-83.3893504677184,42.8955579227486],[-83.389352680997,42.8955721642663],[-83.3893659373436,42.8956137089512],[-83.3893888104455,42.8956529348581],[-83.3894205942348,42.8956886428639],[-83.3894603314962,42.8957197478708],[-83.38950681126,42.8957453111787],[-83.389558617573,42.8957645461149],[-83.3896141844968,42.8957768787598],[-83.3896718213204,42.8957819314129],[-83.3897297717365,42.8957795428755],[-83.3897309139235,42.8957794223589],[-83.3909100342488,42.8957693940002],[-83.390929095029,42.8957687205428],[-83.3909498826506,42.8957705381297],[-83.3909699271589,42.8957749862484],[-83.3909886168045,42.8957819291891],[-83.3910053838752,42.8957911466739],[-83.3910197155172,42.8958023674391],[-83.3910311816613,42.8958152464545],[-83.3910394275992,42.8958293953831],[-83.3910442108587,42.8958443798259],[-83.3910453610554,42.8958537321212],[-83.3910531140024,42.8961037190621],[-83.3910560529972,42.8962217006354],[-83.3910573681705,42.8962744795256],[-83.3912519596501,42.8962720001285],[-83.3912507014523,42.8962666767383],[-83.391228176096,42.896081754456],[-83.3912356523815,42.8957768788381],[-83.3912766299281,42.8956581855051],[-83.3914830584114,42.895629411766],[-83.3915128010735,42.896268676132],[-83.3915173887353,42.8964000059911],[-83.3916391798451,42.899886273702],[-83.3866889136809,42.8999575655604],[-83.3842137845195,42.8999931362886],[-83.3840808195398,42.8963631629538],[-83.3816034815732,42.896394556526],[-83.3817386586706,42.9000286502931],[-83.376788377109,42.9000995225275],[-83.3769279529862,42.9037418746648],[-83.3719999073908,42.9038635613329],[-83.3718589985328,42.9002213833513],[-83.3717207194428,42.8966467550248],[-83.3749547700798,42.8965815159466],[-83.376648809431,42.8964571685591],[-83.3765383618039,42.8928377287326],[-83.3764279252619,42.889218282789],[-83.3720954075447,42.8893154074101],[-83.3720835058785,42.8889532392985],[-83.3714679867574,42.8889641731628],[-83.3714318702906,42.8878644843488],[-83.3714260117503,42.8876861481777],[-83.3733879297569,42.8876512900222],[-83.3733949427169,42.8878296059545],[-83.3763839333604,42.8877764344649],[-83.3763174966666,42.8855988468727],[-83.3762207605972,42.8824321160495],[-83.3762069314327,42.8819793933118],[-83.3811630733852,42.8818795878002],[-83.3835419724501,42.8818315970015],[-83.3833815673846,42.8777960608913],[-83.380900028588,42.87785258862],[-83.3808281454727,42.8760424005033],[-83.3857902195128,42.8759293146604],[-83.3857391487025,42.8746607215906],[-83.3874613694078,42.8746608030865],[-83.3907053372939,42.8746608862523],[-83.3907056900793,42.8746609718569],[-83.3906790765704,42.8740058544324],[-83.3931546095968,42.87394958488],[-83.395640434799,42.8738923493487],[-83.4005299321497,42.8737578129291],[-83.4006732541238,42.8773781921685],[-83.4006764955958,42.877460005391],[-83.4020973348605,42.8795518007356],[-83.405642583845,42.8794787772741],[-83.4057147238377,42.881372261446],[-83.4034274976533,42.881422666473],[-83.4035419338215,42.885079119505],[-83.4060091598473,42.8850259751016],[-83.4061278402916,42.8886779816002],[-83.4085923196465,42.8886243064543],[-83.4110670967934,42.8885696762342],[-83.4111905850572,42.8922198309499],[-83.4161346420577,42.8921094435473],[-83.4162282216928,42.8947709184029],[-83.4211949382654,42.8946489063305],[-83.4211453924813,42.8933392587902],[-83.421081445947,42.8916489510908],[-83.4209567679273,42.8883530788626],[-83.422223250852,42.8883254004567],[-83.4225768169484,42.8883179024209],[-83.4234190547514,42.8882996049984],[-83.4259071876375,42.8882448103288],[-83.4257600390319,42.884610537602],[-83.4256128039737,42.8809742276652],[-83.4253772115076,42.8809787843208],[-83.4253075461219,42.8792645204462],[-83.4226964878132,42.8793218787215],[-83.4227658087487,42.8810295806702],[-83.4204252128901,42.8810743985764],[-83.4202664151736,42.8768829022826],[-83.4252070704853,42.8767919397324],[-83.425059972488,42.8731716516427],[-83.4201292723514,42.8732623962169],[-83.4199921346151,42.8696419009564],[-83.4213413768512,42.8696171002468],[-83.4212729219802,42.8678103139789],[-83.4212041867337,42.8659966134196],[-83.4229544759397,42.8659644260851],[-83.423268708625,42.8659141793393],[-83.4236760426441,42.8658142019595],[-83.4247218080333,42.8654165867213],[-83.4257486555315,42.8649639076161],[-83.4259639001884,42.8648907662139],[-83.4261357668154,42.8648400472202],[-83.426392113553,42.8647990538409],[-83.4268507969543,42.8647392431713],[-83.4271822831141,42.8646765361286],[-83.427384634959,42.8646577341316],[-83.4275866631927,42.8646467223577],[-83.4278057565141,42.8646574441218],[-83.4280516856812,42.864688492553],[-83.4282934852281,42.8647408134687],[-83.4286530477265,42.8648213955218],[-83.4293647154728,42.8649992655624],[-83.4296386386016,42.8650444971831],[-83.4299651159584,42.8650731733371],[-83.4309474265827,42.8650461988334],[-83.4312085271751,42.8650489236445],[-83.4314301163541,42.8650773584671],[-83.4316298497971,42.8651209108247],[-83.4320899791029,42.8652796251484],[-83.4323105937813,42.865331451542],[-83.4325427784178,42.8653601326553],[-83.4327646972213,42.8653807717362],[-83.4341328970473,42.8653883852481],[-83.4344819941148,42.8654119074277],[-83.4345704403136,42.8654236017734],[-83.4345716776958,42.8654237658489],[-83.4345765958835,42.865424439458],[-83.4347668569411,42.8654495785991],[-83.4353009528546,42.8655591796336],[-83.435986405946,42.8657171024675],[-83.437047986018,42.8656922569448],[-83.4395085912801,42.8656346323157],[-83.4395335003664,42.8665209315964],[-83.4434045544749,42.8671745458976],[-83.4445055377659,42.8672806226576],[-83.4447647815297,42.8727588967742],[-83.444932312035,42.876378729008],[-83.445114885165,42.8805465300013],[-83.4453094590043,42.8805422837999],[-83.4475709130102,42.8804929064284],[-83.4475677972827,42.8804076550769],[-83.4477641202855,42.8803512950182],[-83.4478813089149,42.8802927271233],[-83.4479483618405,42.8802592159992],[-83.4480910564602,42.8801503529941],[-83.4481549064187,42.8800942876092],[-83.4481879500341,42.8804839440313],[-83.4486335676001,42.8804726436043],[-83.4488038900528,42.8841757284192],[-83.4454790873352,42.8842345741748],[-83.44565650671,42.8878704757679],[-83.4407322466029,42.887949144437],[-83.4408988641758,42.8915776714295],[-83.4410654966135,42.8952062057185],[-83.4459908239894,42.8951441654464],[-83.445991007984,42.8951397562847],[-83.4472224573539,42.8951242067079],[-83.4509161371601,42.8950819114374],[-83.4540078285687,42.895042571855],[-83.454136621834,42.8986861968105],[-83.4542054327231,42.9004241224906],[-83.4510319568456,42.9004659569974],[-83.4510461952438,42.901127992651],[-83.446115353545,42.9011953879012],[-83.4461105318478,42.9009454341521],[-83.445519420149,42.9009515927244],[-83.4455514995339,42.9024488972656],[-83.4461472207431,42.9024407694581],[-83.4467726031658,42.9024322363342],[-83.4468148774444,42.9044030215232],[-83.4461894690849,42.9044115545259],[-83.4461909244765,42.904479418332],[-83.4412650364944,42.9045490574895],[-83.4412601303752,42.9043194655208],[-83.436334199202,42.9043863917442],[-83.4363733982904,42.9062281417444],[-83.4364511671228,42.9098814991613],[-83.4413774120007,42.9098096250816],[-83.4463036587049,42.9097375276584],[-83.4475330295832,42.909719505663],[-83.4512298817567,42.9096652288357],[-83.451354852437,42.9126749245854],[-83.453216706027,42.9126492635301],[-83.4532543751416,42.9132317348868],[-83.454812626354,42.9132079173717],[-83.454990939124,42.9168017788288],[-83.4515284654746,42.9168555101949],[-83.4478419358787,42.9169115909705],[-83.4466017715516,42.9169317329895],[-83.4467172486181,42.9197099736826],[-83.4466328496256,42.9197098363146],[-83.4452190368362,42.9197117735026],[-83.4450675470976,42.9197108870708],[-83.4440639107023,42.9196620263435],[-83.4437970624649,42.919599414054],[-83.4433790229335,42.9194697343231],[-83.4430771733371,42.9193283007793],[-83.4421553735379,42.9187982128423],[-83.441767299605,42.9186621277556]]],[[[-83.4412018092546,42.9015890514088],[-83.4411841362716,42.9007617154226],[-83.4411827049669,42.9006945492312],[-83.4404786815476,42.9007037658364],[-83.4400322260287,42.9007096095854],[-83.4363383726728,42.9007578841372],[-83.4362570039356,42.9007589434442],[-83.4362761562176,42.9016591210795],[-83.4412020920834,42.9016023616892],[-83.4412018092546,42.9015890514088]]],[[[-83.3891655454117,42.8838600969981],[-83.3890059445322,42.8839718361132],[-83.3886783770972,42.8836219163415],[-83.3882733992013,42.8831277966923],[-83.3878977927625,42.8826160319271],[-83.3876541235835,42.8822933515026],[-83.3875718801976,42.8822036740491],[-83.3874042906937,42.8820870184065],[-83.3872275015483,42.8820062680577],[-83.3869416432489,42.8818986645173],[-83.3867069478566,42.8818248201375],[-83.3865025118367,42.8817720108439],[-83.3861191900376,42.881779833328],[-83.3861250387329,42.881973732685],[-83.3861767045533,42.881985349236],[-83.386351057767,42.8820247471599],[-83.3865695561932,42.8820807730503],[-83.3867855901429,42.8821487457849],[-83.3869416765532,42.8822050928076],[-83.3871419865011,42.8822885006412],[-83.3872516716774,42.8823519105816],[-83.3873070729275,42.882403386349],[-83.3873931841559,42.8825109968157],[-83.387682627001,42.8829039162498],[-83.3879491326004,42.8832636581747],[-83.3882326117177,42.8836165884045],[-83.388400416256,42.8838104903005],[-83.3887247517863,42.8841539095046],[-83.3885860184909,42.8842366770105],[-83.3884733253631,42.8843039075457],[-83.3880195376715,42.8845693042093],[-83.38767900529,42.8846604794906],[-83.387501595488,42.8846876588383],[-83.3873489752018,42.8847306706148],[-83.3872252305851,42.8848222613195],[-83.3871480392351,42.8849311579306],[-83.3869876621347,42.8850830733147],[-83.3868344830195,42.8852917392766],[-83.3867999089775,42.8854084485684],[-83.386228941031,42.8854187737038],[-83.3862691759277,42.8867528547513],[-83.3862506385224,42.8867638607786],[-83.3860648144951,42.8868358927938],[-83.3850267008185,42.887188842709],[-83.3847091854213,42.8873080922214],[-83.3846178670853,42.887419169845],[-83.3845742925418,42.887538411063],[-83.3846175142939,42.8876525768216],[-83.384728909566,42.8877471022755],[-83.3853132502821,42.8880293864508],[-83.3853729722503,42.8882075974743],[-83.3853579347321,42.8883345714428],[-83.3851670390884,42.8887788892274],[-83.3850595498206,42.8889531746416],[-83.3850066571176,42.8890488790499],[-83.3850009722917,42.8890783180046],[-83.3863386686822,42.8890564188962],[-83.3863181113181,42.888403706086],[-83.38629170422,42.88751204508],[-83.3865042311523,42.8875147328668],[-83.3864995177378,42.8875393719471],[-83.386582810674,42.8879848213185],[-83.3866653639531,42.8881332612827],[-83.3866955930518,42.8882652438035],[-83.386636566151,42.888551287717],[-83.3865697303183,42.8886998459182],[-83.386567872407,42.8887253508647],[-83.3865553005026,42.88889786145],[-83.3866153804206,42.8890188142883],[-83.3866976129064,42.8890462543062],[-83.3867079330146,42.8890437096573],[-83.3867871821529,42.8890241885982],[-83.3869363459787,42.8889305696428],[-83.3871135677023,42.888731140056],[-83.3872640475496,42.8885617994535],[-83.3874056670833,42.8884461984468],[-83.3877482027844,42.8880389235293],[-83.3883368769179,42.8874884443956],[-83.3886797654962,42.8872241675458],[-83.3888066582247,42.8871855695991],[-83.3889261470899,42.8871799654952],[-83.3890158320842,42.8872019074325],[-83.3891879428646,42.8873172691562],[-83.3893975735455,42.8875096047778],[-83.3897274164807,42.8879603502784],[-83.3897056233992,42.8881913772914],[-83.3896312256576,42.8883014461327],[-83.3893926791136,42.888483135744],[-83.3892809737368,42.888615224654],[-83.3892637673591,42.8886481422077],[-83.3891917893258,42.8887857908702],[-83.3891671710032,42.8890160751708],[-83.3891553280107,42.8891268336125],[-83.3891631330219,42.8892533264994],[-83.3892157293597,42.8893687830287],[-83.3894478588896,42.8895831129167],[-83.3898444454936,42.88984679261],[-83.3899044737776,42.8899512492795],[-83.3898602729539,42.8901822912694],[-83.3897784997983,42.890336366187],[-83.3898012746408,42.8904738513989],[-83.3901154935373,42.8906605980204],[-83.3902203666112,42.8907705175387],[-83.390250608884,42.8909079999483],[-83.3901989455875,42.8911445428167],[-83.389908484338,42.8914692898896],[-83.3897667170348,42.8915299049743],[-83.3897071128908,42.8915959505172],[-83.3897595604225,42.891650905305],[-83.3898716297779,42.8916618195411],[-83.390252242916,42.8915240105113],[-83.3903640092793,42.8914194284025],[-83.390662562766,42.8913256786725],[-83.3907221842838,42.8912761288838],[-83.3908708933568,42.8910120046852],[-83.3909677586012,42.8909239222656],[-83.3912438430028,42.8908136908817],[-83.3913931993648,42.890797078862],[-83.3917242177739,42.8910400583204],[-83.3917524584084,42.8910607864407],[-83.3918720743095,42.8910991923375],[-83.392185841368,42.8911099296621],[-83.3925589224735,42.8909556248828],[-83.3927751547501,42.8908069490841],[-83.3928866052546,42.8905868477271],[-83.3930347428763,42.8901137138705],[-83.3932429107342,42.8897505300149],[-83.3933392307309,42.8894589426877],[-83.3933907700962,42.8891838969171],[-83.3932856741428,42.8889859889295],[-83.3932587270257,42.8889504265809],[-83.3932552793679,42.8889429474698],[-83.3912940606906,42.8889751653556],[-83.3910752749111,42.8816793045455],[-83.3909909361373,42.8816804126765],[-83.390615673855,42.8816884060847],[-83.3906116811508,42.8821990322722],[-83.3905797259598,42.8827255919041],[-83.3905589056829,42.8828129345841],[-83.3905367618142,42.8828589183368],[-83.3905049282243,42.8829007005443],[-83.3897519029882,42.8834400963663],[-83.3897130888959,42.883467898073],[-83.3893750594695,42.8837100258156],[-83.3891655454117,42.8838600969981]]],[[[-83.4195405780518,42.858751335361],[-83.424475470291,42.8586505740189],[-83.4247059597518,42.8644299801072],[-83.4197905314704,42.864530358095],[-83.4195405780518,42.858751335361]]],[[[-83.3879951265083,42.8891231333675],[-83.3880557368029,42.8891178702509],[-83.3880976774236,42.8891254986008],[-83.388127180205,42.8891417208683],[-83.388150464688,42.88916224011],[-83.3881519593958,42.8891977977414],[-83.3881658181886,42.8892269794825],[-83.3882039749657,42.8893233212127],[-83.3882318659274,42.8893772491819],[-83.3882544882811,42.8894132949608],[-83.3882972703622,42.8894720049242],[-83.3883377012578,42.8895151224213],[-83.3883603166468,42.88955116171],[-83.3883824650836,42.8895982934629],[-83.3884010250694,42.8896586681447],[-83.3884016734805,42.8897141866719],[-83.388393369025,42.8897672798924],[-83.3883701736199,42.8898155866154],[-83.3883314236202,42.8898746369605],[-83.3882867389958,42.8899313297826],[-83.3882306483667,42.8899722186122],[-83.3881569284216,42.8900016012005],[-83.3880863201165,42.8900288339592],[-83.3879980921636,42.8900445642629],[-83.3879315416329,42.8900474669986],[-83.3878352075189,42.8900408073394],[-83.3877368950193,42.8900096748416],[-83.3876481129267,42.8899676624649],[-83.3875749677591,42.889912694952],[-83.387526061147,42.8898560613846],[-83.3874953389678,42.8897976320436],[-83.387477059994,42.8897306044496],[-83.3874762268906,42.8896795202399],[-83.3874886810094,42.889599881334],[-83.3875179145597,42.8895517176732],[-83.3875532697791,42.8895014655644],[-83.3875882424484,42.8894600926172],[-83.3876447152784,42.8894103303203],[-83.3877416305689,42.8893326396567],[-83.3878200614206,42.8892634042445],[-83.3879517580193,42.8891487772619],[-83.3879951265083,42.8891231333675]]],[[[-83.3869008164646,42.8912594743166],[-83.3868514010142,42.8912525622365],[-83.3867937298782,42.8912550764389],[-83.3867021629907,42.8912548905098],[-83.3867020810984,42.8912568092773],[-83.386701237165,42.8909701416138],[-83.3867261524669,42.8909380149157],[-83.3867455993266,42.8909115258023],[-83.3867750945604,42.8908948943578],[-83.386822548023,42.8908863662159],[-83.3868983483025,42.8908881152275],[-83.3869997967153,42.8909019997274],[-83.3870647304581,42.8909131201125],[-83.3871059758793,42.8909275334434],[-83.3871592397897,42.8909407808471],[-83.3872076388983,42.8909599923659],[-83.3872644209043,42.8909833331669],[-83.3873324238964,42.8910195188755],[-83.3870463669769,42.8913040231142],[-83.3870054163609,42.8912857680469],[-83.3869632964971,42.8912698489715],[-83.3869370839977,42.8912680063713],[-83.3869008164646,42.8912594743166]]],[[[-83.3868359221099,42.8913058150132],[-83.3868395588912,42.8913058619929],[-83.3868710488601,42.8913085804154],[-83.3869217304293,42.8913188693369],[-83.3869688490276,42.8913360235452],[-83.3870107022555,42.8913594263076],[-83.3870457739827,42.8913882300633],[-83.387072802732,42.8914213904322],[-83.387090801598,42.8914577162203],[-83.387096573528,42.8914784144722],[-83.3871055184663,42.8915292642107],[-83.3871330293797,42.891665483613],[-83.3871653253015,42.8917936515077],[-83.3871816832031,42.8918789729188],[-83.3871800223801,42.8918861956213],[-83.3871735179591,42.8919020414212],[-83.3871633663363,42.8919168202256],[-83.3871498823844,42.891930072647],[-83.3871334736449,42.8919414071993],[-83.3871146354754,42.8919504704572],[-83.3870939442719,42.8919569910427],[-83.3870872024514,42.8919584741814],[-83.3867989248386,42.892049835702],[-83.3867979221604,42.8920498179712],[-83.3867825459656,42.8920484686144],[-83.3867677279156,42.8920451799472],[-83.3867539037752,42.8920400476076],[-83.3867415042099,42.8920332292764],[-83.3867309040706,42.8920249272907],[-83.3867224230023,42.8920154030726],[-83.3867163221618,42.892004939216],[-83.386712788915,42.8919938535479],[-83.3867119251737,42.8919824853458],[-83.386713347947,42.8919727176014],[-83.3867079706407,42.891931637224],[-83.3866985007187,42.8918089849347],[-83.3866988381804,42.8916861382412],[-83.386699599806,42.8916701878771],[-83.3866969227885,42.8915379088667],[-83.3866886855921,42.8914052925465],[-83.3866913226702,42.8913918466379],[-83.3866987284415,42.891373801014],[-83.3867102895208,42.8913569728586],[-83.3867256456946,42.8913418790663],[-83.3867443315379,42.8913289755473],[-83.386765785289,42.8913186502252],[-83.3867893475874,42.8913112239089],[-83.3868143056184,42.891306920682],[-83.3868359221099,42.8913058150132]]],[[[-83.3867163808976,42.8923777218466],[-83.386721214415,42.8921658089157],[-83.3867284478898,42.8921443098821],[-83.3867523047774,42.8921278357154],[-83.3867908775434,42.8921117047069],[-83.3868699953498,42.8920825772455],[-83.3869319631991,42.8920607898073],[-83.3870131885481,42.8920317117771],[-83.387104596643,42.8920106098062],[-83.3871854174428,42.8919908075981],[-83.3872849718093,42.8919760779051],[-83.3872670328761,42.891875777293],[-83.3872275586355,42.8917260967878],[-83.387193052466,42.8915864422613],[-83.3876850341878,42.8914260928947],[-83.3877693884694,42.8915461806439],[-83.3878550203873,42.8916889979353],[-83.3879553028002,42.8918538027824],[-83.3880150867469,42.8919325655329],[-83.3880209439617,42.8919410769178],[-83.3880387450754,42.8919769997986],[-83.3880469790262,42.8920147524068],[-83.3880453488123,42.8920529675799],[-83.3880339133097,42.8920902647401],[-83.3880130853172,42.8921252957932],[-83.3879836122732,42.8921567951333],[-83.3879465693278,42.8921836272301],[-83.3879367832222,42.8921892094338],[-83.3878554919678,42.8922198378912],[-83.3878129141374,42.8922312328868],[-83.3877424704608,42.8922543711876],[-83.387663876978,42.8922711279709],[-83.3875790433245,42.8922861948623],[-83.3875034099875,42.8922829051782],[-83.3874444663038,42.8922830904389],[-83.3873494518245,42.8922901883287],[-83.3872307053462,42.8923106624937],[-83.3871067036701,42.8923557757253],[-83.3869995218665,42.8924012796041],[-83.3869260474718,42.8924460134267],[-83.3869183932468,42.8924492664352],[-83.386896169281,42.8924562714233],[-83.3868726276574,42.8924603325881],[-83.3868484866995,42.8924613268681],[-83.3868244780261,42.8924592215962],[-83.386801324135,42.8924540829916],[-83.3867797424582,42.8924460672437],[-83.3867603792657,42.8924354189881],[-83.3867438297872,42.8924224591573],[-83.3867305869187,42.8924075810953],[-83.3867210601208,42.8923912383808],[-83.3867163808976,42.8923777218466]]],[[[-83.3891828062501,42.8928935509066],[-83.3891391818957,42.8929331032922],[-83.3889612860309,42.8930943954739],[-83.3890707693093,42.8927825590909],[-83.3891725134201,42.8928069462846],[-83.3892551446936,42.8928279631554],[-83.3891828062501,42.8928935509066]]],[[[-83.3873427342798,42.8924599348772],[-83.3873780273925,42.8924535051628],[-83.3874280520337,42.8924610949974],[-83.3874569915218,42.8924754477168],[-83.3874760572341,42.8924903717304],[-83.3874883920071,42.8925091646599],[-83.3874959010619,42.8925383152859],[-83.387492516923,42.89256640114],[-83.3874795255835,42.8925886376342],[-83.3873834987026,42.8927774898842],[-83.3872852940676,42.8929476780229],[-83.387204198789,42.8931094592939],[-83.3871448564064,42.8932101543527],[-83.3871364145607,42.893239872097],[-83.3871269863137,42.893292445592],[-83.3871288390428,42.8933611166553],[-83.3871323470864,42.8933911136987],[-83.3871553478737,42.8934690705675],[-83.387168716928,42.8934922539064],[-83.3871868693045,42.8935155512011],[-83.3871977016057,42.89354219301],[-83.3871848437281,42.8935630172805],[-83.3871615999713,42.8936029544393],[-83.3870716357773,42.8936360749687],[-83.3868660937627,42.8936295696061],[-83.3867907056842,42.8936014346189],[-83.3867511851257,42.893574127207],[-83.3867284044042,42.8935472033439],[-83.3867163024347,42.8934941357823],[-83.3867269973008,42.8934679870542],[-83.3867223285605,42.8932408788476],[-83.3867116141245,42.8929872293062],[-83.3867124487493,42.8929115826321],[-83.3867208982083,42.8928818623874],[-83.3867366727784,42.8928487932663],[-83.3867549093126,42.8928140179474],[-83.3868007939707,42.8927482086715],[-83.3868732087234,42.8926777306176],[-83.3869152760532,42.8926452654318],[-83.3869484480124,42.8926198415941],[-83.3870057881675,42.8925841441974],[-83.3870619053025,42.8925516382674],[-83.3871176743241,42.892527173559],[-83.3871823640417,42.8924988895417],[-83.3872754076947,42.8924728658705],[-83.3873427342798,42.8924599348772]]],[[[-83.3913982604807,42.8926220107023],[-83.3912294830984,42.8926248389205],[-83.388726606449,42.8926613072375],[-83.3886901933489,42.892661507246],[-83.3886494877159,42.8927497133939],[-83.3886016209145,42.8928367346164],[-83.3885575364216,42.8929155063795],[-83.3885294927669,42.8929700515484],[-83.3885289801295,42.8929698334281],[-83.3884942439629,42.8930305051336],[-83.3884623598809,42.8930886237661],[-83.3884286831963,42.8931503054349],[-83.3883963893482,42.8932180277874],[-83.388422058139,42.8932168963451],[-83.3885969721848,42.8932209297134],[-83.3886583420786,42.8932210169048],[-83.3887320500123,42.8932280252564],[-83.3888452070242,42.8932412510417],[-83.3888729508504,42.8932413375718],[-83.3888760796321,42.8932413475489],[-83.3890444544844,42.8933423270631],[-83.3890630342613,42.8933534622509],[-83.389198513546,42.8934922295733],[-83.3892248042441,42.8935157078445],[-83.3893359678431,42.8934258483617],[-83.3893547661492,42.8934608534896],[-83.3893631412655,42.8934933355375],[-83.3893656870914,42.8935194023434],[-83.3893648083514,42.8935400111117],[-83.3893588265376,42.8935658786384],[-83.3893480860914,42.8935889554804],[-83.3893257267938,42.8936270036031],[-83.389296517377,42.8936541293144],[-83.3891124860347,42.8937933909417],[-83.3890710933961,42.8937628376888],[-83.3890066258232,42.8937299633084],[-83.3889347697768,42.8936987076753],[-83.38887434825,42.8936779233896],[-83.3887482170034,42.8936531087928],[-83.3886636919939,42.8936458483392],[-83.388595278144,42.8936416177888],[-83.3884255973369,42.8936416860557],[-83.3882325317602,42.8936398896075],[-83.3880466782536,42.8936382564655],[-83.3878248671454,42.8936331406031],[-83.3877218547963,42.8936360752066],[-83.3876877050293,42.8936326353437],[-83.3876447693535,42.8936236776748],[-83.3876019982158,42.8936107491448],[-83.3875416462692,42.8935867955945],[-83.3874954945225,42.8935684748074],[-83.3874532893503,42.8935422840499],[-83.3874150321407,42.8935082197547],[-83.3873845574249,42.8934610660583],[-83.3873593147904,42.8934180103955],[-83.387350756341,42.8933647255618],[-83.3873506532123,42.893324905607],[-83.3873543206081,42.8932811970932],[-83.3873874915921,42.8932019623103],[-83.3874748877285,42.8930298167117],[-83.3875408479875,42.8929004066487],[-83.3876190078843,42.8927532668503],[-83.3877033379394,42.8926146753441],[-83.3877381476458,42.8925699536733],[-83.3877620254571,42.892541614416],[-83.387803259425,42.8924959022056],[-83.3878457258156,42.8924568830474],[-83.3878882346745,42.8924167522782],[-83.3879498059897,42.8923683308176],[-83.3879843224393,42.8923355019098],[-83.3880363683147,42.892298438699],[-83.3881125906075,42.892249177616],[-83.3881385808757,42.8922312235905],[-83.3881644339182,42.892216744656],[-83.3881936289452,42.8921977069087],[-83.3882240595765,42.8921868117912],[-83.3882591615403,42.8921771883188],[-83.3882938682803,42.8921768301844],[-83.388346886809,42.8921908055689],[-83.3883838597261,42.8922113692353],[-83.3884395852646,42.8922358462895],[-83.3885403579513,42.8922764336343],[-83.3887160563838,42.8923349822026],[-83.3890214848773,42.8924208711061],[-83.38907027237,42.8924194644383],[-83.3897062887353,42.892586680851],[-83.3898842896927,42.8922437312644],[-83.3899894632366,42.8922709480434],[-83.3909614776169,42.8917956587993],[-83.3912325596956,42.8921134534273],[-83.3913884906867,42.8922962526806],[-83.3913982604807,42.8926220107023]]],[[[-83.3899995938189,42.8943470572875],[-83.3896906057183,42.894341735881],[-83.3894238207035,42.8943371405369],[-83.3894182218658,42.8942042286553],[-83.3893875461882,42.8941075797943],[-83.3893255481817,42.8939974102266],[-83.3892571258745,42.8939020244447],[-83.3891762937356,42.8938255374604],[-83.3893082557524,42.8937306315361],[-83.3893726787278,42.8936842993203],[-83.3893779950904,42.8936804751588],[-83.3893767841283,42.893678646405],[-83.3894101400896,42.8936306782344],[-83.3894349897174,42.8935717224519],[-83.389442753454,42.8935205851503],[-83.3894311679018,42.8934648920579],[-83.3894110364768,42.8934131063346],[-83.3897898701662,42.8930412729365],[-83.3898746028372,42.8930918719144],[-83.3899483875784,42.8931397870667],[-83.3900385197789,42.8932054242644],[-83.3899995938189,42.8943470572875]]]]},"properties":{"Facility":"Ortonville Recreation Area","District":"Metro Detroit","Acres":4777.1037277}},{"type":"Feature","id":95,"geometry":{"type":"Polygon","coordinates":[[[-83.7519202778215,42.4972176680691],[-83.7532842033264,42.4971747133446],[-83.7534455815616,42.5007911086287],[-83.7534456562325,42.500792833517],[-83.75584099588,42.5007074922808],[-83.7558534003874,42.501924176283],[-83.7556765492443,42.5024276728394],[-83.7541507200852,42.5044359285672],[-83.7486813954551,42.5045978871492],[-83.7467859739113,42.5046522560948],[-83.746709789793,42.5046279244961],[-83.7465402544604,42.504576064223],[-83.74634057565,42.5045206729689],[-83.7461597709723,42.5044741475911],[-83.7459575024659,42.5044263604346],[-83.7457469262993,42.5043827181299],[-83.7455017538234,42.504336355256],[-83.7452911200121,42.5043030531476],[-83.7450807175124,42.5042754786278],[-83.7448825721588,42.5042546880231],[-83.7446831792405,42.504235253131],[-83.7444544688642,42.5042193580804],[-83.7442455185356,42.5042101973625],[-83.7440447344663,42.5042075809829],[-83.7438409159769,42.5042070015788],[-83.7436221794242,42.504211796461],[-83.7434297542588,42.5042206662902],[-83.7432370980396,42.5042336148919],[-83.7430131326605,42.5042509206915],[-83.7428176257126,42.504272550032],[-83.7425762342087,42.5043039565732],[-83.7423600032424,42.5043345224015],[-83.7421470532486,42.5043687112701],[-83.741957341192,42.5044018642894],[-83.7417430010976,42.5044417775956],[-83.7414119492155,42.5045035557133],[-83.7411535441912,42.5045567553343],[-83.7408618933182,42.5046194939884],[-83.7408127707234,42.5046308039901],[-83.7408131803154,42.5046439381656],[-83.7397856270719,42.5048959384037],[-83.7388821567502,42.5051580714765],[-83.7387632832863,42.5051943597677],[-83.7339636404843,42.5066636645139],[-83.7307268723055,42.5076696218017],[-83.7297430106474,42.5079528536348],[-83.7292333118788,42.5080466224363],[-83.7292330893557,42.5080431125811],[-83.7289851891001,42.5080869864057],[-83.7285340202938,42.5081664487044],[-83.7279707695779,42.5082002885065],[-83.7278099802803,42.5082099449178],[-83.7271668100235,42.5082485797682],[-83.727043689138,42.5082557814436],[-83.725693043716,42.5081548198316],[-83.7253583862425,42.5081050336324],[-83.7243198887391,42.5079498143478],[-83.7242895983836,42.5079429523892],[-83.7235709831122,42.5077801832484],[-83.7230112214128,42.507652969124],[-83.7218980417887,42.5072366634666],[-83.7217376555186,42.5071754598439],[-83.7210850632606,42.5069034691805],[-83.7192387536171,42.5059085564972],[-83.7192461086405,42.5060245820034],[-83.7192534710886,42.5061406049535],[-83.7209466894083,42.5070530261853],[-83.7209479925038,42.5070537102238],[-83.7209546791779,42.5070569789293],[-83.7209586816038,42.5070587185192],[-83.7216194431323,42.5073341193645],[-83.7216224039809,42.5073353144269],[-83.7216234123194,42.507335705106],[-83.7217862471638,42.5073978395187],[-83.7217871395822,42.5073981710936],[-83.7229100718704,42.5078181363258],[-83.7229153761928,42.5078200030859],[-83.7229227927314,42.5078222414061],[-83.7229293573052,42.507823876909],[-83.7234991388696,42.5079533652316],[-83.7234992449084,42.5079533953041],[-83.7242539348786,42.5081243446892],[-83.7242548708439,42.5081245528021],[-83.7242626167427,42.5081260517561],[-83.724265531777,42.508126511596],[-83.7243013462039,42.5081318663547],[-83.7253099522994,42.5082826167963],[-83.7253100660387,42.5082826362121],[-83.7256506484561,42.5083333044245],[-83.7256554928653,42.5083339446581],[-83.7256624828366,42.5083346147361],[-83.7270300439891,42.5084368534107],[-83.7270310108335,42.5084369179819],[-83.7270390131603,42.5084372777946],[-83.7270470252337,42.5084372414116],[-83.7270520010875,42.5084370256917],[-83.7271862438448,42.5084291702398],[-83.7271864999859,42.5084291582956],[-83.7285631703537,42.5083464611314],[-83.7285659157045,42.5083462733001],[-83.7285738614729,42.5083454589049],[-83.7285816133107,42.5083442901487],[-83.7290419615969,42.5082632129013],[-83.7290420767974,42.5082631927037],[-83.7292447736426,42.5082273146928],[-83.7292487259976,42.5082896198495],[-83.7292508619924,42.5082895458316],[-83.7293737223365,42.5082674700432],[-83.7295855924622,42.5082254810901],[-83.7298230725862,42.5081735742451],[-83.7300658183214,42.5081153930155],[-83.7303108141702,42.508050490972],[-83.7306096662001,42.5079668990027],[-83.7308948539876,42.5078814397859],[-83.7339792215445,42.5069439243835],[-83.73688125248,42.5060609975628],[-83.7388107920602,42.505475336934],[-83.739003970281,42.5056049520634],[-83.739467449857,42.5054245229293],[-83.7399537400078,42.5052989899187],[-83.7400291843378,42.5052700587104],[-83.7401794067758,42.5052215898507],[-83.7402814929206,42.5051954943817],[-83.7403779145599,42.5051720309848],[-83.7404824283741,42.5051555947719],[-83.740543003942,42.5051477986156],[-83.7405377577318,42.5051482238983],[-83.7406013315612,42.5051318114538],[-83.742206577548,42.5048408524118],[-83.7427964424731,42.5047671588704],[-83.7431361740882,42.5047573951874],[-83.7437885010331,42.5047386450067],[-83.7444619913786,42.5047192820408],[-83.7447216894425,42.5047118146986],[-83.7448716954114,42.5047075014717],[-83.7458117778483,42.5046804653647],[-83.7458513003359,42.5046886561297],[-83.7460427128599,42.5047338782835],[-83.7462148481097,42.5047781725565],[-83.7464045934142,42.5048308083442],[-83.7465940844433,42.5048887728777],[-83.7467648896557,42.5049448187846],[-83.7469415058408,42.5050085401385],[-83.7471333390603,42.5050813243216],[-83.7473197903662,42.5051590904439],[-83.7475034740051,42.5052408359258],[-83.7476889581038,42.5053307611687],[-83.747862374766,42.5054198076391],[-83.7480464925954,42.5055176588745],[-83.7482395684707,42.5056238736372],[-83.7484608995522,42.5057499477651],[-83.7487277478405,42.5059063704561],[-83.7488901079314,42.5060046903526],[-83.7489320711011,42.5067124126619],[-83.7488082767885,42.5068593795925],[-83.7481812472829,42.507302732133],[-83.748100103516,42.5073604091056],[-83.7472486018118,42.5079656488875],[-83.7467524177834,42.5077522684811],[-83.7462115511638,42.5081892531048],[-83.7461241225061,42.5082384840376],[-83.7454652975693,42.5082629465023],[-83.7454650207806,42.5082629571725],[-83.743992817073,42.5083176064036],[-83.7433743803275,42.508340123425],[-83.7432146129421,42.5083460516337],[-83.7431889208735,42.5082747067695],[-83.7428835146746,42.5079065621624],[-83.7428038930919,42.5078158744463],[-83.7427293864309,42.5077260631371],[-83.7427041304105,42.5077381383053],[-83.7429371510525,42.5080241462335],[-83.742407740747,42.5081851462073],[-83.7424196594355,42.5082116065688],[-83.7426183566651,42.5081508387137],[-83.7427886289521,42.5080987614693],[-83.7429572470214,42.5080471940316],[-83.7431594246579,42.5082884194956],[-83.7431769617971,42.5083474487391],[-83.7429699852916,42.5083551297454],[-83.742734230263,42.5083638772182],[-83.742474544502,42.5083735116639],[-83.7423376444128,42.5083785911266],[-83.7395455220734,42.5084825806523],[-83.7389973151407,42.5085029047443],[-83.7380564816238,42.5085351590532],[-83.7380825212113,42.5084841687349],[-83.7380919989154,42.5084534677624],[-83.7381019347639,42.5083850197505],[-83.7381447990088,42.5083041905203],[-83.7381844393119,42.5083111655608],[-83.738246888248,42.5081517841464],[-83.7382127856723,42.5081456069061],[-83.7382169011336,42.5081158611955],[-83.7367270674707,42.5081669252699],[-83.7367024017859,42.5079717668811],[-83.7340410569278,42.5080797779418],[-83.7340732778385,42.5086716327787],[-83.7292864253721,42.5088594991331],[-83.7292848838935,42.5088595310938],[-83.7292863126345,42.5088820488479],[-83.7281339735085,42.5089190660564],[-83.7274744335321,42.508940243635],[-83.7261109866863,42.5089840072629],[-83.7262246762716,42.5109228284249],[-83.7260232619056,42.5109355517338],[-83.7260523488405,42.5114030628969],[-83.7245828796759,42.5126584775741],[-83.7247831391314,42.5158781427613],[-83.7232785934371,42.5157946285472],[-83.7232143585302,42.5146242465517],[-83.7216245412242,42.514538833056],[-83.7197796488073,42.5144434548574],[-83.719766609497,42.5142368055428],[-83.7178931022161,42.5141641232762],[-83.7169930839491,42.5141291986311],[-83.7156111687477,42.5140755621033],[-83.7148448210735,42.5141134118925],[-83.7145482796482,42.5141228966692],[-83.7146407066643,42.5155226605003],[-83.7138087433964,42.515661023605],[-83.7137624235154,42.5156687287143],[-83.7101047348535,42.5164387351741],[-83.7101049527429,42.5164420467834],[-83.7100838852231,42.5164465001686],[-83.7094643958548,42.5165774658599],[-83.7080113259643,42.5168415439088],[-83.7076971418316,42.5168986407676],[-83.707256362941,42.5169787385206],[-83.7051963160908,42.5171946594315],[-83.7051678681966,42.5171976389676],[-83.7045894504185,42.5172217500344],[-83.7045046204914,42.5157633904145],[-83.7037330806919,42.5157939444625],[-83.7037049522434,42.5152521531507],[-83.7001381183144,42.5154063103175],[-83.6996308251591,42.5154309924572],[-83.6996690290238,42.5159847099378],[-83.6984782661446,42.5160382250319],[-83.6984800945991,42.5160624325249],[-83.6984963611232,42.5162936572533],[-83.6966436155708,42.5163640437789],[-83.6967141891476,42.517366381348],[-83.696109828093,42.5173893370869],[-83.6959597168909,42.5173950345267],[-83.6953518626362,42.517418117503],[-83.694901869708,42.5174352024363],[-83.6948219022805,42.5174382381128],[-83.6944404665404,42.5174527195185],[-83.6944378921858,42.5174155832359],[-83.6934432255283,42.5174626792441],[-83.6934303597435,42.5174632886361],[-83.6904305235806,42.51760527114],[-83.6904423352831,42.5177417893159],[-83.6896276729032,42.5177760257964],[-83.6880134192513,42.517843846803],[-83.6880032275125,42.517706812025],[-83.687957373576,42.5171093893345],[-83.6875868880655,42.5171244566354],[-83.6876415606221,42.5178594654186],[-83.6855430516424,42.5179475929282],[-83.6812550258559,42.5181275430089],[-83.6806437239224,42.5181531872986],[-83.6806436138277,42.5181516796301],[-83.6803466198576,42.5181641374558],[-83.6798730824418,42.5181381814924],[-83.6773082785487,42.5178847059804],[-83.6773276233211,42.5181478152184],[-83.6757183177638,42.5180043294438],[-83.6757131339108,42.5180038665904],[-83.6756443416,42.5179977340446],[-83.6751427176069,42.5179486076755],[-83.6732766118863,42.5176568730427],[-83.6732850129564,42.517766654591],[-83.6733011811694,42.5179779154004],[-83.6733379140622,42.5184578898917],[-83.6729959072718,42.5184722095457],[-83.6727164115616,42.5184839164989],[-83.6708662431,42.518561378184],[-83.670866351684,42.5185628552032],[-83.6708443985078,42.5185637714181],[-83.6707706105729,42.5185671083014],[-83.6707568999608,42.5185676949855],[-83.6707552520082,42.5185455329925],[-83.6707462427651,42.518424375587],[-83.6706592430807,42.5172542949611],[-83.6706441772646,42.5170516744363],[-83.6706096216973,42.5170530704581],[-83.665556917886,42.5163203817517],[-83.665113696012,42.5162812859178],[-83.6648401334736,42.516246751545],[-83.664631914657,42.5162335103602],[-83.6645320991684,42.5162271638103],[-83.6641719637159,42.5162099072182],[-83.6641718737386,42.5162099035501],[-83.6639300690781,42.5162010500551],[-83.6638405665011,42.516197772689],[-83.6632956961395,42.5161864683798],[-83.6621521815984,42.5161649600507],[-83.6618747255988,42.5161593414167],[-83.6609872805976,42.5161413700308],[-83.6610010104006,42.5163466996884],[-83.6609624522387,42.5163460691346],[-83.6603365423269,42.5163340712458],[-83.6602767230455,42.5163325023654],[-83.6600569088127,42.5163262237126],[-83.6599254887176,42.5163204083908],[-83.6598540534425,42.5163165168421],[-83.6597392597528,42.5163093260628],[-83.6596486000026,42.5163019502075],[-83.6595497775762,42.5162895992309],[-83.6594547161869,42.516275953357],[-83.659359759037,42.5162595636188],[-83.6592436308591,42.5162386148484],[-83.6591405632697,42.5162158779647],[-83.6590347661902,42.5161917112757],[-83.6589300266862,42.5161641340321],[-83.658826318718,42.5161338321832],[-83.6587099151411,42.5160957149413],[-83.6585881841122,42.5160513084282],[-83.6584711935956,42.5160042543919],[-83.6581276657295,42.5158625589481],[-83.657396016575,42.515556271516],[-83.6573027183107,42.515520691985],[-83.6572011012776,42.5154842537395],[-83.6570736267229,42.5154445315254],[-83.6569488023721,42.515408296746],[-83.6568293079602,42.5153783511175],[-83.6566673445348,42.515342716298],[-83.6565061781056,42.5153105302741],[-83.656352168702,42.5152853578436],[-83.6562349335681,42.5152691883756],[-83.6560880290343,42.515252401309],[-83.6559179704581,42.515234445649],[-83.6557691334153,42.515219677416],[-83.6556497832538,42.5152103282099],[-83.6555228079603,42.5152063120565],[-83.6554142202879,42.515206797489],[-83.6552999128112,42.5152112826711],[-83.6552871536281,42.5152121945189],[-83.6551881524955,42.5152192676295],[-83.6550674719875,42.5152301009971],[-83.6549663199988,42.5152413408601],[-83.6549145650539,42.5152495569393],[-83.6549882842344,42.5164615164515],[-83.6546919884865,42.5164610332866],[-83.6544725382151,42.5164606749783],[-83.6526167124122,42.5164576460631],[-83.652780516649,42.5162471339783],[-83.6529531766967,42.516025237704],[-83.6534220854159,42.5144294827642],[-83.6534404906637,42.5143668470847],[-83.654830815664,42.513872623583],[-83.6548341723003,42.5139278225083],[-83.6548401220625,42.5140256413492],[-83.6549017182846,42.515038348196],[-83.6550268643335,42.5150241133791],[-83.6551584594342,42.5150147172177],[-83.6552782832746,42.5150056163811],[-83.6554059912336,42.5150006047905],[-83.6554511598302,42.5150004027588],[-83.6555091705012,42.5149340362992],[-83.6555761353744,42.5148642093489],[-83.6556529145753,42.5147919352958],[-83.6557508100061,42.5147061060918],[-83.6558974450617,42.5145849181871],[-83.6561964072997,42.5143610630533],[-83.6566562250741,42.5140028628262],[-83.6567720138294,42.5139131266942],[-83.6568734199355,42.513836704767],[-83.6569741224259,42.5137655879508],[-83.6570790750847,42.5136942342418],[-83.6571952260001,42.5136170773398],[-83.6573389927595,42.5135246622972],[-83.6574783299708,42.5134374117158],[-83.6576155874869,42.5133552087202],[-83.6579108939527,42.5131917706802],[-83.6580041828933,42.5131395367013],[-83.658083854329,42.513092288856],[-83.6581697473342,42.5130414108599],[-83.658247469715,42.5129934052547],[-83.6583029683463,42.51295655735],[-83.6584354590399,42.5129495815357],[-83.6585778137338,42.5128868456168],[-83.6588687182571,42.5127586425789],[-83.659346289171,42.5125606716407],[-83.6596652467978,42.5124270793956],[-83.6596823387872,42.5126827911819],[-83.6604019094833,42.5123810048083],[-83.6622001572395,42.5116267900911],[-83.6596302549204,42.5119937437153],[-83.6595865953758,42.5112599115774],[-83.6595697626148,42.5109769932704],[-83.6604306814515,42.510940010966],[-83.6633749962862,42.5108134993608],[-83.667651349825,42.5091403794607],[-83.6700688682613,42.5092236250429],[-83.6750521156295,42.5090082174529],[-83.6750572521813,42.5090080100012],[-83.6750877947541,42.5091166920338],[-83.6799616898586,42.508920560868],[-83.6798905260909,42.507957104094],[-83.6798130989905,42.506908726097],[-83.679556924029,42.5034400659272],[-83.6754464749063,42.5036518832778],[-83.6754469945492,42.5036505660767],[-83.6746666014748,42.5036907639395],[-83.6744712613804,42.5011330028965],[-83.6757462246323,42.5006248331226],[-83.6775996924198,42.4999028795638],[-83.6791176925285,42.499311559918],[-83.6792552012663,42.4992579909257],[-83.6802104308912,42.4988858731001],[-83.6824432993767,42.4981422463723],[-83.6840653310579,42.4975672571847],[-83.6885592107178,42.4959740750212],[-83.688872499983,42.4958549706764],[-83.6888933516451,42.4958470411244],[-83.6890257144818,42.4979869566528],[-83.6890980060698,42.4991557077702],[-83.6890767924144,42.4991576767874],[-83.6890860392438,42.4993070845407],[-83.6890532392419,42.4993087877749],[-83.6891887226081,42.5012550889627],[-83.6893031371347,42.502923610139],[-83.6893035084504,42.5029371537766],[-83.6893372725211,42.502935408973],[-83.6896323835308,42.5065511056625],[-83.6945524153687,42.506387778041],[-83.6942903436311,42.5027709474762],[-83.696650085625,42.5026924930043],[-83.6965893414901,42.5018655038283],[-83.6991825530398,42.5017786471657],[-83.7008864158892,42.5017222548259],[-83.7007567545791,42.4999582711812],[-83.7022324131832,42.499908747366],[-83.7031933972693,42.4989355700209],[-83.7032972387545,42.4988304118644],[-83.7034765843045,42.4988243857166],[-83.7034416947266,42.4988158288285],[-83.7029990480762,42.4986794616546],[-83.702817170507,42.4986234274856],[-83.7018579684702,42.4982681354086],[-83.701172116792,42.4980063000139],[-83.6996830085993,42.4974201409297],[-83.6995284863168,42.4953168624262],[-83.6994421136944,42.4941410956624],[-83.7034263079232,42.4926107667224],[-83.7033429636937,42.4915465466925],[-83.7030585791951,42.4879149307564],[-83.70794054497,42.4877468364716],[-83.7084569256088,42.4877284894795],[-83.7085933348181,42.4876870103898],[-83.7089253066289,42.4875285120614],[-83.7094267186438,42.4872095558335],[-83.7100186236403,42.4868552480621],[-83.7104929075725,42.4866268512368],[-83.7120499195113,42.4860841451133],[-83.7125038769375,42.4860352921218],[-83.7128348070345,42.4860369673737],[-83.712834991545,42.4860414098497],[-83.7133753984113,42.4859119467548],[-83.7137294250406,42.4857365983154],[-83.7142316276541,42.4854951202505],[-83.7148167551849,42.4849871825852],[-83.7150208335861,42.4847210276451],[-83.7151333009466,42.4844966030618],[-83.715161052199,42.4844308586491],[-83.7158414829925,42.4844186917779],[-83.7158216625269,42.4838778037525],[-83.7177148820441,42.4838130421923],[-83.7189970114933,42.4837704883537],[-83.7189990805893,42.4838046337728],[-83.7189996079447,42.4838132759621],[-83.7190386282204,42.4844572915079],[-83.7205204530298,42.484406736032],[-83.720495642637,42.4837729513703],[-83.7204936056965,42.4837207986063],[-83.7226793846769,42.4836481928098],[-83.7238262440899,42.4836100805927],[-83.7238642938092,42.4836214025247],[-83.7239784216677,42.4836149725132],[-83.7240010889802,42.4842772872366],[-83.7254830013335,42.4842280174182],[-83.7254579694704,42.4835558374299],[-83.7254574580985,42.4835420541903],[-83.7276438528894,42.4834831259968],[-83.7276440108405,42.4834876237561],[-83.7276652609733,42.4834870925789],[-83.7276650959689,42.4834824559392],[-83.729773361672,42.4834157814588],[-83.729857811231,42.4834131116079],[-83.7320848160864,42.4833426347612],[-83.7326448438138,42.4833249072845],[-83.7327444260202,42.4858315037782],[-83.7327571472461,42.4861515613915],[-83.7327887912126,42.4869481021321],[-83.7378058002926,42.4867890538065],[-83.7428227795436,42.4866297754568],[-83.7432194381795,42.4866171712667],[-83.7442804827323,42.486583452679],[-83.744688716461,42.4865704746244],[-83.7444786359089,42.4829496383303],[-83.7475683807748,42.4828514491456],[-83.7476476453804,42.4828489290903],[-83.7476688027751,42.4828481914647],[-83.7489178951468,42.4828043663973],[-83.7500954957257,42.4827630365701],[-83.7500919893846,42.4827757672054],[-83.7500768341519,42.4828307004375],[-83.7500204880083,42.4830056463458],[-83.7498681144171,42.4834787322067],[-83.7498224297577,42.4836461958575],[-83.7495209818098,42.4847511995493],[-83.749181637308,42.4859950317375],[-83.7490680659165,42.486411306029],[-83.7490638431213,42.486426811451],[-83.7490626233551,42.4864312806882],[-83.7490511248867,42.4864734258165],[-83.7488043308562,42.4873779907227],[-83.7487341640096,42.4878822241134],[-83.7488583190744,42.4891649831389],[-83.7489436093974,42.4900461813049],[-83.74894386259,42.4900622420371],[-83.7489471567234,42.4902716595237],[-83.7490771080634,42.4919233136607],[-83.7490581789484,42.4923581764094],[-83.7490268431451,42.4929037219296],[-83.7492236791712,42.493201149226],[-83.7495287616223,42.4935139764985],[-83.7497148009305,42.4936629986877],[-83.748175204573,42.4937102795348],[-83.7481539980333,42.4937109298337],[-83.7477036729501,42.4939119857365],[-83.7459629387963,42.4946891382287],[-83.7472000004325,42.495720915514],[-83.7462370998113,42.4960290933288],[-83.7462261377001,42.4966628828525],[-83.7482603422749,42.4960234243944],[-83.7482606701553,42.496030541675],[-83.750551052604,42.4953639633499],[-83.7506217453457,42.4972585474652],[-83.7519202778215,42.4972176680691]],[[-83.710459672455,42.5010710551116],[-83.7111635663058,42.5014652820147],[-83.7115119923513,42.5016670208214],[-83.7120583286532,42.5019937990876],[-83.7121197768134,42.5020471965093],[-83.7121240745751,42.5020507388049],[-83.7121279827419,42.5020536578695],[-83.7122988290745,42.5021756181354],[-83.712485022645,42.5021696638571],[-83.7126732737574,42.502163643886],[-83.7126122311142,42.5021282035439],[-83.7126119543129,42.5021280510725],[-83.7124701822002,42.502046216179],[-83.7123022818757,42.5019263646799],[-83.7122373460973,42.5018699352213],[-83.7122330411422,42.5018663900808],[-83.7122273580274,42.5018622205342],[-83.7122213017118,42.501858330787],[-83.7122211003874,42.5018582113802],[-83.7116651417151,42.5015256860174],[-83.7116636325071,42.5015247877706],[-83.7111304522144,42.5012160740477],[-83.7111283286057,42.501214869607],[-83.7106024120221,42.5009238225787],[-83.7105998816709,42.500922457603],[-83.7105943968029,42.500919740645],[-83.7097176869635,42.5005105846731],[-83.7097164901488,42.5005100287908],[-83.7097095245033,42.5005070933701],[-83.7097044585547,42.5005052272306],[-83.7089810244294,42.5002535970453],[-83.708901841637,42.500226052039],[-83.7088997035823,42.5002253364483],[-83.7088922886455,42.5002230918276],[-83.7088912870321,42.5002228200887],[-83.7067143587462,42.4996420271835],[-83.7066832045668,42.4996320663278],[-83.7065172002131,42.4995823840247],[-83.7057224504297,42.4993983082777],[-83.7045471376491,42.4990908722552],[-83.7044718487231,42.4990686990291],[-83.7044691060613,42.4990679079611],[-83.7044650905827,42.4990668711153],[-83.70392153369,42.4989335368364],[-83.7039367792672,42.4991281272717],[-83.7043846487937,42.4992379910718],[-83.7044588152194,42.4992598423608],[-83.7044615616396,42.4992606308028],[-83.7044632818636,42.4992610893081],[-83.7056429646646,42.4995696638619],[-83.7056471797064,42.4995707047337],[-83.7064705750572,42.4997614097027],[-83.7066206902444,42.4998094376867],[-83.7066267513077,42.4998112224394],[-83.7066277491209,42.4998114977243],[-83.7088028715705,42.5003918139769],[-83.7089981839889,42.5004597470495],[-83.7090203560238,42.500467458681],[-83.7095934648761,42.5006668037288],[-83.710459672455,42.5010710551116]]]},"properties":{"Facility":"Island Lake Recreation Area","District":"Rose Lake","Acres":4074.0468896}},{"type":"Feature","id":97,"geometry":{"type":"Polygon","coordinates":[[[-84.4101982321307,42.9577583881705],[-84.410195504143,42.9577584189308],[-84.4101940935571,42.9577584341022],[-84.4099643115081,42.9577609538648],[-84.4099611566835,42.9577609884879],[-84.4090480569315,42.9577710023412],[-84.4089638751003,42.9577719253681],[-84.4049696941696,42.9578151388247],[-84.3954608488008,42.9578992878991],[-84.3954268439859,42.9542838917344],[-84.3953928277692,42.9506684838013],[-84.3953588146041,42.9470530742152],[-84.3953247037427,42.9434376714471],[-84.3954503000136,42.9434363997772],[-84.3954450748981,42.9433075192823],[-84.3953247782052,42.940340474853],[-84.3952160830352,42.9367194545851],[-84.3951769712687,42.9330976600315],[-84.3951030814201,42.9294762442748],[-84.3950293676329,42.9258627814096],[-84.3950119530186,42.9249571809681],[-84.3965430222416,42.9249418492268],[-84.3969096708969,42.9249458070924],[-84.3974644783085,42.9249517903846],[-84.397488017897,42.9249520441947],[-84.3992907880835,42.9249714679496],[-84.4027543586544,42.9249830296203],[-84.4028351245656,42.9249832655341],[-84.4028352532294,42.9249832664627],[-84.403225464966,42.9249844047313],[-84.4032260838298,42.9249844072231],[-84.4037263339545,42.9249858666708],[-84.4037307077981,42.9249858792837],[-84.4047683923098,42.9249889080175],[-84.4048459781224,42.9249900160539],[-84.4048465798343,42.9249900182933],[-84.4046287003971,42.9149946559805],[-84.4046277745607,42.9149522204666],[-84.4095555012901,42.9149197390497],[-84.4131803593468,42.9148956825476],[-84.4131936707347,42.9148955941141],[-84.4144832189806,42.9148870357692],[-84.4164493805505,42.9148739278298],[-84.4194109318921,42.9148541331992],[-84.4243386344834,42.9148210069397],[-84.4255175746652,42.9148099131365],[-84.4255193041212,42.9148098968551],[-84.425523244766,42.9148098584373],[-84.4255251004621,42.9148098412239],[-84.4255253394442,42.9148098400714],[-84.4255147289436,42.914827726583],[-84.4255110344451,42.9148339561472],[-84.4254804291361,42.9148855531906],[-84.4254757172221,42.914893495098],[-84.4254160276179,42.914994121922],[-84.4253613304154,42.9150863333837],[-84.4253395401912,42.9151230675293],[-84.4253318923001,42.9151359616489],[-84.424905809678,42.9158542615057],[-84.4246419141931,42.9163078222107],[-84.4244303917915,42.916677183612],[-84.4243897707405,42.9167581147033],[-84.4243670113917,42.9168088560061],[-84.4243671164266,42.9168128799316],[-84.4243675450851,42.916829544084],[-84.424367833061,42.916840678769],[-84.4243680770681,42.9168501564805],[-84.4243694138769,42.9169019663289],[-84.4243896798285,42.9176874519105],[-84.4243905675699,42.9177218272301],[-84.4244089189814,42.9184331289804],[-84.4244787843506,42.9220243502785],[-84.4244787845702,42.922024389011],[-84.4244792305433,42.9220452487672],[-84.4306227647497,42.9219885129415],[-84.4307004014721,42.9267232453138],[-84.4306994341468,42.9267232570157],[-84.4294572767688,42.926735338565],[-84.4266495969725,42.926772229254],[-84.4245719844847,42.9267994406505],[-84.4246095713248,42.9292704872794],[-84.4246184731229,42.9298404190197],[-84.4246270960012,42.9303924988895],[-84.4246661379746,42.9328920932119],[-84.4246928766175,42.9346038446463],[-84.4246944246962,42.9347028961444],[-84.4247227116782,42.9365136975249],[-84.4247895840632,42.9401343006714],[-84.4247844309424,42.9401343265845],[-84.4248325099703,42.9432115624639],[-84.4248376623092,42.9432115293292],[-84.4249006537177,42.9468071009767],[-84.4249005237357,42.9468071018563],[-84.4249634517026,42.950402579942],[-84.4250261916236,42.9539866664295],[-84.4250262837125,42.9539919474878],[-84.4250263932752,42.9539982078266],[-84.425026672998,42.9539982018403],[-84.4250266704249,42.9539983008787],[-84.4250780988161,42.9569324315589],[-84.4250781264676,42.9569339630962],[-84.4250896821144,42.9575932255109],[-84.4250896917528,42.957593798476],[-84.42508913489,42.9575938041808],[-84.4201303558591,42.9576488213737],[-84.4201301724119,42.9576488025824],[-84.4201300718262,42.9576488038701],[-84.4102130597654,42.9577583952782],[-84.4102117767331,42.9577584095522],[-84.4102116356722,42.9577584111594],[-84.4102116389085,42.9577582409769],[-84.4102036733494,42.9577583282422],[-84.4102030637276,42.9577583349297],[-84.4101982321307,42.9577583881705]]]},"properties":{"Facility":"Sleepy Hollow State Park","District":"Rose Lake","Acres":2679.80561505}},{"type":"Feature","id":98,"geometry":{"type":"MultiPolygon","coordinates":[[[[-83.5625125065035,42.826139005257],[-83.5613418803407,42.8266298249414],[-83.5597787895449,42.8266478531828],[-83.5597825468091,42.8268126502444],[-83.5588132902471,42.8248976335847],[-83.5585572046703,42.8243916487396],[-83.558415310518,42.8241184637799],[-83.5583291408242,42.8239613916706],[-83.5582452530937,42.8238169609359],[-83.5581385401733,42.8236419881936],[-83.558039462756,42.8234870126066],[-83.5579415998998,42.8233408465052],[-83.5578256420331,42.8231841286841],[-83.557726725106,42.8230552792917],[-83.559696053219,42.8230201072944],[-83.5646179368303,42.8229685092557],[-83.5694588045521,42.8229184875398],[-83.5694150263207,42.8215745975187],[-83.569785631128,42.8215752843715],[-83.5698216945468,42.8216770778513],[-83.5698667713224,42.821804008831],[-83.5699334954577,42.8219684257299],[-83.5700179177347,42.8221600954891],[-83.5700635303184,42.8222676136632],[-83.5700854631717,42.8223193139831],[-83.5701785316991,42.8225067129156],[-83.5702835207819,42.8226988244877],[-83.5705141786667,42.8231047563739],[-83.5705856305101,42.8232282044688],[-83.5706602394404,42.8233569444079],[-83.5707423011006,42.8234861606384],[-83.5708227834361,42.8236074387737],[-83.5709108146126,42.8237452565704],[-83.5718427978035,42.8251397438516],[-83.5718436432892,42.8251397484986],[-83.5742521324595,42.8287212709978],[-83.5746953325549,42.8293808526595],[-83.5748002000688,42.8323035992381],[-83.5749292958871,42.8358823139323],[-83.5698787345179,42.8357847828055],[-83.5698097383568,42.8337709459411],[-83.5697899866124,42.8331499299072],[-83.5672460857396,42.8331971102474],[-83.5676463117484,42.8319274376102],[-83.5683148162354,42.8301756941211],[-83.5684918340131,42.829711819924],[-83.5689231060606,42.8282083305735],[-83.5687679909736,42.827672735702],[-83.5687178368697,42.8274995563006],[-83.568529784883,42.8268502198431],[-83.5679665999643,42.8267057922328],[-83.5679216273409,42.8265573243848],[-83.5678345477935,42.8262698506721],[-83.5646841339773,42.8258541823464],[-83.5645738329934,42.8258396276812],[-83.5629758903826,42.8259447123263],[-83.5625125065035,42.826139005257]]],[[[-83.5772940921873,42.834118430738],[-83.5778829689224,42.8341279143925],[-83.578909649007,42.8356572500882],[-83.5783172489057,42.8356458361491],[-83.5783314732792,42.835947871491],[-83.5773793567286,42.8359295209251],[-83.577348366565,42.8352712714258],[-83.5773179098359,42.8346243344019],[-83.5772940921873,42.834118430738]]]]},"properties":{"Facility":"Holly Oaks ORV Park","District":"Metro Detroit","Acres":223.36933777}},{"type":"Feature","id":101,"geometry":{"type":"MultiPolygon","coordinates":[[[[-83.8517947302081,42.4634846752283],[-83.8530517526535,42.4636190151034],[-83.857998374166,42.4641475192786],[-83.8579994736894,42.4641476357348],[-83.8582593750493,42.4641753981668],[-83.8582597252616,42.4641754390764],[-83.8625798158653,42.4646429906149],[-83.8629493194811,42.4646778139606],[-83.8671326581972,42.4650719995155],[-83.8671347792105,42.4650722037445],[-83.8679112693578,42.4651520804446],[-83.8679124017173,42.4651521983295],[-83.8689214854038,42.4652559989301],[-83.8689248685575,42.4652563685064],[-83.8689295727053,42.4652569604335],[-83.8700090973746,42.4654042331555],[-83.8706303923614,42.4654160120208],[-83.8706425038669,42.4654165406932],[-83.8706524364663,42.4654174127335],[-83.8713697660989,42.4654949778611],[-83.8720220094384,42.4655494504147],[-83.8724715292691,42.4655579651101],[-83.8728438695316,42.4655505179533],[-83.8730093855511,42.4655472082145],[-83.8743343279949,42.4654446703976],[-83.8777376740666,42.4651232839705],[-83.877738765409,42.4651231802704],[-83.8826320286133,42.464660913522],[-83.8828333694209,42.4646418899344],[-83.8828358579562,42.464641668384],[-83.8875563256264,42.4642435222783],[-83.8921751438143,42.4638537649358],[-83.8921758673901,42.4638537046452],[-83.8923974650464,42.4638356526453],[-83.8972658857903,42.4634389614258],[-83.8972669691931,42.4634388745088],[-83.8978688864633,42.4633884566798],[-83.8989200423782,42.463301812969],[-83.9009929193162,42.4631492115314],[-83.9021373215208,42.4630576645634],[-83.9082287160224,42.4625879447336],[-83.9086471395367,42.4625556639049],[-83.9086473578585,42.4625556481522],[-83.908647492068,42.462555637139],[-83.913071371298,42.4622118288501],[-83.9159829960717,42.4619854484669],[-83.9178909612911,42.4618341242381],[-83.9178920933974,42.4618340344271],[-83.9227083349953,42.4614519053045],[-83.9232028627853,42.4614126549545],[-83.9275189808479,42.4610682564703],[-83.9275202019606,42.4610681601003],[-83.930828835121,42.4608040409619],[-83.9308290926427,42.4608040168813],[-83.9308340287976,42.4608036844636],[-83.9323273603208,42.460715907884],[-83.9327753819654,42.4606895682107],[-83.932782535637,42.4606892477193],[-83.9327850904453,42.4606891794577],[-83.9344634636953,42.4606558352406],[-83.9344730363929,42.4606558303149],[-83.9355682012548,42.4606759771277],[-83.937157315474,42.4606666182834],[-83.937158682067,42.4606666091654],[-83.9407396908425,42.4606640216263],[-83.9430418402514,42.4606016991098],[-83.9454710644349,42.4606053184123],[-83.9468269989755,42.4606081266481],[-83.9511560138438,42.4606190332815],[-83.9517182293655,42.460620469811],[-83.9566075671959,42.4606328386304],[-83.9566089065589,42.4606328431989],[-83.9593388282779,42.4606396611028],[-83.9614985954659,42.4606399086269],[-83.9652666678689,42.4606402443904],[-83.9652711949493,42.4606402814357],[-83.9663668870191,42.4606601439855],[-83.9663888353028,42.460660541754],[-83.9690282648553,42.4607083454883],[-83.9690337112796,42.4607085062266],[-83.9698703852613,42.4607418881763],[-83.9700128939953,42.4607475770722],[-83.9710794979274,42.4607668683649],[-83.9710916107621,42.4607673837685],[-83.9710948768025,42.4607676238957],[-83.9712994981968,42.4607839824076],[-83.971305076357,42.4607844282869],[-83.9721327400877,42.4608505974491],[-83.9736024528495,42.4609627216534],[-83.9748710413864,42.4610498027859],[-83.9748825899577,42.4610508670321],[-83.9748846003737,42.4610511096123],[-83.9754893982507,42.4611262635008],[-83.9754993053414,42.4611277052506],[-83.9755110437745,42.4611299511708],[-83.9755192181111,42.4611318814447],[-83.9761492726634,42.4612929322515],[-83.9762531170795,42.4613186598236],[-83.976931986916,42.4614904807675],[-83.9771679420732,42.4616153065073],[-83.977893438873,42.4620005501326],[-83.97828304629,42.462227159427],[-83.9787896334268,42.4625220204783],[-83.9792433377822,42.4627861059789],[-83.981075679551,42.4640189452424],[-83.9813880481853,42.4642291581787],[-83.981562140689,42.464346313272],[-83.9815623790694,42.4643464643987],[-83.9831016980728,42.4653858162526],[-83.9839639823787,42.4659515710472],[-83.9845525642534,42.4663158172315],[-83.9849758426434,42.466542649197],[-83.985482927528,42.4667723365073],[-83.9859462108834,42.4669593999144],[-83.9864061103131,42.467095339784],[-83.9865293767448,42.4671216217046],[-83.9869691494491,42.4672153807891],[-83.9875950138075,42.4673257654594],[-83.9891594504624,42.4674042916862],[-83.9914779267326,42.4674015447521],[-83.996389200928,42.4674189018216],[-84.0003970500139,42.4674334785269],[-84.0013076891807,42.4674291768673],[-84.0062217237627,42.4674058353719],[-84.0062239568803,42.467405823716],[-84.0111146019974,42.4673823850293],[-84.0128387532103,42.4673740746497],[-84.0128404811988,42.4673740683294],[-84.0160046908164,42.467380504258],[-84.0160066411687,42.4673805072284],[-84.0207962220933,42.4673900804786],[-84.0208993840506,42.4673896263426],[-84.0261027833478,42.4673664375653],[-84.0309200806602,42.467344760491],[-84.034206419216,42.4673298543282],[-84.0342066748767,42.4673298498017],[-84.0357352676073,42.4673245073087],[-84.0357374774134,42.4673245009763],[-84.0405551159812,42.467307538829],[-84.0453706845602,42.4672903780996],[-84.0453728141336,42.4672903692822],[-84.0475540609226,42.4672825302116],[-84.0475563118161,42.4672825324748],[-84.0501742120502,42.4672966006183],[-84.0501752266211,42.4672966065522],[-84.0545026898568,42.4673197287276],[-84.0549754629846,42.4672545601415],[-84.054975816138,42.4672545122186],[-84.0554067152872,42.4671951193811],[-84.0554087534303,42.4671948466494],[-84.0554107568967,42.4671945931345],[-84.0561778518397,42.4671018134377],[-84.0575182472933,42.4668432412304],[-84.0593094896452,42.46630621104],[-84.0597311153307,42.4661740146976],[-84.061646048493,42.4655735871698],[-84.0618499486586,42.4655096512991],[-84.0644906939346,42.4646815712958],[-84.0648180193961,42.4645789230823],[-84.066746856756,42.4639515511087],[-84.0694807928799,42.4630622331734],[-84.0734453030355,42.4617724657014],[-84.0741550797727,42.461544557236],[-84.0744486647502,42.461451499557],[-84.0744495789636,42.4614512107838],[-84.074796646415,42.461341194136],[-84.0758669301607,42.4609880760866],[-84.0758754286934,42.4609854564496],[-84.0758813323341,42.4609838426283],[-84.0772317453669,42.4606350851416],[-84.0772372855436,42.4606337316609],[-84.0772489782862,42.4606313216691],[-84.0772495191728,42.4606312210478],[-84.0778503968718,42.4605244055468],[-84.0778843046435,42.4605183795342],[-84.0778941956054,42.4605165124024],[-84.0783509011425,42.4604302205473],[-84.0783529201795,42.4604298479936],[-84.0783647931041,42.460428014807],[-84.0783768013846,42.4604267550658],[-84.0783780098495,42.4604266649855],[-84.0788255679132,42.4603930083934],[-84.078836447682,42.4603924328055],[-84.0788466341458,42.4603923191673],[-84.0794272329469,42.4603977622612],[-84.0844567109885,42.4604448050381],[-84.0844577448247,42.4604448137023],[-84.0871331191836,42.4604697524251],[-84.0871338477334,42.4604697585563],[-84.0894877550881,42.4604847753135],[-84.0945162030817,42.4605166832752],[-84.0945173427646,42.4605166918471],[-84.0971737123422,42.4605334639566],[-84.0995463118568,42.4605402690901],[-84.1045744630974,42.4605545272831],[-84.107311958754,42.4605621975484],[-84.1073131266015,42.4605622001634],[-84.1093567320986,42.460577467681],[-84.1141386645439,42.4606130560166],[-84.1141398589506,42.460613065315],[-84.1187045943148,42.4606468487028],[-84.1189225988275,42.4606469652662],[-84.1237015683099,42.4606494144791],[-84.1237027167875,42.4606494139003],[-84.1285905135557,42.4606517088227],[-84.1289596370042,42.460651872983],[-84.1304333331335,42.4606053951777],[-84.1312553793968,42.4605490213151],[-84.1324083353458,42.4603559139631],[-84.1324171698588,42.4603546037645],[-84.132417392287,42.4603545705402],[-84.1334443998142,42.4602219647264],[-84.1334455369381,42.4602218170277],[-84.1351938200115,42.4599960526068],[-84.1385865573978,42.4594809332933],[-84.1385867907633,42.4594809002389],[-84.140770864706,42.4591513156887],[-84.1442778894695,42.4586219959251],[-84.1442794913979,42.4586217630389],[-84.1456662448382,42.4584218458374],[-84.1505640228139,42.4577156402704],[-84.1521831405055,42.4574823090074],[-84.1554641618624,42.4570096065392],[-84.1583735024814,42.4565903634123],[-84.1603667889149,42.4562891973921],[-84.1630271150692,42.4558871885786],[-84.1630283763871,42.4558869912804],[-84.1642381523263,42.4556988156707],[-84.1647941697157,42.4555926207621],[-84.1651654828062,42.4555012291019],[-84.1653168694676,42.4554592400851],[-84.1656269212031,42.4553732386052],[-84.1661395456181,42.4551700455322],[-84.1667185372186,42.4548751274467],[-84.1672710669818,42.4545797462063],[-84.1679331558904,42.4541394512396],[-84.1682656060069,42.453882518191],[-84.1689919232551,42.4533211822256],[-84.1689923104868,42.4533208831851],[-84.1702585925079,42.4523481768835],[-84.1716151702574,42.4513060625782],[-84.1729298092673,42.4502630957856],[-84.1742675596272,42.4492017382921],[-84.174269336836,42.449200344003],[-84.1751655793593,42.4485089344963],[-84.1775759305282,42.4466493470585],[-84.1800451588515,42.4447441663285],[-84.1822687485823,42.4430283684801],[-84.183376077623,42.4421738647697],[-84.1833762530241,42.4421737324959],[-84.1849474847151,42.4409643407586],[-84.1869913540803,42.4393910533996],[-84.189851130496,42.4371895179282],[-84.1917141034168,42.4357552289339],[-84.1933746912254,42.4344766728652],[-84.1933752647618,42.4344762335247],[-84.1947274069107,42.4334444285173],[-84.196454367251,42.4321265403896],[-84.1995676575506,42.4297504947476],[-84.2012023990598,42.4285027642284],[-84.2012675836316,42.4284530087717],[-84.2044069488041,42.4260495756452],[-84.2059423681528,42.4248739924688],[-84.2059440608945,42.4248726945357],[-84.2083010132871,42.4230679837038],[-84.2102696255618,42.4215512327004],[-84.2102747311417,42.4215472995173],[-84.2127210143796,42.4196623737182],[-84.215214702892,42.4177407461433],[-84.2174889889448,42.4159880419338],[-84.2174895622492,42.4159875988692],[-84.2200298129597,42.4140297599209],[-84.2200309778541,42.4140288695542],[-84.2201331651112,42.413951521896],[-84.2222991790289,42.4123119990854],[-84.2250309979673,42.4102440079518],[-84.2271550710297,42.4086359437644],[-84.2271556563491,42.4086355008434],[-84.2290731437561,42.4071837346371],[-84.2299418955963,42.4065148846135],[-84.2299470308893,42.4065109312323],[-84.2319793273152,42.4049461787108],[-84.2348639403187,42.402725001557],[-84.236187559098,42.4017057263549],[-84.2367496912543,42.4012660217457],[-84.236756086996,42.4012610205025],[-84.239145374172,42.3993919954627],[-84.2391485902309,42.399389531996],[-84.2397753947101,42.3989231017538],[-84.2397805236276,42.3989192847671],[-84.240945921153,42.3980520310204],[-84.2415434158351,42.3975897348464],[-84.2446959819464,42.3951503263905],[-84.2463379047012,42.3938797211236],[-84.2463384812972,42.393879276169],[-84.2481444796989,42.3924816179345],[-84.2481447182398,42.3924814352088],[-84.2505304353737,42.3906417126148],[-84.2559115105739,42.3864915788576],[-84.2571847907592,42.3855094502021],[-84.2571849657708,42.3855093205149],[-84.2603613961834,42.3830655298512],[-84.2649803780511,42.3795114125784],[-84.2655478730661,42.3790730180665],[-84.2702517368639,42.3754389147172],[-84.2704195272351,42.3753092727452],[-84.2749206368925,42.3718252075896],[-84.2749230671671,42.371823327337],[-84.2751271062218,42.3716657833872],[-84.2752690196876,42.371556209926],[-84.2769965888457,42.370222269129],[-84.2798949762768,42.3679654914728],[-84.2813488328089,42.3668333837862],[-84.2813490315707,42.366833226504],[-84.284618597717,42.3642948768469],[-84.2861130134085,42.3631345758691],[-84.2861130991454,42.3631345069233],[-84.2897265951532,42.3603326261894],[-84.2917501833266,42.3587633914688],[-84.2917524835383,42.358761653007],[-84.2936936579612,42.3573087003491],[-84.2961548841965,42.3554663520671],[-84.29960130071,42.352760348951],[-84.3009414232251,42.3517080430314],[-84.3009428282746,42.3517069483405],[-84.3024378900072,42.3505584287279],[-84.3062216474827,42.3476514430575],[-84.3094248704039,42.3451877036994],[-84.3114044315479,42.3436649975661],[-84.3133222653203,42.3421896678271],[-84.3191545838392,42.3376761613682],[-84.3208915803446,42.3363317537352],[-84.3222434223347,42.3352853947999],[-84.3249734268434,42.3331460485132],[-84.3249739252692,42.3331456686594],[-84.3290905499954,42.3299443997808],[-84.3297508705316,42.3294308638872],[-84.3297512822629,42.3294305448692],[-84.3316647176569,42.3279517196037],[-84.3340764576983,42.3260876250895],[-84.3364752906624,42.3242333497161],[-84.3371738998775,42.3236933029115],[-84.3371742457599,42.3236930369329],[-84.3389391169382,42.3223360807046],[-84.3390633198339,42.3222405829968],[-84.3390762030244,42.3214797641172],[-84.3400864168052,42.3214539131627],[-84.3398766587076,42.3216151998204],[-84.3401458928732,42.3216535943797],[-84.340310312844,42.3216770412263],[-84.3389323346225,42.3227365777652],[-84.33744057991,42.3238835409693],[-84.3370055737912,42.3242198177226],[-84.3340654658703,42.3264924991777],[-84.3321944689523,42.3279386419124],[-84.3300183375708,42.3296205065305],[-84.3290842293532,42.3303469727373],[-84.3252418488619,42.333334970643],[-84.3225116939931,42.3354744389779],[-84.3225109114371,42.3354750406464],[-84.3214092090506,42.3363277943229],[-84.320750068944,42.3368379738917],[-84.3206876188032,42.3368863114292],[-84.3191584643099,42.3380698430644],[-84.3135891932567,42.3423797833367],[-84.3135888161361,42.3423800739963],[-84.3119213186108,42.3436628371181],[-84.3094298254413,42.3455793341589],[-84.3064879779801,42.3478420315289],[-84.3064879035836,42.3478420871496],[-84.3029176376701,42.3505850683531],[-84.3012097557532,42.351897083287],[-84.2996034337154,42.3531584202603],[-84.2964224110569,42.3556560468525],[-84.296419344703,42.3556583988621],[-84.2941757728501,42.3573378297586],[-84.2920165440556,42.3589540000763],[-84.2897877345585,42.3606823808575],[-84.2897283676984,42.3607284153175],[-84.286380640683,42.3633242160576],[-84.2851299495336,42.3642925234453],[-84.2846758523823,42.3646478481591],[-84.2816167958704,42.3670227608675],[-84.2798984963981,42.3683607918976],[-84.2772643940721,42.3704117862263],[-84.2772638721713,42.3704122024495],[-84.2756409052024,42.3716653765856],[-84.2751876478058,42.3720153477601],[-84.2706868091136,42.3754992040559],[-84.2706866997117,42.3754992924416],[-84.2702548731157,42.3758329433174],[-84.2660685514296,42.3790672147703],[-84.2652473766735,42.3797015835051],[-84.2652471305366,42.3797017805603],[-84.2603600962557,42.3834621464491],[-84.2574516852398,42.3856997338025],[-84.2564327381944,42.3864856945551],[-84.2505311807078,42.3910372562125],[-84.2492644669816,42.3920140824323],[-84.2489557258697,42.3922521605989],[-84.2484118101082,42.3926715841233],[-84.2468581665194,42.3938739516439],[-84.2468575898242,42.3938744002027],[-84.2446929229517,42.3955495343943],[-84.242061842029,42.3975854260923],[-84.2412121212519,42.3982428859675],[-84.2412095967075,42.3982448036781],[-84.2397774407156,42.3993105617485],[-84.2397723154621,42.3993143769914],[-84.2394126286808,42.3995820325024],[-84.2372739594535,42.4012550270861],[-84.2372656465063,42.4012615285826],[-84.2364559097637,42.4018949173131],[-84.2364549187969,42.4018956925812],[-84.2348607807471,42.4031232838452],[-84.2324995786438,42.4049414358067],[-84.2299438399933,42.4069092130682],[-84.2299387097092,42.4069131602232],[-84.2293394682776,42.4073745196605],[-84.2293383967609,42.4073753422363],[-84.2276817689767,42.4086296183907],[-84.227681188599,42.4086300586902],[-84.2250340622955,42.410634109845],[-84.2228252994157,42.4123061475871],[-84.220296286875,42.4142204527506],[-84.2201351473258,42.4143446542952],[-84.2180109584649,42.4159818342023],[-84.2180103888881,42.4159822746264],[-84.2173941661161,42.4164571931979],[-84.2172564846428,42.4165633009945],[-84.2152155711769,42.4181361382563],[-84.2132424302773,42.4196566368998],[-84.210274467624,42.4219435412003],[-84.2102693583135,42.4219474761256],[-84.208567876488,42.4232584096846],[-84.2085674786129,42.423258711387],[-84.2064594390437,42.4248728426965],[-84.2064589478694,42.4248732158609],[-84.2044142407659,42.4264387377622],[-84.2017175725603,42.428503252459],[-84.2015337496059,42.4286439738671],[-84.2015335667245,42.4286441150557],[-84.1995753518701,42.4301387368736],[-84.1969696858916,42.4321273788457],[-84.1947332069227,42.4338340980621],[-84.1936414482966,42.4346672052654],[-84.1922277328585,42.435755690722],[-84.1898550432582,42.4375824146688],[-84.1875055269508,42.4393911438459],[-84.1849518076065,42.4413568976658],[-84.1836433830845,42.4423640056281],[-84.1827820374446,42.4430286941113],[-84.1811039820185,42.4443235659948],[-84.1810848194939,42.4443383547934],[-84.1800494115374,42.445137286342],[-84.1780857361094,42.4466523993352],[-84.1751684049728,42.4489031314654],[-84.1745376279657,42.449389747171],[-84.1734334363737,42.450265810718],[-84.1718851187747,42.4514941747411],[-84.1718830763405,42.4514957709481],[-84.1702599800496,42.452742619057],[-84.1692593696555,42.4535112395351],[-84.1687758160976,42.4538849654265],[-84.168195993774,42.4543330856521],[-84.1681902955027,42.4543372973764],[-84.1681860107939,42.4543402440734],[-84.1675113999642,42.4547888697784],[-84.1675066511798,42.4547919160497],[-84.1674971163472,42.4547974638914],[-84.1674960423113,42.4547980309347],[-84.166933793968,42.455098604927],[-84.1669303439079,42.4551004022985],[-84.1663411243675,42.4554005317553],[-84.1663356339375,42.4554032352321],[-84.1663251927583,42.45540780156],[-84.1663235672997,42.4554084613511],[-84.1657909749437,42.4556195695894],[-84.1657817704179,42.4556229697632],[-84.1657706218465,42.4556264957226],[-84.1657685092859,42.455627090773],[-84.1653156055121,42.4557527165822],[-84.1652922513277,42.4557591925816],[-84.1652857076939,42.4557609076711],[-84.1649050648955,42.4558545897886],[-84.1649022834549,42.4558552594349],[-84.1648928923063,42.4558572494103],[-84.1643266592358,42.455965393306],[-84.1643243569007,42.4559658248735],[-84.1643184676162,42.4559668101713],[-84.1641827343999,42.455987920655],[-84.164178583404,42.4559894776435],[-84.1641674333816,42.4559930061278],[-84.1641559947037,42.4559959767781],[-84.164144305956,42.4559984010371],[-84.1641373863373,42.4559995477885],[-84.1631033067484,42.4561558225585],[-84.16036488042,42.4565696368706],[-84.1584467920778,42.456859443923],[-84.1584451400426,42.456859687892],[-84.1554627234631,42.4572894621214],[-84.1541091989934,42.4574844786957],[-84.1511715806907,42.4579076760762],[-84.1505630472941,42.4579954379524],[-84.1456657471996,42.458701573295],[-84.1443511295651,42.458891086244],[-84.1407708313639,42.4594314627795],[-84.1386609229614,42.4597498534666],[-84.1352655952069,42.4602653671129],[-84.1352604269627,42.4602660953941],[-84.1352602045636,42.4602661277236],[-84.1334664730465,42.4604977549831],[-84.1334653396476,42.4604979000417],[-84.1324856194528,42.4606244042871],[-84.131635972365,42.4607667140673],[-84.1315873579225,42.4607748553646],[-84.131325384084,42.460818735934],[-84.1313165494834,42.4608200460482],[-84.1313045384059,42.4608213148708],[-84.1313015912346,42.4608215341391],[-84.1304629210187,42.4608790460638],[-84.1304537852559,42.4608794980096],[-84.1304537205626,42.460879505037],[-84.1292433555752,42.4609176778254],[-84.128511794542,42.46092616652],[-84.1237234935287,42.4609239192464],[-84.1237223450461,42.4609239198254],[-84.1189440906484,42.4609214747764],[-84.1187034726724,42.4609213469016],[-84.1187017598146,42.4609213433564],[-84.1141620838728,42.4608877442052],[-84.1141608858131,42.4608877348457],[-84.1093796683311,42.460852153497],[-84.1073099711739,42.460836692531],[-84.104598095081,42.4608290937046],[-84.0995682662736,42.4608148309266],[-84.0971718399168,42.4608079586506],[-84.0971709897101,42.4608079523187],[-84.094537622101,42.4607913255647],[-84.0945364775492,42.4607913169102],[-84.0895063255114,42.4607593946107],[-84.0871299260762,42.4607442295438],[-84.0844746064384,42.4607194932002],[-84.0844735725977,42.4607194845362],[-84.0794423212842,42.4606724232345],[-84.0788525009371,42.460666889732],[-84.0784291911573,42.4606987281765],[-84.0779746940074,42.4607846033211],[-84.0779726749568,42.4607849758681],[-84.0779721378024,42.4607850738543],[-84.0773450771453,42.4608965332161],[-84.0760107412361,42.4612411441214],[-84.0749462943618,42.46159234144],[-84.0749438006226,42.4615931462864],[-84.0744638306857,42.4617452828779],[-84.0744629176558,42.4617455725725],[-84.0739424048696,42.4619105571218],[-84.0739407826272,42.4619110769474],[-84.0694932334663,42.4633580018142],[-84.0676269533188,42.4639650887188],[-84.0649660005283,42.4648306026237],[-84.064963738943,42.4648313292884],[-84.0645012158102,42.4649763725192],[-84.0597440766315,42.4664680426522],[-84.0594527051795,42.4665593972178],[-84.0594500034359,42.4665602260575],[-84.057646228088,42.4671010140201],[-84.0576435629864,42.4671017984112],[-84.0576321172306,42.4671047611186],[-84.0576233929462,42.4671066188139],[-84.0562629910643,42.4673690550244],[-84.056260015688,42.4673696078951],[-84.0562481445553,42.4673714361493],[-84.0562461410865,42.4673716896788],[-84.0554725692784,42.4674652583632],[-84.0552544994787,42.467495313688],[-84.0551937079271,42.4675036043585],[-84.0550647120882,42.4675211947547],[-84.0549923883529,42.4675310571889],[-84.0549906722875,42.4675024322859],[-84.0501851177468,42.4674746175463],[-84.0501851297035,42.4674748159376],[-84.0453803270162,42.4674499569927],[-84.0453805064249,42.4674529238663],[-84.0453894596821,42.4675648131666],[-84.0453872693245,42.4675648200239],[-84.0452124423077,42.4675654430375],[-84.0405708486257,42.4675819839721],[-84.0357522542757,42.4675989564597],[-84.0357497731044,42.467598963444],[-84.0342085533046,42.4676043533175],[-84.0309338209566,42.4676192031956],[-84.0261154684066,42.4676408805877],[-84.0209160623528,42.4676640497423],[-84.020797631031,42.4676645758569],[-84.0207960235117,42.4676645817206],[-84.0181804250139,42.4676593766194],[-84.0181181141878,42.4676592529795],[-84.01602333104,42.467655042651],[-84.0160213782762,42.4676550387374],[-84.0128403100275,42.4676485678353],[-84.0111312291153,42.4676568095502],[-84.0062403983048,42.4676802522525],[-84.0062383684633,42.467680261216],[-84.0013255987352,42.4677035983368],[-84.0003983685683,42.4677079801136],[-84.0003962734393,42.4677079760992],[-83.9964085637038,42.4676934746344],[-83.9891485950664,42.4676787533741],[-83.988192127283,42.4676308220057],[-83.9875507827725,42.4675986771553],[-83.9875268302856,42.4675959053181],[-83.9868706966791,42.4674800504754],[-83.9865524493878,42.4674121993621],[-83.986294646684,42.4673572324177],[-83.9862936426387,42.4673570162109],[-83.985798449179,42.467211280707],[-83.985792114773,42.4672093112454],[-83.9857811958716,42.4672054028354],[-83.9857784267531,42.4672043189508],[-83.9853013597118,42.4670116914888],[-83.9852935589718,42.4670083534067],[-83.9852933707382,42.4670082680495],[-83.9850308962003,42.4668893794139],[-83.985005481958,42.466877867801],[-83.984776223047,42.4667740228748],[-83.9847662703282,42.466769187632],[-83.9847642741694,42.4667681320193],[-83.9843299402522,42.4665353803007],[-83.9843222531939,42.4665310271366],[-83.9843197577496,42.4665295022131],[-83.9837241522147,42.4661609135765],[-83.98372008554,42.4661583262308],[-83.9828548085211,42.4655906087393],[-83.9828528437741,42.4655893023203],[-83.9814186252396,42.4646209052307],[-83.9813126743519,42.4645493643511],[-83.9805252013517,42.4640194235063],[-83.9796095450417,42.463403193564],[-83.979007177654,42.4629977967023],[-83.9781911691514,42.4625228381615],[-83.9776740648277,42.4622218545754],[-83.9767500968379,42.4617312231481],[-83.9765319068202,42.4616771741874],[-83.9762757532976,42.4616137189558],[-83.9760308150494,42.461553045488],[-83.9760291389557,42.4615526251855],[-83.9754128230206,42.4613950818387],[-83.9748299978224,42.4613226573797],[-83.9735672779216,42.461235978245],[-83.9735654003365,42.4612358398368],[-83.9720942844548,42.4611236079183],[-83.9720933864285,42.461123538538],[-83.9714756671707,42.4610741577877],[-83.9712880426874,42.4610591573044],[-83.9710627422166,42.4610411447576],[-83.9700011164551,42.4610219434384],[-83.9699956689038,42.4610217791226],[-83.9690164830341,42.4609827117393],[-83.9664092015799,42.4609354905137],[-83.9663675202078,42.4609347351292],[-83.9652643771369,42.4609147375486],[-83.9615213935519,42.460914404562],[-83.959338468019,42.4609141553826],[-83.9593378729035,42.4609141607762],[-83.9566341909554,42.460907409101],[-83.9566328479388,42.4609074044664],[-83.9517460106628,42.4608950430261],[-83.9511547525724,42.4608935368201],[-83.9468572965322,42.4608827104455],[-83.9430044501753,42.460872869012],[-83.9420195367858,42.4609015196422],[-83.9407506540012,42.4609384166491],[-83.9407434966857,42.4609385195624],[-83.9373317889501,42.4609400999126],[-83.9371845993024,42.4609409660689],[-83.9371832363512,42.4609409752542],[-83.9355681043149,42.4609504857561],[-83.9355620357314,42.4609504480171],[-83.9344686194211,42.4609303333895],[-83.9327998836999,42.4609634823081],[-83.9323510531357,42.4609898684617],[-83.9308659729681,42.4610771624219],[-83.9275417275588,42.4613425260597],[-83.9275405064408,42.4613426224299],[-83.9232425151663,42.4616855744859],[-83.9232424187453,42.4616855835126],[-83.9227282980674,42.4617263849637],[-83.9197967235054,42.4619590100488],[-83.9191671394099,42.462008955709],[-83.9179105043446,42.4621086422634],[-83.9179093722638,42.4621087311742],[-83.9160222890664,42.462258403865],[-83.9160221316345,42.4622584180593],[-83.9160219097592,42.4622584310573],[-83.9130882376073,42.4624865216325],[-83.9086862657821,42.4628286281295],[-83.9086860450275,42.4628286438369],[-83.9086859109092,42.4628286521493],[-83.9082470648757,42.4628625021652],[-83.9082449336556,42.4628626687607],[-83.902154032201,42.4633323539668],[-83.8986249884424,42.4636043357901],[-83.8972836015542,42.4637136706355],[-83.8972825230104,42.4637137576437],[-83.8924140118024,42.4641104481477],[-83.8922167753248,42.4641265169624],[-83.8875736491924,42.4645183279581],[-83.8844772799384,42.4647795120355],[-83.8843048483417,42.4647940544225],[-83.8828790601749,42.4649142899651],[-83.8826487048141,42.4649360548539],[-83.8777556303473,42.4653983009288],[-83.8777545365682,42.4653984045831],[-83.8743788998567,42.4657171720171],[-83.874374945536,42.4657175205976],[-83.8743747236407,42.4657175335152],[-83.8730408108006,42.4658207659546],[-83.8730289377836,42.4658213969674],[-83.8730265459016,42.4658214597818],[-83.8728608647272,42.4658247745358],[-83.8724766669993,42.4658324611422],[-83.872466921824,42.4658324657539],[-83.8720044913821,42.4658237064932],[-83.8719923798168,42.4658231770637],[-83.8719884596642,42.4658228883935],[-83.8713251947572,42.4657674951495],[-83.8713191823322,42.4657669091595],[-83.870609825961,42.465690210196],[-83.8699850664415,42.465678365566],[-83.8699729499657,42.4656778385324],[-83.8699609191445,42.4656767347628],[-83.8699562150488,42.4656761401769],[-83.8688664161808,42.465527468554],[-83.8679302851361,42.4654311744746],[-83.8679291515556,42.4654310565667],[-83.8670848055245,42.4653441990928],[-83.8629663109452,42.4649561211202],[-83.862531297563,42.4649151245808],[-83.8625278904577,42.464914780485],[-83.8582062725314,42.4644470621307],[-83.8580160794742,42.4644267446999],[-83.8580149835937,42.4644266283134],[-83.8530679253582,42.4638980835197],[-83.8515566978575,42.4637365793391],[-83.8512894881633,42.463708020483],[-83.8490587160851,42.4635066720594],[-83.8490420957995,42.463228632042],[-83.8513599399065,42.4634382054196],[-83.8517947302081,42.4634846752283]]],[[[-84.4070432176303,42.2794333557846],[-84.4075877622069,42.2765748404943],[-84.4075854455852,42.2765748352459],[-84.4079269273968,42.2747475552338],[-84.4079272483196,42.2747458924665],[-84.4079278948509,42.2747429471321],[-84.4079563656461,42.2746211860205],[-84.4077554450763,42.2740895762261],[-84.407754858373,42.2740879743278],[-84.4075066492586,42.2733993421316],[-84.407505767798,42.2733968072957],[-84.4075046919873,42.2733933959101],[-84.4073702618291,42.2729404729121],[-84.4077490505435,42.2729414565244],[-84.4079420474914,42.2729419598059],[-84.4083189260397,42.2729429367059],[-84.408449327552,42.2734380703939],[-84.4084498801468,42.2734402392982],[-84.4084516228578,42.2734491289151],[-84.4084525708031,42.2734580774182],[-84.4084527748586,42.2734641426551],[-84.408454453464,42.2740833705543],[-84.4084544117056,42.2740862885157],[-84.4084537798643,42.2740952594464],[-84.4084523732141,42.2741041742481],[-84.4084517266903,42.2741071204861],[-84.4083348734077,42.2746068816207],[-84.4084239217843,42.2748424867264],[-84.4087224814443,42.275388665556],[-84.408746898294,42.2754257698741],[-84.408750304589,42.2760499567691],[-84.4087399195949,42.2760380708773],[-84.4087393435265,42.2760374131648],[-84.4087331648674,42.2760296950634],[-84.4087289178976,42.2760236341317],[-84.4083875783412,42.2755049396603],[-84.4083863321721,42.2755029950351],[-84.4083823819244,42.275496299676],[-84.4082167899965,42.2751933656615],[-84.4080706238228,42.2759755422446],[-84.408049247945,42.2760899382862],[-84.4080056301262,42.2763233480147],[-84.4079584609944,42.2765757540765],[-84.4079609061891,42.2765757593566],[-84.407408384555,42.2794762756261],[-84.4074081334127,42.2794775853804],[-84.4074062857073,42.2794851633835],[-84.4072033709015,42.2802053155136],[-84.4071326875749,42.2804561593215],[-84.4071323286702,42.2804574143851],[-84.4071293598737,42.2804661203289],[-84.4071270481701,42.2804716180648],[-84.4067317036682,42.2813486365573],[-84.4067302778603,42.2813516896239],[-84.4067258009365,42.2813600298507],[-84.4067228269314,42.2813648235823],[-84.4062978088732,42.2820174631336],[-84.4062955733045,42.2820207730268],[-84.4062910985086,42.2820268333705],[-84.4056672168516,42.282821532641],[-84.4056657901295,42.2828233110652],[-84.4056616569248,42.2828281728277],[-84.4050585828098,42.2835046035163],[-84.4050561355862,42.2835072779971],[-84.4050489026522,42.2835144787765],[-84.4050424470028,42.283520152154],[-84.4046670207673,42.2838329563926],[-84.4042807632765,42.2841547785902],[-84.4042793637061,42.284155930438],[-84.4042709228479,42.2841623661854],[-84.4042619361096,42.2841683815392],[-84.4042600842881,42.2841695241961],[-84.4038673137018,42.2844090527798],[-84.4033947210452,42.2846972569629],[-84.40338708467,42.2847016756172],[-84.4033819163277,42.2847043956782],[-84.4033393934404,42.2847260401883],[-84.4028478357489,42.2849762430755],[-84.4013680469152,42.285729431299],[-84.4013656769832,42.2857306205117],[-84.3989601997343,42.2869145964159],[-84.3989608589355,42.2867496009921],[-84.3989615168742,42.2865846073472],[-84.4011602100818,42.2855024078589],[-84.4031662823482,42.2844813454496],[-84.4038690689834,42.2840527599411],[-84.4040143415401,42.283964168377],[-84.4041727177651,42.2838322150798],[-84.4047576442407,42.2833448646104],[-84.4053505013859,42.2826799001482],[-84.4059681253642,42.2818931695148],[-84.4063848969719,42.2812531924675],[-84.4067730757258,42.2803920866701],[-84.406825912874,42.280204569622],[-84.4070432176303,42.2794333557846]]],[[[-83.8418479463697,42.4627634636497],[-83.8415910719491,42.4627362959055],[-83.8412505487127,42.4627054611216],[-83.8408628711482,42.4626703562555],[-83.8399881242922,42.4625766992136],[-83.8395195057595,42.4625137002608],[-83.8392331289459,42.4624721504053],[-83.8389377853805,42.4624141962671],[-83.8386227200322,42.4623391345136],[-83.8383135146365,42.4622551037713],[-83.8381584660446,42.4622080517059],[-83.8380445253141,42.4621734711459],[-83.8377921211232,42.4620904958026],[-83.83756773641,42.4620091266599],[-83.8374070656374,42.461944911746],[-83.8368309977801,42.4616806144227],[-83.8366568687567,42.4615891904776],[-83.8364978959777,42.4614976418731],[-83.83483338109,42.4604820181902],[-83.8339402930694,42.4599338397143],[-83.8330601970053,42.4593936196852],[-83.8325589669208,42.4590859462602],[-83.8290009577705,42.4568840954096],[-83.8283375584677,42.4564941740203],[-83.8278779570783,42.4562240370905],[-83.8277862723682,42.4561701460983],[-83.827263979816,42.4559079629869],[-83.8264764177405,42.4555515856022],[-83.825464733085,42.4552253326094],[-83.8242657512068,42.4548553495897],[-83.824067920417,42.4547943003979],[-83.823317973981,42.4545628689698],[-83.8233177669438,42.4545628064021],[-83.8230032827509,42.4544654261051],[-83.8221980525037,42.4542160760093],[-83.8218585776937,42.4541109533902],[-83.8186781934066,42.4531260310506],[-83.8181286662972,42.4529558352747],[-83.8159284622372,42.4522743810867],[-83.8158430844081,42.4522479329916],[-83.8132446502837,42.4514430564085],[-83.8114053667571,42.4508732859956],[-83.811047465679,42.45076240993],[-83.8083512024685,42.4499270768487],[-83.8082613453543,42.4498992365854],[-83.8082457577641,42.4498944065353],[-83.8078704561293,42.4497781297662],[-83.8078703051039,42.4497781349283],[-83.8065747743416,42.4493767270405],[-83.8032843074314,42.4483705667006],[-83.8032843058058,42.4483705099129],[-83.802261075553,42.4480576021978],[-83.802065480701,42.4479977842652],[-83.7982342010993,42.4468260379923],[-83.7982142530143,42.4465230665619],[-83.8032638468389,42.4480673919909],[-83.8032638439977,42.4480673351794],[-83.8048692737182,42.448558264016],[-83.8055818383967,42.4487761505686],[-83.8067170226992,42.4491232541651],[-83.8083249289496,42.4496214451265],[-83.8083301862114,42.4496231296097],[-83.8084953097484,42.4496742876774],[-83.8085912982074,42.4497040274727],[-83.8087403928612,42.4497502222485],[-83.8132245003385,42.4511393877198],[-83.8181093949828,42.4526524443968],[-83.8187367882588,42.4528467531355],[-83.8189735571053,42.4529200834209],[-83.8195632465778,42.4531027109501],[-83.8229848781039,42.4541623109258],[-83.8234606133889,42.4543096218504],[-83.825608621805,42.4549724710933],[-83.8256113313261,42.4549733262089],[-83.8266360868589,42.4553037946616],[-83.8266440405821,42.4553065250172],[-83.8266547345813,42.4553107569895],[-83.8266587202809,42.4553125097166],[-83.8274602536186,42.4556752108415],[-83.8278578558366,42.4558769192487],[-83.8280036380636,42.4559483699172],[-83.8286650057864,42.4563371019075],[-83.8287486389805,42.4563862601321],[-83.8288987877146,42.4564745125426],[-83.82923446972,42.4566718079829],[-83.8330338519419,42.4590218349335],[-83.8344889582881,42.4599150047148],[-83.8350689325084,42.4602709899594],[-83.8367290086041,42.4612839032902],[-83.8368774114401,42.4613693653695],[-83.8370355090155,42.4614523724927],[-83.8375924171059,42.4617078814001],[-83.8377369338696,42.4617656376207],[-83.8379485085286,42.4618423636817],[-83.8381415541989,42.4619058250792],[-83.8381896897132,42.4619216480908],[-83.8384473773723,42.4619998513561],[-83.8387430930245,42.4620802169757],[-83.8390418402173,42.4621513908139],[-83.8393161290253,42.4622052138089],[-83.839588087228,42.4622446700831],[-83.8400476298976,42.4623064484048],[-83.8407010536569,42.4623764093282],[-83.8409117800724,42.4623989717275],[-83.8409262943033,42.4624002848294],[-83.8418479463697,42.4627634636497]]],[[[-83.8437476094474,42.4629406545669],[-83.843512934711,42.4629018841563],[-83.8432341895323,42.4628483190658],[-83.8431605449796,42.4628323932129],[-83.8429901855401,42.4627955508561],[-83.8427502765054,42.4627369708102],[-83.8425184311057,42.4626763037073],[-83.842339318119,42.4626240422509],[-83.8420707997006,42.4625384706444],[-83.8419549485225,42.4624982295349],[-83.8431476446239,42.4626217350384],[-83.8437726540207,42.4626817782529],[-83.8437412690926,42.4627341592096],[-83.8443326212022,42.4627909661271],[-83.8443726828342,42.4627490611092],[-83.8443798377307,42.4627401067323],[-83.8445091222834,42.4627525254598],[-83.8444782592767,42.4627957799336],[-83.8444357329829,42.4628430294488],[-83.8443911153836,42.4628813354664],[-83.8443343625318,42.4629229716138],[-83.8442135576473,42.4630018606537],[-83.8439757246395,42.4629725573679],[-83.8437476094474,42.4629406545669]]]]},"properties":{"Facility":"Mike Levine Lakelands Trail State Park","District":"Rose Lake","Acres":400.39676632}},{"type":"Feature","id":108,"geometry":{"type":"MultiPolygon","coordinates":[[[[-83.6818762231188,42.8198165172259],[-83.6777662860193,42.8198974829756],[-83.6776665886214,42.8198994727008],[-83.6747680997563,42.8199583136554],[-83.6747680334883,42.8199583185972],[-83.6728083021096,42.8199980875215],[-83.6678504632763,42.820098510261],[-83.6651797102345,42.8201500702851],[-83.665166985508,42.8195717550178],[-83.6643892082129,42.81958510699],[-83.6644019618532,42.8201650733641],[-83.6629589207624,42.8201928958721],[-83.6617349357472,42.8202164809451],[-83.658067367827,42.8202870733251],[-83.6531541515952,42.8203606527601],[-83.6482299769731,42.8204341852411],[-83.6481191087834,42.8168301165718],[-83.6481089938636,42.816501277222],[-83.648855073463,42.8164935262248],[-83.6488212753959,42.8153951798678],[-83.6480752089439,42.8154029307575],[-83.6480082502419,42.8132260438157],[-83.6479575464235,42.8114121346007],[-83.6479321947057,42.8105051796789],[-83.6479119372333,42.8097804432403],[-83.6479068435576,42.8095982236559],[-83.6478920347103,42.8090684231524],[-83.6490106553961,42.8090443980259],[-83.6489862049159,42.8081701821831],[-83.6478675999485,42.8081942063072],[-83.6478607051355,42.8079475172203],[-83.6478399943788,42.807206548474],[-83.6478330997243,42.8069598593276],[-83.6478307911664,42.8068772831691],[-83.6478054454375,42.8059704002794],[-83.6496427070908,42.8059242960921],[-83.6496220748783,42.8051864749445],[-83.6486819651186,42.8052053403378],[-83.6486585849364,42.8043688074106],[-83.6495949897201,42.8042179258712],[-83.6510428179038,42.8039846232798],[-83.6513544174702,42.8039364912553],[-83.6524544249144,42.8037659038286],[-83.6526651586811,42.8037328908036],[-83.653043992453,42.8036735440154],[-83.653063300061,42.8044069794163],[-83.6545351388438,42.8043752972691],[-83.655141000917,42.8043622500173],[-83.655114307671,42.80334853938],[-83.655306533942,42.8033192235802],[-83.6559945375591,42.8032150900994],[-83.6567942337046,42.8030849542322],[-83.6569701332587,42.8030559969421],[-83.6571331574256,42.8030284884425],[-83.6572997746857,42.8029984805247],[-83.6574465633211,42.8029689187593],[-83.6575628938826,42.8029432780534],[-83.6575746579548,42.8029406852539],[-83.65769347053,42.8029114006301],[-83.657821793239,42.8028771647619],[-83.6579454924288,42.8028419752857],[-83.6580846879115,42.8027976688311],[-83.658262798791,42.8027412977405],[-83.6600212921432,42.8021697254383],[-83.6601209759534,42.8056786507618],[-83.6626059167673,42.8056338783506],[-83.6644226244969,42.8056011110789],[-83.6643119183258,42.8053377320977],[-83.6643337808834,42.8046116990496],[-83.6644623505103,42.8043469311223],[-83.6647138855657,42.8040661138415],[-83.6650322334394,42.8037921119772],[-83.6649735378886,42.8019895156801],[-83.66495923615,42.8015502858049],[-83.6649448381961,42.8015524771778],[-83.6649277455196,42.8010059668493],[-83.6650762279808,42.8009821625067],[-83.6650933595751,42.8015298681206],[-83.6674242731529,42.8011750063348],[-83.6685650507356,42.8009985136272],[-83.669012967303,42.8007562491807],[-83.6685228663164,42.8002789246437],[-83.6686895069898,42.8001978501645],[-83.6691736304328,42.8006693501126],[-83.6698737511472,42.8002906664251],[-83.66982731263,42.7991877849292],[-83.6700558172738,42.799020972561],[-83.6701372385893,42.7989634462075],[-83.6702209882719,42.7989059687278],[-83.6702880140447,42.7988592995356],[-83.6703561393454,42.7988143699884],[-83.6704242633257,42.7987694403743],[-83.6704875030563,42.7987304167898],[-83.6705576945256,42.7986923941524],[-83.6706349705989,42.7986519429846],[-83.6707121813597,42.7986132065213],[-83.6707809154364,42.7985828766058],[-83.6708508457265,42.7985517128169],[-83.6709301239412,42.7985198832566],[-83.6710152553912,42.798487316742],[-83.671100321551,42.7984564649216],[-83.6711769775687,42.798432304035],[-83.6712583232115,42.7984073812918],[-83.6713513101989,42.7983826994171],[-83.6714595309899,42.7983557569448],[-83.6715688187995,42.798331410073],[-83.6716932413292,42.7983073760066],[-83.6717999397062,42.798289839945],[-83.6718831245813,42.7982778258978],[-83.6719767220191,42.798267742526],[-83.6720738116103,42.7982577310586],[-83.6721754291078,42.7982512450395],[-83.672245613884,42.7982481828934],[-83.6722454940783,42.7982441896979],[-83.6724388592921,42.7982411059864],[-83.6759349489535,42.7981684649638],[-83.6759938066835,42.7997635427881],[-83.6773173873733,42.7997965807304],[-83.6773178135216,42.7998173097126],[-83.676571482842,42.7997993548082],[-83.676521944279,42.8009100423682],[-83.6772416040547,42.8011577035076],[-83.678104851774,42.801454769335],[-83.6788456596688,42.8014395721469],[-83.6788323476415,42.80089083425],[-83.6790560550207,42.800886245045],[-83.6790611423499,42.8010959451714],[-83.6792638662066,42.801091784629],[-83.67939588125,42.8010890751554],[-83.6796943701275,42.801082948499],[-83.6797564819537,42.8010816733979],[-83.6796877677558,42.7980913176821],[-83.6815311378591,42.7980531202361],[-83.6816146362461,42.8016821692641],[-83.6816981410075,42.8053112214191],[-83.6818589962894,42.8088389012059],[-83.6819956292446,42.8118375174245],[-83.6820109937447,42.8121747059278],[-83.6820197558263,42.8123669891008],[-83.6820200386217,42.8134800906511],[-83.6820200429791,42.8134944536712],[-83.6820202866748,42.814457691966],[-83.6820202890527,42.814463866344],[-83.6820203818245,42.8148353234039],[-83.682020384353,42.8148382944122],[-83.6820205081031,42.815327470583],[-83.682020508806,42.8153329458768],[-83.6820206134964,42.8157485539586],[-83.6820206146114,42.8157498818132],[-83.6820207011049,42.8160896697574],[-83.682020969362,42.8182201885979],[-83.6820211491764,42.8196618425571],[-83.6820211678928,42.819812554397],[-83.6820207024285,42.8198125664653],[-83.6818762231188,42.8198165172259]]],[[[-83.6822295166341,42.8016685864381],[-83.6821460193081,42.7980411174874],[-83.6822034824968,42.7980399267602],[-83.6822034716808,42.7980395337723],[-83.6823880954581,42.7980357287422],[-83.6825239128038,42.7980329298365],[-83.6857496074932,42.797966445187],[-83.6857502590741,42.7979931630033],[-83.6858378060091,42.8015856734374],[-83.6868426885468,42.8015660021582],[-83.6868746723367,42.8028774958251],[-83.6869306890244,42.8051743908014],[-83.6869309793997,42.805186297706],[-83.6869310072546,42.8051874387361],[-83.6859261664847,42.8052112264814],[-83.6847065101876,42.8052400876237],[-83.6848386535272,42.8082151867185],[-83.6848484350254,42.8084354138857],[-83.684773843854,42.8084370134447],[-83.6826237565517,42.8084831259373],[-83.6824582357543,42.8084866751067],[-83.682452759469,42.8083663640418],[-83.6823130356392,42.8052966885188],[-83.6822295166341,42.8016685864381]]],[[[-83.6826343912191,42.8123563579447],[-83.6825284256511,42.8100286122183],[-83.6872876831776,42.8099507848279],[-83.6872894899766,42.81001560634],[-83.686674453697,42.810025675545],[-83.686694656339,42.8107504163673],[-83.687306132212,42.8107404055828],[-83.6873526329361,42.8122798587682],[-83.6826355884594,42.8123569239113],[-83.6826351795294,42.8123569308354],[-83.682634743702,42.8123569372077],[-83.6826344547578,42.8123569420894],[-83.6826344180115,42.8123569431371],[-83.6826344053779,42.8123566627179],[-83.6826343912191,42.8123563579447]]]]},"properties":{"Facility":"Seven Lakes State Park","District":"Metro Detroit","Acres":1481.42059504}}]}