{"type":"FeatureCollection","features":[{"type":"Feature","id":43147,"geometry":{"type":"Point","coordinates":[-83.34844099959264,43.03522999991579]},"properties":{"OBJECTID":43147,"NCESSCH":"260000107838","LEAID":"2600001","NAME":"Thumb Correctional Facility","OPSTFIPS":"26","STREET":"3225 JOHN CONLEY DR","CITY":"LAPEER","STATE":"MI","ZIP":"48446","STFIP":"26","CNTY":"26087","NMCNTY":"Lapeer County","LOCALE":"31","LAT":43.03523,"LON":-83.348441,"CBSA":"19820","NMCBSA":"Detroit-Warren-Dearborn, MI","CBSATYPE":"1","CSA":"220","NMCSA":"Detroit-Warren-Ann Arbor, MI","CD":"2609","SLDL":"26067","SLDU":"26026","SCHOOLYEAR":"2024-2025"}},{"type":"Feature","id":43162,"geometry":{"type":"Point","coordinates":[-82.763390999589,42.72321599928237]},"properties":{"OBJECTID":43162,"NCESSCH":"260000107923","LEAID":"2600001","NAME":"Macomb Correctional Facility","OPSTFIPS":"26","STREET":"34625 26 MILE RD","CITY":"LENOX","STATE":"MI","ZIP":"48048","STFIP":"26","CNTY":"26099","NMCNTY":"Macomb County","LOCALE":"41","LAT":42.723216,"LON":-82.763391,"CBSA":"19820","NMCBSA":"Detroit-Warren-Dearborn, MI","CBSATYPE":"1","CSA":"220","NMCSA":"Detroit-Warren-Ann Arbor, MI","CD":"2609","SLDL":"26065","SLDU":"26025","SCHOOLYEAR":"2024-2025"}},{"type":"Feature","id":43165,"geometry":{"type":"Point","coordinates":[-84.00749599927637,41.88715800079866]},"properties":{"OBJECTID":43165,"NCESSCH":"260000107931","LEAID":"2600001","NAME":"Gus Harrison Correctional Facility","OPSTFIPS":"26","STREET":"2727 E BEECHER ST","CITY":"ADRIAN","STATE":"MI","ZIP":"49221","STFIP":"26","CNTY":"26091","NMCNTY":"Lenawee County","LOCALE":"32","LAT":41.887158,"LON":-84.007496,"CBSA":"10300","NMCBSA":"Adrian, MI","CBSATYPE":"2","CSA":"220","NMCSA":"Detroit-Warren-Ann Arbor, MI","CD":"2605","SLDL":"26034","SLDU":"26016","SCHOOLYEAR":"2024-2025"}},{"type":"Feature","id":43169,"geometry":{"type":"Point","coordinates":[-83.69073799995358,42.17416300072948]},"properties":{"OBJECTID":43169,"NCESSCH":"260000107954","LEAID":"2600001","NAME":"Huron Valley Womens","OPSTFIPS":"26","STREET":"3511 BEMIS RD","CITY":"YPSILANTI","STATE":"MI","ZIP":"48197","STFIP":"26","CNTY":"26161","NMCNTY":"Washtenaw County","LOCALE":"21","LAT":42.174163,"LON":-83.690738,"CBSA":"11460","NMCBSA":"Ann Arbor, MI","CBSATYPE":"1","CSA":"220","NMCSA":"Detroit-Warren-Ann Arbor, MI","CD":"2606","SLDL":"26032","SLDU":"26015","SCHOOLYEAR":"2024-2025"}},{"type":"Feature","id":43204,"geometry":{"type":"Point","coordinates":[-83.37845900012668,42.269214000327835]},"properties":{"OBJECTID":43204,"NCESSCH":"260001500767","LEAID":"2600015","NAME":"WayneWestland Innovative Academy","OPSTFIPS":"26","STREET":"5400 4TH ST","CITY":"WAYNE","STATE":"MI","ZIP":"48184","STFIP":"26","CNTY":"26163","NMCNTY":"Wayne County","LOCALE":"21","LAT":42.269214,"LON":-83.378459,"CBSA":"19820","NMCBSA":"Detroit-Warren-Dearborn, MI","CBSATYPE":"1","CSA":"220","NMCSA":"Detroit-Warren-Ann Arbor, MI","CD":"2613","SLDL":"26025","SLDU":"26004","SCHOOLYEAR":"2024-2025"}},{"type":"Feature","id":43205,"geometry":{"type":"Point","coordinates":[-83.36930000056869,42.29380000013608]},"properties":{"OBJECTID":43205,"NCESSCH":"260001503879","LEAID":"2600015","NAME":"Adams Middle School","OPSTFIPS":"26","STREET":"33475 PALMER RD","CITY":"WESTLAND","STATE":"MI","ZIP":"48186","STFIP":"26","CNTY":"26163","NMCNTY":"Wayne County","LOCALE":"21","LAT":42.2938,"LON":-83.3693,"CBSA":"19820","NMCBSA":"Detroit-Warren-Dearborn, MI","CBSATYPE":"1","CSA":"220","NMCSA":"Detroit-Warren-Ann Arbor, MI","CD":"2612","SLDL":"26026","SLDU":"26005","SCHOOLYEAR":"2024-2025"}},{"type":"Feature","id":43206,"geometry":{"type":"Point","coordinates":[-83.40099999984332,42.288999999688095]},"properties":{"OBJECTID":43206,"NCESSCH":"260001503880","LEAID":"2600015","NAME":"Albert Schweitzer Elementary School","OPSTFIPS":"26","STREET":"2601 TREADWELL ST","CITY":"WESTLAND","STATE":"MI","ZIP":"48186","STFIP":"26","CNTY":"26163","NMCNTY":"Wayne County","LOCALE":"21","LAT":42.289,"LON":-83.401,"CBSA":"19820","NMCBSA":"Detroit-Warren-Dearborn, MI","CBSATYPE":"1","CSA":"220","NMCSA":"Detroit-Warren-Ann Arbor, MI","CD":"2612","SLDL":"26025","SLDU":"26005","SCHOOLYEAR":"2024-2025"}},{"type":"Feature","id":43207,"geometry":{"type":"Point","coordinates":[-83.37059999975448,42.3024000005902]},"properties":{"OBJECTID":43207,"NCESSCH":"260001503881","LEAID":"2600015","NAME":"Alexander Hamilton Elementary School","OPSTFIPS":"26","STREET":"1031 S SCHUMAN ST","CITY":"WESTLAND","STATE":"MI","ZIP":"48186","STFIP":"26","CNTY":"26163","NMCNTY":"Wayne County","LOCALE":"21","LAT":42.3024,"LON":-83.3706,"CBSA":"19820","NMCBSA":"Detroit-Warren-Dearborn, MI","CBSATYPE":"1","CSA":"220","NMCSA":"Detroit-Warren-Ann Arbor, MI","CD":"2612","SLDL":"26026","SLDU":"26005","SCHOOLYEAR":"2024-2025"}},{"type":"Feature","id":43208,"geometry":{"type":"Point","coordinates":[-83.36940000077007,42.27379999959551]},"properties":{"OBJECTID":43208,"NCESSCH":"260001503882","LEAID":"2600015","NAME":"Benjamin Franklin Middle School","OPSTFIPS":"26","STREET":"33555 ANNAPOLIS ST","CITY":"WAYNE","STATE":"MI","ZIP":"48184","STFIP":"26","CNTY":"26163","NMCNTY":"Wayne County","LOCALE":"21","LAT":42.2738,"LON":-83.3694,"CBSA":"19820","NMCBSA":"Detroit-Warren-Dearborn, MI","CBSATYPE":"1","CSA":"220","NMCSA":"Detroit-Warren-Ann Arbor, MI","CD":"2613","SLDL":"26025","SLDU":"26004","SCHOOLYEAR":"2024-2025"}},{"type":"Feature","id":43209,"geometry":{"type":"Point","coordinates":[-83.31830000048967,42.31079999971207]},"properties":{"OBJECTID":43209,"NCESSCH":"260001503885","LEAID":"2600015","NAME":"David Hicks School","OPSTFIPS":"26","STREET":"100 HELEN ST","CITY":"INKSTER","STATE":"MI","ZIP":"48141","STFIP":"26","CNTY":"26163","NMCNTY":"Wayne County","LOCALE":"21","LAT":42.3108,"LON":-83.3183,"CBSA":"19820","NMCBSA":"Detroit-Warren-Dearborn, MI","CBSATYPE":"1","CSA":"220","NMCSA":"Detroit-Warren-Ann Arbor, MI","CD":"2612","SLDL":"26026","SLDU":"26005","SCHOOLYEAR":"2024-2025"}},{"type":"Feature","id":43210,"geometry":{"type":"Point","coordinates":[-83.3449999997609,42.300800000598755]},"properties":{"OBJECTID":43210,"NCESSCH":"260001503886","LEAID":"2600015","NAME":"Eugene B Elliott Elem School","OPSTFIPS":"26","STREET":"30800 BENNINGTON ST","CITY":"WESTLAND","STATE":"MI","ZIP":"48186","STFIP":"26","CNTY":"26163","NMCNTY":"Wayne County","LOCALE":"21","LAT":42.3008,"LON":-83.345,"CBSA":"19820","NMCBSA":"Detroit-Warren-Dearborn, MI","CBSATYPE":"1","CSA":"220","NMCSA":"Detroit-Warren-Ann Arbor, MI","CD":"2612","SLDL":"26026","SLDU":"26005","SCHOOLYEAR":"2024-2025"}},{"type":"Feature","id":43211,"geometry":{"type":"Point","coordinates":[-83.39639999991735,42.31609999970739]},"properties":{"OBJECTID":43211,"NCESSCH":"260001503890","LEAID":"2600015","NAME":"John Glenn High School","OPSTFIPS":"26","STREET":"36105 MARQUETTE ST","CITY":"WESTLAND","STATE":"MI","ZIP":"48185","STFIP":"26","CNTY":"26163","NMCNTY":"Wayne County","LOCALE":"21","LAT":42.3161,"LON":-83.3964,"CBSA":"19820","NMCBSA":"Detroit-Warren-Dearborn, MI","CBSATYPE":"1","CSA":"220","NMCSA":"Detroit-Warren-Ann Arbor, MI","CD":"2612","SLDL":"26025","SLDU":"26005","SCHOOLYEAR":"2024-2025"}},{"type":"Feature","id":43212,"geometry":{"type":"Point","coordinates":[-83.39379999976154,42.26849999942788]},"properties":{"OBJECTID":43212,"NCESSCH":"260001503896","LEAID":"2600015","NAME":"RooseveltMcGrath Elem School","OPSTFIPS":"26","STREET":"36075 CURRIER ST","CITY":"WAYNE","STATE":"MI","ZIP":"48184","STFIP":"26","CNTY":"26163","NMCNTY":"Wayne County","LOCALE":"21","LAT":42.2685,"LON":-83.3938,"CBSA":"19820","NMCBSA":"Detroit-Warren-Dearborn, MI","CBSATYPE":"1","CSA":"220","NMCSA":"Detroit-Warren-Ann Arbor, MI","CD":"2613","SLDL":"26025","SLDU":"26004","SCHOOLYEAR":"2024-2025"}},{"type":"Feature","id":43213,"geometry":{"type":"Point","coordinates":[-83.35220000092863,42.27849999929355]},"properties":{"OBJECTID":43213,"NCESSCH":"260001503899","LEAID":"2600015","NAME":"TaftGalloway Elementary School","OPSTFIPS":"26","STREET":"4035 GLORIA ST","CITY":"WAYNE","STATE":"MI","ZIP":"48184","STFIP":"26","CNTY":"26163","NMCNTY":"Wayne County","LOCALE":"21","LAT":42.2785,"LON":-83.3522,"CBSA":"19820","NMCBSA":"Detroit-Warren-Dearborn, MI","CBSATYPE":"1","CSA":"220","NMCSA":"Detroit-Warren-Ann Arbor, MI","CD":"2613","SLDL":"26025","SLDU":"26004","SCHOOLYEAR":"2024-2025"}},{"type":"Feature","id":43214,"geometry":{"type":"Point","coordinates":[-83.38090000055172,42.33120000015643]},"properties":{"OBJECTID":43214,"NCESSCH":"260001503900","LEAID":"2600015","NAME":"Thomas A Edison Elem School","OPSTFIPS":"26","STREET":"34505 HUNTER AVE","CITY":"WESTLAND","STATE":"MI","ZIP":"48185","STFIP":"26","CNTY":"26163","NMCNTY":"Wayne County","LOCALE":"21","LAT":42.3312,"LON":-83.3809,"CBSA":"19820","NMCBSA":"Detroit-Warren-Dearborn, MI","CBSATYPE":"1","CSA":"220","NMCSA":"Detroit-Warren-Ann Arbor, MI","CD":"2612","SLDL":"26025","SLDU":"26005","SCHOOLYEAR":"2024-2025"}},{"type":"Feature","id":43215,"geometry":{"type":"Point","coordinates":[-83.4321999996319,42.280600000628255]},"properties":{"OBJECTID":43215,"NCESSCH":"260001503902","LEAID":"2600015","NAME":"WalkerWinter Elementary School","OPSTFIPS":"26","STREET":"39932 MICHIGAN AVE","CITY":"CANTON","STATE":"MI","ZIP":"48188","STFIP":"26","CNTY":"26163","NMCNTY":"Wayne County","LOCALE":"21","LAT":42.2806,"LON":-83.4322,"CBSA":"19820","NMCBSA":"Detroit-Warren-Dearborn, MI","CBSATYPE":"1","CSA":"220","NMCSA":"Detroit-Warren-Ann Arbor, MI","CD":"2606","SLDL":"26025","SLDU":"26005","SCHOOLYEAR":"2024-2025"}},{"type":"Feature","id":43216,"geometry":{"type":"Point","coordinates":[-83.37560000084056,42.28659999954572]},"properties":{"OBJECTID":43216,"NCESSCH":"260001503903","LEAID":"2600015","NAME":"Wayne Memorial High School","OPSTFIPS":"26","STREET":"3001 4TH ST","CITY":"WAYNE","STATE":"MI","ZIP":"48184","STFIP":"26","CNTY":"26163","NMCNTY":"Wayne County","LOCALE":"21","LAT":42.2866,"LON":-83.3756,"CBSA":"19820","NMCBSA":"Detroit-Warren-Dearborn, MI","CBSATYPE":"1","CSA":"220","NMCSA":"Detroit-Warren-Ann Arbor, MI","CD":"2613","SLDL":"26025","SLDU":"26004","SCHOOLYEAR":"2024-2025"}},{"type":"Feature","id":43217,"geometry":{"type":"Point","coordinates":[-83.41809999954044,42.294000000707896]},"properties":{"OBJECTID":43217,"NCESSCH":"260001503905","LEAID":"2600015","NAME":"Adlai Stevenson Middle School","OPSTFIPS":"26","STREET":"38501 PALMER RD","CITY":"WESTLAND","STATE":"MI","ZIP":"48186","STFIP":"26","CNTY":"26163","NMCNTY":"Wayne County","LOCALE":"21","LAT":42.294,"LON":-83.4181,"CBSA":"19820","NMCBSA":"Detroit-Warren-Dearborn, MI","CBSATYPE":"1","CSA":"220","NMCSA":"Detroit-Warren-Ann Arbor, MI","CD":"2612","SLDL":"26025","SLDU":"26005","SCHOOLYEAR":"2024-2025"}},{"type":"Feature","id":43218,"geometry":{"type":"Point","coordinates":[-83.37769999983759,42.3122999999807]},"properties":{"OBJECTID":43218,"NCESSCH":"260001503907","LEAID":"2600015","NAME":"Wildwood Elementary School","OPSTFIPS":"26","STREET":"500 N WILDWOOD ST","CITY":"WESTLAND","STATE":"MI","ZIP":"48185","STFIP":"26","CNTY":"26163","NMCNTY":"Wayne County","LOCALE":"21","LAT":42.3123,"LON":-83.3777,"CBSA":"19820","NMCBSA":"Detroit-Warren-Dearborn, MI","CBSATYPE":"1","CSA":"220","NMCSA":"Detroit-Warren-Ann Arbor, MI","CD":"2612","SLDL":"26025","SLDU":"26005","SCHOOLYEAR":"2024-2025"}},{"type":"Feature","id":43219,"geometry":{"type":"Point","coordinates":[-83.42160000009855,42.299300000467234]},"properties":{"OBJECTID":43219,"NCESSCH":"260001503908","LEAID":"2600015","NAME":"PD Graham Elementary School","OPSTFIPS":"26","STREET":"1255 S JOHN HIX ST","CITY":"WESTLAND","STATE":"MI","ZIP":"48186","STFIP":"26","CNTY":"26163","NMCNTY":"Wayne County","LOCALE":"21","LAT":42.2993,"LON":-83.4216,"CBSA":"19820","NMCBSA":"Detroit-Warren-Dearborn, MI","CBSATYPE":"1","CSA":"220","NMCSA":"Detroit-Warren-Ann Arbor, MI","CD":"2612","SLDL":"26025","SLDU":"26005","SCHOOLYEAR":"2024-2025"}},{"type":"Feature","id":43220,"geometry":{"type":"Point","coordinates":[-83.29339999985949,42.32179999991072]},"properties":{"OBJECTID":43220,"NCESSCH":"260001603912","LEAID":"2600016","NAME":"Crestwood High School","OPSTFIPS":"26","STREET":"1501 N BEECH DALY RD","CITY":"DEARBORN HEIGHTS","STATE":"MI","ZIP":"48127","STFIP":"26","CNTY":"26163","NMCNTY":"Wayne County","LOCALE":"21","LAT":42.3218,"LON":-83.2934,"CBSA":"19820","NMCBSA":"Detroit-Warren-Dearborn, MI","CBSATYPE":"1","CSA":"220","NMCSA":"Detroit-Warren-Ann Arbor, MI","CD":"2612","SLDL":"26015","SLDU":"26002","SCHOOLYEAR":"2024-2025"}},{"type":"Feature","id":43221,"geometry":{"type":"Point","coordinates":[-83.27679999990875,42.34519999988115]},"properties":{"OBJECTID":43221,"NCESSCH":"260001603913","LEAID":"2600016","NAME":"Hillcrest Elementary School","OPSTFIPS":"26","STREET":"7500 N VERNON ST","CITY":"DEARBORN HEIGHTS","STATE":"MI","ZIP":"48127","STFIP":"26","CNTY":"26163","NMCNTY":"Wayne County","LOCALE":"21","LAT":42.3452,"LON":-83.2768,"CBSA":"19820","NMCBSA":"Detroit-Warren-Dearborn, MI","CBSATYPE":"1","CSA":"220","NMCSA":"Detroit-Warren-Ann Arbor, MI","CD":"2612","SLDL":"26015","SLDU":"26002","SCHOOLYEAR":"2024-2025"}},{"type":"Feature","id":43222,"geometry":{"type":"Point","coordinates":[-83.29750000002558,42.32079999952738]},"properties":{"OBJECTID":43222,"NCESSCH":"260001603914","LEAID":"2600016","NAME":"Kinloch Elementary School","OPSTFIPS":"26","STREET":"1505 KINLOCH ST","CITY":"DEARBORN HEIGHTS","STATE":"MI","ZIP":"48127","STFIP":"26","CNTY":"26163","NMCNTY":"Wayne County","LOCALE":"21","LAT":42.3208,"LON":-83.2975,"CBSA":"19820","NMCBSA":"Detroit-Warren-Dearborn, MI","CBSATYPE":"1","CSA":"220","NMCSA":"Detroit-Warren-Ann Arbor, MI","CD":"2612","SLDL":"26015","SLDU":"26002","SCHOOLYEAR":"2024-2025"}},{"type":"Feature","id":43223,"geometry":{"type":"Point","coordinates":[-83.29379999983135,42.341999999459105]},"properties":{"OBJECTID":43223,"NCESSCH":"260001603915","LEAID":"2600016","NAME":"Riverside Middle School","OPSTFIPS":"26","STREET":"25900 W WARREN ST","CITY":"DEARBORN HEIGHTS","STATE":"MI","ZIP":"48127","STFIP":"26","CNTY":"26163","NMCNTY":"Wayne County","LOCALE":"21","LAT":42.342,"LON":-83.2938,"CBSA":"19820","NMCBSA":"Detroit-Warren-Dearborn, MI","CBSATYPE":"1","CSA":"220","NMCSA":"Detroit-Warren-Ann Arbor, MI","CD":"2612","SLDL":"26015","SLDU":"26002","SCHOOLYEAR":"2024-2025"}},{"type":"Feature","id":43224,"geometry":{"type":"Point","coordinates":[-83.2853999998148,42.33720000003468]},"properties":{"OBJECTID":43224,"NCESSCH":"260001607444","LEAID":"2600016","NAME":"Highview Elementary School","OPSTFIPS":"26","STREET":"25225 RICHARDSON ST","CITY":"DEARBORN HEIGHTS","STATE":"MI","ZIP":"48127","STFIP":"26","CNTY":"26163","NMCNTY":"Wayne County","LOCALE":"21","LAT":42.3372,"LON":-83.2854,"CBSA":"19820","NMCBSA":"Detroit-Warren-Dearborn, MI","CBSATYPE":"1","CSA":"220","NMCSA":"Detroit-Warren-Ann Arbor, MI","CD":"2612","SLDL":"26015","SLDU":"26002","SCHOOLYEAR":"2024-2025"}},{"type":"Feature","id":43225,"geometry":{"type":"Point","coordinates":[-83.2772390000441,42.34520699986025]},"properties":{"OBJECTID":43225,"NCESSCH":"260001607978","LEAID":"2600016","NAME":"Crestwood Accelerated Program","OPSTFIPS":"26","STREET":"7500 N VERNON ST","CITY":"DEARBORN HEIGHTS","STATE":"MI","ZIP":"48127","STFIP":"26","CNTY":"26163","NMCNTY":"Wayne County","LOCALE":"21","LAT":42.345207,"LON":-83.277239,"CBSA":"19820","NMCBSA":"Detroit-Warren-Dearborn, MI","CBSATYPE":"1","CSA":"220","NMCSA":"Detroit-Warren-Ann Arbor, MI","CD":"2612","SLDL":"26015","SLDU":"26002","SCHOOLYEAR":"2024-2025"}},{"type":"Feature","id":43239,"geometry":{"type":"Point","coordinates":[-83.66830000077829,42.917199999932905]},"properties":{"OBJECTID":43239,"NCESSCH":"260007600517","LEAID":"2600076","NAME":"Woodland Park Academy","OPSTFIPS":"26","STREET":"2083 E GRAND BLANC RD","CITY":"GRAND BLANC","STATE":"MI","ZIP":"48439","STFIP":"26","CNTY":"26049","NMCNTY":"Genesee County","LOCALE":"21","LAT":42.9172,"LON":-83.6683,"CBSA":"22420","NMCBSA":"Flint, MI","CBSATYPE":"1","CSA":"220","NMCSA":"Detroit-Warren-Ann Arbor, MI","CD":"2608","SLDL":"26072","SLDU":"26027","SCHOOLYEAR":"2024-2025"}},{"type":"Feature","id":43253,"geometry":{"type":"Point","coordinates":[-83.83662000078498,42.457427000139006]},"properties":{"OBJECTID":43253,"NCESSCH":"260009900612","LEAID":"2600099","NAME":"Kensington Woods Schools","OPSTFIPS":"26","STREET":"9501 Pettys Road","CITY":"Lakeland","STATE":"MI","ZIP":"48143","STFIP":"26","CNTY":"26093","NMCNTY":"Livingston County","LOCALE":"22","LAT":42.457427,"LON":-83.83662,"CBSA":"19820","NMCBSA":"Detroit-Warren-Dearborn, MI","CBSATYPE":"1","CSA":"220","NMCSA":"Detroit-Warren-Ann Arbor, MI","CD":"2607","SLDL":"26048","SLDU":"26022","SCHOOLYEAR":"2024-2025"}},{"type":"Feature","id":43254,"geometry":{"type":"Point","coordinates":[-83.75875299922394,42.63038799938803]},"properties":{"OBJECTID":43254,"NCESSCH":"260010000613","LEAID":"2600100","NAME":"Charyl Stockwell Academy","OPSTFIPS":"26","STREET":"9758 E HIGHLAND RD","CITY":"HOWELL","STATE":"MI","ZIP":"48843","STFIP":"26","CNTY":"26093","NMCNTY":"Livingston County","LOCALE":"22","LAT":42.630388,"LON":-83.758753,"CBSA":"19820","NMCBSA":"Detroit-Warren-Dearborn, MI","CBSATYPE":"1","CSA":"220","NMCSA":"Detroit-Warren-Ann Arbor, MI","CD":"2607","SLDL":"26050","SLDU":"26022","SCHOOLYEAR":"2024-2025"}},{"type":"Feature","id":43255,"geometry":{"type":"Point","coordinates":[-83.79512999989893,42.54059700083]},"properties":{"OBJECTID":43255,"NCESSCH":"260010007835","LEAID":"2600100","NAME":"Charyl Stockwell Academy High School","OPSTFIPS":"26","STREET":"1032 KARL GREIMEL DR","CITY":"BRIGHTON","STATE":"MI","ZIP":"48116","STFIP":"26","CNTY":"26093","NMCNTY":"Livingston County","LOCALE":"22","LAT":42.540597,"LON":-83.79513,"CBSA":"19820","NMCBSA":"Detroit-Warren-Dearborn, MI","CBSATYPE":"1","CSA":"220","NMCSA":"Detroit-Warren-Ann Arbor, MI","CD":"2607","SLDL":"26049","SLDU":"26022","SCHOOLYEAR":"2024-2025"}},{"type":"Feature","id":43256,"geometry":{"type":"Point","coordinates":[-83.7967229994069,42.540813000785796]},"properties":{"OBJECTID":43256,"NCESSCH":"260010009009","LEAID":"2600100","NAME":"Charyl Stockwell Academy Middle School","OPSTFIPS":"26","STREET":"1021 KARL GREIMEL DR","CITY":"BRIGHTON","STATE":"MI","ZIP":"48116","STFIP":"26","CNTY":"26093","NMCNTY":"Livingston County","LOCALE":"22","LAT":42.540813,"LON":-83.796723,"CBSA":"19820","NMCBSA":"Detroit-Warren-Dearborn, MI","CBSATYPE":"1","CSA":"220","NMCSA":"Detroit-Warren-Ann Arbor, MI","CD":"2607","SLDL":"26049","SLDU":"26022","SCHOOLYEAR":"2024-2025"}},{"type":"Feature","id":43257,"geometry":{"type":"Point","coordinates":[-82.95118399980072,42.585044999557574]},"properties":{"OBJECTID":43257,"NCESSCH":"260010100637","LEAID":"2600101","NAME":"Macomb Academy","OPSTFIPS":"26","STREET":"39092 GARFIELD RD","CITY":"CLINTON TOWNSHIP","STATE":"MI","ZIP":"48038","STFIP":"26","CNTY":"26099","NMCNTY":"Macomb County","LOCALE":"21","LAT":42.585045,"LON":-82.951184,"CBSA":"19820","NMCBSA":"Detroit-Warren-Dearborn, MI","CBSATYPE":"1","CSA":"220","NMCSA":"Detroit-Warren-Ann Arbor, MI","CD":"2610","SLDL":"26061","SLDU":"26011","SCHOOLYEAR":"2024-2025"}},{"type":"Feature","id":43260,"geometry":{"type":"Point","coordinates":[-83.2191999993139,42.4551000001731]},"properties":{"OBJECTID":43260,"NCESSCH":"260010600688","LEAID":"2600106","NAME":"AGBU AlexMarie Manoogian School","OPSTFIPS":"26","STREET":"22001 NORTHWESTERN HWY","CITY":"SOUTHFIELD","STATE":"MI","ZIP":"48075","STFIP":"26","CNTY":"26125","NMCNTY":"Oakland County","LOCALE":"13","LAT":42.4551,"LON":-83.2192,"CBSA":"19820","NMCBSA":"Detroit-Warren-Dearborn, MI","CBSATYPE":"1","CSA":"220","NMCSA":"Detroit-Warren-Ann Arbor, MI","CD":"2612","SLDL":"26018","SLDU":"26007","SCHOOLYEAR":"2024-2025"}},{"type":"Feature","id":43266,"geometry":{"type":"Point","coordinates":[-83.7962729992349,42.26163299980115]},"properties":{"OBJECTID":43266,"NCESSCH":"260012100740","LEAID":"2600121","NAME":"Honey Creek Community School","OPSTFIPS":"26","STREET":"1735 S WAGNER RD","CITY":"ANN ARBOR","STATE":"MI","ZIP":"48103","STFIP":"26","CNTY":"26161","NMCNTY":"Washtenaw County","LOCALE":"21","LAT":42.261633,"LON":-83.796273,"CBSA":"11460","NMCBSA":"Ann Arbor, MI","CBSATYPE":"1","CSA":"220","NMCSA":"Detroit-Warren-Ann Arbor, MI","CD":"2606","SLDL":"26033","SLDU":"26014","SCHOOLYEAR":"2024-2025"}},{"type":"Feature","id":43267,"geometry":{"type":"Point","coordinates":[-83.04758799987852,42.360146000039066]},"properties":{"OBJECTID":43267,"NCESSCH":"260012500775","LEAID":"2600125","NAME":"Plymouth Educational Center","OPSTFIPS":"26","STREET":"1460 E FOREST AVE","CITY":"DETROIT","STATE":"MI","ZIP":"48207","STFIP":"26","CNTY":"26163","NMCNTY":"Wayne County","LOCALE":"11","LAT":42.360146,"LON":-83.047588,"CBSA":"19820","NMCBSA":"Detroit-Warren-Dearborn, MI","CBSATYPE":"1","CSA":"220","NMCSA":"Detroit-Warren-Ann Arbor, MI","CD":"2613","SLDL":"26009","SLDU":"26003","SCHOOLYEAR":"2024-2025"}},{"type":"Feature","id":43268,"geometry":{"type":"Point","coordinates":[-83.17141399990864,42.41458199943825]},"properties":{"OBJECTID":43268,"NCESSCH":"260013100781","LEAID":"2600131","NAME":"Martin Luther King Jr Education Center Academy","OPSTFIPS":"26","STREET":"16827 APPOLINE ST","CITY":"DETROIT","STATE":"MI","ZIP":"48235","STFIP":"26","CNTY":"26163","NMCNTY":"Wayne County","LOCALE":"11","LAT":42.414582,"LON":-83.171414,"CBSA":"19820","NMCBSA":"Detroit-Warren-Dearborn, MI","CBSATYPE":"1","CSA":"220","NMCSA":"Detroit-Warren-Ann Arbor, MI","CD":"2612","SLDL":"26008","SLDU":"26008","SCHOOLYEAR":"2024-2025"}},{"type":"Feature","id":43269,"geometry":{"type":"Point","coordinates":[-82.9575979999683,42.456328000546605]},"properties":{"OBJECTID":43269,"NCESSCH":"260013600786","LEAID":"2600136","NAME":"Eaton Academy","OPSTFIPS":"26","STREET":"21450 UNIVERSAL AVE","CITY":"EASTPOINTE","STATE":"MI","ZIP":"48021","STFIP":"26","CNTY":"26099","NMCNTY":"Macomb County","LOCALE":"21","LAT":42.456328,"LON":-82.957598,"CBSA":"19820","NMCBSA":"Detroit-Warren-Dearborn, MI","CBSATYPE":"1","CSA":"220","NMCSA":"Detroit-Warren-Ann Arbor, MI","CD":"2610","SLDL":"26012","SLDU":"26011","SCHOOLYEAR":"2024-2025"}},{"type":"Feature","id":43270,"geometry":{"type":"Point","coordinates":[-83.12935400052976,42.311031000250374]},"properties":{"OBJECTID":43270,"NCESSCH":"260013900789","LEAID":"2600139","NAME":"Cesar Chavez Academy Elementary","OPSTFIPS":"26","STREET":"8126 W VERNOR HWY","CITY":"DETROIT","STATE":"MI","ZIP":"48209","STFIP":"26","CNTY":"26163","NMCNTY":"Wayne County","LOCALE":"11","LAT":42.311031,"LON":-83.129354,"CBSA":"19820","NMCBSA":"Detroit-Warren-Dearborn, MI","CBSATYPE":"1","CSA":"220","NMCSA":"Detroit-Warren-Ann Arbor, MI","CD":"2613","SLDL":"26001","SLDU":"26002","SCHOOLYEAR":"2024-2025"}},{"type":"Feature","id":43271,"geometry":{"type":"Point","coordinates":[-83.1151999992257,42.31150000004282]},"properties":{"OBJECTID":43271,"NCESSCH":"260013901033","LEAID":"2600139","NAME":"Cesar Chavez Academy Middle School","OPSTFIPS":"26","STREET":"6782 GOLDSMITH ST","CITY":"DETROIT","STATE":"MI","ZIP":"48209","STFIP":"26","CNTY":"26163","NMCNTY":"Wayne County","LOCALE":"11","LAT":42.3115,"LON":-83.1152,"CBSA":"19820","NMCBSA":"Detroit-Warren-Dearborn, MI","CBSATYPE":"1","CSA":"220","NMCSA":"Detroit-Warren-Ann Arbor, MI","CD":"2613","SLDL":"26001","SLDU":"26001","SCHOOLYEAR":"2024-2025"}},{"type":"Feature","id":43272,"geometry":{"type":"Point","coordinates":[-83.11430000000391,42.312099999194125]},"properties":{"OBJECTID":43272,"NCESSCH":"260013901488","LEAID":"2600139","NAME":"Cesar Chavez Academy High School","OPSTFIPS":"26","STREET":"1761 WATERMAN ST","CITY":"DETROIT","STATE":"MI","ZIP":"48209","STFIP":"26","CNTY":"26163","NMCNTY":"Wayne County","LOCALE":"11","LAT":42.3121,"LON":-83.1143,"CBSA":"19820","NMCBSA":"Detroit-Warren-Dearborn, MI","CBSATYPE":"1","CSA":"220","NMCSA":"Detroit-Warren-Ann Arbor, MI","CD":"2613","SLDL":"26001","SLDU":"26001","SCHOOLYEAR":"2024-2025"}},{"type":"Feature","id":43273,"geometry":{"type":"Point","coordinates":[-83.12519999989,42.329000000638764]},"properties":{"OBJECTID":43273,"NCESSCH":"260013908078","LEAID":"2600139","NAME":"Cesar Chavez Academy Intermediate","OPSTFIPS":"26","STREET":"4100 MARTIN ST","CITY":"DETROIT","STATE":"MI","ZIP":"48210","STFIP":"26","CNTY":"26163","NMCNTY":"Wayne County","LOCALE":"11","LAT":42.329,"LON":-83.1252,"CBSA":"19820","NMCBSA":"Detroit-Warren-Dearborn, MI","CBSATYPE":"1","CSA":"220","NMCSA":"Detroit-Warren-Ann Arbor, MI","CD":"2613","SLDL":"26001","SLDU":"26001","SCHOOLYEAR":"2024-2025"}},{"type":"Feature","id":43274,"geometry":{"type":"Point","coordinates":[-83.05579999953589,42.41639999957095]},"properties":{"OBJECTID":43274,"NCESSCH":"260014001192","LEAID":"2600140","NAME":"Commonwealth Community Development Academy","OPSTFIPS":"26","STREET":"13477 EUREKA ST","CITY":"HAMTRAMCK","STATE":"MI","ZIP":"48212","STFIP":"26","CNTY":"26163","NMCNTY":"Wayne County","LOCALE":"11","LAT":42.4164,"LON":-83.0558,"CBSA":"19820","NMCBSA":"Detroit-Warren-Dearborn, MI","CBSATYPE":"1","CSA":"220","NMCSA":"Detroit-Warren-Ann Arbor, MI","CD":"2613","SLDL":"26007","SLDU":"26003","SCHOOLYEAR":"2024-2025"}},{"type":"Feature","id":43282,"geometry":{"type":"Point","coordinates":[-83.3385999997419,43.04760000056512]},"properties":{"OBJECTID":43282,"NCESSCH":"260015100915","LEAID":"2600151","NAME":"Chatfield School","OPSTFIPS":"26","STREET":"231 LAKE DR","CITY":"LAPEER","STATE":"MI","ZIP":"48446","STFIP":"26","CNTY":"26087","NMCNTY":"Lapeer County","LOCALE":"31","LAT":43.0476,"LON":-83.3386,"CBSA":"19820","NMCBSA":"Detroit-Warren-Dearborn, MI","CBSATYPE":"1","CSA":"220","NMCSA":"Detroit-Warren-Ann Arbor, MI","CD":"2609","SLDL":"26067","SLDU":"26026","SCHOOLYEAR":"2024-2025"}},{"type":"Feature","id":43285,"geometry":{"type":"Point","coordinates":[-83.29829000021891,42.64484800049624]},"properties":{"OBJECTID":43285,"NCESSCH":"260015600970","LEAID":"2600156","NAME":"Pontiac Academy for Excellence","OPSTFIPS":"26","STREET":"196 CESAR E CHAVEZ AVE","CITY":"PONTIAC","STATE":"MI","ZIP":"48342","STFIP":"26","CNTY":"26125","NMCNTY":"Oakland County","LOCALE":"13","LAT":42.644848,"LON":-83.29829,"CBSA":"19820","NMCBSA":"Detroit-Warren-Dearborn, MI","CBSATYPE":"1","CSA":"220","NMCSA":"Detroit-Warren-Ann Arbor, MI","CD":"2611","SLDL":"26053","SLDU":"26007","SCHOOLYEAR":"2024-2025"}},{"type":"Feature","id":43286,"geometry":{"type":"Point","coordinates":[-83.28739999966132,42.63189999978193]},"properties":{"OBJECTID":43286,"NCESSCH":"260015700971","LEAID":"2600157","NAME":"Great Lakes Academy","OPSTFIPS":"26","STREET":"46312 WOODWARD AVE","CITY":"PONTIAC","STATE":"MI","ZIP":"48342","STFIP":"26","CNTY":"26125","NMCNTY":"Oakland County","LOCALE":"13","LAT":42.6319,"LON":-83.2874,"CBSA":"19820","NMCBSA":"Detroit-Warren-Dearborn, MI","CBSATYPE":"1","CSA":"220","NMCSA":"Detroit-Warren-Ann Arbor, MI","CD":"2611","SLDL":"26053","SLDU":"26007","SCHOOLYEAR":"2024-2025"}},{"type":"Feature","id":43289,"geometry":{"type":"Point","coordinates":[-83.73181400051791,42.2504950001217]},"properties":{"OBJECTID":43289,"NCESSCH":"260016301004","LEAID":"2600163","NAME":"Central Academy","OPSTFIPS":"26","STREET":"2459 S INDUSTRIAL HWY","CITY":"ANN ARBOR","STATE":"MI","ZIP":"48104","STFIP":"26","CNTY":"26161","NMCNTY":"Washtenaw County","LOCALE":"12","LAT":42.250495,"LON":-83.731814,"CBSA":"11460","NMCBSA":"Ann Arbor, MI","CBSATYPE":"1","CSA":"220","NMCSA":"Detroit-Warren-Ann Arbor, MI","CD":"2606","SLDL":"26033","SLDU":"26015","SCHOOLYEAR":"2024-2025"}},{"type":"Feature","id":43290,"geometry":{"type":"Point","coordinates":[-83.66569999960174,42.26447699995042]},"properties":{"OBJECTID":43290,"NCESSCH":"260016401005","LEAID":"2600164","NAME":"Washtenaw Technical Middle College","OPSTFIPS":"26","STREET":"4800 E HURON RIVER DR","CITY":"ANN ARBOR","STATE":"MI","ZIP":"48105","STFIP":"26","CNTY":"26161","NMCNTY":"Washtenaw County","LOCALE":"21","LAT":42.264477,"LON":-83.6657,"CBSA":"11460","NMCBSA":"Ann Arbor, MI","CBSATYPE":"1","CSA":"220","NMCSA":"Detroit-Warren-Ann Arbor, MI","CD":"2606","SLDL":"26023","SLDU":"26015","SCHOOLYEAR":"2024-2025"}},{"type":"Feature","id":43291,"geometry":{"type":"Point","coordinates":[-83.1966999998878,42.27459999942274]},"properties":{"OBJECTID":43291,"NCESSCH":"260016601035","LEAID":"2600166","NAME":"Academy for Business and Technology High School","OPSTFIPS":"26","STREET":"19625 WOOD ST","CITY":"MELVINDALE","STATE":"MI","ZIP":"48122","STFIP":"26","CNTY":"26163","NMCNTY":"Wayne County","LOCALE":"21","LAT":42.2746,"LON":-83.1967,"CBSA":"19820","NMCBSA":"Detroit-Warren-Dearborn, MI","CBSATYPE":"1","CSA":"220","NMCSA":"Detroit-Warren-Ann Arbor, MI","CD":"2613","SLDL":"26002","SLDU":"26001","SCHOOLYEAR":"2024-2025"}},{"type":"Feature","id":43292,"geometry":{"type":"Point","coordinates":[-83.1750999999581,42.326199999639144]},"properties":{"OBJECTID":43292,"NCESSCH":"260016601667","LEAID":"2600166","NAME":"Academy for Business and Technology Elementary","OPSTFIPS":"26","STREET":"5277 CALHOUN ST","CITY":"DEARBORN","STATE":"MI","ZIP":"48126","STFIP":"26","CNTY":"26163","NMCNTY":"Wayne County","LOCALE":"12","LAT":42.3262,"LON":-83.1751,"CBSA":"19820","NMCBSA":"Detroit-Warren-Dearborn, MI","CBSATYPE":"1","CSA":"220","NMCSA":"Detroit-Warren-Ann Arbor, MI","CD":"2612","SLDL":"26003","SLDU":"26002","SCHOOLYEAR":"2024-2025"}},{"type":"Feature","id":43293,"geometry":{"type":"Point","coordinates":[-82.94299500044852,42.44511600029788]},"properties":{"OBJECTID":43293,"NCESSCH":"260016801037","LEAID":"2600168","NAME":"Chandler Park Academy  Middle School","OPSTFIPS":"26","STREET":"20100 KELLY RD","CITY":"HARPER WOODS","STATE":"MI","ZIP":"48225","STFIP":"26","CNTY":"26163","NMCNTY":"Wayne County","LOCALE":"21","LAT":42.445116,"LON":-82.942995,"CBSA":"19820","NMCBSA":"Detroit-Warren-Dearborn, MI","CBSATYPE":"1","CSA":"220","NMCSA":"Detroit-Warren-Ann Arbor, MI","CD":"2613","SLDL":"26010","SLDU":"26012","SCHOOLYEAR":"2024-2025"}},{"type":"Feature","id":43294,"geometry":{"type":"Point","coordinates":[-82.94339999966304,42.4460999994514]},"properties":{"OBJECTID":43294,"NCESSCH":"260016801441","LEAID":"2600168","NAME":"Chandler Park Academy  Elementary","OPSTFIPS":"26","STREET":"20200 KELLY RD","CITY":"HARPER WOODS","STATE":"MI","ZIP":"48225","STFIP":"26","CNTY":"26163","NMCNTY":"Wayne County","LOCALE":"21","LAT":42.4461,"LON":-82.9434,"CBSA":"19820","NMCBSA":"Detroit-Warren-Dearborn, MI","CBSATYPE":"1","CSA":"220","NMCSA":"Detroit-Warren-Ann Arbor, MI","CD":"2613","SLDL":"26010","SLDU":"26012","SCHOOLYEAR":"2024-2025"}},{"type":"Feature","id":43295,"geometry":{"type":"Point","coordinates":[-82.94117999998296,42.4461369995691]},"properties":{"OBJECTID":43295,"NCESSCH":"260016807800","LEAID":"2600168","NAME":"Chandler Park Academy  High School","OPSTFIPS":"26","STREET":"20254 KELLY RD","CITY":"HARPER WOODS","STATE":"MI","ZIP":"48225","STFIP":"26","CNTY":"26163","NMCNTY":"Wayne County","LOCALE":"21","LAT":42.446137,"LON":-82.94118,"CBSA":"19820","NMCBSA":"Detroit-Warren-Dearborn, MI","CBSATYPE":"1","CSA":"220","NMCSA":"Detroit-Warren-Ann Arbor, MI","CD":"2613","SLDL":"26010","SLDU":"26012","SCHOOLYEAR":"2024-2025"}},{"type":"Feature","id":43296,"geometry":{"type":"Point","coordinates":[-83.24744000011484,42.380304999559144]},"properties":{"OBJECTID":43296,"NCESSCH":"260017001039","LEAID":"2600170","NAME":"Detroit Community Schools  High School","OPSTFIPS":"26","STREET":"12675 BURT RD","CITY":"DETROIT","STATE":"MI","ZIP":"48223","STFIP":"26","CNTY":"26163","NMCNTY":"Wayne County","LOCALE":"11","LAT":42.380305,"LON":-83.24744,"CBSA":"19820","NMCBSA":"Detroit-Warren-Dearborn, MI","CBSATYPE":"1","CSA":"220","NMCSA":"Detroit-Warren-Ann Arbor, MI","CD":"2612","SLDL":"26016","SLDU":"26002","SCHOOLYEAR":"2024-2025"}},{"type":"Feature","id":43297,"geometry":{"type":"Point","coordinates":[-83.24744000011484,42.380304999559144]},"properties":{"OBJECTID":43297,"NCESSCH":"260017001934","LEAID":"2600170","NAME":"Detroit Community Schools  Elementary","OPSTFIPS":"26","STREET":"12675 BURT RD","CITY":"DETROIT","STATE":"MI","ZIP":"48223","STFIP":"26","CNTY":"26163","NMCNTY":"Wayne County","LOCALE":"11","LAT":42.380305,"LON":-83.24744,"CBSA":"19820","NMCBSA":"Detroit-Warren-Dearborn, MI","CBSATYPE":"1","CSA":"220","NMCSA":"Detroit-Warren-Ann Arbor, MI","CD":"2612","SLDL":"26016","SLDU":"26002","SCHOOLYEAR":"2024-2025"}},{"type":"Feature","id":43298,"geometry":{"type":"Point","coordinates":[-83.23462500011998,42.30309499956149]},"properties":{"OBJECTID":43298,"NCESSCH":"260017101040","LEAID":"2600171","NAME":"Henry Ford Academy","OPSTFIPS":"26","STREET":"20900 OAKWOOD BLVD","CITY":"DEARBORN","STATE":"MI","ZIP":"48124","STFIP":"26","CNTY":"26163","NMCNTY":"Wayne County","LOCALE":"12","LAT":42.303095,"LON":-83.234625,"CBSA":"19820","NMCBSA":"Detroit-Warren-Dearborn, MI","CBSATYPE":"1","CSA":"220","NMCSA":"Detroit-Warren-Ann Arbor, MI","CD":"2612","SLDL":"26003","SLDU":"26002","SCHOOLYEAR":"2024-2025"}},{"type":"Feature","id":43299,"geometry":{"type":"Point","coordinates":[-83.22829799972702,42.33100999981586]},"properties":{"OBJECTID":43299,"NCESSCH":"260017301042","LEAID":"2600173","NAME":"The Dearborn Academy","OPSTFIPS":"26","STREET":"19310 FORD RD","CITY":"DEARBORN","STATE":"MI","ZIP":"48128","STFIP":"26","CNTY":"26163","NMCNTY":"Wayne County","LOCALE":"12","LAT":42.33101,"LON":-83.228298,"CBSA":"19820","NMCBSA":"Detroit-Warren-Dearborn, MI","CBSATYPE":"1","CSA":"220","NMCSA":"Detroit-Warren-Ann Arbor, MI","CD":"2612","SLDL":"26003","SLDU":"26002","SCHOOLYEAR":"2024-2025"}},{"type":"Feature","id":43300,"geometry":{"type":"Point","coordinates":[-83.01840000012764,42.340600000040915]},"properties":{"OBJECTID":43300,"NCESSCH":"260017401043","LEAID":"2600174","NAME":"Detroit Academy of Arts and Sciences","OPSTFIPS":"26","STREET":"2985 E JEFFERSON AVE","CITY":"DETROIT","STATE":"MI","ZIP":"48207","STFIP":"26","CNTY":"26163","NMCNTY":"Wayne County","LOCALE":"11","LAT":42.3406,"LON":-83.0184,"CBSA":"19820","NMCBSA":"Detroit-Warren-Dearborn, MI","CBSATYPE":"1","CSA":"220","NMCSA":"Detroit-Warren-Ann Arbor, MI","CD":"2613","SLDL":"26009","SLDU":"26003","SCHOOLYEAR":"2024-2025"}},{"type":"Feature","id":43301,"geometry":{"type":"Point","coordinates":[-83.0182620000727,42.34046200002333]},"properties":{"OBJECTID":43301,"NCESSCH":"260017401442","LEAID":"2600174","NAME":"Detroit Academy of Arts and Sciences Middle School","OPSTFIPS":"26","STREET":"2985 E JEFFERSON AVE","CITY":"DETROIT","STATE":"MI","ZIP":"48207","STFIP":"26","CNTY":"26163","NMCNTY":"Wayne County","LOCALE":"11","LAT":42.340462,"LON":-83.018262,"CBSA":"19820","NMCBSA":"Detroit-Warren-Dearborn, MI","CBSATYPE":"1","CSA":"220","NMCSA":"Detroit-Warren-Ann Arbor, MI","CD":"2613","SLDL":"26009","SLDU":"26003","SCHOOLYEAR":"2024-2025"}},{"type":"Feature","id":43302,"geometry":{"type":"Point","coordinates":[-83.06644700011559,42.4415949994845]},"properties":{"OBJECTID":43302,"NCESSCH":"260017501044","LEAID":"2600175","NAME":"Dove Academy of Detroit","OPSTFIPS":"26","STREET":"20001 WEXFORD ST","CITY":"DETROIT","STATE":"MI","ZIP":"48234","STFIP":"26","CNTY":"26163","NMCNTY":"Wayne County","LOCALE":"11","LAT":42.441595,"LON":-83.066447,"CBSA":"19820","NMCBSA":"Detroit-Warren-Dearborn, MI","CBSATYPE":"1","CSA":"220","NMCSA":"Detroit-Warren-Ann Arbor, MI","CD":"2613","SLDL":"26011","SLDU":"26003","SCHOOLYEAR":"2024-2025"}},{"type":"Feature","id":43303,"geometry":{"type":"Point","coordinates":[-82.98599700082487,42.38085900078651]},"properties":{"OBJECTID":43303,"NCESSCH":"260017801047","LEAID":"2600178","NAME":"Barack Obama Leadership Academy","OPSTFIPS":"26","STREET":"10800 E CANFIELD ST","CITY":"DETROIT","STATE":"MI","ZIP":"48214","STFIP":"26","CNTY":"26163","NMCNTY":"Wayne County","LOCALE":"11","LAT":42.380859,"LON":-82.985997,"CBSA":"19820","NMCBSA":"Detroit-Warren-Dearborn, MI","CBSATYPE":"1","CSA":"220","NMCSA":"Detroit-Warren-Ann Arbor, MI","CD":"2613","SLDL":"26009","SLDU":"26003","SCHOOLYEAR":"2024-2025"}},{"type":"Feature","id":43312,"geometry":{"type":"Point","coordinates":[-83.6080000000081,42.9461000000644]},"properties":{"OBJECTID":43312,"NCESSCH":"260019301102","LEAID":"2600193","NAME":"Grand Blanc Academy","OPSTFIPS":"26","STREET":"5135 E HILL RD","CITY":"GRAND BLANC","STATE":"MI","ZIP":"48439","STFIP":"26","CNTY":"26049","NMCNTY":"Genesee County","LOCALE":"21","LAT":42.9461,"LON":-83.608,"CBSA":"22420","NMCBSA":"Flint, MI","CBSATYPE":"1","CSA":"220","NMCSA":"Detroit-Warren-Ann Arbor, MI","CD":"2608","SLDL":"26072","SLDU":"26027","SCHOOLYEAR":"2024-2025"}},{"type":"Feature","id":43314,"geometry":{"type":"Point","coordinates":[-83.67851500054232,42.996410999110175]},"properties":{"OBJECTID":43314,"NCESSCH":"260019501104","LEAID":"2600195","NAME":"International Academy of Flint K12","OPSTFIPS":"26","STREET":"2820 S SAGINAW ST","CITY":"FLINT","STATE":"MI","ZIP":"48503","STFIP":"26","CNTY":"26049","NMCNTY":"Genesee County","LOCALE":"13","LAT":42.996411,"LON":-83.678515,"CBSA":"22420","NMCBSA":"Flint, MI","CBSATYPE":"1","CSA":"220","NMCSA":"Detroit-Warren-Ann Arbor, MI","CD":"2608","SLDL":"26070","SLDU":"26027","SCHOOLYEAR":"2024-2025"}},{"type":"Feature","id":43322,"geometry":{"type":"Point","coordinates":[-82.94699999998326,42.513999999254004]},"properties":{"OBJECTID":43322,"NCESSCH":"260021001144","LEAID":"2600210","NAME":"Michigan Collegiate Elementary","OPSTFIPS":"26","STREET":"16911 EASTLAND ST","CITY":"ROSEVILLE","STATE":"MI","ZIP":"48066","STFIP":"26","CNTY":"26099","NMCNTY":"Macomb County","LOCALE":"21","LAT":42.514,"LON":-82.947,"CBSA":"19820","NMCBSA":"Detroit-Warren-Dearborn, MI","CBSATYPE":"1","CSA":"220","NMCSA":"Detroit-Warren-Ann Arbor, MI","CD":"2610","SLDL":"26013","SLDU":"26011","SCHOOLYEAR":"2024-2025"}},{"type":"Feature","id":43323,"geometry":{"type":"Point","coordinates":[-83.06668099962347,42.52258499975015]},"properties":{"OBJECTID":43323,"NCESSCH":"260021001494","LEAID":"2600210","NAME":"Michigan Collegiate MiddleHigh School","OPSTFIPS":"26","STREET":"31300 RYAN RD","CITY":"WARREN","STATE":"MI","ZIP":"48092","STFIP":"26","CNTY":"26099","NMCNTY":"Macomb County","LOCALE":"12","LAT":42.522585,"LON":-83.066681,"CBSA":"19820","NMCBSA":"Detroit-Warren-Dearborn, MI","CBSATYPE":"1","CSA":"220","NMCSA":"Detroit-Warren-Ann Arbor, MI","CD":"2610","SLDL":"26058","SLDU":"26010","SCHOOLYEAR":"2024-2025"}},{"type":"Feature","id":43324,"geometry":{"type":"Point","coordinates":[-83.01330000035149,42.56780000039723]},"properties":{"OBJECTID":43324,"NCESSCH":"260021101145","LEAID":"2600211","NAME":"Huron Academy Grades K2","OPSTFIPS":"26","STREET":"11401 METRO PKWY","CITY":"STERLING HTS","STATE":"MI","ZIP":"48312","STFIP":"26","CNTY":"26099","NMCNTY":"Macomb County","LOCALE":"21","LAT":42.5678,"LON":-83.0133,"CBSA":"19820","NMCBSA":"Detroit-Warren-Dearborn, MI","CBSATYPE":"1","CSA":"220","NMCSA":"Detroit-Warren-Ann Arbor, MI","CD":"2610","SLDL":"26058","SLDU":"26010","SCHOOLYEAR":"2024-2025"}},{"type":"Feature","id":43325,"geometry":{"type":"Point","coordinates":[-82.96702200064584,42.562930999868975]},"properties":{"OBJECTID":43325,"NCESSCH":"260021108769","LEAID":"2600211","NAME":"Huron Academy Grades 38","OPSTFIPS":"26","STREET":"36301 UTICA RD","CITY":"CLINTON TOWNSHIP","STATE":"MI","ZIP":"48035","STFIP":"26","CNTY":"26099","NMCNTY":"Macomb County","LOCALE":"21","LAT":42.562931,"LON":-82.967022,"CBSA":"19820","NMCBSA":"Detroit-Warren-Dearborn, MI","CBSATYPE":"1","CSA":"220","NMCSA":"Detroit-Warren-Ann Arbor, MI","CD":"2610","SLDL":"26061","SLDU":"26011","SCHOOLYEAR":"2024-2025"}},{"type":"Feature","id":43326,"geometry":{"type":"Point","coordinates":[-83.62709999944677,41.73009999992542]},"properties":{"OBJECTID":43326,"NCESSCH":"260021301149","LEAID":"2600213","NAME":"New Bedford Academy","OPSTFIPS":"26","STREET":"6315 SECOR RD","CITY":"LAMBERTVILLE","STATE":"MI","ZIP":"48144","STFIP":"26","CNTY":"26115","NMCNTY":"Monroe County","LOCALE":"21","LAT":41.7301,"LON":-83.6271,"CBSA":"33780","NMCBSA":"Monroe, MI","CBSATYPE":"1","CSA":"220","NMCSA":"Detroit-Warren-Ann Arbor, MI","CD":"2605","SLDL":"26030","SLDU":"26016","SCHOOLYEAR":"2024-2025"}},{"type":"Feature","id":43328,"geometry":{"type":"Point","coordinates":[-83.22178500007405,42.46558799989013]},"properties":{"OBJECTID":43328,"NCESSCH":"260021501164","LEAID":"2600215","NAME":"Dr Joseph F Pollack Academic Center of Excellence","OPSTFIPS":"26","STREET":"23777 SOUTHFIELD RD","CITY":"SOUTHFIELD","STATE":"MI","ZIP":"48075","STFIP":"26","CNTY":"26125","NMCNTY":"Oakland County","LOCALE":"13","LAT":42.465588,"LON":-83.221785,"CBSA":"19820","NMCBSA":"Detroit-Warren-Dearborn, MI","CBSATYPE":"1","CSA":"220","NMCSA":"Detroit-Warren-Ann Arbor, MI","CD":"2612","SLDL":"26018","SLDU":"26007","SCHOOLYEAR":"2024-2025"}},{"type":"Feature","id":43329,"geometry":{"type":"Point","coordinates":[-83.64119999952388,42.79240000067275]},"properties":{"OBJECTID":43329,"NCESSCH":"260021601165","LEAID":"2600216","NAME":"Holly Academy","OPSTFIPS":"26","STREET":"820 ACADEMY RD","CITY":"HOLLY","STATE":"MI","ZIP":"48442","STFIP":"26","CNTY":"26125","NMCNTY":"Oakland County","LOCALE":"31","LAT":42.7924,"LON":-83.6412,"CBSA":"19820","NMCBSA":"Detroit-Warren-Dearborn, MI","CBSATYPE":"1","CSA":"220","NMCSA":"Detroit-Warren-Ann Arbor, MI","CD":"2609","SLDL":"26072","SLDU":"26022","SCHOOLYEAR":"2024-2025"}},{"type":"Feature","id":43330,"geometry":{"type":"Point","coordinates":[-83.03980000028712,42.39089999986771]},"properties":{"OBJECTID":43330,"NCESSCH":"260021701166","LEAID":"2600217","NAME":"Oakland International Academy  K1","OPSTFIPS":"26","STREET":"6111 MILLER ST","CITY":"DETROIT","STATE":"MI","ZIP":"48211","STFIP":"26","CNTY":"26163","NMCNTY":"Wayne County","LOCALE":"11","LAT":42.3909,"LON":-83.0398,"CBSA":"19820","NMCBSA":"Detroit-Warren-Dearborn, MI","CBSATYPE":"1","CSA":"220","NMCSA":"Detroit-Warren-Ann Arbor, MI","CD":"2613","SLDL":"26007","SLDU":"26003","SCHOOLYEAR":"2024-2025"}},{"type":"Feature","id":43331,"geometry":{"type":"Point","coordinates":[-83.0407999995946,42.39089999981759]},"properties":{"OBJECTID":43331,"NCESSCH":"260021701660","LEAID":"2600217","NAME":"Oakland International Academy  PreK1","OPSTFIPS":"26","STREET":"4001 MILLER ST","CITY":"DETROIT","STATE":"MI","ZIP":"48211","STFIP":"26","CNTY":"26163","NMCNTY":"Wayne County","LOCALE":"11","LAT":42.3909,"LON":-83.0408,"CBSA":"19820","NMCBSA":"Detroit-Warren-Dearborn, MI","CBSATYPE":"1","CSA":"220","NMCSA":"Detroit-Warren-Ann Arbor, MI","CD":"2613","SLDL":"26007","SLDU":"26003","SCHOOLYEAR":"2024-2025"}},{"type":"Feature","id":43332,"geometry":{"type":"Point","coordinates":[-83.04273900009223,42.38981899952931]},"properties":{"OBJECTID":43332,"NCESSCH":"260021707766","LEAID":"2600217","NAME":"Oakland International Academy  28","OPSTFIPS":"26","STREET":"8228 CONANT ST","CITY":"DETROIT","STATE":"MI","ZIP":"48211","STFIP":"26","CNTY":"26163","NMCNTY":"Wayne County","LOCALE":"11","LAT":42.389819,"LON":-83.042739,"CBSA":"19820","NMCBSA":"Detroit-Warren-Dearborn, MI","CBSATYPE":"1","CSA":"220","NMCSA":"Detroit-Warren-Ann Arbor, MI","CD":"2613","SLDL":"26007","SLDU":"26003","SCHOOLYEAR":"2024-2025"}},{"type":"Feature","id":43333,"geometry":{"type":"Point","coordinates":[-83.05904900045624,42.39364400038754]},"properties":{"OBJECTID":43333,"NCESSCH":"260021708533","LEAID":"2600217","NAME":"Oakland International Academy  912","OPSTFIPS":"26","STREET":"2619 FLORIAN ST","CITY":"HAMTRAMCK","STATE":"MI","ZIP":"48212","STFIP":"26","CNTY":"26163","NMCNTY":"Wayne County","LOCALE":"21","LAT":42.393644,"LON":-83.059049,"CBSA":"19820","NMCBSA":"Detroit-Warren-Dearborn, MI","CBSATYPE":"1","CSA":"220","NMCSA":"Detroit-Warren-Ann Arbor, MI","CD":"2613","SLDL":"26007","SLDU":"26003","SCHOOLYEAR":"2024-2025"}},{"type":"Feature","id":43337,"geometry":{"type":"Point","coordinates":[-83.68169999972017,42.168999999274796]},"properties":{"OBJECTID":43337,"NCESSCH":"260022301182","LEAID":"2600223","NAME":"South Arbor Charter Academy","OPSTFIPS":"26","STREET":"8200 CARPENTER RD","CITY":"YPSILANTI","STATE":"MI","ZIP":"48197","STFIP":"26","CNTY":"26161","NMCNTY":"Washtenaw County","LOCALE":"21","LAT":42.169,"LON":-83.6817,"CBSA":"11460","NMCBSA":"Ann Arbor, MI","CBSATYPE":"1","CSA":"220","NMCSA":"Detroit-Warren-Ann Arbor, MI","CD":"2606","SLDL":"26031","SLDU":"26015","SCHOOLYEAR":"2024-2025"}},{"type":"Feature","id":43338,"geometry":{"type":"Point","coordinates":[-83.08711100001851,42.34908800010247]},"properties":{"OBJECTID":43338,"NCESSCH":"260022401194","LEAID":"2600224","NAME":"George Crockett Academy","OPSTFIPS":"26","STREET":"4851 14TH ST","CITY":"DETROIT","STATE":"MI","ZIP":"48208","STFIP":"26","CNTY":"26163","NMCNTY":"Wayne County","LOCALE":"11","LAT":42.349088,"LON":-83.087111,"CBSA":"19820","NMCBSA":"Detroit-Warren-Dearborn, MI","CBSATYPE":"1","CSA":"220","NMCSA":"Detroit-Warren-Ann Arbor, MI","CD":"2613","SLDL":"26009","SLDU":"26003","SCHOOLYEAR":"2024-2025"}},{"type":"Feature","id":43339,"geometry":{"type":"Point","coordinates":[-83.32360800015036,42.168450999240086]},"properties":{"OBJECTID":43339,"NCESSCH":"260022501195","LEAID":"2600225","NAME":"Summit Academy North High School","OPSTFIPS":"26","STREET":"18601 MIDDLEBELT RD","CITY":"ROMULUS","STATE":"MI","ZIP":"48174","STFIP":"26","CNTY":"26163","NMCNTY":"Wayne County","LOCALE":"41","LAT":42.168451,"LON":-83.323608,"CBSA":"19820","NMCBSA":"Detroit-Warren-Dearborn, MI","CBSATYPE":"1","CSA":"220","NMCSA":"Detroit-Warren-Ann Arbor, MI","CD":"2606","SLDL":"26029","SLDU":"26004","SCHOOLYEAR":"2024-2025"}},{"type":"Feature","id":43340,"geometry":{"type":"Point","coordinates":[-83.32360800015036,42.168450999240086]},"properties":{"OBJECTID":43340,"NCESSCH":"260022501443","LEAID":"2600225","NAME":"Summit Academy North Middle School","OPSTFIPS":"26","STREET":"18601 MIDDLEBELT RD","CITY":"ROMULUS","STATE":"MI","ZIP":"48174","STFIP":"26","CNTY":"26163","NMCNTY":"Wayne County","LOCALE":"41","LAT":42.168451,"LON":-83.323608,"CBSA":"19820","NMCBSA":"Detroit-Warren-Dearborn, MI","CBSATYPE":"1","CSA":"220","NMCSA":"Detroit-Warren-Ann Arbor, MI","CD":"2606","SLDL":"26029","SLDU":"26004","SCHOOLYEAR":"2024-2025"}},{"type":"Feature","id":43341,"geometry":{"type":"Point","coordinates":[-83.31976199973813,42.16586699997463]},"properties":{"OBJECTID":43341,"NCESSCH":"260022501444","LEAID":"2600225","NAME":"Summit Academy North Elementary School","OPSTFIPS":"26","STREET":"28697 SIBLEY RD","CITY":"ROMULUS","STATE":"MI","ZIP":"48174","STFIP":"26","CNTY":"26163","NMCNTY":"Wayne County","LOCALE":"41","LAT":42.165867,"LON":-83.319762,"CBSA":"19820","NMCBSA":"Detroit-Warren-Dearborn, MI","CBSATYPE":"1","CSA":"220","NMCSA":"Detroit-Warren-Ann Arbor, MI","CD":"2606","SLDL":"26029","SLDU":"26004","SCHOOLYEAR":"2024-2025"}},{"type":"Feature","id":43342,"geometry":{"type":"Point","coordinates":[-83.1200999996332,42.332399999496076]},"properties":{"OBJECTID":43342,"NCESSCH":"260022701197","LEAID":"2600227","NAME":"Voyageur Academy","OPSTFIPS":"26","STREET":"4321 MILITARY ST","CITY":"DETROIT","STATE":"MI","ZIP":"48210","STFIP":"26","CNTY":"26163","NMCNTY":"Wayne County","LOCALE":"11","LAT":42.3324,"LON":-83.1201,"CBSA":"19820","NMCBSA":"Detroit-Warren-Dearborn, MI","CBSATYPE":"1","CSA":"220","NMCSA":"Detroit-Warren-Ann Arbor, MI","CD":"2613","SLDL":"26001","SLDU":"26001","SCHOOLYEAR":"2024-2025"}},{"type":"Feature","id":43343,"geometry":{"type":"Point","coordinates":[-83.11885000028671,42.33281099963151]},"properties":{"OBJECTID":43343,"NCESSCH":"260022701485","LEAID":"2600227","NAME":"Voyageur College Prep","OPSTFIPS":"26","STREET":"4366 MILITARY ST","CITY":"DETROIT","STATE":"MI","ZIP":"48210","STFIP":"26","CNTY":"26163","NMCNTY":"Wayne County","LOCALE":"11","LAT":42.332811,"LON":-83.11885,"CBSA":"19820","NMCBSA":"Detroit-Warren-Dearborn, MI","CBSATYPE":"1","CSA":"220","NMCSA":"Detroit-Warren-Ann Arbor, MI","CD":"2613","SLDL":"26001","SLDU":"26001","SCHOOLYEAR":"2024-2025"}},{"type":"Feature","id":43344,"geometry":{"type":"Point","coordinates":[-83.27648399976306,42.33374400087336]},"properties":{"OBJECTID":43344,"NCESSCH":"260022801198","LEAID":"2600228","NAME":"Star International Academy","OPSTFIPS":"26","STREET":"24425 HASS ST","CITY":"DEARBORN HEIGHTS","STATE":"MI","ZIP":"48127","STFIP":"26","CNTY":"26163","NMCNTY":"Wayne County","LOCALE":"21","LAT":42.333744,"LON":-83.276484,"CBSA":"19820","NMCBSA":"Detroit-Warren-Dearborn, MI","CBSATYPE":"1","CSA":"220","NMCSA":"Detroit-Warren-Ann Arbor, MI","CD":"2612","SLDL":"26015","SLDU":"26002","SCHOOLYEAR":"2024-2025"}},{"type":"Feature","id":43345,"geometry":{"type":"Point","coordinates":[-83.48195199941769,42.275691999246305]},"properties":{"OBJECTID":43345,"NCESSCH":"260022808967","LEAID":"2600228","NAME":"Star International Academy","OPSTFIPS":"26","STREET":"45081 GEDDES RD","CITY":"CANTON","STATE":"MI","ZIP":"48188","STFIP":"26","CNTY":"26163","NMCNTY":"Wayne County","LOCALE":"21","LAT":42.275692,"LON":-83.481952,"CBSA":"19820","NMCBSA":"Detroit-Warren-Dearborn, MI","CBSATYPE":"1","CSA":"220","NMCSA":"Detroit-Warren-Ann Arbor, MI","CD":"2606","SLDL":"26025","SLDU":"26005","SCHOOLYEAR":"2024-2025"}},{"type":"Feature","id":43346,"geometry":{"type":"Point","coordinates":[-83.13539700062118,42.37939900003778]},"properties":{"OBJECTID":43346,"NCESSCH":"260022901199","LEAID":"2600229","NAME":"Hope Academy","OPSTFIPS":"26","STREET":"12121 BROADSTREET AVE","CITY":"DETROIT","STATE":"MI","ZIP":"48204","STFIP":"26","CNTY":"26163","NMCNTY":"Wayne County","LOCALE":"11","LAT":42.379399,"LON":-83.135397,"CBSA":"19820","NMCBSA":"Detroit-Warren-Dearborn, MI","CBSATYPE":"1","CSA":"220","NMCSA":"Detroit-Warren-Ann Arbor, MI","CD":"2613","SLDL":"26008","SLDU":"26001","SCHOOLYEAR":"2024-2025"}},{"type":"Feature","id":43347,"geometry":{"type":"Point","coordinates":[-83.27000000045417,42.439199999806156]},"properties":{"OBJECTID":43347,"NCESSCH":"260023001200","LEAID":"2600230","NAME":"Weston Preparatory Academy","OPSTFIPS":"26","STREET":"22930 CHIPPEWA ST","CITY":"DETROIT","STATE":"MI","ZIP":"48219","STFIP":"26","CNTY":"26163","NMCNTY":"Wayne County","LOCALE":"11","LAT":42.4392,"LON":-83.27,"CBSA":"19820","NMCBSA":"Detroit-Warren-Dearborn, MI","CBSATYPE":"1","CSA":"220","NMCSA":"Detroit-Warren-Ann Arbor, MI","CD":"2612","SLDL":"26017","SLDU":"26007","SCHOOLYEAR":"2024-2025"}},{"type":"Feature","id":43348,"geometry":{"type":"Point","coordinates":[-83.03754400002786,42.351763000058796]},"properties":{"OBJECTID":43348,"NCESSCH":"260023201202","LEAID":"2600232","NAME":"Detroit Edison Public School Academy","OPSTFIPS":"26","STREET":"1903 WILKINS ST","CITY":"DETROIT","STATE":"MI","ZIP":"48207","STFIP":"26","CNTY":"26163","NMCNTY":"Wayne County","LOCALE":"11","LAT":42.351763,"LON":-83.037544,"CBSA":"19820","NMCBSA":"Detroit-Warren-Dearborn, MI","CBSATYPE":"1","CSA":"220","NMCSA":"Detroit-Warren-Ann Arbor, MI","CD":"2613","SLDL":"26009","SLDU":"26003","SCHOOLYEAR":"2024-2025"}},{"type":"Feature","id":43349,"geometry":{"type":"Point","coordinates":[-83.03779300022417,42.353079000279244]},"properties":{"OBJECTID":43349,"NCESSCH":"260023208742","LEAID":"2600232","NAME":"Detroit Edison Public School Academy  High School","OPSTFIPS":"26","STREET":"3403 SAINT AUBIN ST","CITY":"DETROIT","STATE":"MI","ZIP":"48207","STFIP":"26","CNTY":"26163","NMCNTY":"Wayne County","LOCALE":"11","LAT":42.353079,"LON":-83.037793,"CBSA":"19820","NMCBSA":"Detroit-Warren-Dearborn, MI","CBSATYPE":"1","CSA":"220","NMCSA":"Detroit-Warren-Ann Arbor, MI","CD":"2613","SLDL":"26009","SLDU":"26003","SCHOOLYEAR":"2024-2025"}},{"type":"Feature","id":43350,"geometry":{"type":"Point","coordinates":[-83.18079800023088,42.43026299973186]},"properties":{"OBJECTID":43350,"NCESSCH":"260023401204","LEAID":"2600234","NAME":"David Ellis Academy","OPSTFIPS":"26","STREET":"18977 SCHAEFER HWY","CITY":"DETROIT","STATE":"MI","ZIP":"48235","STFIP":"26","CNTY":"26163","NMCNTY":"Wayne County","LOCALE":"11","LAT":42.430263,"LON":-83.180798,"CBSA":"19820","NMCBSA":"Detroit-Warren-Dearborn, MI","CBSATYPE":"1","CSA":"220","NMCSA":"Detroit-Warren-Ann Arbor, MI","CD":"2612","SLDL":"26005","SLDU":"26008","SCHOOLYEAR":"2024-2025"}},{"type":"Feature","id":43351,"geometry":{"type":"Point","coordinates":[-83.2709739998908,42.42983300010644]},"properties":{"OBJECTID":43351,"NCESSCH":"260023408725","LEAID":"2600234","NAME":"David Ellis Academy  PK","OPSTFIPS":"26","STREET":"23500 W 7 MILE RD","CITY":"DETROIT","STATE":"MI","ZIP":"48219","STFIP":"26","CNTY":"26163","NMCNTY":"Wayne County","LOCALE":"11","LAT":42.429833,"LON":-83.270974,"CBSA":"19820","NMCBSA":"Detroit-Warren-Dearborn, MI","CBSATYPE":"1","CSA":"220","NMCSA":"Detroit-Warren-Ann Arbor, MI","CD":"2612","SLDL":"26017","SLDU":"26006","SCHOOLYEAR":"2024-2025"}},{"type":"Feature","id":43352,"geometry":{"type":"Point","coordinates":[-83.14544500002542,42.32809799946358]},"properties":{"OBJECTID":43352,"NCESSCH":"260023701207","LEAID":"2600237","NAME":"Universal Academy","OPSTFIPS":"26","STREET":"4833 OGDEN ST","CITY":"DETROIT","STATE":"MI","ZIP":"48210","STFIP":"26","CNTY":"26163","NMCNTY":"Wayne County","LOCALE":"11","LAT":42.328098,"LON":-83.145445,"CBSA":"19820","NMCBSA":"Detroit-Warren-Dearborn, MI","CBSATYPE":"1","CSA":"220","NMCSA":"Detroit-Warren-Ann Arbor, MI","CD":"2613","SLDL":"26001","SLDU":"26002","SCHOOLYEAR":"2024-2025"}},{"type":"Feature","id":43353,"geometry":{"type":"Point","coordinates":[-83.25632800026635,42.42845299960294]},"properties":{"OBJECTID":43353,"NCESSCH":"260023901209","LEAID":"2600239","NAME":"Detroit Service Learning Academy Campus","OPSTFIPS":"26","STREET":"21605 W 7 MILE RD","CITY":"DETROIT","STATE":"MI","ZIP":"48219","STFIP":"26","CNTY":"26163","NMCNTY":"Wayne County","LOCALE":"11","LAT":42.428453,"LON":-83.256328,"CBSA":"19820","NMCBSA":"Detroit-Warren-Dearborn, MI","CBSATYPE":"1","CSA":"220","NMCSA":"Detroit-Warren-Ann Arbor, MI","CD":"2612","SLDL":"26017","SLDU":"26006","SCHOOLYEAR":"2024-2025"}},{"type":"Feature","id":43354,"geometry":{"type":"Point","coordinates":[-83.29869299982462,42.4344260005148]},"properties":{"OBJECTID":43354,"NCESSCH":"260023908656","LEAID":"2600239","NAME":"Redford Service Learning Academy Campus","OPSTFIPS":"26","STREET":"25490 GRAND RIVER AVE","CITY":"REDFORD","STATE":"MI","ZIP":"48240","STFIP":"26","CNTY":"26163","NMCNTY":"Wayne County","LOCALE":"21","LAT":42.434426,"LON":-83.298693,"CBSA":"19820","NMCBSA":"Detroit-Warren-Dearborn, MI","CBSATYPE":"1","CSA":"220","NMCSA":"Detroit-Warren-Ann Arbor, MI","CD":"2612","SLDL":"26017","SLDU":"26006","SCHOOLYEAR":"2024-2025"}},{"type":"Feature","id":43355,"geometry":{"type":"Point","coordinates":[-83.19549499990795,42.45377500013587]},"properties":{"OBJECTID":43355,"NCESSCH":"260023908945","LEAID":"2600239","NAME":"Oak Park Service Learning Academy OPSLA","OPSTFIPS":"26","STREET":"21700 MARLOW ST","CITY":"OAK PARK","STATE":"MI","ZIP":"48237","STFIP":"26","CNTY":"26125","NMCNTY":"Oakland County","LOCALE":"21","LAT":42.453775,"LON":-83.195495,"CBSA":"19820","NMCBSA":"Detroit-Warren-Dearborn, MI","CBSATYPE":"1","CSA":"220","NMCSA":"Detroit-Warren-Ann Arbor, MI","CD":"2611","SLDL":"26005","SLDU":"26008","SCHOOLYEAR":"2024-2025"}},{"type":"Feature","id":43356,"geometry":{"type":"Point","coordinates":[-83.25997799926098,42.416208000260134]},"properties":{"OBJECTID":43356,"NCESSCH":"260024201212","LEAID":"2600242","NAME":"Old Redford Academy  Elementary","OPSTFIPS":"26","STREET":"17195 REDFORD ST","CITY":"DETROIT","STATE":"MI","ZIP":"48219","STFIP":"26","CNTY":"26163","NMCNTY":"Wayne County","LOCALE":"11","LAT":42.416208,"LON":-83.259978,"CBSA":"19820","NMCBSA":"Detroit-Warren-Dearborn, MI","CBSATYPE":"1","CSA":"220","NMCSA":"Detroit-Warren-Ann Arbor, MI","CD":"2612","SLDL":"26017","SLDU":"26006","SCHOOLYEAR":"2024-2025"}},{"type":"Feature","id":43357,"geometry":{"type":"Point","coordinates":[-83.21789999956748,42.41869999982245]},"properties":{"OBJECTID":43357,"NCESSCH":"260024201699","LEAID":"2600242","NAME":"Old Redford Academy  High","OPSTFIPS":"26","STREET":"8001 W OUTER DR","CITY":"DETROIT","STATE":"MI","ZIP":"48235","STFIP":"26","CNTY":"26163","NMCNTY":"Wayne County","LOCALE":"11","LAT":42.4187,"LON":-83.2179,"CBSA":"19820","NMCBSA":"Detroit-Warren-Dearborn, MI","CBSATYPE":"1","CSA":"220","NMCSA":"Detroit-Warren-Ann Arbor, MI","CD":"2612","SLDL":"26005","SLDU":"26006","SCHOOLYEAR":"2024-2025"}},{"type":"Feature","id":43358,"geometry":{"type":"Point","coordinates":[-83.2596150000731,42.41537700013193]},"properties":{"OBJECTID":43358,"NCESSCH":"260024208903","LEAID":"2600242","NAME":"Old Redford Academy  Middle School","OPSTFIPS":"26","STREET":"22122 W MCNICHOLS RD","CITY":"DETROIT","STATE":"MI","ZIP":"48219","STFIP":"26","CNTY":"26163","NMCNTY":"Wayne County","LOCALE":"11","LAT":42.415377,"LON":-83.259615,"CBSA":"19820","NMCBSA":"Detroit-Warren-Dearborn, MI","CBSATYPE":"1","CSA":"220","NMCSA":"Detroit-Warren-Ann Arbor, MI","CD":"2612","SLDL":"26017","SLDU":"26006","SCHOOLYEAR":"2024-2025"}},{"type":"Feature","id":43359,"geometry":{"type":"Point","coordinates":[-83.11689399986497,42.334777000077416]},"properties":{"OBJECTID":43359,"NCESSCH":"260024301213","LEAID":"2600243","NAME":"Hope of Detroit Academy  Elementary","OPSTFIPS":"26","STREET":"4443 N CAMPBELL ST","CITY":"DETROIT","STATE":"MI","ZIP":"48210","STFIP":"26","CNTY":"26163","NMCNTY":"Wayne County","LOCALE":"11","LAT":42.334777,"LON":-83.116894,"CBSA":"19820","NMCBSA":"Detroit-Warren-Dearborn, MI","CBSATYPE":"1","CSA":"220","NMCSA":"Detroit-Warren-Ann Arbor, MI","CD":"2613","SLDL":"26001","SLDU":"26001","SCHOOLYEAR":"2024-2025"}},{"type":"Feature","id":43360,"geometry":{"type":"Point","coordinates":[-83.11567399958814,42.33585199932881]},"properties":{"OBJECTID":43360,"NCESSCH":"260024308799","LEAID":"2600243","NAME":"Hope of Detroit Academy  MiddleHigh","OPSTFIPS":"26","STREET":"4444 35TH ST","CITY":"DETROIT","STATE":"MI","ZIP":"48210","STFIP":"26","CNTY":"26163","NMCNTY":"Wayne County","LOCALE":"11","LAT":42.335852,"LON":-83.115674,"CBSA":"19820","NMCBSA":"Detroit-Warren-Dearborn, MI","CBSATYPE":"1","CSA":"220","NMCSA":"Detroit-Warren-Ann Arbor, MI","CD":"2613","SLDL":"26001","SLDU":"26001","SCHOOLYEAR":"2024-2025"}},{"type":"Feature","id":43361,"geometry":{"type":"Point","coordinates":[-83.13613399986512,42.401455000896334]},"properties":{"OBJECTID":43361,"NCESSCH":"260024401663","LEAID":"2600244","NAME":"Joy Preparatory Academy","OPSTFIPS":"26","STREET":"15055 DEXTER AVE","CITY":"DETROIT","STATE":"MI","ZIP":"48238","STFIP":"26","CNTY":"26163","NMCNTY":"Wayne County","LOCALE":"11","LAT":42.401455,"LON":-83.136134,"CBSA":"19820","NMCBSA":"Detroit-Warren-Dearborn, MI","CBSATYPE":"1","CSA":"220","NMCSA":"Detroit-Warren-Ann Arbor, MI","CD":"2613","SLDL":"26008","SLDU":"26001","SCHOOLYEAR":"2024-2025"}},{"type":"Feature","id":43362,"geometry":{"type":"Point","coordinates":[-83.28194599994754,42.284595999909264]},"properties":{"OBJECTID":43362,"NCESSCH":"260024501215","LEAID":"2600245","NAME":"West Village Academy","OPSTFIPS":"26","STREET":"3530 WESTWOOD ST","CITY":"DEARBORN","STATE":"MI","ZIP":"48124","STFIP":"26","CNTY":"26163","NMCNTY":"Wayne County","LOCALE":"12","LAT":42.284596,"LON":-83.281946,"CBSA":"19820","NMCBSA":"Detroit-Warren-Dearborn, MI","CBSATYPE":"1","CSA":"220","NMCSA":"Detroit-Warren-Ann Arbor, MI","CD":"2612","SLDL":"26015","SLDU":"26002","SCHOOLYEAR":"2024-2025"}},{"type":"Feature","id":43363,"geometry":{"type":"Point","coordinates":[-83.10177299994888,42.40850199986766]},"properties":{"OBJECTID":43363,"NCESSCH":"260024908580","LEAID":"2600249","NAME":"George Washington Carver Elementary School","OPSTFIPS":"26","STREET":"14510 2ND AVE","CITY":"HIGHLAND PARK","STATE":"MI","ZIP":"48203","STFIP":"26","CNTY":"26163","NMCNTY":"Wayne County","LOCALE":"21","LAT":42.408502,"LON":-83.101773,"CBSA":"19820","NMCBSA":"Detroit-Warren-Dearborn, MI","CBSATYPE":"1","CSA":"220","NMCSA":"Detroit-Warren-Ann Arbor, MI","CD":"2613","SLDL":"26007","SLDU":"26003","SCHOOLYEAR":"2024-2025"}},{"type":"Feature","id":43364,"geometry":{"type":"Point","coordinates":[-83.10177299994888,42.40850199986766]},"properties":{"OBJECTID":43364,"NCESSCH":"260024908630","LEAID":"2600249","NAME":"George Washington Carver Middle School","OPSTFIPS":"26","STREET":"14510 2ND AVE","CITY":"HIGHLAND PARK","STATE":"MI","ZIP":"48203","STFIP":"26","CNTY":"26163","NMCNTY":"Wayne County","LOCALE":"21","LAT":42.408502,"LON":-83.101773,"CBSA":"19820","NMCBSA":"Detroit-Warren-Dearborn, MI","CBSATYPE":"1","CSA":"220","NMCSA":"Detroit-Warren-Ann Arbor, MI","CD":"2613","SLDL":"26007","SLDU":"26003","SCHOOLYEAR":"2024-2025"}},{"type":"Feature","id":43366,"geometry":{"type":"Point","coordinates":[-83.62750000051783,42.9929999991705]},"properties":{"OBJECTID":43366,"NCESSCH":"260025101229","LEAID":"2600251","NAME":"Burton Glen Charter Academy","OPSTFIPS":"26","STREET":"4171 E ATHERTON RD","CITY":"BURTON","STATE":"MI","ZIP":"48519","STFIP":"26","CNTY":"26049","NMCNTY":"Genesee County","LOCALE":"21","LAT":42.993,"LON":-83.6275,"CBSA":"22420","NMCBSA":"Flint, MI","CBSATYPE":"1","CSA":"220","NMCSA":"Detroit-Warren-Ann Arbor, MI","CD":"2608","SLDL":"26068","SLDU":"26027","SCHOOLYEAR":"2024-2025"}},{"type":"Feature","id":43368,"geometry":{"type":"Point","coordinates":[-83.27380000059536,42.67599999919691]},"properties":{"OBJECTID":43368,"NCESSCH":"260025401247","LEAID":"2600254","NAME":"Walton Charter Academy","OPSTFIPS":"26","STREET":"744 E WALTON BLVD","CITY":"PONTIAC","STATE":"MI","ZIP":"48340","STFIP":"26","CNTY":"26125","NMCNTY":"Oakland County","LOCALE":"13","LAT":42.676,"LON":-83.2738,"CBSA":"19820","NMCBSA":"Detroit-Warren-Dearborn, MI","CBSATYPE":"1","CSA":"220","NMCSA":"Detroit-Warren-Ann Arbor, MI","CD":"2611","SLDL":"26053","SLDU":"26007","SCHOOLYEAR":"2024-2025"}},{"type":"Feature","id":43369,"geometry":{"type":"Point","coordinates":[-83.1688719996859,42.322251000253345]},"properties":{"OBJECTID":43369,"NCESSCH":"260025507882","LEAID":"2600255","NAME":"Advanced Technology Academy","OPSTFIPS":"26","STREET":"4801 OAKMAN BLVD","CITY":"DEARBORN","STATE":"MI","ZIP":"48126","STFIP":"26","CNTY":"26163","NMCNTY":"Wayne County","LOCALE":"12","LAT":42.322251,"LON":-83.168872,"CBSA":"19820","NMCBSA":"Detroit-Warren-Dearborn, MI","CBSATYPE":"1","CSA":"220","NMCSA":"Detroit-Warren-Ann Arbor, MI","CD":"2612","SLDL":"26003","SLDU":"26002","SCHOOLYEAR":"2024-2025"}},{"type":"Feature","id":43370,"geometry":{"type":"Point","coordinates":[-83.38090000042065,42.253300000390034]},"properties":{"OBJECTID":43370,"NCESSCH":"260026201272","LEAID":"2600262","NAME":"Metro Charter Academy","OPSTFIPS":"26","STREET":"34800 ECORSE RD","CITY":"ROMULUS","STATE":"MI","ZIP":"48174","STFIP":"26","CNTY":"26163","NMCNTY":"Wayne County","LOCALE":"21","LAT":42.2533,"LON":-83.3809,"CBSA":"19820","NMCBSA":"Detroit-Warren-Dearborn, MI","CBSATYPE":"1","CSA":"220","NMCSA":"Detroit-Warren-Ann Arbor, MI","CD":"2613","SLDL":"26026","SLDU":"26004","SCHOOLYEAR":"2024-2025"}},{"type":"Feature","id":43371,"geometry":{"type":"Point","coordinates":[-83.52359500047365,42.32254700040695]},"properties":{"OBJECTID":43371,"NCESSCH":"260026301273","LEAID":"2600263","NAME":"Canton Charter Academy","OPSTFIPS":"26","STREET":"49100 FORD RD","CITY":"CANTON","STATE":"MI","ZIP":"48187","STFIP":"26","CNTY":"26163","NMCNTY":"Wayne County","LOCALE":"21","LAT":42.322547,"LON":-83.523595,"CBSA":"19820","NMCBSA":"Detroit-Warren-Dearborn, MI","CBSATYPE":"1","CSA":"220","NMCSA":"Detroit-Warren-Ann Arbor, MI","CD":"2606","SLDL":"26024","SLDU":"26005","SCHOOLYEAR":"2024-2025"}},{"type":"Feature","id":43374,"geometry":{"type":"Point","coordinates":[-83.25182100069507,42.6209260006665]},"properties":{"OBJECTID":43374,"NCESSCH":"260026701403","LEAID":"2600267","NAME":"Arts and Technology Academy of Pontiac","OPSTFIPS":"26","STREET":"888 ENTERPRISE DR","CITY":"PONTIAC","STATE":"MI","ZIP":"48341","STFIP":"26","CNTY":"26125","NMCNTY":"Oakland County","LOCALE":"13","LAT":42.620926,"LON":-83.251821,"CBSA":"19820","NMCBSA":"Detroit-Warren-Dearborn, MI","CBSATYPE":"1","CSA":"220","NMCSA":"Detroit-Warren-Ann Arbor, MI","CD":"2611","SLDL":"26053","SLDU":"26007","SCHOOLYEAR":"2024-2025"}},{"type":"Feature","id":43376,"geometry":{"type":"Point","coordinates":[-83.20864000012773,42.21488599924143]},"properties":{"OBJECTID":43376,"NCESSCH":"260027001445","LEAID":"2600270","NAME":"Creative Montessori Academy","OPSTFIPS":"26","STREET":"15100 NORTHLINE RD","CITY":"SOUTHGATE","STATE":"MI","ZIP":"48195","STFIP":"26","CNTY":"26163","NMCNTY":"Wayne County","LOCALE":"21","LAT":42.214886,"LON":-83.20864,"CBSA":"19820","NMCBSA":"Detroit-Warren-Dearborn, MI","CBSATYPE":"1","CSA":"220","NMCSA":"Detroit-Warren-Ann Arbor, MI","CD":"2613","SLDL":"26002","SLDU":"26004","SCHOOLYEAR":"2024-2025"}},{"type":"Feature","id":43377,"geometry":{"type":"Point","coordinates":[-83.23037300085447,42.34731500059298]},"properties":{"OBJECTID":43377,"NCESSCH":"260027101446","LEAID":"2600271","NAME":"Warrendale Charter Academy","OPSTFIPS":"26","STREET":"19400 SAWYER ST","CITY":"DETROIT","STATE":"MI","ZIP":"48228","STFIP":"26","CNTY":"26163","NMCNTY":"Wayne County","LOCALE":"11","LAT":42.347315,"LON":-83.230373,"CBSA":"19820","NMCBSA":"Detroit-Warren-Dearborn, MI","CBSATYPE":"1","CSA":"220","NMCSA":"Detroit-Warren-Ann Arbor, MI","CD":"2612","SLDL":"26004","SLDU":"26002","SCHOOLYEAR":"2024-2025"}},{"type":"Feature","id":43378,"geometry":{"type":"Point","coordinates":[-82.95190000018074,42.53240000025135]},"properties":{"OBJECTID":43378,"NCESSCH":"260027301308","LEAID":"2600273","NAME":"Arts Academy in the Woods","OPSTFIPS":"26","STREET":"32101 CAROLINE","CITY":"FRASER","STATE":"MI","ZIP":"48026","STFIP":"26","CNTY":"26099","NMCNTY":"Macomb County","LOCALE":"21","LAT":42.5324,"LON":-82.9519,"CBSA":"19820","NMCBSA":"Detroit-Warren-Dearborn, MI","CBSATYPE":"1","CSA":"220","NMCSA":"Detroit-Warren-Ann Arbor, MI","CD":"2610","SLDL":"26062","SLDU":"26011","SCHOOLYEAR":"2024-2025"}},{"type":"Feature","id":43382,"geometry":{"type":"Point","coordinates":[-83.25019999973107,42.1912999999752]},"properties":{"OBJECTID":43382,"NCESSCH":"260027701477","LEAID":"2600277","NAME":"Trillium Academy","OPSTFIPS":"26","STREET":"15740 RACHO BLVD","CITY":"TAYLOR","STATE":"MI","ZIP":"48180","STFIP":"26","CNTY":"26163","NMCNTY":"Wayne County","LOCALE":"21","LAT":42.1913,"LON":-83.2502,"CBSA":"19820","NMCBSA":"Detroit-Warren-Dearborn, MI","CBSATYPE":"1","CSA":"220","NMCSA":"Detroit-Warren-Ann Arbor, MI","CD":"2613","SLDL":"26028","SLDU":"26004","SCHOOLYEAR":"2024-2025"}},{"type":"Feature","id":43383,"geometry":{"type":"Point","coordinates":[-82.94088700050031,42.375948999173055]},"properties":{"OBJECTID":43383,"NCESSCH":"260027801484","LEAID":"2600278","NAME":"Detroit Merit Charter Academy","OPSTFIPS":"26","STREET":"1091 ALTER RD","CITY":"DETROIT","STATE":"MI","ZIP":"48215","STFIP":"26","CNTY":"26163","NMCNTY":"Wayne County","LOCALE":"11","LAT":42.375949,"LON":-82.940887,"CBSA":"19820","NMCBSA":"Detroit-Warren-Dearborn, MI","CBSATYPE":"1","CSA":"220","NMCSA":"Detroit-Warren-Ann Arbor, MI","CD":"2613","SLDL":"26009","SLDU":"26010","SCHOOLYEAR":"2024-2025"}},{"type":"Feature","id":43384,"geometry":{"type":"Point","coordinates":[-83.70051899922144,43.00584500059602]},"properties":{"OBJECTID":43384,"NCESSCH":"260028001809","LEAID":"2600280","NAME":"Michigan School for the Deaf","OPSTFIPS":"26","STREET":"1235 W COURT ST","CITY":"FLINT","STATE":"MI","ZIP":"48503","STFIP":"26","CNTY":"26049","NMCNTY":"Genesee County","LOCALE":"13","LAT":43.005845,"LON":-83.700519,"CBSA":"22420","NMCBSA":"Flint, MI","CBSATYPE":"1","CSA":"220","NMCSA":"Detroit-Warren-Ann Arbor, MI","CD":"2608","SLDL":"26070","SLDU":"26027","SCHOOLYEAR":"2024-2025"}},{"type":"Feature","id":43385,"geometry":{"type":"Point","coordinates":[-82.80020000059886,42.740900000535724]},"properties":{"OBJECTID":43385,"NCESSCH":"260028101598","LEAID":"2600281","NAME":"Merritt Academy","OPSTFIPS":"26","STREET":"59900 HAVENRIDGE RD","CITY":"NEW HAVEN","STATE":"MI","ZIP":"48048","STFIP":"26","CNTY":"26099","NMCNTY":"Macomb County","LOCALE":"41","LAT":42.7409,"LON":-82.8002,"CBSA":"19820","NMCBSA":"Detroit-Warren-Dearborn, MI","CBSATYPE":"1","CSA":"220","NMCSA":"Detroit-Warren-Ann Arbor, MI","CD":"2609","SLDL":"26065","SLDU":"26025","SCHOOLYEAR":"2024-2025"}},{"type":"Feature","id":43386,"geometry":{"type":"Point","coordinates":[-82.8918000005994,42.58619999974492]},"properties":{"OBJECTID":43386,"NCESSCH":"260028301646","LEAID":"2600283","NAME":"Mt Clemens Montessori Academy","OPSTFIPS":"26","STREET":"1070 HAMPTON RD","CITY":"MOUNT CLEMENS","STATE":"MI","ZIP":"48043","STFIP":"26","CNTY":"26099","NMCNTY":"Macomb County","LOCALE":"21","LAT":42.5862,"LON":-82.8918,"CBSA":"19820","NMCBSA":"Detroit-Warren-Dearborn, MI","CBSATYPE":"1","CSA":"220","NMCSA":"Detroit-Warren-Ann Arbor, MI","CD":"2610","SLDL":"26061","SLDU":"26012","SCHOOLYEAR":"2024-2025"}},{"type":"Feature","id":43387,"geometry":{"type":"Point","coordinates":[-83.28259999959154,42.46380000050149]},"properties":{"OBJECTID":43387,"NCESSCH":"260028401644","LEAID":"2600284","NAME":"Bradford Academy","OPSTFIPS":"26","STREET":"24218 GARNER ST","CITY":"SOUTHFIELD","STATE":"MI","ZIP":"48033","STFIP":"26","CNTY":"26125","NMCNTY":"Oakland County","LOCALE":"13","LAT":42.4638,"LON":-83.2826,"CBSA":"19820","NMCBSA":"Detroit-Warren-Dearborn, MI","CBSATYPE":"1","CSA":"220","NMCSA":"Detroit-Warren-Ann Arbor, MI","CD":"2612","SLDL":"26018","SLDU":"26007","SCHOOLYEAR":"2024-2025"}},{"type":"Feature","id":43389,"geometry":{"type":"Point","coordinates":[-83.63659999973282,43.049100000392016]},"properties":{"OBJECTID":43389,"NCESSCH":"260028601654","LEAID":"2600286","NAME":"Richfield Public School Academy","OPSTFIPS":"26","STREET":"3807 N CENTER RD","CITY":"FLINT","STATE":"MI","ZIP":"48506","STFIP":"26","CNTY":"26049","NMCNTY":"Genesee County","LOCALE":"13","LAT":43.0491,"LON":-83.6366,"CBSA":"22420","NMCBSA":"Flint, MI","CBSATYPE":"1","CSA":"220","NMCSA":"Detroit-Warren-Ann Arbor, MI","CD":"2608","SLDL":"26070","SLDU":"26027","SCHOOLYEAR":"2024-2025"}},{"type":"Feature","id":43391,"geometry":{"type":"Point","coordinates":[-83.0532999996341,42.40399999950592]},"properties":{"OBJECTID":43391,"NCESSCH":"260028701656","LEAID":"2600287","NAME":"Hamtramck Academy","OPSTFIPS":"26","STREET":"11420 CONANT ST","CITY":"HAMTRAMCK","STATE":"MI","ZIP":"48212","STFIP":"26","CNTY":"26163","NMCNTY":"Wayne County","LOCALE":"21","LAT":42.404,"LON":-83.0533,"CBSA":"19820","NMCBSA":"Detroit-Warren-Dearborn, MI","CBSATYPE":"1","CSA":"220","NMCSA":"Detroit-Warren-Ann Arbor, MI","CD":"2613","SLDL":"26007","SLDU":"26003","SCHOOLYEAR":"2024-2025"}},{"type":"Feature","id":43393,"geometry":{"type":"Point","coordinates":[-83.50596200043489,42.17366299998781]},"properties":{"OBJECTID":43393,"NCESSCH":"260028901655","LEAID":"2600289","NAME":"Keystone Academy","OPSTFIPS":"26","STREET":"47925 BEMIS RD","CITY":"BELLEVILLE","STATE":"MI","ZIP":"48111","STFIP":"26","CNTY":"26163","NMCNTY":"Wayne County","LOCALE":"21","LAT":42.173663,"LON":-83.505962,"CBSA":"19820","NMCBSA":"Detroit-Warren-Dearborn, MI","CBSATYPE":"1","CSA":"220","NMCSA":"Detroit-Warren-Ann Arbor, MI","CD":"2606","SLDL":"26031","SLDU":"26004","SCHOOLYEAR":"2024-2025"}},{"type":"Feature","id":43394,"geometry":{"type":"Point","coordinates":[-83.16680000000635,42.343700000150704]},"properties":{"OBJECTID":43394,"NCESSCH":"260029101650","LEAID":"2600291","NAME":"Riverside Academy","OPSTFIPS":"26","STREET":"7124 MILLER RD","CITY":"DEARBORN","STATE":"MI","ZIP":"48126","STFIP":"26","CNTY":"26163","NMCNTY":"Wayne County","LOCALE":"12","LAT":42.3437,"LON":-83.1668,"CBSA":"19820","NMCBSA":"Detroit-Warren-Dearborn, MI","CBSATYPE":"1","CSA":"220","NMCSA":"Detroit-Warren-Ann Arbor, MI","CD":"2612","SLDL":"26003","SLDU":"26002","SCHOOLYEAR":"2024-2025"}},{"type":"Feature","id":43395,"geometry":{"type":"Point","coordinates":[-83.17773500074821,42.33695300040839]},"properties":{"OBJECTID":43395,"NCESSCH":"260029101941","LEAID":"2600291","NAME":"Riverside Academy  West Campus","OPSTFIPS":"26","STREET":"6409 SCHAEFER RD","CITY":"DEARBORN","STATE":"MI","ZIP":"48126","STFIP":"26","CNTY":"26163","NMCNTY":"Wayne County","LOCALE":"12","LAT":42.336953,"LON":-83.177735,"CBSA":"19820","NMCBSA":"Detroit-Warren-Dearborn, MI","CBSATYPE":"1","CSA":"220","NMCSA":"Detroit-Warren-Ann Arbor, MI","CD":"2612","SLDL":"26003","SLDU":"26002","SCHOOLYEAR":"2024-2025"}},{"type":"Feature","id":43396,"geometry":{"type":"Point","coordinates":[-83.16396100009162,42.34323000021021]},"properties":{"OBJECTID":43396,"NCESSCH":"260029107794","LEAID":"2600291","NAME":"Riverside Academy  PreK","OPSTFIPS":"26","STREET":"7050 PINEHURST ST","CITY":"DEARBORN","STATE":"MI","ZIP":"48126","STFIP":"26","CNTY":"26163","NMCNTY":"Wayne County","LOCALE":"12","LAT":42.34323,"LON":-83.163961,"CBSA":"19820","NMCBSA":"Detroit-Warren-Dearborn, MI","CBSATYPE":"1","CSA":"220","NMCSA":"Detroit-Warren-Ann Arbor, MI","CD":"2612","SLDL":"26003","SLDU":"26002","SCHOOLYEAR":"2024-2025"}},{"type":"Feature","id":43397,"geometry":{"type":"Point","coordinates":[-83.28569999933431,42.63400000023632]},"properties":{"OBJECTID":43397,"NCESSCH":"260029201723","LEAID":"2600292","NAME":"Flex High School of Pontiac","OPSTFIPS":"26","STREET":"142 AUBURN AVE","CITY":"PONTIAC","STATE":"MI","ZIP":"48342","STFIP":"26","CNTY":"26125","NMCNTY":"Oakland County","LOCALE":"13","LAT":42.634,"LON":-83.2857,"CBSA":"19820","NMCBSA":"Detroit-Warren-Dearborn, MI","CBSATYPE":"1","CSA":"220","NMCSA":"Detroit-Warren-Ann Arbor, MI","CD":"2611","SLDL":"26053","SLDU":"26007","SCHOOLYEAR":"2024-2025"}},{"type":"Feature","id":43398,"geometry":{"type":"Point","coordinates":[-83.0624940001513,42.466165000017966]},"properties":{"OBJECTID":43398,"NCESSCH":"260029401725","LEAID":"2600294","NAME":"Great Oaks Academy","OPSTFIPS":"26","STREET":"4257 BART AVE","CITY":"WARREN","STATE":"MI","ZIP":"48091","STFIP":"26","CNTY":"26099","NMCNTY":"Macomb County","LOCALE":"12","LAT":42.466165,"LON":-83.062494,"CBSA":"19820","NMCBSA":"Detroit-Warren-Dearborn, MI","CBSATYPE":"1","CSA":"220","NMCSA":"Detroit-Warren-Ann Arbor, MI","CD":"2610","SLDL":"26011","SLDU":"26003","SCHOOLYEAR":"2024-2025"}},{"type":"Feature","id":43399,"geometry":{"type":"Point","coordinates":[-83.2892450003842,42.48277000050376]},"properties":{"OBJECTID":43399,"NCESSCH":"260029501726","LEAID":"2600295","NAME":"Crescent Academy MiddleHigh School","OPSTFIPS":"26","STREET":"26555 FRANKLIN RD","CITY":"SOUTHFIELD","STATE":"MI","ZIP":"48033","STFIP":"26","CNTY":"26125","NMCNTY":"Oakland County","LOCALE":"13","LAT":42.48277,"LON":-83.289245,"CBSA":"19820","NMCBSA":"Detroit-Warren-Dearborn, MI","CBSATYPE":"1","CSA":"220","NMCSA":"Detroit-Warren-Ann Arbor, MI","CD":"2612","SLDL":"26018","SLDU":"26007","SCHOOLYEAR":"2024-2025"}},{"type":"Feature","id":43400,"geometry":{"type":"Point","coordinates":[-83.2667000005475,42.47289999990765]},"properties":{"OBJECTID":43400,"NCESSCH":"260029508444","LEAID":"2600295","NAME":"Crescent Academy Elementary","OPSTFIPS":"26","STREET":"25175 CODE RD","CITY":"SOUTHFIELD","STATE":"MI","ZIP":"48033","STFIP":"26","CNTY":"26125","NMCNTY":"Oakland County","LOCALE":"13","LAT":42.4729,"LON":-83.2667,"CBSA":"19820","NMCBSA":"Detroit-Warren-Dearborn, MI","CBSATYPE":"1","CSA":"220","NMCSA":"Detroit-Warren-Ann Arbor, MI","CD":"2612","SLDL":"26018","SLDU":"26007","SCHOOLYEAR":"2024-2025"}},{"type":"Feature","id":43401,"geometry":{"type":"Point","coordinates":[-83.22040100010805,42.50309500056276]},"properties":{"OBJECTID":43401,"NCESSCH":"260029508588","LEAID":"2600295","NAME":"Crescent Academy PK2","OPSTFIPS":"26","STREET":"17570 W 12 MILE RD","CITY":"SOUTHFIELD","STATE":"MI","ZIP":"48076","STFIP":"26","CNTY":"26125","NMCNTY":"Oakland County","LOCALE":"13","LAT":42.503095,"LON":-83.220401,"CBSA":"19820","NMCBSA":"Detroit-Warren-Dearborn, MI","CBSATYPE":"1","CSA":"220","NMCSA":"Detroit-Warren-Ann Arbor, MI","CD":"2612","SLDL":"26006","SLDU":"26007","SCHOOLYEAR":"2024-2025"}},{"type":"Feature","id":43402,"geometry":{"type":"Point","coordinates":[-83.25980000010496,42.46939999964041]},"properties":{"OBJECTID":43402,"NCESSCH":"260029601728","LEAID":"2600296","NAME":"Laurus Academy","OPSTFIPS":"26","STREET":"24590 LAHSER RD","CITY":"SOUTHFIELD","STATE":"MI","ZIP":"48033","STFIP":"26","CNTY":"26125","NMCNTY":"Oakland County","LOCALE":"13","LAT":42.4694,"LON":-83.2598,"CBSA":"19820","NMCBSA":"Detroit-Warren-Dearborn, MI","CBSATYPE":"1","CSA":"220","NMCSA":"Detroit-Warren-Ann Arbor, MI","CD":"2612","SLDL":"26018","SLDU":"26007","SCHOOLYEAR":"2024-2025"}},{"type":"Feature","id":43404,"geometry":{"type":"Point","coordinates":[-83.3181509994426,42.35444800042873]},"properties":{"OBJECTID":43404,"NCESSCH":"260030007820","LEAID":"2600300","NAME":"Universal Learning Academy","OPSTFIPS":"26","STREET":"28015 JOY RD","CITY":"WESTLAND","STATE":"MI","ZIP":"48185","STFIP":"26","CNTY":"26163","NMCNTY":"Wayne County","LOCALE":"21","LAT":42.354448,"LON":-83.318151,"CBSA":"19820","NMCBSA":"Detroit-Warren-Dearborn, MI","CBSATYPE":"1","CSA":"220","NMCSA":"Detroit-Warren-Ann Arbor, MI","CD":"2612","SLDL":"26025","SLDU":"26005","SCHOOLYEAR":"2024-2025"}},{"type":"Feature","id":43405,"geometry":{"type":"Point","coordinates":[-83.05799499983925,42.41233400074262]},"properties":{"OBJECTID":43405,"NCESSCH":"260030101945","LEAID":"2600301","NAME":"Frontier International Academy","OPSTFIPS":"26","STREET":"13200 CONANT ST","CITY":"DETROIT","STATE":"MI","ZIP":"48212","STFIP":"26","CNTY":"26163","NMCNTY":"Wayne County","LOCALE":"11","LAT":42.412334,"LON":-83.057995,"CBSA":"19820","NMCBSA":"Detroit-Warren-Dearborn, MI","CBSATYPE":"1","CSA":"220","NMCSA":"Detroit-Warren-Ann Arbor, MI","CD":"2613","SLDL":"26007","SLDU":"26003","SCHOOLYEAR":"2024-2025"}},{"type":"Feature","id":43406,"geometry":{"type":"Point","coordinates":[-83.00207499991093,42.502732999502335]},"properties":{"OBJECTID":43406,"NCESSCH":"260030108809","LEAID":"2600301","NAME":"Frontier International Academy  Elementary","OPSTFIPS":"26","STREET":"28111 IMPERIAL DR","CITY":"WARREN","STATE":"MI","ZIP":"48093","STFIP":"26","CNTY":"26099","NMCNTY":"Macomb County","LOCALE":"12","LAT":42.502733,"LON":-83.002075,"CBSA":"19820","NMCBSA":"Detroit-Warren-Dearborn, MI","CBSATYPE":"1","CSA":"220","NMCSA":"Detroit-Warren-Ann Arbor, MI","CD":"2610","SLDL":"26013","SLDU":"26010","SCHOOLYEAR":"2024-2025"}},{"type":"Feature","id":43407,"geometry":{"type":"Point","coordinates":[-82.97270999961579,42.36852500026871]},"properties":{"OBJECTID":43407,"NCESSCH":"260030201738","LEAID":"2600302","NAME":"Detroit Enterprise Academy","OPSTFIPS":"26","STREET":"11224 KERCHEVAL ST","CITY":"DETROIT","STATE":"MI","ZIP":"48214","STFIP":"26","CNTY":"26163","NMCNTY":"Wayne County","LOCALE":"11","LAT":42.368525,"LON":-82.97271,"CBSA":"19820","NMCBSA":"Detroit-Warren-Dearborn, MI","CBSATYPE":"1","CSA":"220","NMCSA":"Detroit-Warren-Ann Arbor, MI","CD":"2613","SLDL":"26009","SLDU":"26003","SCHOOLYEAR":"2024-2025"}},{"type":"Feature","id":43408,"geometry":{"type":"Point","coordinates":[-83.0531989999687,42.38609500034666]},"properties":{"OBJECTID":43408,"NCESSCH":"260030501944","LEAID":"2600305","NAME":"Hanley International Academy","OPSTFIPS":"26","STREET":"2400 DENTON ST","CITY":"HAMTRAMCK","STATE":"MI","ZIP":"48212","STFIP":"26","CNTY":"26163","NMCNTY":"Wayne County","LOCALE":"21","LAT":42.386095,"LON":-83.053199,"CBSA":"19820","NMCBSA":"Detroit-Warren-Dearborn, MI","CBSATYPE":"1","CSA":"220","NMCSA":"Detroit-Warren-Ann Arbor, MI","CD":"2613","SLDL":"26007","SLDU":"26003","SCHOOLYEAR":"2024-2025"}},{"type":"Feature","id":43409,"geometry":{"type":"Point","coordinates":[-83.0461140000453,42.3998490001328]},"properties":{"OBJECTID":43409,"NCESSCH":"260030601706","LEAID":"2600306","NAME":"Bridge Academy East","OPSTFIPS":"26","STREET":"9600 BUFFALO ST","CITY":"HAMTRAMCK","STATE":"MI","ZIP":"48212","STFIP":"26","CNTY":"26163","NMCNTY":"Wayne County","LOCALE":"21","LAT":42.399849,"LON":-83.046114,"CBSA":"19820","NMCBSA":"Detroit-Warren-Dearborn, MI","CBSATYPE":"1","CSA":"220","NMCSA":"Detroit-Warren-Ann Arbor, MI","CD":"2613","SLDL":"26007","SLDU":"26003","SCHOOLYEAR":"2024-2025"}},{"type":"Feature","id":43410,"geometry":{"type":"Point","coordinates":[-83.06166999952842,42.40750899970591]},"properties":{"OBJECTID":43410,"NCESSCH":"260030608288","LEAID":"2600306","NAME":"Bridge Academy West","OPSTFIPS":"26","STREET":"3120 CARPENTER Ave","CITY":"HAMTRAMCK","STATE":"MI","ZIP":"48212","STFIP":"26","CNTY":"26163","NMCNTY":"Wayne County","LOCALE":"11","LAT":42.407509,"LON":-83.06167,"CBSA":"19820","NMCBSA":"Detroit-Warren-Dearborn, MI","CBSATYPE":"1","CSA":"220","NMCSA":"Detroit-Warren-Ann Arbor, MI","CD":"2613","SLDL":"26007","SLDU":"26003","SCHOOLYEAR":"2024-2025"}},{"type":"Feature","id":43411,"geometry":{"type":"Point","coordinates":[-83.0461140000453,42.3998490001328]},"properties":{"OBJECTID":43411,"NCESSCH":"260030608968","LEAID":"2600306","NAME":"Bridge Impact","OPSTFIPS":"26","STREET":"3105 CARPENTER ST","CITY":"DETROIT","STATE":"MI","ZIP":"48212","STFIP":"26","CNTY":"26163","NMCNTY":"Wayne County","LOCALE":"21","LAT":42.399849,"LON":-83.046114,"CBSA":"19820","NMCBSA":"Detroit-Warren-Dearborn, MI","CBSATYPE":"1","CSA":"220","NMCSA":"Detroit-Warren-Ann Arbor, MI","CD":"2613","SLDL":"26007","SLDU":"26003","SCHOOLYEAR":"2024-2025"}},{"type":"Feature","id":43412,"geometry":{"type":"Point","coordinates":[-83.20642100071437,42.349639999208954]},"properties":{"OBJECTID":43412,"NCESSCH":"260030701943","LEAID":"2600307","NAME":"Detroit Premier Academy","OPSTFIPS":"26","STREET":"7781 ASBURY PARK","CITY":"DETROIT","STATE":"MI","ZIP":"48228","STFIP":"26","CNTY":"26163","NMCNTY":"Wayne County","LOCALE":"11","LAT":42.34964,"LON":-83.206421,"CBSA":"19820","NMCBSA":"Detroit-Warren-Dearborn, MI","CBSATYPE":"1","CSA":"220","NMCSA":"Detroit-Warren-Ann Arbor, MI","CD":"2612","SLDL":"26004","SLDU":"26002","SCHOOLYEAR":"2024-2025"}},{"type":"Feature","id":43413,"geometry":{"type":"Point","coordinates":[-82.98129999979584,42.45120000045326]},"properties":{"OBJECTID":43413,"NCESSCH":"260030801884","LEAID":"2600308","NAME":"Academy of Warren","OPSTFIPS":"26","STREET":"13943 E 8 MILE RD","CITY":"WARREN","STATE":"MI","ZIP":"48089","STFIP":"26","CNTY":"26099","NMCNTY":"Macomb County","LOCALE":"12","LAT":42.4512,"LON":-82.9813,"CBSA":"19820","NMCBSA":"Detroit-Warren-Dearborn, MI","CBSATYPE":"1","CSA":"220","NMCSA":"Detroit-Warren-Ann Arbor, MI","CD":"2610","SLDL":"26011","SLDU":"26010","SCHOOLYEAR":"2024-2025"}},{"type":"Feature","id":43414,"geometry":{"type":"Point","coordinates":[-82.89449999952666,42.598099999703905]},"properties":{"OBJECTID":43414,"NCESSCH":"260031001754","LEAID":"2600310","NAME":"Prevail Academy","OPSTFIPS":"26","STREET":"353 CASS AVE","CITY":"MOUNT CLEMENS","STATE":"MI","ZIP":"48043","STFIP":"26","CNTY":"26099","NMCNTY":"Macomb County","LOCALE":"21","LAT":42.5981,"LON":-82.8945,"CBSA":"19820","NMCBSA":"Detroit-Warren-Dearborn, MI","CBSATYPE":"1","CSA":"220","NMCSA":"Detroit-Warren-Ann Arbor, MI","CD":"2610","SLDL":"26061","SLDU":"26012","SCHOOLYEAR":"2024-2025"}},{"type":"Feature","id":43415,"geometry":{"type":"Point","coordinates":[-83.36210000057223,41.953700000111546]},"properties":{"OBJECTID":43415,"NCESSCH":"260031101760","LEAID":"2600311","NAME":"Triumph Academy","OPSTFIPS":"26","STREET":"3000 VIVIAN RD","CITY":"MONROE","STATE":"MI","ZIP":"48162","STFIP":"26","CNTY":"26115","NMCNTY":"Monroe County","LOCALE":"23","LAT":41.9537,"LON":-83.3621,"CBSA":"33780","NMCBSA":"Monroe, MI","CBSATYPE":"1","CSA":"220","NMCSA":"Detroit-Warren-Ann Arbor, MI","CD":"2605","SLDL":"26029","SLDU":"26016","SCHOOLYEAR":"2024-2025"}},{"type":"Feature","id":43416,"geometry":{"type":"Point","coordinates":[-83.33349999968405,42.39289999943683]},"properties":{"OBJECTID":43416,"NCESSCH":"260031201763","LEAID":"2600312","NAME":"American Montessori Academy Elementary","OPSTFIPS":"26","STREET":"14800 MIDDLEBELT RD","CITY":"LIVONIA","STATE":"MI","ZIP":"48154","STFIP":"26","CNTY":"26163","NMCNTY":"Wayne County","LOCALE":"13","LAT":42.3929,"LON":-83.3335,"CBSA":"19820","NMCBSA":"Detroit-Warren-Dearborn, MI","CBSATYPE":"1","CSA":"220","NMCSA":"Detroit-Warren-Ann Arbor, MI","CD":"2612","SLDL":"26016","SLDU":"26006","SCHOOLYEAR":"2024-2025"}},{"type":"Feature","id":43417,"geometry":{"type":"Point","coordinates":[-83.33797400049585,42.35415200037576]},"properties":{"OBJECTID":43417,"NCESSCH":"260031208089","LEAID":"2600312","NAME":"American Montessori Academy Upper Elementary","OPSTFIPS":"26","STREET":"30055 JOY RD","CITY":"WESTLAND","STATE":"MI","ZIP":"48185","STFIP":"26","CNTY":"26163","NMCNTY":"Wayne County","LOCALE":"21","LAT":42.354152,"LON":-83.337974,"CBSA":"19820","NMCBSA":"Detroit-Warren-Dearborn, MI","CBSATYPE":"1","CSA":"220","NMCSA":"Detroit-Warren-Ann Arbor, MI","CD":"2612","SLDL":"26025","SLDU":"26005","SCHOOLYEAR":"2024-2025"}},{"type":"Feature","id":43418,"geometry":{"type":"Point","coordinates":[-83.65990699992443,42.23288999966997]},"properties":{"OBJECTID":43418,"NCESSCH":"260031401765","LEAID":"2600314","NAME":"Fortis Academy","OPSTFIPS":"26","STREET":"3875 GOLFSIDE RD","CITY":"YPSILANTI","STATE":"MI","ZIP":"48197","STFIP":"26","CNTY":"26161","NMCNTY":"Washtenaw County","LOCALE":"21","LAT":42.23289,"LON":-83.659907,"CBSA":"11460","NMCBSA":"Ann Arbor, MI","CBSATYPE":"1","CSA":"220","NMCSA":"Detroit-Warren-Ann Arbor, MI","CD":"2606","SLDL":"26032","SLDU":"26015","SCHOOLYEAR":"2024-2025"}},{"type":"Feature","id":43419,"geometry":{"type":"Point","coordinates":[-83.70046699998804,42.20753900013369]},"properties":{"OBJECTID":43419,"NCESSCH":"260031501766","LEAID":"2600315","NAME":"Multicultural Academy","OPSTFIPS":"26","STREET":"5550 PLATT RD","CITY":"ANN ARBOR","STATE":"MI","ZIP":"48108","STFIP":"26","CNTY":"26161","NMCNTY":"Washtenaw County","LOCALE":"21","LAT":42.207539,"LON":-83.700467,"CBSA":"11460","NMCBSA":"Ann Arbor, MI","CBSATYPE":"1","CSA":"220","NMCSA":"Detroit-Warren-Ann Arbor, MI","CD":"2606","SLDL":"26033","SLDU":"26015","SCHOOLYEAR":"2024-2025"}},{"type":"Feature","id":43421,"geometry":{"type":"Point","coordinates":[-83.73358199998388,42.93945800039776]},"properties":{"OBJECTID":43421,"NCESSCH":"260031701771","LEAID":"2600317","NAME":"Madison Academy ElementaryMiddle School","OPSTFIPS":"26","STREET":"6170 TORREY RD","CITY":"FLINT","STATE":"MI","ZIP":"48507","STFIP":"26","CNTY":"26049","NMCNTY":"Genesee County","LOCALE":"41","LAT":42.939458,"LON":-83.733582,"CBSA":"22420","NMCBSA":"Flint, MI","CBSATYPE":"1","CSA":"220","NMCSA":"Detroit-Warren-Ann Arbor, MI","CD":"2608","SLDL":"26071","SLDU":"26027","SCHOOLYEAR":"2024-2025"}},{"type":"Feature","id":43422,"geometry":{"type":"Point","coordinates":[-83.6154999997949,42.98229999994227]},"properties":{"OBJECTID":43422,"NCESSCH":"260031708195","LEAID":"2600317","NAME":"Madison Academy  High School","OPSTFIPS":"26","STREET":"3266 S GENESEE RD","CITY":"BURTON","STATE":"MI","ZIP":"48519","STFIP":"26","CNTY":"26049","NMCNTY":"Genesee County","LOCALE":"21","LAT":42.9823,"LON":-83.6155,"CBSA":"22420","NMCBSA":"Flint, MI","CBSATYPE":"1","CSA":"220","NMCSA":"Detroit-Warren-Ann Arbor, MI","CD":"2608","SLDL":"26068","SLDU":"26027","SCHOOLYEAR":"2024-2025"}},{"type":"Feature","id":43423,"geometry":{"type":"Point","coordinates":[-83.08522899985017,42.32063200016097]},"properties":{"OBJECTID":43423,"NCESSCH":"260032201947","LEAID":"2600322","NAME":"Covenant High School Southwest","OPSTFIPS":"26","STREET":"1450 25TH ST","CITY":"DETROIT","STATE":"MI","ZIP":"48216","STFIP":"26","CNTY":"26163","NMCNTY":"Wayne County","LOCALE":"11","LAT":42.320632,"LON":-83.085229,"CBSA":"19820","NMCBSA":"Detroit-Warren-Dearborn, MI","CBSATYPE":"1","CSA":"220","NMCSA":"Detroit-Warren-Ann Arbor, MI","CD":"2613","SLDL":"26001","SLDU":"26001","SCHOOLYEAR":"2024-2025"}},{"type":"Feature","id":43424,"geometry":{"type":"Point","coordinates":[-83.00785900025983,42.388660000071965]},"properties":{"OBJECTID":43424,"NCESSCH":"260032201948","LEAID":"2600322","NAME":"Covenant High School East","OPSTFIPS":"26","STREET":"9100 GRATIOT AVE","CITY":"DETROIT","STATE":"MI","ZIP":"48213","STFIP":"26","CNTY":"26163","NMCNTY":"Wayne County","LOCALE":"11","LAT":42.38866,"LON":-83.007859,"CBSA":"19820","NMCBSA":"Detroit-Warren-Dearborn, MI","CBSATYPE":"1","CSA":"220","NMCSA":"Detroit-Warren-Ann Arbor, MI","CD":"2613","SLDL":"26009","SLDU":"26003","SCHOOLYEAR":"2024-2025"}},{"type":"Feature","id":43425,"geometry":{"type":"Point","coordinates":[-83.08839800015957,42.335313999600956]},"properties":{"OBJECTID":43425,"NCESSCH":"260032201949","LEAID":"2600322","NAME":"Covenant High School Central","OPSTFIPS":"26","STREET":"2959 MARTIN LUTHER KING JR BLVD","CITY":"DETROIT","STATE":"MI","ZIP":"48208","STFIP":"26","CNTY":"26163","NMCNTY":"Wayne County","LOCALE":"11","LAT":42.335314,"LON":-83.088398,"CBSA":"19820","NMCBSA":"Detroit-Warren-Dearborn, MI","CBSATYPE":"1","CSA":"220","NMCSA":"Detroit-Warren-Ann Arbor, MI","CD":"2613","SLDL":"26009","SLDU":"26001","SCHOOLYEAR":"2024-2025"}},{"type":"Feature","id":43426,"geometry":{"type":"Point","coordinates":[-83.107443999727,42.39794999971919]},"properties":{"OBJECTID":43426,"NCESSCH":"260032209035","LEAID":"2600322","NAME":"Covenant School  Spectrum","OPSTFIPS":"26","STREET":"1961 LINCOLN ST","CITY":"HIGHLAND PARK","STATE":"MI","ZIP":"48203","STFIP":"26","CNTY":"26163","NMCNTY":"Wayne County","LOCALE":"21","LAT":42.39795,"LON":-83.107444,"CBSA":"19820","NMCBSA":"Detroit-Warren-Dearborn, MI","CBSATYPE":"1","CSA":"220","NMCSA":"Detroit-Warren-Ann Arbor, MI","CD":"2613","SLDL":"26007","SLDU":"26003","SCHOOLYEAR":"2024-2025"}},{"type":"Feature","id":43428,"geometry":{"type":"Point","coordinates":[-83.30000000003508,42.224800000415435]},"properties":{"OBJECTID":43428,"NCESSCH":"260033101955","LEAID":"2600331","NAME":"Taylor Exemplar Academy","OPSTFIPS":"26","STREET":"26727 GODDARD RD","CITY":"TAYLOR","STATE":"MI","ZIP":"48180","STFIP":"26","CNTY":"26163","NMCNTY":"Wayne County","LOCALE":"21","LAT":42.2248,"LON":-83.3,"CBSA":"19820","NMCBSA":"Detroit-Warren-Dearborn, MI","CBSATYPE":"1","CSA":"220","NMCSA":"Detroit-Warren-Ann Arbor, MI","CD":"2613","SLDL":"26029","SLDU":"26001","SCHOOLYEAR":"2024-2025"}},{"type":"Feature","id":43429,"geometry":{"type":"Point","coordinates":[-83.29640000016428,42.434900000714265]},"properties":{"OBJECTID":43429,"NCESSCH":"260033307495","LEAID":"2600333","NAME":"David Ellis Academy West","OPSTFIPS":"26","STREET":"19800 BEECH DALY RD","CITY":"REDFORD","STATE":"MI","ZIP":"48240","STFIP":"26","CNTY":"26163","NMCNTY":"Wayne County","LOCALE":"21","LAT":42.4349,"LON":-83.2964,"CBSA":"19820","NMCBSA":"Detroit-Warren-Dearborn, MI","CBSATYPE":"1","CSA":"220","NMCSA":"Detroit-Warren-Ann Arbor, MI","CD":"2612","SLDL":"26017","SLDU":"26006","SCHOOLYEAR":"2024-2025"}},{"type":"Feature","id":43430,"geometry":{"type":"Point","coordinates":[-83.15672899998694,42.38827499953334]},"properties":{"OBJECTID":43430,"NCESSCH":"260094507818","LEAID":"2600945","NAME":"Flagship Charter Academy","OPSTFIPS":"26","STREET":"13661 WISCONSIN ST","CITY":"DETROIT","STATE":"MI","ZIP":"48238","STFIP":"26","CNTY":"26163","NMCNTY":"Wayne County","LOCALE":"11","LAT":42.388275,"LON":-83.156729,"CBSA":"19820","NMCBSA":"Detroit-Warren-Dearborn, MI","CBSATYPE":"1","CSA":"220","NMCSA":"Detroit-Warren-Ann Arbor, MI","CD":"2613","SLDL":"26008","SLDU":"26001","SCHOOLYEAR":"2024-2025"}},{"type":"Feature","id":43432,"geometry":{"type":"Point","coordinates":[-83.24374900036574,42.34081999977206]},"properties":{"OBJECTID":43432,"NCESSCH":"260094707780","LEAID":"2600947","NAME":"Clara B Ford Academy SDA","OPSTFIPS":"26","STREET":"20651 WEST WARREN ST","CITY":"DEARBORN HEIGHTS","STATE":"MI","ZIP":"48127","STFIP":"26","CNTY":"26163","NMCNTY":"Wayne County","LOCALE":"21","LAT":42.34082,"LON":-83.243749,"CBSA":"19820","NMCBSA":"Detroit-Warren-Dearborn, MI","CBSATYPE":"1","CSA":"220","NMCSA":"Detroit-Warren-Ann Arbor, MI","CD":"2612","SLDL":"26015","SLDU":"26002","SCHOOLYEAR":"2024-2025"}},{"type":"Feature","id":43442,"geometry":{"type":"Point","coordinates":[-82.92415000011366,42.48307899994498]},"properties":{"OBJECTID":43442,"NCESSCH":"260095007851","LEAID":"2600950","NAME":"Reach Charter Academy","OPSTFIPS":"26","STREET":"25275 CHIPPENDALE ST","CITY":"ROSEVILLE","STATE":"MI","ZIP":"48066","STFIP":"26","CNTY":"26099","NMCNTY":"Macomb County","LOCALE":"21","LAT":42.483079,"LON":-82.92415,"CBSA":"19820","NMCBSA":"Detroit-Warren-Dearborn, MI","CBSATYPE":"1","CSA":"220","NMCSA":"Detroit-Warren-Ann Arbor, MI","CD":"2610","SLDL":"26013","SLDU":"26011","SCHOOLYEAR":"2024-2025"}},{"type":"Feature","id":43443,"geometry":{"type":"Point","coordinates":[-83.24374900036574,42.34081999977206]},"properties":{"OBJECTID":43443,"NCESSCH":"260095107956","LEAID":"2600951","NAME":"Vista Meadows Academy","OPSTFIPS":"26","STREET":"20651 WEST WARREN ST","CITY":"DEARBORN HEIGHTS","STATE":"MI","ZIP":"48127","STFIP":"26","CNTY":"26163","NMCNTY":"Wayne County","LOCALE":"21","LAT":42.34082,"LON":-83.243749,"CBSA":"19820","NMCBSA":"Detroit-Warren-Dearborn, MI","CBSATYPE":"1","CSA":"220","NMCSA":"Detroit-Warren-Ann Arbor, MI","CD":"2612","SLDL":"26015","SLDU":"26002","SCHOOLYEAR":"2024-2025"}},{"type":"Feature","id":43444,"geometry":{"type":"Point","coordinates":[-83.06225199929317,42.359126000123986]},"properties":{"OBJECTID":43444,"NCESSCH":"260095207946","LEAID":"2600952","NAME":"University Preparatory Science and Math PSAD Middle School","OPSTFIPS":"26","STREET":"5100 JOHN R ST","CITY":"DETROIT","STATE":"MI","ZIP":"48202","STFIP":"26","CNTY":"26163","NMCNTY":"Wayne County","LOCALE":"11","LAT":42.359126,"LON":-83.062252,"CBSA":"19820","NMCBSA":"Detroit-Warren-Dearborn, MI","CBSATYPE":"1","CSA":"220","NMCSA":"Detroit-Warren-Ann Arbor, MI","CD":"2613","SLDL":"26009","SLDU":"26003","SCHOOLYEAR":"2024-2025"}},{"type":"Feature","id":43445,"geometry":{"type":"Point","coordinates":[-83.02039999942446,42.337099999321175]},"properties":{"OBJECTID":43445,"NCESSCH":"260095208134","LEAID":"2600952","NAME":"University Preparatory Science and Math PSAD High School","OPSTFIPS":"26","STREET":"2664 FRANKLIN ST","CITY":"DETROIT","STATE":"MI","ZIP":"48207","STFIP":"26","CNTY":"26163","NMCNTY":"Wayne County","LOCALE":"11","LAT":42.3371,"LON":-83.0204,"CBSA":"19820","NMCBSA":"Detroit-Warren-Dearborn, MI","CBSATYPE":"1","CSA":"220","NMCSA":"Detroit-Warren-Ann Arbor, MI","CD":"2613","SLDL":"26009","SLDU":"26003","SCHOOLYEAR":"2024-2025"}},{"type":"Feature","id":43446,"geometry":{"type":"Point","coordinates":[-83.03069999959982,42.34819999977083]},"properties":{"OBJECTID":43446,"NCESSCH":"260095208401","LEAID":"2600952","NAME":"University Preparatory Science and Math  Elementary","OPSTFIPS":"26","STREET":"2251 ANTIETAM AVE","CITY":"DETROIT","STATE":"MI","ZIP":"48207","STFIP":"26","CNTY":"26163","NMCNTY":"Wayne County","LOCALE":"11","LAT":42.3482,"LON":-83.0307,"CBSA":"19820","NMCBSA":"Detroit-Warren-Dearborn, MI","CBSATYPE":"1","CSA":"220","NMCSA":"Detroit-Warren-Ann Arbor, MI","CD":"2613","SLDL":"26009","SLDU":"26003","SCHOOLYEAR":"2024-2025"}},{"type":"Feature","id":43448,"geometry":{"type":"Point","coordinates":[-83.07314100022091,42.36549999970557]},"properties":{"OBJECTID":43448,"NCESSCH":"260095607836","LEAID":"2600956","NAME":"University Preparatory Academy PSAD  Elementary","OPSTFIPS":"26","STREET":"435 AMSTERDAM ST","CITY":"DETROIT","STATE":"MI","ZIP":"48202","STFIP":"26","CNTY":"26163","NMCNTY":"Wayne County","LOCALE":"11","LAT":42.3655,"LON":-83.073141,"CBSA":"19820","NMCBSA":"Detroit-Warren-Dearborn, MI","CBSATYPE":"1","CSA":"220","NMCSA":"Detroit-Warren-Ann Arbor, MI","CD":"2613","SLDL":"26009","SLDU":"26003","SCHOOLYEAR":"2024-2025"}},{"type":"Feature","id":43449,"geometry":{"type":"Point","coordinates":[-83.07460800042784,42.362823999158756]},"properties":{"OBJECTID":43449,"NCESSCH":"260095607842","LEAID":"2600956","NAME":"University Preparatory Academy PSAD  High School","OPSTFIPS":"26","STREET":"600 ANTOINETTE ST","CITY":"DETROIT","STATE":"MI","ZIP":"48202","STFIP":"26","CNTY":"26163","NMCNTY":"Wayne County","LOCALE":"11","LAT":42.362824,"LON":-83.074608,"CBSA":"19820","NMCBSA":"Detroit-Warren-Dearborn, MI","CBSATYPE":"1","CSA":"220","NMCSA":"Detroit-Warren-Ann Arbor, MI","CD":"2613","SLDL":"26009","SLDU":"26003","SCHOOLYEAR":"2024-2025"}},{"type":"Feature","id":43450,"geometry":{"type":"Point","coordinates":[-83.07694100006435,42.36193999988547]},"properties":{"OBJECTID":43450,"NCESSCH":"260095607905","LEAID":"2600956","NAME":"University Preparatory Academy PSAD  Elementary","OPSTFIPS":"26","STREET":"957 HOLDEN ST","CITY":"DETROIT","STATE":"MI","ZIP":"48202","STFIP":"26","CNTY":"26163","NMCNTY":"Wayne County","LOCALE":"11","LAT":42.36194,"LON":-83.076941,"CBSA":"19820","NMCBSA":"Detroit-Warren-Dearborn, MI","CBSATYPE":"1","CSA":"220","NMCSA":"Detroit-Warren-Ann Arbor, MI","CD":"2613","SLDL":"26009","SLDU":"26003","SCHOOLYEAR":"2024-2025"}},{"type":"Feature","id":43451,"geometry":{"type":"Point","coordinates":[-83.05790100025585,42.36241999992465]},"properties":{"OBJECTID":43451,"NCESSCH":"260095607940","LEAID":"2600956","NAME":"University Preparatory Academy PSAD  Middle","OPSTFIPS":"26","STREET":"5310 SAINT ANTOINE ST","CITY":"DETROIT","STATE":"MI","ZIP":"48202","STFIP":"26","CNTY":"26163","NMCNTY":"Wayne County","LOCALE":"11","LAT":42.36242,"LON":-83.057901,"CBSA":"19820","NMCBSA":"Detroit-Warren-Dearborn, MI","CBSATYPE":"1","CSA":"220","NMCSA":"Detroit-Warren-Ann Arbor, MI","CD":"2613","SLDL":"26009","SLDU":"26003","SCHOOLYEAR":"2024-2025"}},{"type":"Feature","id":43452,"geometry":{"type":"Point","coordinates":[-83.27268100015687,42.372609999928365]},"properties":{"OBJECTID":43452,"NCESSCH":"260095808086","LEAID":"2600958","NAME":"WashingtonParks Academy","OPSTFIPS":"26","STREET":"11685 APPLETON","CITY":"REDFORD","STATE":"MI","ZIP":"48239","STFIP":"26","CNTY":"26163","NMCNTY":"Wayne County","LOCALE":"21","LAT":42.37261,"LON":-83.272681,"CBSA":"19820","NMCBSA":"Detroit-Warren-Dearborn, MI","CBSATYPE":"1","CSA":"220","NMCSA":"Detroit-Warren-Ann Arbor, MI","CD":"2612","SLDL":"26016","SLDU":"26006","SCHOOLYEAR":"2024-2025"}},{"type":"Feature","id":43454,"geometry":{"type":"Point","coordinates":[-83.69349000038318,42.16967999979729]},"properties":{"OBJECTID":43454,"NCESSCH":"260096007994","LEAID":"2600960","NAME":"Center for Forensic Psychiatry","OPSTFIPS":"26","STREET":"8303 PLATT RD","CITY":"SALINE","STATE":"MI","ZIP":"48176","STFIP":"26","CNTY":"26161","NMCNTY":"Washtenaw County","LOCALE":"21","LAT":42.16968,"LON":-83.69349,"CBSA":"11460","NMCBSA":"Ann Arbor, MI","CBSATYPE":"1","CSA":"220","NMCSA":"Detroit-Warren-Ann Arbor, MI","CD":"2606","SLDL":"26031","SLDU":"26015","SCHOOLYEAR":"2024-2025"}},{"type":"Feature","id":43455,"geometry":{"type":"Point","coordinates":[-83.3457800003902,42.29413400038121]},"properties":{"OBJECTID":43455,"NCESSCH":"260096008001","LEAID":"2600960","NAME":"Walter P Reuther Psychiatric Hospital","OPSTFIPS":"26","STREET":"30901 PALMER RD","CITY":"WESTLAND","STATE":"MI","ZIP":"48186","STFIP":"26","CNTY":"26163","NMCNTY":"Wayne County","LOCALE":"21","LAT":42.294134,"LON":-83.34578,"CBSA":"19820","NMCBSA":"Detroit-Warren-Dearborn, MI","CBSATYPE":"1","CSA":"220","NMCSA":"Detroit-Warren-Ann Arbor, MI","CD":"2612","SLDL":"26026","SLDU":"26005","SCHOOLYEAR":"2024-2025"}},{"type":"Feature","id":43456,"geometry":{"type":"Point","coordinates":[-83.4346470002343,42.42028000013774]},"properties":{"OBJECTID":43456,"NCESSCH":"260096008066","LEAID":"2600960","NAME":"Hawthorn Center","OPSTFIPS":"26","STREET":"18471 HAGGERTY RD","CITY":"NORTHVILLE","STATE":"MI","ZIP":"48168","STFIP":"26","CNTY":"26163","NMCNTY":"Wayne County","LOCALE":"21","LAT":42.42028,"LON":-83.434647,"CBSA":"19820","NMCBSA":"Detroit-Warren-Dearborn, MI","CBSATYPE":"1","CSA":"220","NMCSA":"Detroit-Warren-Ann Arbor, MI","CD":"2606","SLDL":"26022","SLDU":"26013","SCHOOLYEAR":"2024-2025"}},{"type":"Feature","id":43459,"geometry":{"type":"Point","coordinates":[-83.07496800001074,42.36800400005672]},"properties":{"OBJECTID":43459,"NCESSCH":"260096108026","LEAID":"2600961","NAME":"University Preparatory Art  Design MiddleHigh","OPSTFIPS":"26","STREET":"485 W MILWAUKEE ST","CITY":"DETROIT","STATE":"MI","ZIP":"48202","STFIP":"26","CNTY":"26163","NMCNTY":"Wayne County","LOCALE":"11","LAT":42.368004,"LON":-83.074968,"CBSA":"19820","NMCBSA":"Detroit-Warren-Dearborn, MI","CBSATYPE":"1","CSA":"220","NMCSA":"Detroit-Warren-Ann Arbor, MI","CD":"2613","SLDL":"26009","SLDU":"26003","SCHOOLYEAR":"2024-2025"}},{"type":"Feature","id":43460,"geometry":{"type":"Point","coordinates":[-83.09260000013637,42.386699999477024]},"properties":{"OBJECTID":43460,"NCESSCH":"260096108416","LEAID":"2600961","NAME":"University Preparatory Art  Design Elementary","OPSTFIPS":"26","STREET":"10225 3RD ST","CITY":"DETROIT","STATE":"MI","ZIP":"48202","STFIP":"26","CNTY":"26163","NMCNTY":"Wayne County","LOCALE":"11","LAT":42.3867,"LON":-83.0926,"CBSA":"19820","NMCBSA":"Detroit-Warren-Dearborn, MI","CBSATYPE":"1","CSA":"220","NMCSA":"Detroit-Warren-Ann Arbor, MI","CD":"2613","SLDL":"26007","SLDU":"26003","SCHOOLYEAR":"2024-2025"}},{"type":"Feature","id":43461,"geometry":{"type":"Point","coordinates":[-83.52803600005174,42.2814319999273]},"properties":{"OBJECTID":43461,"NCESSCH":"260096307974","LEAID":"2600963","NAME":"Achieve Charter Academy","OPSTFIPS":"26","STREET":"3250 DENTON RD","CITY":"CANTON","STATE":"MI","ZIP":"48188","STFIP":"26","CNTY":"26163","NMCNTY":"Wayne County","LOCALE":"41","LAT":42.281432,"LON":-83.528036,"CBSA":"19820","NMCBSA":"Detroit-Warren-Dearborn, MI","CBSATYPE":"1","CSA":"220","NMCSA":"Detroit-Warren-Ann Arbor, MI","CD":"2606","SLDL":"26024","SLDU":"26005","SCHOOLYEAR":"2024-2025"}},{"type":"Feature","id":43462,"geometry":{"type":"Point","coordinates":[-83.0961000004693,42.49860000004404]},"properties":{"OBJECTID":43462,"NCESSCH":"260096407979","LEAID":"2600964","NAME":"Four Corners Montessori Academy","OPSTFIPS":"26","STREET":"1075 E GARDENIA AVE","CITY":"MADISON HEIGHTS","STATE":"MI","ZIP":"48071","STFIP":"26","CNTY":"26125","NMCNTY":"Oakland County","LOCALE":"21","LAT":42.4986,"LON":-83.0961,"CBSA":"19820","NMCBSA":"Detroit-Warren-Dearborn, MI","CBSATYPE":"1","CSA":"220","NMCSA":"Detroit-Warren-Ann Arbor, MI","CD":"2611","SLDL":"26014","SLDU":"26003","SCHOOLYEAR":"2024-2025"}},{"type":"Feature","id":43463,"geometry":{"type":"Point","coordinates":[-83.27841600018407,42.26616099982465]},"properties":{"OBJECTID":43463,"NCESSCH":"260096508062","LEAID":"2600965","NAME":"Quest Charter Academy","OPSTFIPS":"26","STREET":"24745 VAN BORN RD","CITY":"TAYLOR","STATE":"MI","ZIP":"48180","STFIP":"26","CNTY":"26163","NMCNTY":"Wayne County","LOCALE":"21","LAT":42.266161,"LON":-83.278416,"CBSA":"19820","NMCBSA":"Detroit-Warren-Dearborn, MI","CBSATYPE":"1","CSA":"220","NMCSA":"Detroit-Warren-Ann Arbor, MI","CD":"2613","SLDL":"26029","SLDU":"26001","SCHOOLYEAR":"2024-2025"}},{"type":"Feature","id":43465,"geometry":{"type":"Point","coordinates":[-83.01911100026472,42.503919999855434]},"properties":{"OBJECTID":43465,"NCESSCH":"260096708048","LEAID":"2600967","NAME":"Michigan Mathematics and Science Academy Lorraine","OPSTFIPS":"26","STREET":"28501 LORRAINE AVE","CITY":"WARREN","STATE":"MI","ZIP":"48093","STFIP":"26","CNTY":"26099","NMCNTY":"Macomb County","LOCALE":"12","LAT":42.50392,"LON":-83.019111,"CBSA":"19820","NMCBSA":"Detroit-Warren-Dearborn, MI","CBSATYPE":"1","CSA":"220","NMCSA":"Detroit-Warren-Ann Arbor, MI","CD":"2610","SLDL":"26014","SLDU":"26010","SCHOOLYEAR":"2024-2025"}},{"type":"Feature","id":43466,"geometry":{"type":"Point","coordinates":[-83.08361500021624,42.49412099988364]},"properties":{"OBJECTID":43466,"NCESSCH":"260096708813","LEAID":"2600967","NAME":"Michigan Mathematics and Science Academy Dequindre","OPSTFIPS":"26","STREET":"27300 DEQUINDRE RD","CITY":"WARREN","STATE":"MI","ZIP":"48092","STFIP":"26","CNTY":"26099","NMCNTY":"Macomb County","LOCALE":"12","LAT":42.494121,"LON":-83.083615,"CBSA":"19820","NMCBSA":"Detroit-Warren-Dearborn, MI","CBSATYPE":"1","CSA":"220","NMCSA":"Detroit-Warren-Ann Arbor, MI","CD":"2610","SLDL":"26014","SLDU":"26003","SCHOOLYEAR":"2024-2025"}},{"type":"Feature","id":43470,"geometry":{"type":"Point","coordinates":[-83.19169999989543,42.4227999998662]},"properties":{"OBJECTID":43470,"NCESSCH":"260097108194","LEAID":"2600971","NAME":"University Yes Academy","OPSTFIPS":"26","STREET":"14717 CURTIS ST","CITY":"DETROIT","STATE":"MI","ZIP":"48235","STFIP":"26","CNTY":"26163","NMCNTY":"Wayne County","LOCALE":"11","LAT":42.4228,"LON":-83.1917,"CBSA":"19820","NMCBSA":"Detroit-Warren-Dearborn, MI","CBSATYPE":"1","CSA":"220","NMCSA":"Detroit-Warren-Ann Arbor, MI","CD":"2612","SLDL":"26005","SLDU":"26008","SCHOOLYEAR":"2024-2025"}},{"type":"Feature","id":43471,"geometry":{"type":"Point","coordinates":[-83.08740000044924,42.45130000014372]},"properties":{"OBJECTID":43471,"NCESSCH":"260097208180","LEAID":"2600972","NAME":"Michigan Virtual Charter Academy","OPSTFIPS":"26","STREET":"1620 E ELZA AVE","CITY":"HAZEL PARK","STATE":"MI","ZIP":"48030","STFIP":"26","CNTY":"26125","NMCNTY":"Oakland County","LOCALE":"21","LAT":42.4513,"LON":-83.0874,"CBSA":"19820","NMCBSA":"Detroit-Warren-Dearborn, MI","CBSATYPE":"1","CSA":"220","NMCSA":"Detroit-Warren-Ann Arbor, MI","CD":"2611","SLDL":"26014","SLDU":"26003","SCHOOLYEAR":"2024-2025"}},{"type":"Feature","id":43472,"geometry":{"type":"Point","coordinates":[-83.27096200013237,42.35628100013233]},"properties":{"OBJECTID":43472,"NCESSCH":"260097308141","LEAID":"2600973","NAME":"Global Heights Academy","OPSTFIPS":"26","STREET":"23713 JOY RD","CITY":"DEARBORN HEIGHTS","STATE":"MI","ZIP":"48127","STFIP":"26","CNTY":"26163","NMCNTY":"Wayne County","LOCALE":"21","LAT":42.356281,"LON":-83.270962,"CBSA":"19820","NMCBSA":"Detroit-Warren-Dearborn, MI","CBSATYPE":"1","CSA":"220","NMCSA":"Detroit-Warren-Ann Arbor, MI","CD":"2612","SLDL":"26015","SLDU":"26002","SCHOOLYEAR":"2024-2025"}},{"type":"Feature","id":43473,"geometry":{"type":"Point","coordinates":[-83.27078199965739,42.384417000107746]},"properties":{"OBJECTID":43473,"NCESSCH":"260097408187","LEAID":"2600974","NAME":"Detroit Leadership Academy K8","OPSTFIPS":"26","STREET":"13550 VIRGIL ST","CITY":"DETROIT","STATE":"MI","ZIP":"48223","STFIP":"26","CNTY":"26163","NMCNTY":"Wayne County","LOCALE":"11","LAT":42.384417,"LON":-83.270782,"CBSA":"19820","NMCBSA":"Detroit-Warren-Dearborn, MI","CBSATYPE":"1","CSA":"220","NMCSA":"Detroit-Warren-Ann Arbor, MI","CD":"2612","SLDL":"26016","SLDU":"26006","SCHOOLYEAR":"2024-2025"}},{"type":"Feature","id":43474,"geometry":{"type":"Point","coordinates":[-83.23285300013711,42.331142999610236]},"properties":{"OBJECTID":43474,"NCESSCH":"260097408496","LEAID":"2600974","NAME":"Detroit Leadership Academy High School","OPSTFIPS":"26","STREET":"5845 AUBURN ST","CITY":"DETROIT","STATE":"MI","ZIP":"48228","STFIP":"26","CNTY":"26163","NMCNTY":"Wayne County","LOCALE":"11","LAT":42.331143,"LON":-83.232853,"CBSA":"19820","NMCBSA":"Detroit-Warren-Dearborn, MI","CBSATYPE":"1","CSA":"220","NMCSA":"Detroit-Warren-Ann Arbor, MI","CD":"2612","SLDL":"26003","SLDU":"26002","SCHOOLYEAR":"2024-2025"}},{"type":"Feature","id":43476,"geometry":{"type":"Point","coordinates":[-83.05418700020311,42.42912199989851]},"properties":{"OBJECTID":43476,"NCESSCH":"260097908133","LEAID":"2600979","NAME":"Legacy Charter Academy","OPSTFIPS":"26","STREET":"4900 E HILDALE ST","CITY":"DETROIT","STATE":"MI","ZIP":"48234","STFIP":"26","CNTY":"26163","NMCNTY":"Wayne County","LOCALE":"11","LAT":42.429122,"LON":-83.054187,"CBSA":"19820","NMCBSA":"Detroit-Warren-Dearborn, MI","CBSATYPE":"1","CSA":"220","NMCSA":"Detroit-Warren-Ann Arbor, MI","CD":"2613","SLDL":"26011","SLDU":"26010","SCHOOLYEAR":"2024-2025"}},{"type":"Feature","id":43482,"geometry":{"type":"Point","coordinates":[-83.79799999986948,42.55220000071103]},"properties":{"OBJECTID":43482,"NCESSCH":"260098408257","LEAID":"2600984","NAME":"FlexTech High School","OPSTFIPS":"26","STREET":"7707 CONFERENCE CENTER DR","CITY":"BRIGHTON","STATE":"MI","ZIP":"48114","STFIP":"26","CNTY":"26093","NMCNTY":"Livingston County","LOCALE":"22","LAT":42.5522,"LON":-83.798,"CBSA":"19820","NMCBSA":"Detroit-Warren-Dearborn, MI","CBSATYPE":"1","CSA":"220","NMCSA":"Detroit-Warren-Ann Arbor, MI","CD":"2607","SLDL":"26048","SLDU":"26022","SCHOOLYEAR":"2024-2025"}},{"type":"Feature","id":43483,"geometry":{"type":"Point","coordinates":[-82.95747000008133,42.43609599997955]},"properties":{"OBJECTID":43483,"NCESSCH":"260098508272","LEAID":"2600985","NAME":"Regent Park Scholars Charter Academy","OPSTFIPS":"26","STREET":"15865 E 7 MILE RD","CITY":"DETROIT","STATE":"MI","ZIP":"48205","STFIP":"26","CNTY":"26163","NMCNTY":"Wayne County","LOCALE":"11","LAT":42.436096,"LON":-82.95747,"CBSA":"19820","NMCBSA":"Detroit-Warren-Dearborn, MI","CBSATYPE":"1","CSA":"220","NMCSA":"Detroit-Warren-Ann Arbor, MI","CD":"2613","SLDL":"26012","SLDU":"26011","SCHOOLYEAR":"2024-2025"}},{"type":"Feature","id":43484,"geometry":{"type":"Point","coordinates":[-83.34096200022474,42.30846800015741]},"properties":{"OBJECTID":43484,"NCESSCH":"260098608231","LEAID":"2600986","NAME":"American International Academy  Elementary","OPSTFIPS":"26","STREET":"300 S HENRY RUFF RD","CITY":"WESTLAND","STATE":"MI","ZIP":"48186","STFIP":"26","CNTY":"26163","NMCNTY":"Wayne County","LOCALE":"21","LAT":42.308468,"LON":-83.340962,"CBSA":"19820","NMCBSA":"Detroit-Warren-Dearborn, MI","CBSATYPE":"1","CSA":"220","NMCSA":"Detroit-Warren-Ann Arbor, MI","CD":"2612","SLDL":"26026","SLDU":"26005","SCHOOLYEAR":"2024-2025"}},{"type":"Feature","id":43485,"geometry":{"type":"Point","coordinates":[-83.32643099989666,42.29892500020338]},"properties":{"OBJECTID":43485,"NCESSCH":"260098608795","LEAID":"2600986","NAME":"American International Academy High SchoolMiddle Schooll","OPSTFIPS":"26","STREET":"28955 ROSEWOOD ST","CITY":"INKSTER","STATE":"MI","ZIP":"48141","STFIP":"26","CNTY":"26163","NMCNTY":"Wayne County","LOCALE":"21","LAT":42.298925,"LON":-83.326431,"CBSA":"19820","NMCBSA":"Detroit-Warren-Dearborn, MI","CBSATYPE":"1","CSA":"220","NMCSA":"Detroit-Warren-Ann Arbor, MI","CD":"2612","SLDL":"26026","SLDU":"26005","SCHOOLYEAR":"2024-2025"}},{"type":"Feature","id":43486,"geometry":{"type":"Point","coordinates":[-83.3083579999054,42.304943999178]},"properties":{"OBJECTID":43486,"NCESSCH":"260098608907","LEAID":"2600986","NAME":"American International Academy Upper Elementary","OPSTFIPS":"26","STREET":"28955 ROSEWOOD ST","CITY":"INKSTER","STATE":"MI","ZIP":"48141","STFIP":"26","CNTY":"26163","NMCNTY":"Wayne County","LOCALE":"21","LAT":42.304944,"LON":-83.308358,"CBSA":"19820","NMCBSA":"Detroit-Warren-Dearborn, MI","CBSATYPE":"1","CSA":"220","NMCSA":"Detroit-Warren-Ann Arbor, MI","CD":"2612","SLDL":"26026","SLDU":"26005","SCHOOLYEAR":"2024-2025"}},{"type":"Feature","id":43488,"geometry":{"type":"Point","coordinates":[-83.62256500058831,42.190125000006816]},"properties":{"OBJECTID":43488,"NCESSCH":"260098908273","LEAID":"2600989","NAME":"Arbor Preparatory High School","OPSTFIPS":"26","STREET":"6800 HITCHINGHAM RD","CITY":"YPSILANTI","STATE":"MI","ZIP":"48197","STFIP":"26","CNTY":"26161","NMCNTY":"Washtenaw County","LOCALE":"41","LAT":42.190125,"LON":-83.622565,"CBSA":"11460","NMCBSA":"Ann Arbor, MI","CBSATYPE":"1","CSA":"220","NMCSA":"Detroit-Warren-Ann Arbor, MI","CD":"2606","SLDL":"26032","SLDU":"26015","SCHOOLYEAR":"2024-2025"}},{"type":"Feature","id":43490,"geometry":{"type":"Point","coordinates":[-83.19474499958113,42.44185200007221]},"properties":{"OBJECTID":43490,"NCESSCH":"260099308233","LEAID":"2600993","NAME":"Jalen Rose Leadership Academy","OPSTFIPS":"26","STREET":"15000 TROJAN ST","CITY":"DETROIT","STATE":"MI","ZIP":"48235","STFIP":"26","CNTY":"26163","NMCNTY":"Wayne County","LOCALE":"11","LAT":42.441852,"LON":-83.194745,"CBSA":"19820","NMCBSA":"Detroit-Warren-Dearborn, MI","CBSATYPE":"1","CSA":"220","NMCSA":"Detroit-Warren-Ann Arbor, MI","CD":"2612","SLDL":"26005","SLDU":"26007","SCHOOLYEAR":"2024-2025"}},{"type":"Feature","id":43491,"geometry":{"type":"Point","coordinates":[-83.08830000034567,42.56669999942304]},"properties":{"OBJECTID":43491,"NCESSCH":"260099508260","LEAID":"2600995","NAME":"Noor International Academy","OPSTFIPS":"26","STREET":"37412 DEQUINDRE RD","CITY":"STERLING HEIGHTS","STATE":"MI","ZIP":"48310","STFIP":"26","CNTY":"26099","NMCNTY":"Macomb County","LOCALE":"21","LAT":42.5667,"LON":-83.0883,"CBSA":"19820","NMCBSA":"Detroit-Warren-Dearborn, MI","CBSATYPE":"1","CSA":"220","NMCSA":"Detroit-Warren-Ann Arbor, MI","CD":"2610","SLDL":"26057","SLDU":"26009","SCHOOLYEAR":"2024-2025"}},{"type":"Feature","id":43492,"geometry":{"type":"Point","coordinates":[-83.62223500034577,42.18857799974997]},"properties":{"OBJECTID":43492,"NCESSCH":"260099608237","LEAID":"2600996","NAME":"East Arbor Charter Academy","OPSTFIPS":"26","STREET":"6885 MERRITT RD","CITY":"YPSILANTI","STATE":"MI","ZIP":"48197","STFIP":"26","CNTY":"26161","NMCNTY":"Washtenaw County","LOCALE":"41","LAT":42.188578,"LON":-83.622235,"CBSA":"11460","NMCBSA":"Ann Arbor, MI","CBSATYPE":"1","CSA":"220","NMCSA":"Detroit-Warren-Ann Arbor, MI","CD":"2606","SLDL":"26032","SLDU":"26015","SCHOOLYEAR":"2024-2025"}},{"type":"Feature","id":43493,"geometry":{"type":"Point","coordinates":[-83.4842779999184,42.284288000646846]},"properties":{"OBJECTID":43493,"NCESSCH":"260099708216","LEAID":"2600997","NAME":"South Canton Scholars Charter Academy","OPSTFIPS":"26","STREET":"3085 S CANTON CENTER RD","CITY":"CANTON","STATE":"MI","ZIP":"48188","STFIP":"26","CNTY":"26163","NMCNTY":"Wayne County","LOCALE":"21","LAT":42.284288,"LON":-83.484278,"CBSA":"19820","NMCBSA":"Detroit-Warren-Dearborn, MI","CBSATYPE":"1","CSA":"220","NMCSA":"Detroit-Warren-Ann Arbor, MI","CD":"2606","SLDL":"26025","SLDU":"26005","SCHOOLYEAR":"2024-2025"}},{"type":"Feature","id":43494,"geometry":{"type":"Point","coordinates":[-83.11755899991876,42.39885600037102]},"properties":{"OBJECTID":43494,"NCESSCH":"260099804881","LEAID":"2600998","NAME":"New Paradigm Glazer Academy","OPSTFIPS":"26","STREET":"2001 LA BELLE ST","CITY":"DETROIT","STATE":"MI","ZIP":"48238","STFIP":"26","CNTY":"26163","NMCNTY":"Wayne County","LOCALE":"11","LAT":42.398856,"LON":-83.117559,"CBSA":"19820","NMCBSA":"Detroit-Warren-Dearborn, MI","CBSATYPE":"1","CSA":"220","NMCSA":"Detroit-Warren-Ann Arbor, MI","CD":"2613","SLDL":"26008","SLDU":"26001","SCHOOLYEAR":"2024-2025"}},{"type":"Feature","id":43497,"geometry":{"type":"Point","coordinates":[-83.2180000001688,42.37040000029356]},"properties":{"OBJECTID":43497,"NCESSCH":"260100308307","LEAID":"2601003","NAME":"Detroit Innovation Academy","OPSTFIPS":"26","STREET":"18211 PLYMOUTH RD","CITY":"DETROIT","STATE":"MI","ZIP":"48228","STFIP":"26","CNTY":"26163","NMCNTY":"Wayne County","LOCALE":"11","LAT":42.3704,"LON":-83.218,"CBSA":"19820","NMCBSA":"Detroit-Warren-Dearborn, MI","CBSATYPE":"1","CSA":"220","NMCSA":"Detroit-Warren-Ann Arbor, MI","CD":"2612","SLDL":"26004","SLDU":"26002","SCHOOLYEAR":"2024-2025"}},{"type":"Feature","id":43498,"geometry":{"type":"Point","coordinates":[-83.26283000007061,42.43722699982076]},"properties":{"OBJECTID":43498,"NCESSCH":"260100808372","LEAID":"2601008","NAME":"MadisonCarver Academy","OPSTFIPS":"26","STREET":"19900 MCINTYRE ST","CITY":"DETROIT","STATE":"MI","ZIP":"48219","STFIP":"26","CNTY":"26163","NMCNTY":"Wayne County","LOCALE":"11","LAT":42.437227,"LON":-83.26283,"CBSA":"19820","NMCBSA":"Detroit-Warren-Dearborn, MI","CBSATYPE":"1","CSA":"220","NMCSA":"Detroit-Warren-Ann Arbor, MI","CD":"2612","SLDL":"26017","SLDU":"26007","SCHOOLYEAR":"2024-2025"}},{"type":"Feature","id":43499,"geometry":{"type":"Point","coordinates":[-82.99090000011981,42.44430000075361]},"properties":{"OBJECTID":43499,"NCESSCH":"260101004846","LEAID":"2601010","NAME":"Trix Academy","OPSTFIPS":"26","STREET":"20045 JOANN ST","CITY":"DETROIT","STATE":"MI","ZIP":"48205","STFIP":"26","CNTY":"26163","NMCNTY":"Wayne County","LOCALE":"11","LAT":42.4443,"LON":-82.9909,"CBSA":"19820","NMCBSA":"Detroit-Warren-Dearborn, MI","CBSATYPE":"1","CSA":"220","NMCSA":"Detroit-Warren-Ann Arbor, MI","CD":"2613","SLDL":"26011","SLDU":"26010","SCHOOLYEAR":"2024-2025"}},{"type":"Feature","id":43501,"geometry":{"type":"Point","coordinates":[-83.20981700044125,42.42258299991478]},"properties":{"OBJECTID":43501,"NCESSCH":"260101201297","LEAID":"2601012","NAME":"Rutherford Winans Academy","OPSTFIPS":"26","STREET":"16411 CURTIS ST","CITY":"DETROIT","STATE":"MI","ZIP":"48235","STFIP":"26","CNTY":"26163","NMCNTY":"Wayne County","LOCALE":"11","LAT":42.422583,"LON":-83.209817,"CBSA":"19820","NMCBSA":"Detroit-Warren-Dearborn, MI","CBSATYPE":"1","CSA":"220","NMCSA":"Detroit-Warren-Ann Arbor, MI","CD":"2612","SLDL":"26005","SLDU":"26006","SCHOOLYEAR":"2024-2025"}},{"type":"Feature","id":43502,"geometry":{"type":"Point","coordinates":[-83.04630300014631,42.38936100026971]},"properties":{"OBJECTID":43502,"NCESSCH":"260101308822","LEAID":"2601013","NAME":"CapstoneWayne Co Juvenile Detention Fac","OPSTFIPS":"26","STREET":"3501 HAMTRAMCK DR","CITY":"HAMTRAMCK","STATE":"MI","ZIP":"48211","STFIP":"26","CNTY":"26163","NMCNTY":"Wayne County","LOCALE":"21","LAT":42.389361,"LON":-83.046303,"CBSA":"19820","NMCBSA":"Detroit-Warren-Dearborn, MI","CBSATYPE":"1","CSA":"220","NMCSA":"Detroit-Warren-Ann Arbor, MI","CD":"2613","SLDL":"26007","SLDU":"26003","SCHOOLYEAR":"2024-2025"}},{"type":"Feature","id":43503,"geometry":{"type":"Point","coordinates":[-82.94840499929789,42.370274999793146]},"properties":{"OBJECTID":43503,"NCESSCH":"260101309057","LEAID":"2601013","NAME":"Capstone Academy Charter SchoolRiverbend","OPSTFIPS":"26","STREET":"13330 E JEFFERSON AVE","CITY":"DETROIT","STATE":"MI","ZIP":"48215","STFIP":"26","CNTY":"26163","NMCNTY":"Wayne County","LOCALE":"11","LAT":42.370275,"LON":-82.948405,"CBSA":"19820","NMCBSA":"Detroit-Warren-Dearborn, MI","CBSATYPE":"1","CSA":"220","NMCSA":"Detroit-Warren-Ann Arbor, MI","CD":"2613","SLDL":"26009","SLDU":"26003","SCHOOLYEAR":"2024-2025"}},{"type":"Feature","id":43504,"geometry":{"type":"Point","coordinates":[-83.09243899946655,42.401799000152636]},"properties":{"OBJECTID":43504,"NCESSCH":"260101405502","LEAID":"2601014","NAME":"Barber Elementary School","OPSTFIPS":"26","STREET":"45 E BUENA VISTA ST","CITY":"HIGHLAND PARK","STATE":"MI","ZIP":"48203","STFIP":"26","CNTY":"26163","NMCNTY":"Wayne County","LOCALE":"21","LAT":42.401799,"LON":-83.092439,"CBSA":"19820","NMCBSA":"Detroit-Warren-Dearborn, MI","CBSATYPE":"1","CSA":"220","NMCSA":"Detroit-Warren-Ann Arbor, MI","CD":"2613","SLDL":"26007","SLDU":"26003","SCHOOLYEAR":"2024-2025"}},{"type":"Feature","id":43505,"geometry":{"type":"Point","coordinates":[-83.06190299980281,42.39878100015216]},"properties":{"OBJECTID":43505,"NCESSCH":"260101608313","LEAID":"2601016","NAME":"Caniff Liberty Academy","OPSTFIPS":"26","STREET":"2650 CANIFF ST","CITY":"HAMTRAMCK","STATE":"MI","ZIP":"48212","STFIP":"26","CNTY":"26163","NMCNTY":"Wayne County","LOCALE":"21","LAT":42.398781,"LON":-83.061903,"CBSA":"19820","NMCBSA":"Detroit-Warren-Dearborn, MI","CBSATYPE":"1","CSA":"220","NMCSA":"Detroit-Warren-Ann Arbor, MI","CD":"2613","SLDL":"26007","SLDU":"26003","SCHOOLYEAR":"2024-2025"}},{"type":"Feature","id":43508,"geometry":{"type":"Point","coordinates":[-83.5206999996375,42.37730000020246]},"properties":{"OBJECTID":43508,"NCESSCH":"260102008377","LEAID":"2601020","NAME":"Plymouth Scholars Charter Academy","OPSTFIPS":"26","STREET":"48484 N TERRITORIAL RD","CITY":"PLYMOUTH","STATE":"MI","ZIP":"48170","STFIP":"26","CNTY":"26163","NMCNTY":"Wayne County","LOCALE":"21","LAT":42.3773,"LON":-83.5207,"CBSA":"19820","NMCBSA":"Detroit-Warren-Dearborn, MI","CBSATYPE":"1","CSA":"220","NMCSA":"Detroit-Warren-Ann Arbor, MI","CD":"2606","SLDL":"26023","SLDU":"26013","SCHOOLYEAR":"2024-2025"}},{"type":"Feature","id":43509,"geometry":{"type":"Point","coordinates":[-83.55271800009798,42.275909999701916]},"properties":{"OBJECTID":43509,"NCESSCH":"260102108332","LEAID":"2601021","NAME":"South Pointe Scholars Charter Academy","OPSTFIPS":"26","STREET":"10550 GEDDES RD","CITY":"YPSILANTI","STATE":"MI","ZIP":"48198","STFIP":"26","CNTY":"26161","NMCNTY":"Washtenaw County","LOCALE":"41","LAT":42.27591,"LON":-83.552718,"CBSA":"11460","NMCBSA":"Ann Arbor, MI","CBSATYPE":"1","CSA":"220","NMCSA":"Detroit-Warren-Ann Arbor, MI","CD":"2606","SLDL":"26032","SLDU":"26015","SCHOOLYEAR":"2024-2025"}},{"type":"Feature","id":43510,"geometry":{"type":"Point","coordinates":[-83.13264100035771,42.309036999732626]},"properties":{"OBJECTID":43510,"NCESSCH":"260102308403","LEAID":"2601023","NAME":"WAY Academy  Vernor Site","OPSTFIPS":"26","STREET":"8701 W VERNOR HWY","CITY":"DETROIT","STATE":"MI","ZIP":"48209","STFIP":"26","CNTY":"26163","NMCNTY":"Wayne County","LOCALE":"11","LAT":42.309037,"LON":-83.132641,"CBSA":"19820","NMCBSA":"Detroit-Warren-Dearborn, MI","CBSATYPE":"1","CSA":"220","NMCSA":"Detroit-Warren-Ann Arbor, MI","CD":"2613","SLDL":"26001","SLDU":"26001","SCHOOLYEAR":"2024-2025"}},{"type":"Feature","id":43511,"geometry":{"type":"Point","coordinates":[-83.23029400038618,42.364317000600245]},"properties":{"OBJECTID":43511,"NCESSCH":"260102308423","LEAID":"2601023","NAME":"WAY Academy  Chicago Site","OPSTFIPS":"26","STREET":"19321 W CHICAGO ST","CITY":"DETROIT","STATE":"MI","ZIP":"48228","STFIP":"26","CNTY":"26163","NMCNTY":"Wayne County","LOCALE":"11","LAT":42.364317,"LON":-83.230294,"CBSA":"19820","NMCBSA":"Detroit-Warren-Dearborn, MI","CBSATYPE":"1","CSA":"220","NMCSA":"Detroit-Warren-Ann Arbor, MI","CD":"2612","SLDL":"26004","SLDU":"26002","SCHOOLYEAR":"2024-2025"}},{"type":"Feature","id":43512,"geometry":{"type":"Point","coordinates":[-83.25893699989443,42.480827999695656]},"properties":{"OBJECTID":43512,"NCESSCH":"260102708373","LEAID":"2601027","NAME":"Faxon Academy","OPSTFIPS":"26","STREET":"26275 NORTHWESTERN HWY","CITY":"SOUTHFIELD","STATE":"MI","ZIP":"48076","STFIP":"26","CNTY":"26125","NMCNTY":"Oakland County","LOCALE":"13","LAT":42.480828,"LON":-83.258937,"CBSA":"19820","NMCBSA":"Detroit-Warren-Dearborn, MI","CBSATYPE":"1","CSA":"220","NMCSA":"Detroit-Warren-Ann Arbor, MI","CD":"2612","SLDL":"26018","SLDU":"26007","SCHOOLYEAR":"2024-2025"}},{"type":"Feature","id":43518,"geometry":{"type":"Point","coordinates":[-83.076289000135,42.3209779996699]},"properties":{"OBJECTID":43518,"NCESSCH":"260103208398","LEAID":"2601032","NAME":"Escuela Avancemos","OPSTFIPS":"26","STREET":"2635 HOWARD ST","CITY":"DETROIT","STATE":"MI","ZIP":"48216","STFIP":"26","CNTY":"26163","NMCNTY":"Wayne County","LOCALE":"11","LAT":42.320978,"LON":-83.076289,"CBSA":"19820","NMCBSA":"Detroit-Warren-Dearborn, MI","CBSATYPE":"1","CSA":"220","NMCSA":"Detroit-Warren-Ann Arbor, MI","CD":"2613","SLDL":"26001","SLDU":"26001","SCHOOLYEAR":"2024-2025"}},{"type":"Feature","id":43519,"geometry":{"type":"Point","coordinates":[-83.16605500006878,42.43427600018237]},"properties":{"OBJECTID":43519,"NCESSCH":"260103304769","LEAID":"2601033","NAME":"MacDowell Preparatory Academy","OPSTFIPS":"26","STREET":"4201 W OUTER DR","CITY":"DETROIT","STATE":"MI","ZIP":"48221","STFIP":"26","CNTY":"26163","NMCNTY":"Wayne County","LOCALE":"11","LAT":42.434276,"LON":-83.166055,"CBSA":"19820","NMCBSA":"Detroit-Warren-Dearborn, MI","CBSATYPE":"1","CSA":"220","NMCSA":"Detroit-Warren-Ann Arbor, MI","CD":"2612","SLDL":"26005","SLDU":"26008","SCHOOLYEAR":"2024-2025"}},{"type":"Feature","id":43521,"geometry":{"type":"Point","coordinates":[-82.98023899969832,42.46464000087911]},"properties":{"OBJECTID":43521,"NCESSCH":"260103508448","LEAID":"2601035","NAME":"Macomb Montessori Academy","OPSTFIPS":"26","STREET":"14057 E 9 MILE RD","CITY":"WARREN","STATE":"MI","ZIP":"48089","STFIP":"26","CNTY":"26099","NMCNTY":"Macomb County","LOCALE":"12","LAT":42.46464,"LON":-82.980239,"CBSA":"19820","NMCBSA":"Detroit-Warren-Dearborn, MI","CBSATYPE":"1","CSA":"220","NMCSA":"Detroit-Warren-Ann Arbor, MI","CD":"2610","SLDL":"26011","SLDU":"26010","SCHOOLYEAR":"2024-2025"}},{"type":"Feature","id":43522,"geometry":{"type":"Point","coordinates":[-83.31412900020825,42.32170199984873]},"properties":{"OBJECTID":43522,"NCESSCH":"260103608432","LEAID":"2601036","NAME":"Tipton Academy  PK3","OPSTFIPS":"26","STREET":"1615 BELTON ST","CITY":"GARDEN CITY","STATE":"MI","ZIP":"48135","STFIP":"26","CNTY":"26163","NMCNTY":"Wayne County","LOCALE":"21","LAT":42.321702,"LON":-83.314129,"CBSA":"19820","NMCBSA":"Detroit-Warren-Dearborn, MI","CBSATYPE":"1","CSA":"220","NMCSA":"Detroit-Warren-Ann Arbor, MI","CD":"2612","SLDL":"26026","SLDU":"26005","SCHOOLYEAR":"2024-2025"}},{"type":"Feature","id":43523,"geometry":{"type":"Point","coordinates":[-83.32939200021123,42.314301000771515]},"properties":{"OBJECTID":43523,"NCESSCH":"260103608745","LEAID":"2601036","NAME":"Tipton Academy  48","OPSTFIPS":"26","STREET":"29205 FLORENCE ST","CITY":"GARDEN CITY","STATE":"MI","ZIP":"48135","STFIP":"26","CNTY":"26163","NMCNTY":"Wayne County","LOCALE":"21","LAT":42.314301,"LON":-83.329392,"CBSA":"19820","NMCBSA":"Detroit-Warren-Dearborn, MI","CBSATYPE":"1","CSA":"220","NMCSA":"Detroit-Warren-Ann Arbor, MI","CD":"2612","SLDL":"26026","SLDU":"26005","SCHOOLYEAR":"2024-2025"}},{"type":"Feature","id":43524,"geometry":{"type":"Point","coordinates":[-83.74079599956426,43.04669900055085]},"properties":{"OBJECTID":43524,"NCESSCH":"260103708453","LEAID":"2601037","NAME":"Greater Heights Academy","OPSTFIPS":"26","STREET":"3196 W PASADENA AVE","CITY":"FLINT","STATE":"MI","ZIP":"48504","STFIP":"26","CNTY":"26049","NMCNTY":"Genesee County","LOCALE":"21","LAT":43.046699,"LON":-83.740796,"CBSA":"22420","NMCBSA":"Flint, MI","CBSATYPE":"1","CSA":"220","NMCSA":"Detroit-Warren-Ann Arbor, MI","CD":"2608","SLDL":"26069","SLDU":"26027","SCHOOLYEAR":"2024-2025"}},{"type":"Feature","id":43526,"geometry":{"type":"Point","coordinates":[-83.36300000005149,42.40720000046502]},"properties":{"OBJECTID":43526,"NCESSCH":"260104208555","LEAID":"2601042","NAME":"Branch Line School","OPSTFIPS":"26","STREET":"16360 HUBBARD ST","CITY":"LIVONIA","STATE":"MI","ZIP":"48154","STFIP":"26","CNTY":"26163","NMCNTY":"Wayne County","LOCALE":"13","LAT":42.4072,"LON":-83.363,"CBSA":"19820","NMCBSA":"Detroit-Warren-Dearborn, MI","CBSATYPE":"1","CSA":"220","NMCSA":"Detroit-Warren-Ann Arbor, MI","CD":"2612","SLDL":"26017","SLDU":"26006","SCHOOLYEAR":"2024-2025"}},{"type":"Feature","id":43527,"geometry":{"type":"Point","coordinates":[-83.42357799972567,42.46228300008898]},"properties":{"OBJECTID":43527,"NCESSCH":"260104308495","LEAID":"2601043","NAME":"Oakland FlexTech High School","OPSTFIPS":"26","STREET":"23801 INDUSTRIAL PARK DR","CITY":"FARMINGTON HILLS","STATE":"MI","ZIP":"48335","STFIP":"26","CNTY":"26125","NMCNTY":"Oakland County","LOCALE":"13","LAT":42.462283,"LON":-83.423578,"CBSA":"19820","NMCBSA":"Detroit-Warren-Dearborn, MI","CBSATYPE":"1","CSA":"220","NMCSA":"Detroit-Warren-Ann Arbor, MI","CD":"2611","SLDL":"26021","SLDU":"26006","SCHOOLYEAR":"2024-2025"}},{"type":"Feature","id":43529,"geometry":{"type":"Point","coordinates":[-83.33600399978461,42.633799999641404]},"properties":{"OBJECTID":43529,"NCESSCH":"260104508573","LEAID":"2601045","NAME":"Momentum Academy","OPSTFIPS":"26","STREET":"60 S LYNN AVE","CITY":"WATERFORD","STATE":"MI","ZIP":"48328","STFIP":"26","CNTY":"26125","NMCNTY":"Oakland County","LOCALE":"21","LAT":42.6338,"LON":-83.336004,"CBSA":"19820","NMCBSA":"Detroit-Warren-Dearborn, MI","CBSATYPE":"1","CSA":"220","NMCSA":"Detroit-Warren-Ann Arbor, MI","CD":"2611","SLDL":"26053","SLDU":"26023","SCHOOLYEAR":"2024-2025"}},{"type":"Feature","id":43530,"geometry":{"type":"Point","coordinates":[-83.20240099996253,42.87141499995982]},"properties":{"OBJECTID":43530,"NCESSCH":"260104608517","LEAID":"2601046","NAME":"Kingsbury Country Day School","OPSTFIPS":"26","STREET":"5000 HOSNER RD","CITY":"OXFORD","STATE":"MI","ZIP":"48370","STFIP":"26","CNTY":"26125","NMCNTY":"Oakland County","LOCALE":"41","LAT":42.871415,"LON":-83.202401,"CBSA":"19820","NMCBSA":"Detroit-Warren-Dearborn, MI","CBSATYPE":"1","CSA":"220","NMCSA":"Detroit-Warren-Ann Arbor, MI","CD":"2609","SLDL":"26066","SLDU":"26024","SCHOOLYEAR":"2024-2025"}},{"type":"Feature","id":43531,"geometry":{"type":"Point","coordinates":[-83.0322120001989,42.47014600024192]},"properties":{"OBJECTID":43531,"NCESSCH":"260104708578","LEAID":"2601047","NAME":"Rising Stars Academy","OPSTFIPS":"26","STREET":"23855 LAWRENCE","CITY":"CENTER LINE","STATE":"MI","ZIP":"48015","STFIP":"26","CNTY":"26099","NMCNTY":"Macomb County","LOCALE":"21","LAT":42.470146,"LON":-83.032212,"CBSA":"19820","NMCBSA":"Detroit-Warren-Dearborn, MI","CBSATYPE":"1","CSA":"220","NMCSA":"Detroit-Warren-Ann Arbor, MI","CD":"2610","SLDL":"26014","SLDU":"26010","SCHOOLYEAR":"2024-2025"}},{"type":"Feature","id":43532,"geometry":{"type":"Point","coordinates":[-83.20050700033883,42.41994299991848]},"properties":{"OBJECTID":43532,"NCESSCH":"260104808503","LEAID":"2601048","NAME":"Detroit Achievement Academy","OPSTFIPS":"26","STREET":"7000 W OUTER DR","CITY":"DETROIT","STATE":"MI","ZIP":"48235","STFIP":"26","CNTY":"26163","NMCNTY":"Wayne County","LOCALE":"11","LAT":42.419943,"LON":-83.200507,"CBSA":"19820","NMCBSA":"Detroit-Warren-Dearborn, MI","CBSATYPE":"1","CSA":"220","NMCSA":"Detroit-Warren-Ann Arbor, MI","CD":"2612","SLDL":"26005","SLDU":"26006","SCHOOLYEAR":"2024-2025"}},{"type":"Feature","id":43533,"geometry":{"type":"Point","coordinates":[-83.00380499947198,42.371738999282044]},"properties":{"OBJECTID":43533,"NCESSCH":"260104808796","LEAID":"2601048","NAME":"Detroit Prep","OPSTFIPS":"26","STREET":"8411 SYLVESTER ST","CITY":"DETROIT","STATE":"MI","ZIP":"48214","STFIP":"26","CNTY":"26163","NMCNTY":"Wayne County","LOCALE":"11","LAT":42.371739,"LON":-83.003805,"CBSA":"19820","NMCBSA":"Detroit-Warren-Dearborn, MI","CBSATYPE":"1","CSA":"220","NMCSA":"Detroit-Warren-Ann Arbor, MI","CD":"2613","SLDL":"26009","SLDU":"26003","SCHOOLYEAR":"2024-2025"}},{"type":"Feature","id":43536,"geometry":{"type":"Point","coordinates":[-83.00773499993039,42.36349499962679]},"properties":{"OBJECTID":43536,"NCESSCH":"260105108518","LEAID":"2601051","NAME":"The James and Grace Lee Boggs School","OPSTFIPS":"26","STREET":"7600 GOETHE ST","CITY":"DETROIT","STATE":"MI","ZIP":"48214","STFIP":"26","CNTY":"26163","NMCNTY":"Wayne County","LOCALE":"11","LAT":42.363495,"LON":-83.007735,"CBSA":"19820","NMCBSA":"Detroit-Warren-Dearborn, MI","CBSATYPE":"1","CSA":"220","NMCSA":"Detroit-Warren-Ann Arbor, MI","CD":"2613","SLDL":"26009","SLDU":"26003","SCHOOLYEAR":"2024-2025"}},{"type":"Feature","id":43537,"geometry":{"type":"Point","coordinates":[-83.38470000046992,42.69479999982969]},"properties":{"OBJECTID":43537,"NCESSCH":"260105308562","LEAID":"2601053","NAME":"Waterford Montessori Academy","OPSTFIPS":"26","STREET":"4860 MIDLAND AVE","CITY":"WATERFORD","STATE":"MI","ZIP":"48329","STFIP":"26","CNTY":"26125","NMCNTY":"Oakland County","LOCALE":"21","LAT":42.6948,"LON":-83.3847,"CBSA":"19820","NMCBSA":"Detroit-Warren-Dearborn, MI","CBSATYPE":"1","CSA":"220","NMCSA":"Detroit-Warren-Ann Arbor, MI","CD":"2611","SLDL":"26052","SLDU":"26023","SCHOOLYEAR":"2024-2025"}},{"type":"Feature","id":43538,"geometry":{"type":"Point","coordinates":[-83.37206100041396,42.63962999982489]},"properties":{"OBJECTID":43538,"NCESSCH":"260105308898","LEAID":"2601053","NAME":"Waterford Montessori Academy","OPSTFIPS":"26","STREET":"4350 ELIZABETH LAKE RD","CITY":"WATERFORD","STATE":"MI","ZIP":"48328","STFIP":"26","CNTY":"26125","NMCNTY":"Oakland County","LOCALE":"21","LAT":42.63963,"LON":-83.372061,"CBSA":"19820","NMCBSA":"Detroit-Warren-Dearborn, MI","CBSATYPE":"1","CSA":"220","NMCSA":"Detroit-Warren-Ann Arbor, MI","CD":"2611","SLDL":"26052","SLDU":"26023","SCHOOLYEAR":"2024-2025"}},{"type":"Feature","id":43540,"geometry":{"type":"Point","coordinates":[-83.68240000016024,43.0215000002432]},"properties":{"OBJECTID":43540,"NCESSCH":"260105608577","LEAID":"2601056","NAME":"WAY Academy  Flint Flint Campus","OPSTFIPS":"26","STREET":"817 E KEARSLEY ST","CITY":"FLINT","STATE":"MI","ZIP":"48503","STFIP":"26","CNTY":"26049","NMCNTY":"Genesee County","LOCALE":"13","LAT":43.0215,"LON":-83.6824,"CBSA":"22420","NMCBSA":"Flint, MI","CBSATYPE":"1","CSA":"220","NMCSA":"Detroit-Warren-Ann Arbor, MI","CD":"2608","SLDL":"26070","SLDU":"26027","SCHOOLYEAR":"2024-2025"}},{"type":"Feature","id":43542,"geometry":{"type":"Point","coordinates":[-83.27032600013523,42.23794700023509]},"properties":{"OBJECTID":43542,"NCESSCH":"260106108531","LEAID":"2601061","NAME":"Taylor Preparatory High School","OPSTFIPS":"26","STREET":"9540 TELEGRAPH RD","CITY":"TAYLOR","STATE":"MI","ZIP":"48180","STFIP":"26","CNTY":"26163","NMCNTY":"Wayne County","LOCALE":"21","LAT":42.237947,"LON":-83.270326,"CBSA":"19820","NMCBSA":"Detroit-Warren-Dearborn, MI","CBSATYPE":"1","CSA":"220","NMCSA":"Detroit-Warren-Ann Arbor, MI","CD":"2613","SLDL":"26029","SLDU":"26001","SCHOOLYEAR":"2024-2025"}},{"type":"Feature","id":43543,"geometry":{"type":"Point","coordinates":[-83.06743600079643,42.32517399985601]},"properties":{"OBJECTID":43543,"NCESSCH":"260106208462","LEAID":"2601062","NAME":"Detroit Public Safety Academy","OPSTFIPS":"26","STREET":"1250 ROSA PARKS BLVD","CITY":"DETROIT","STATE":"MI","ZIP":"48216","STFIP":"26","CNTY":"26163","NMCNTY":"Wayne County","LOCALE":"11","LAT":42.325174,"LON":-83.067436,"CBSA":"19820","NMCBSA":"Detroit-Warren-Dearborn, MI","CBSATYPE":"1","CSA":"220","NMCSA":"Detroit-Warren-Ann Arbor, MI","CD":"2613","SLDL":"26009","SLDU":"26001","SCHOOLYEAR":"2024-2025"}},{"type":"Feature","id":43544,"geometry":{"type":"Point","coordinates":[-83.57565899983612,42.25108200015548]},"properties":{"OBJECTID":43544,"NCESSCH":"260106408523","LEAID":"2601064","NAME":"Global Tech Academy","OPSTFIPS":"26","STREET":"1715 E FOREST AVE","CITY":"YPSILANTI","STATE":"MI","ZIP":"48198","STFIP":"26","CNTY":"26161","NMCNTY":"Washtenaw County","LOCALE":"21","LAT":42.251082,"LON":-83.575659,"CBSA":"11460","NMCBSA":"Ann Arbor, MI","CBSATYPE":"1","CSA":"220","NMCSA":"Detroit-Warren-Ann Arbor, MI","CD":"2606","SLDL":"26032","SLDU":"26015","SCHOOLYEAR":"2024-2025"}},{"type":"Feature","id":43547,"geometry":{"type":"Point","coordinates":[-83.33509999939423,42.643299999351]},"properties":{"OBJECTID":43547,"NCESSCH":"260106808546","LEAID":"2601068","NAME":"Oakside Prep Academy","OPSTFIPS":"26","STREET":"355 SUMMIT DR","CITY":"WATERFORD","STATE":"MI","ZIP":"48328","STFIP":"26","CNTY":"26125","NMCNTY":"Oakland County","LOCALE":"21","LAT":42.6433,"LON":-83.3351,"CBSA":"19820","NMCBSA":"Detroit-Warren-Dearborn, MI","CBSATYPE":"1","CSA":"220","NMCSA":"Detroit-Warren-Ann Arbor, MI","CD":"2611","SLDL":"26053","SLDU":"26023","SCHOOLYEAR":"2024-2025"}},{"type":"Feature","id":43551,"geometry":{"type":"Point","coordinates":[-83.34175100011409,42.37004699998962]},"properties":{"OBJECTID":43551,"NCESSCH":"260107209013","LEAID":"2601072","NAME":"Blended Learning Academies Credit Recovery High School  Liv","OPSTFIPS":"26","STREET":"30218 PLYMOUTH RD","CITY":"LIVONIA","STATE":"MI","ZIP":"48150","STFIP":"26","CNTY":"26163","NMCNTY":"Wayne County","LOCALE":"13","LAT":42.370047,"LON":-83.341751,"CBSA":"19820","NMCBSA":"Detroit-Warren-Dearborn, MI","CBSATYPE":"1","CSA":"220","NMCSA":"Detroit-Warren-Ann Arbor, MI","CD":"2612","SLDL":"26016","SLDU":"26006","SCHOOLYEAR":"2024-2025"}},{"type":"Feature","id":43552,"geometry":{"type":"Point","coordinates":[-83.04253699986596,42.333106999506754]},"properties":{"OBJECTID":43552,"NCESSCH":"260107408589","LEAID":"2601074","NAME":"WAY Michigan","OPSTFIPS":"26","STREET":"407 E FORT ST","CITY":"DETROIT","STATE":"MI","ZIP":"48226","STFIP":"26","CNTY":"26163","NMCNTY":"Wayne County","LOCALE":"11","LAT":42.333107,"LON":-83.042537,"CBSA":"19820","NMCBSA":"Detroit-Warren-Dearborn, MI","CBSATYPE":"1","CSA":"220","NMCSA":"Detroit-Warren-Ann Arbor, MI","CD":"2613","SLDL":"26009","SLDU":"26003","SCHOOLYEAR":"2024-2025"}},{"type":"Feature","id":43553,"geometry":{"type":"Point","coordinates":[-83.10990800073151,42.33491500045214]},"properties":{"OBJECTID":43553,"NCESSCH":"260107508633","LEAID":"2601075","NAME":"New Paradigm College Prep","OPSTFIPS":"26","STREET":"4001 29TH ST","CITY":"DETROIT","STATE":"MI","ZIP":"48210","STFIP":"26","CNTY":"26163","NMCNTY":"Wayne County","LOCALE":"11","LAT":42.334915,"LON":-83.109908,"CBSA":"19820","NMCBSA":"Detroit-Warren-Dearborn, MI","CBSATYPE":"1","CSA":"220","NMCSA":"Detroit-Warren-Ann Arbor, MI","CD":"2613","SLDL":"26001","SLDU":"26001","SCHOOLYEAR":"2024-2025"}},{"type":"Feature","id":43554,"geometry":{"type":"Point","coordinates":[-82.97018999956855,42.36553200086495]},"properties":{"OBJECTID":43554,"NCESSCH":"260107608613","LEAID":"2601076","NAME":"Pathways Academy","OPSTFIPS":"26","STREET":"11340 E JEFFERSON AVE","CITY":"DETROIT","STATE":"MI","ZIP":"48214","STFIP":"26","CNTY":"26163","NMCNTY":"Wayne County","LOCALE":"11","LAT":42.365532,"LON":-82.97019,"CBSA":"19820","NMCBSA":"Detroit-Warren-Dearborn, MI","CBSATYPE":"1","CSA":"220","NMCSA":"Detroit-Warren-Ann Arbor, MI","CD":"2613","SLDL":"26009","SLDU":"26003","SCHOOLYEAR":"2024-2025"}},{"type":"Feature","id":43556,"geometry":{"type":"Point","coordinates":[-83.49752999922686,42.30879200030154]},"properties":{"OBJECTID":43556,"NCESSCH":"260108008635","LEAID":"2601080","NAME":"Canton Preparatory High School","OPSTFIPS":"26","STREET":"46610 CHERRY HILL RD","CITY":"CANTON","STATE":"MI","ZIP":"48187","STFIP":"26","CNTY":"26163","NMCNTY":"Wayne County","LOCALE":"21","LAT":42.308792,"LON":-83.49753,"CBSA":"19820","NMCBSA":"Detroit-Warren-Dearborn, MI","CBSATYPE":"1","CSA":"220","NMCSA":"Detroit-Warren-Ann Arbor, MI","CD":"2606","SLDL":"26024","SLDU":"26005","SCHOOLYEAR":"2024-2025"}},{"type":"Feature","id":43557,"geometry":{"type":"Point","coordinates":[-83.32264199977436,42.440907999444946]},"properties":{"OBJECTID":43557,"NCESSCH":"260108208597","LEAID":"2601082","NAME":"Grand River Academy","OPSTFIPS":"26","STREET":"28111 8 MILE RD","CITY":"LIVONIA","STATE":"MI","ZIP":"48152","STFIP":"26","CNTY":"26163","NMCNTY":"Wayne County","LOCALE":"13","LAT":42.440908,"LON":-83.322642,"CBSA":"19820","NMCBSA":"Detroit-Warren-Dearborn, MI","CBSATYPE":"1","CSA":"220","NMCSA":"Detroit-Warren-Ann Arbor, MI","CD":"2612","SLDL":"26017","SLDU":"26006","SCHOOLYEAR":"2024-2025"}},{"type":"Feature","id":43564,"geometry":{"type":"Point","coordinates":[-83.94102499988522,42.4594180001164]},"properties":{"OBJECTID":43564,"NCESSCH":"260109608751","LEAID":"2601096","NAME":"Light of the World Academy","OPSTFIPS":"26","STREET":"550 E HAMBURG ST","CITY":"PINCKNEY","STATE":"MI","ZIP":"48169","STFIP":"26","CNTY":"26093","NMCNTY":"Livingston County","LOCALE":"22","LAT":42.459418,"LON":-83.941025,"CBSA":"19820","NMCBSA":"Detroit-Warren-Dearborn, MI","CBSATYPE":"1","CSA":"220","NMCSA":"Detroit-Warren-Ann Arbor, MI","CD":"2607","SLDL":"26048","SLDU":"26022","SCHOOLYEAR":"2024-2025"}},{"type":"Feature","id":43567,"geometry":{"type":"Point","coordinates":[-83.1141240005507,42.493563999248835]},"properties":{"OBJECTID":43567,"NCESSCH":"260110008739","LEAID":"2601100","NAME":"Keys Grace Academy","OPSTFIPS":"26","STREET":"27321 HAMPDEN ST","CITY":"MADISON HEIGHTS","STATE":"MI","ZIP":"48071","STFIP":"26","CNTY":"26125","NMCNTY":"Oakland County","LOCALE":"21","LAT":42.493564,"LON":-83.114124,"CBSA":"19820","NMCBSA":"Detroit-Warren-Dearborn, MI","CBSATYPE":"1","CSA":"220","NMCSA":"Detroit-Warren-Ann Arbor, MI","CD":"2611","SLDL":"26014","SLDU":"26003","SCHOOLYEAR":"2024-2025"}},{"type":"Feature","id":43568,"geometry":{"type":"Point","coordinates":[-83.03065299986987,42.42809099989753]},"properties":{"OBJECTID":43568,"NCESSCH":"260110108714","LEAID":"2601101","NAME":"Cornerstone JeffersonDouglass Academy","OPSTFIPS":"26","STREET":"6861 E NEVADA ST","CITY":"DETROIT","STATE":"MI","ZIP":"48234","STFIP":"26","CNTY":"26163","NMCNTY":"Wayne County","LOCALE":"11","LAT":42.428091,"LON":-83.030653,"CBSA":"19820","NMCBSA":"Detroit-Warren-Dearborn, MI","CBSATYPE":"1","CSA":"220","NMCSA":"Detroit-Warren-Ann Arbor, MI","CD":"2613","SLDL":"26011","SLDU":"26010","SCHOOLYEAR":"2024-2025"}},{"type":"Feature","id":43569,"geometry":{"type":"Point","coordinates":[-83.26905099977525,42.43499200011267]},"properties":{"OBJECTID":43569,"NCESSCH":"260110300079","LEAID":"2601103","NAME":"Communication and Media Arts High School","OPSTFIPS":"26","STREET":"19501 BERG RD","CITY":"DETROIT","STATE":"MI","ZIP":"48219","STFIP":"26","CNTY":"26163","NMCNTY":"Wayne County","LOCALE":"11","LAT":42.434992,"LON":-83.269051,"CBSA":"19820","NMCBSA":"Detroit-Warren-Dearborn, MI","CBSATYPE":"1","CSA":"220","NMCSA":"Detroit-Warren-Ann Arbor, MI","CD":"2612","SLDL":"26017","SLDU":"26006","SCHOOLYEAR":"2024-2025"}},{"type":"Feature","id":43570,"geometry":{"type":"Point","coordinates":[-83.20606600009279,42.398650999881866]},"properties":{"OBJECTID":43570,"NCESSCH":"260110300081","LEAID":"2601103","NAME":"Paul Robeson Malcolm X Academy","OPSTFIPS":"26","STREET":"14771 MANSFIELD ST","CITY":"DETROIT","STATE":"MI","ZIP":"48227","STFIP":"26","CNTY":"26163","NMCNTY":"Wayne County","LOCALE":"11","LAT":42.398651,"LON":-83.206066,"CBSA":"19820","NMCBSA":"Detroit-Warren-Dearborn, MI","CBSATYPE":"1","CSA":"220","NMCSA":"Detroit-Warren-Ann Arbor, MI","CD":"2612","SLDL":"26004","SLDU":"26006","SCHOOLYEAR":"2024-2025"}},{"type":"Feature","id":43571,"geometry":{"type":"Point","coordinates":[-83.05971500002937,42.36479000025297]},"properties":{"OBJECTID":43571,"NCESSCH":"260110300085","LEAID":"2601103","NAME":"Golightly Education Center","OPSTFIPS":"26","STREET":"5536 SAINT ANTOINE ST","CITY":"DETROIT","STATE":"MI","ZIP":"48202","STFIP":"26","CNTY":"26163","NMCNTY":"Wayne County","LOCALE":"11","LAT":42.36479,"LON":-83.059715,"CBSA":"19820","NMCBSA":"Detroit-Warren-Dearborn, MI","CBSATYPE":"1","CSA":"220","NMCSA":"Detroit-Warren-Ann Arbor, MI","CD":"2613","SLDL":"26009","SLDU":"26003","SCHOOLYEAR":"2024-2025"}},{"type":"Feature","id":43572,"geometry":{"type":"Point","coordinates":[-83.18666899993534,42.36370199968707]},"properties":{"OBJECTID":43572,"NCESSCH":"260110300086","LEAID":"2601103","NAME":"Breithaupt Career and Technical Center","OPSTFIPS":"26","STREET":"9300 HUBBELL ST","CITY":"DETROIT","STATE":"MI","ZIP":"48228","STFIP":"26","CNTY":"26163","NMCNTY":"Wayne County","LOCALE":"11","LAT":42.363702,"LON":-83.186669,"CBSA":"19820","NMCBSA":"Detroit-Warren-Dearborn, MI","CBSATYPE":"1","CSA":"220","NMCSA":"Detroit-Warren-Ann Arbor, MI","CD":"2612","SLDL":"26004","SLDU":"26002","SCHOOLYEAR":"2024-2025"}},{"type":"Feature","id":43573,"geometry":{"type":"Point","coordinates":[-83.06115299999134,42.34854000030624]},"properties":{"OBJECTID":43573,"NCESSCH":"260110300093","LEAID":"2601103","NAME":"Detroit School of Arts","OPSTFIPS":"26","STREET":"123 SELDEN ST","CITY":"DETROIT","STATE":"MI","ZIP":"48201","STFIP":"26","CNTY":"26163","NMCNTY":"Wayne County","LOCALE":"11","LAT":42.34854,"LON":-83.061153,"CBSA":"19820","NMCBSA":"Detroit-Warren-Dearborn, MI","CBSATYPE":"1","CSA":"220","NMCSA":"Detroit-Warren-Ann Arbor, MI","CD":"2613","SLDL":"26009","SLDU":"26003","SCHOOLYEAR":"2024-2025"}},{"type":"Feature","id":43574,"geometry":{"type":"Point","coordinates":[-82.9512920001638,42.37002999960552]},"properties":{"OBJECTID":43574,"NCESSCH":"260110300279","LEAID":"2601103","NAME":"Davis Aerospace Technical High School at Golightly","OPSTFIPS":"26","STREET":"900 DICKERSON ST","CITY":"DETROIT","STATE":"MI","ZIP":"48215","STFIP":"26","CNTY":"26163","NMCNTY":"Wayne County","LOCALE":"11","LAT":42.37003,"LON":-82.951292,"CBSA":"19820","NMCBSA":"Detroit-Warren-Dearborn, MI","CBSATYPE":"1","CSA":"220","NMCSA":"Detroit-Warren-Ann Arbor, MI","CD":"2613","SLDL":"26009","SLDU":"26003","SCHOOLYEAR":"2024-2025"}},{"type":"Feature","id":43575,"geometry":{"type":"Point","coordinates":[-83.19143600034297,42.41766499997378]},"properties":{"OBJECTID":43575,"NCESSCH":"260110300748","LEAID":"2601103","NAME":"Randolph Career and Technical Center","OPSTFIPS":"26","STREET":"17101 HUBBELL ST","CITY":"DETROIT","STATE":"MI","ZIP":"48235","STFIP":"26","CNTY":"26163","NMCNTY":"Wayne County","LOCALE":"11","LAT":42.417665,"LON":-83.191436,"CBSA":"19820","NMCBSA":"Detroit-Warren-Dearborn, MI","CBSATYPE":"1","CSA":"220","NMCSA":"Detroit-Warren-Ann Arbor, MI","CD":"2612","SLDL":"26005","SLDU":"26008","SCHOOLYEAR":"2024-2025"}},{"type":"Feature","id":43576,"geometry":{"type":"Point","coordinates":[-82.9512920001638,42.37002999960552]},"properties":{"OBJECTID":43576,"NCESSCH":"260110300749","LEAID":"2601103","NAME":"Golightly Career and Technical Center","OPSTFIPS":"26","STREET":"900 DICKERSON ST","CITY":"DETROIT","STATE":"MI","ZIP":"48215","STFIP":"26","CNTY":"26163","NMCNTY":"Wayne County","LOCALE":"11","LAT":42.37003,"LON":-82.951292,"CBSA":"19820","NMCBSA":"Detroit-Warren-Dearborn, MI","CBSATYPE":"1","CSA":"220","NMCSA":"Detroit-Warren-Ann Arbor, MI","CD":"2613","SLDL":"26009","SLDU":"26003","SCHOOLYEAR":"2024-2025"}},{"type":"Feature","id":43577,"geometry":{"type":"Point","coordinates":[-83.13847899994308,42.4271870003202]},"properties":{"OBJECTID":43577,"NCESSCH":"260110301293","LEAID":"2601103","NAME":"Palmer Park Preparatory Academy","OPSTFIPS":"26","STREET":"3901 MARGARETA ST","CITY":"DETROIT","STATE":"MI","ZIP":"48221","STFIP":"26","CNTY":"26163","NMCNTY":"Wayne County","LOCALE":"11","LAT":42.427187,"LON":-83.138479,"CBSA":"19820","NMCBSA":"Detroit-Warren-Dearborn, MI","CBSATYPE":"1","CSA":"220","NMCSA":"Detroit-Warren-Ann Arbor, MI","CD":"2613","SLDL":"26008","SLDU":"26008","SCHOOLYEAR":"2024-2025"}},{"type":"Feature","id":43578,"geometry":{"type":"Point","coordinates":[-83.00557899961136,42.38924000028868]},"properties":{"OBJECTID":43578,"NCESSCH":"260110301298","LEAID":"2601103","NAME":"Blackwell Institute","OPSTFIPS":"26","STREET":"9330 SHOEMAKER ST","CITY":"DETROIT","STATE":"MI","ZIP":"48213","STFIP":"26","CNTY":"26163","NMCNTY":"Wayne County","LOCALE":"11","LAT":42.38924,"LON":-83.005579,"CBSA":"19820","NMCBSA":"Detroit-Warren-Dearborn, MI","CBSATYPE":"1","CSA":"220","NMCSA":"Detroit-Warren-Ann Arbor, MI","CD":"2613","SLDL":"26007","SLDU":"26003","SCHOOLYEAR":"2024-2025"}},{"type":"Feature","id":43579,"geometry":{"type":"Point","coordinates":[-83.00140099998096,42.35247999999418]},"properties":{"OBJECTID":43579,"NCESSCH":"260110301299","LEAID":"2601103","NAME":"Moses Field Center","OPSTFIPS":"26","STREET":"1100 SHERIDAN ST","CITY":"DETROIT","STATE":"MI","ZIP":"48214","STFIP":"26","CNTY":"26163","NMCNTY":"Wayne County","LOCALE":"11","LAT":42.35248,"LON":-83.001401,"CBSA":"19820","NMCBSA":"Detroit-Warren-Dearborn, MI","CBSATYPE":"1","CSA":"220","NMCSA":"Detroit-Warren-Ann Arbor, MI","CD":"2613","SLDL":"26009","SLDU":"26003","SCHOOLYEAR":"2024-2025"}},{"type":"Feature","id":43580,"geometry":{"type":"Point","coordinates":[-82.9935909999815,42.37889000005824]},"properties":{"OBJECTID":43580,"NCESSCH":"260110301419","LEAID":"2601103","NAME":"Detroit Lions Academy","OPSTFIPS":"26","STREET":"10101 E CANFIELD ST","CITY":"DETROIT","STATE":"MI","ZIP":"48214","STFIP":"26","CNTY":"26163","NMCNTY":"Wayne County","LOCALE":"11","LAT":42.37889,"LON":-82.993591,"CBSA":"19820","NMCBSA":"Detroit-Warren-Dearborn, MI","CBSATYPE":"1","CSA":"220","NMCSA":"Detroit-Warren-Ann Arbor, MI","CD":"2613","SLDL":"26009","SLDU":"26003","SCHOOLYEAR":"2024-2025"}},{"type":"Feature","id":43581,"geometry":{"type":"Point","coordinates":[-83.08361699998238,42.34950000035046]},"properties":{"OBJECTID":43581,"NCESSCH":"260110301423","LEAID":"2601103","NAME":"Detroit Lions Academy","OPSTFIPS":"26","STREET":"2001 W WARREN AVE","CITY":"DETROIT","STATE":"MI","ZIP":"48208","STFIP":"26","CNTY":"26163","NMCNTY":"Wayne County","LOCALE":"11","LAT":42.3495,"LON":-83.083617,"CBSA":"19820","NMCBSA":"Detroit-Warren-Dearborn, MI","CBSATYPE":"1","CSA":"220","NMCSA":"Detroit-Warren-Ann Arbor, MI","CD":"2613","SLDL":"26009","SLDU":"26003","SCHOOLYEAR":"2024-2025"}},{"type":"Feature","id":43582,"geometry":{"type":"Point","coordinates":[-83.26869400041538,42.43227399965181]},"properties":{"OBJECTID":43582,"NCESSCH":"260110301609","LEAID":"2601103","NAME":"Charles Wright Academy of Arts and Science","OPSTFIPS":"26","STREET":"19299 BERG RD","CITY":"DETROIT","STATE":"MI","ZIP":"48219","STFIP":"26","CNTY":"26163","NMCNTY":"Wayne County","LOCALE":"11","LAT":42.432274,"LON":-83.268694,"CBSA":"19820","NMCBSA":"Detroit-Warren-Dearborn, MI","CBSATYPE":"1","CSA":"220","NMCSA":"Detroit-Warren-Ann Arbor, MI","CD":"2612","SLDL":"26017","SLDU":"26006","SCHOOLYEAR":"2024-2025"}},{"type":"Feature","id":43583,"geometry":{"type":"Point","coordinates":[-83.0031930005354,42.42933600049451]},"properties":{"OBJECTID":43583,"NCESSCH":"260110301676","LEAID":"2601103","NAME":"Brenda Scott Academy for Theatre Arts","OPSTFIPS":"26","STREET":"18440 HOOVER ST","CITY":"DETROIT","STATE":"MI","ZIP":"48205","STFIP":"26","CNTY":"26163","NMCNTY":"Wayne County","LOCALE":"11","LAT":42.429336,"LON":-83.003193,"CBSA":"19820","NMCBSA":"Detroit-Warren-Dearborn, MI","CBSATYPE":"1","CSA":"220","NMCSA":"Detroit-Warren-Ann Arbor, MI","CD":"2613","SLDL":"26007","SLDU":"26010","SCHOOLYEAR":"2024-2025"}},{"type":"Feature","id":43584,"geometry":{"type":"Point","coordinates":[-82.92900199975979,42.4080220004414]},"properties":{"OBJECTID":43584,"NCESSCH":"260110301703","LEAID":"2601103","NAME":"Diann BanksWilliamson Educational Center","OPSTFIPS":"26","STREET":"5020 CADIEUX RD","CITY":"DETROIT","STATE":"MI","ZIP":"48224","STFIP":"26","CNTY":"26163","NMCNTY":"Wayne County","LOCALE":"11","LAT":42.408022,"LON":-82.929002,"CBSA":"19820","NMCBSA":"Detroit-Warren-Dearborn, MI","CBSATYPE":"1","CSA":"220","NMCSA":"Detroit-Warren-Ann Arbor, MI","CD":"2613","SLDL":"26010","SLDU":"26010","SCHOOLYEAR":"2024-2025"}},{"type":"Feature","id":43585,"geometry":{"type":"Point","coordinates":[-83.19456000030826,42.41772499982692]},"properties":{"OBJECTID":43585,"NCESSCH":"260110301920","LEAID":"2601103","NAME":"Jerry L White Center","OPSTFIPS":"26","STREET":"14804 W MCNICHOLS RD","CITY":"DETROIT","STATE":"MI","ZIP":"48235","STFIP":"26","CNTY":"26163","NMCNTY":"Wayne County","LOCALE":"11","LAT":42.417725,"LON":-83.19456,"CBSA":"19820","NMCBSA":"Detroit-Warren-Dearborn, MI","CBSATYPE":"1","CSA":"220","NMCSA":"Detroit-Warren-Ann Arbor, MI","CD":"2612","SLDL":"26005","SLDU":"26008","SCHOOLYEAR":"2024-2025"}},{"type":"Feature","id":43586,"geometry":{"type":"Point","coordinates":[-83.12852900004015,42.37424600047226]},"properties":{"OBJECTID":43586,"NCESSCH":"260110301922","LEAID":"2601103","NAME":"Keidan Special Education Center","OPSTFIPS":"26","STREET":"4441 COLLINGWOOD ST","CITY":"DETROIT","STATE":"MI","ZIP":"48204","STFIP":"26","CNTY":"26163","NMCNTY":"Wayne County","LOCALE":"11","LAT":42.374246,"LON":-83.128529,"CBSA":"19820","NMCBSA":"Detroit-Warren-Dearborn, MI","CBSATYPE":"1","CSA":"220","NMCSA":"Detroit-Warren-Ann Arbor, MI","CD":"2613","SLDL":"26008","SLDU":"26001","SCHOOLYEAR":"2024-2025"}},{"type":"Feature","id":43587,"geometry":{"type":"Point","coordinates":[-83.01465299990008,42.39470099979978]},"properties":{"OBJECTID":43587,"NCESSCH":"260110304637","LEAID":"2601103","NAME":"AL Holmes Academy of Blended Learning","OPSTFIPS":"26","STREET":"8950 CRANE ST","CITY":"DETROIT","STATE":"MI","ZIP":"48213","STFIP":"26","CNTY":"26163","NMCNTY":"Wayne County","LOCALE":"11","LAT":42.394701,"LON":-83.014653,"CBSA":"19820","NMCBSA":"Detroit-Warren-Dearborn, MI","CBSATYPE":"1","CSA":"220","NMCSA":"Detroit-Warren-Ann Arbor, MI","CD":"2613","SLDL":"26007","SLDU":"26003","SCHOOLYEAR":"2024-2025"}},{"type":"Feature","id":43588,"geometry":{"type":"Point","coordinates":[-83.26117900029257,42.34713500001002]},"properties":{"OBJECTID":43588,"NCESSCH":"260110304641","LEAID":"2601103","NAME":"Ann Arbor Trail Magnet School","OPSTFIPS":"26","STREET":"7635 CHATHAM","CITY":"DETROIT","STATE":"MI","ZIP":"48239","STFIP":"26","CNTY":"26163","NMCNTY":"Wayne County","LOCALE":"11","LAT":42.347135,"LON":-83.261179,"CBSA":"19820","NMCBSA":"Detroit-Warren-Dearborn, MI","CBSATYPE":"1","CSA":"220","NMCSA":"Detroit-Warren-Ann Arbor, MI","CD":"2612","SLDL":"26004","SLDU":"26002","SCHOOLYEAR":"2024-2025"}},{"type":"Feature","id":43589,"geometry":{"type":"Point","coordinates":[-83.15219699995731,42.424984000241075]},"properties":{"OBJECTID":43589,"NCESSCH":"260110304643","LEAID":"2601103","NAME":"Bagley Elementary School of Journalism and Technology","OPSTFIPS":"26","STREET":"8100 CURTIS ST","CITY":"DETROIT","STATE":"MI","ZIP":"48221","STFIP":"26","CNTY":"26163","NMCNTY":"Wayne County","LOCALE":"11","LAT":42.424984,"LON":-83.152197,"CBSA":"19820","NMCBSA":"Detroit-Warren-Dearborn, MI","CBSATYPE":"1","CSA":"220","NMCSA":"Detroit-Warren-Ann Arbor, MI","CD":"2612","SLDL":"26005","SLDU":"26008","SCHOOLYEAR":"2024-2025"}},{"type":"Feature","id":43590,"geometry":{"type":"Point","coordinates":[-83.1159750002739,42.3094129996345]},"properties":{"OBJECTID":43590,"NCESSCH":"260110304646","LEAID":"2601103","NAME":"Roberto Clemente Learning Academy","OPSTFIPS":"26","STREET":"1551 BEARD ST","CITY":"DETROIT","STATE":"MI","ZIP":"48209","STFIP":"26","CNTY":"26163","NMCNTY":"Wayne County","LOCALE":"11","LAT":42.309413,"LON":-83.115975,"CBSA":"19820","NMCBSA":"Detroit-Warren-Dearborn, MI","CBSATYPE":"1","CSA":"220","NMCSA":"Detroit-Warren-Ann Arbor, MI","CD":"2613","SLDL":"26001","SLDU":"26001","SCHOOLYEAR":"2024-2025"}},{"type":"Feature","id":43591,"geometry":{"type":"Point","coordinates":[-83.12976899949109,42.30920499990634]},"properties":{"OBJECTID":43591,"NCESSCH":"260110304650","LEAID":"2601103","NAME":"Bennett Elementary School","OPSTFIPS":"26","STREET":"2111 MULLANE ST","CITY":"DETROIT","STATE":"MI","ZIP":"48209","STFIP":"26","CNTY":"26163","NMCNTY":"Wayne County","LOCALE":"11","LAT":42.309205,"LON":-83.129769,"CBSA":"19820","NMCBSA":"Detroit-Warren-Dearborn, MI","CBSATYPE":"1","CSA":"220","NMCSA":"Detroit-Warren-Ann Arbor, MI","CD":"2613","SLDL":"26001","SLDU":"26001","SCHOOLYEAR":"2024-2025"}},{"type":"Feature","id":43592,"geometry":{"type":"Point","coordinates":[-83.02392800016054,42.34426900041392]},"properties":{"OBJECTID":43592,"NCESSCH":"260110304658","LEAID":"2601103","NAME":"Bunche Preparatory Academy","OPSTFIPS":"26","STREET":"2715 MACOMB ST","CITY":"DETROIT","STATE":"MI","ZIP":"48207","STFIP":"26","CNTY":"26163","NMCNTY":"Wayne County","LOCALE":"11","LAT":42.344269,"LON":-83.023928,"CBSA":"19820","NMCBSA":"Detroit-Warren-Dearborn, MI","CBSATYPE":"1","CSA":"220","NMCSA":"Detroit-Warren-Ann Arbor, MI","CD":"2613","SLDL":"26009","SLDU":"26003","SCHOOLYEAR":"2024-2025"}},{"type":"Feature","id":43593,"geometry":{"type":"Point","coordinates":[-83.19098100000474,42.39369000076597]},"properties":{"OBJECTID":43593,"NCESSCH":"260110304660","LEAID":"2601103","NAME":"Burns ElementaryMiddle School","OPSTFIPS":"26","STREET":"14350 TERRY ST","CITY":"DETROIT","STATE":"MI","ZIP":"48227","STFIP":"26","CNTY":"26163","NMCNTY":"Wayne County","LOCALE":"11","LAT":42.39369,"LON":-83.190981,"CBSA":"19820","NMCBSA":"Detroit-Warren-Dearborn, MI","CBSATYPE":"1","CSA":"220","NMCSA":"Detroit-Warren-Ann Arbor, MI","CD":"2612","SLDL":"26004","SLDU":"26008","SCHOOLYEAR":"2024-2025"}},{"type":"Feature","id":43594,"geometry":{"type":"Point","coordinates":[-83.07840199945834,42.33938000082129]},"properties":{"OBJECTID":43594,"NCESSCH":"260110304663","LEAID":"2601103","NAME":"Burton International Academy","OPSTFIPS":"26","STREET":"2001 MARTIN LUTHER KING JR BLVD","CITY":"DETROIT","STATE":"MI","ZIP":"48208","STFIP":"26","CNTY":"26163","NMCNTY":"Wayne County","LOCALE":"11","LAT":42.33938,"LON":-83.078402,"CBSA":"19820","NMCBSA":"Detroit-Warren-Dearborn, MI","CBSATYPE":"1","CSA":"220","NMCSA":"Detroit-Warren-Ann Arbor, MI","CD":"2613","SLDL":"26009","SLDU":"26001","SCHOOLYEAR":"2024-2025"}},{"type":"Feature","id":43595,"geometry":{"type":"Point","coordinates":[-82.9478749995335,42.36365600064787]},"properties":{"OBJECTID":43595,"NCESSCH":"260110304667","LEAID":"2601103","NAME":"Carstens ElementaryMiddle School","OPSTFIPS":"26","STREET":"13000 ESSEX AVE","CITY":"DETROIT","STATE":"MI","ZIP":"48215","STFIP":"26","CNTY":"26163","NMCNTY":"Wayne County","LOCALE":"11","LAT":42.363656,"LON":-82.947875,"CBSA":"19820","NMCBSA":"Detroit-Warren-Dearborn, MI","CBSATYPE":"1","CSA":"220","NMCSA":"Detroit-Warren-Ann Arbor, MI","CD":"2613","SLDL":"26009","SLDU":"26003","SCHOOLYEAR":"2024-2025"}},{"type":"Feature","id":43596,"geometry":{"type":"Point","coordinates":[-83.22351099967908,42.3356199998715]},"properties":{"OBJECTID":43596,"NCESSCH":"260110304668","LEAID":"2601103","NAME":"Carver STEM Academy","OPSTFIPS":"26","STREET":"18701 PAUL ST","CITY":"DETROIT","STATE":"MI","ZIP":"48228","STFIP":"26","CNTY":"26163","NMCNTY":"Wayne County","LOCALE":"11","LAT":42.33562,"LON":-83.223511,"CBSA":"19820","NMCBSA":"Detroit-Warren-Dearborn, MI","CBSATYPE":"1","CSA":"220","NMCSA":"Detroit-Warren-Ann Arbor, MI","CD":"2612","SLDL":"26003","SLDU":"26002","SCHOOLYEAR":"2024-2025"}},{"type":"Feature","id":43597,"geometry":{"type":"Point","coordinates":[-83.0605929999305,42.33877400060607]},"properties":{"OBJECTID":43597,"NCESSCH":"260110304669","LEAID":"2601103","NAME":"Cass Technical High School","OPSTFIPS":"26","STREET":"2501 2ND AVE","CITY":"DETROIT","STATE":"MI","ZIP":"48201","STFIP":"26","CNTY":"26163","NMCNTY":"Wayne County","LOCALE":"11","LAT":42.338774,"LON":-83.060593,"CBSA":"19820","NMCBSA":"Detroit-Warren-Dearborn, MI","CBSATYPE":"1","CSA":"220","NMCSA":"Detroit-Warren-Ann Arbor, MI","CD":"2613","SLDL":"26009","SLDU":"26003","SCHOOLYEAR":"2024-2025"}},{"type":"Feature","id":43598,"geometry":{"type":"Point","coordinates":[-83.11180499975808,42.38362599996964]},"properties":{"OBJECTID":43598,"NCESSCH":"260110304670","LEAID":"2601103","NAME":"Central High School","OPSTFIPS":"26","STREET":"2425 TUXEDO ST","CITY":"DETROIT","STATE":"MI","ZIP":"48206","STFIP":"26","CNTY":"26163","NMCNTY":"Wayne County","LOCALE":"11","LAT":42.383626,"LON":-83.111805,"CBSA":"19820","NMCBSA":"Detroit-Warren-Dearborn, MI","CBSATYPE":"1","CSA":"220","NMCSA":"Detroit-Warren-Ann Arbor, MI","CD":"2613","SLDL":"26008","SLDU":"26001","SCHOOLYEAR":"2024-2025"}},{"type":"Feature","id":43599,"geometry":{"type":"Point","coordinates":[-83.033994999717,42.33834899986223]},"properties":{"OBJECTID":43599,"NCESSCH":"260110304675","LEAID":"2601103","NAME":"Chrysler Elementary School","OPSTFIPS":"26","STREET":"1445 E LAFAYETTE ST","CITY":"DETROIT","STATE":"MI","ZIP":"48207","STFIP":"26","CNTY":"26163","NMCNTY":"Wayne County","LOCALE":"11","LAT":42.338349,"LON":-83.033995,"CBSA":"19820","NMCBSA":"Detroit-Warren-Dearborn, MI","CBSATYPE":"1","CSA":"220","NMCSA":"Detroit-Warren-Ann Arbor, MI","CD":"2613","SLDL":"26009","SLDU":"26003","SCHOOLYEAR":"2024-2025"}},{"type":"Feature","id":43600,"geometry":{"type":"Point","coordinates":[-83.22593700011153,42.4086329996416]},"properties":{"OBJECTID":43600,"NCESSCH":"260110304683","LEAID":"2601103","NAME":"Cooke STEM Academy","OPSTFIPS":"26","STREET":"18800 PURITAN ST","CITY":"DETROIT","STATE":"MI","ZIP":"48223","STFIP":"26","CNTY":"26163","NMCNTY":"Wayne County","LOCALE":"11","LAT":42.408633,"LON":-83.225937,"CBSA":"19820","NMCBSA":"Detroit-Warren-Dearborn, MI","CBSATYPE":"1","CSA":"220","NMCSA":"Detroit-Warren-Ann Arbor, MI","CD":"2612","SLDL":"26016","SLDU":"26006","SCHOOLYEAR":"2024-2025"}},{"type":"Feature","id":43601,"geometry":{"type":"Point","coordinates":[-83.12789299974885,42.40600400011381]},"properties":{"OBJECTID":43601,"NCESSCH":"260110304691","LEAID":"2601103","NAME":"Thurgood Marshall Elementary School","OPSTFIPS":"26","STREET":"15531 LINWOOD ST","CITY":"DETROIT","STATE":"MI","ZIP":"48238","STFIP":"26","CNTY":"26163","NMCNTY":"Wayne County","LOCALE":"11","LAT":42.406004,"LON":-83.127893,"CBSA":"19820","NMCBSA":"Detroit-Warren-Dearborn, MI","CBSATYPE":"1","CSA":"220","NMCSA":"Detroit-Warren-Ann Arbor, MI","CD":"2613","SLDL":"26008","SLDU":"26008","SCHOOLYEAR":"2024-2025"}},{"type":"Feature","id":43602,"geometry":{"type":"Point","coordinates":[-83.06915599925429,42.4121480001496]},"properties":{"OBJECTID":43602,"NCESSCH":"260110304692","LEAID":"2601103","NAME":"Davison ElementaryMiddle School","OPSTFIPS":"26","STREET":"2800 E DAVISON ST","CITY":"DETROIT","STATE":"MI","ZIP":"48212","STFIP":"26","CNTY":"26163","NMCNTY":"Wayne County","LOCALE":"11","LAT":42.412148,"LON":-83.069156,"CBSA":"19820","NMCBSA":"Detroit-Warren-Dearborn, MI","CBSATYPE":"1","CSA":"220","NMCSA":"Detroit-Warren-Ann Arbor, MI","CD":"2613","SLDL":"26007","SLDU":"26003","SCHOOLYEAR":"2024-2025"}},{"type":"Feature","id":43603,"geometry":{"type":"Point","coordinates":[-82.95856000047172,42.42573700009458]},"properties":{"OBJECTID":43603,"NCESSCH":"260110304693","LEAID":"2601103","NAME":"Denby High School","OPSTFIPS":"26","STREET":"12800 KELLY RD","CITY":"DETROIT","STATE":"MI","ZIP":"48224","STFIP":"26","CNTY":"26163","NMCNTY":"Wayne County","LOCALE":"11","LAT":42.425737,"LON":-82.95856,"CBSA":"19820","NMCBSA":"Detroit-Warren-Dearborn, MI","CBSATYPE":"1","CSA":"220","NMCSA":"Detroit-Warren-Ann Arbor, MI","CD":"2613","SLDL":"26012","SLDU":"26010","SCHOOLYEAR":"2024-2025"}},{"type":"Feature","id":43604,"geometry":{"type":"Point","coordinates":[-83.2479059999065,42.35464300000474]},"properties":{"OBJECTID":43604,"NCESSCH":"260110304695","LEAID":"2601103","NAME":"Dixon Elementary School","OPSTFIPS":"26","STREET":"8401 TRINITY ST","CITY":"DETROIT","STATE":"MI","ZIP":"48228","STFIP":"26","CNTY":"26163","NMCNTY":"Wayne County","LOCALE":"11","LAT":42.354643,"LON":-83.247906,"CBSA":"19820","NMCBSA":"Detroit-Warren-Dearborn, MI","CBSATYPE":"1","CSA":"220","NMCSA":"Detroit-Warren-Ann Arbor, MI","CD":"2612","SLDL":"26004","SLDU":"26002","SCHOOLYEAR":"2024-2025"}},{"type":"Feature","id":43605,"geometry":{"type":"Point","coordinates":[-83.21087000011238,42.38276899983658]},"properties":{"OBJECTID":43605,"NCESSCH":"260110304696","LEAID":"2601103","NAME":"Dossin ElementaryMiddle School","OPSTFIPS":"26","STREET":"16650 GLENDALE ST","CITY":"DETROIT","STATE":"MI","ZIP":"48227","STFIP":"26","CNTY":"26163","NMCNTY":"Wayne County","LOCALE":"11","LAT":42.382769,"LON":-83.21087,"CBSA":"19820","NMCBSA":"Detroit-Warren-Dearborn, MI","CBSATYPE":"1","CSA":"220","NMCSA":"Detroit-Warren-Ann Arbor, MI","CD":"2612","SLDL":"26004","SLDU":"26006","SCHOOLYEAR":"2024-2025"}},{"type":"Feature","id":43606,"geometry":{"type":"Point","coordinates":[-83.11180499975808,42.38362599996964]},"properties":{"OBJECTID":43606,"NCESSCH":"260110304701","LEAID":"2601103","NAME":"Durfee ElementaryMiddle School","OPSTFIPS":"26","STREET":"2425 TUXEDO ST","CITY":"DETROIT","STATE":"MI","ZIP":"48206","STFIP":"26","CNTY":"26163","NMCNTY":"Wayne County","LOCALE":"11","LAT":42.383626,"LON":-83.111805,"CBSA":"19820","NMCBSA":"Detroit-Warren-Dearborn, MI","CBSATYPE":"1","CSA":"220","NMCSA":"Detroit-Warren-Ann Arbor, MI","CD":"2613","SLDL":"26008","SLDU":"26001","SCHOOLYEAR":"2024-2025"}},{"type":"Feature","id":43607,"geometry":{"type":"Point","coordinates":[-83.01660399975762,42.34260399948549]},"properties":{"OBJECTID":43607,"NCESSCH":"260110304703","LEAID":"2601103","NAME":"Martin Luther King Jr Senior High School","OPSTFIPS":"26","STREET":"3200 E LAFAYETTE ST","CITY":"DETROIT","STATE":"MI","ZIP":"48207","STFIP":"26","CNTY":"26163","NMCNTY":"Wayne County","LOCALE":"11","LAT":42.342604,"LON":-83.016604,"CBSA":"19820","NMCBSA":"Detroit-Warren-Dearborn, MI","CBSATYPE":"1","CSA":"220","NMCSA":"Detroit-Warren-Ann Arbor, MI","CD":"2613","SLDL":"26009","SLDU":"26003","SCHOOLYEAR":"2024-2025"}},{"type":"Feature","id":43608,"geometry":{"type":"Point","coordinates":[-83.21339600028165,42.397970999392605]},"properties":{"OBJECTID":43608,"NCESSCH":"260110304704","LEAID":"2601103","NAME":"Edison Elementary School","OPSTFIPS":"26","STREET":"17045 GRAND RIVER AVE","CITY":"DETROIT","STATE":"MI","ZIP":"48227","STFIP":"26","CNTY":"26163","NMCNTY":"Wayne County","LOCALE":"11","LAT":42.397971,"LON":-83.213396,"CBSA":"19820","NMCBSA":"Detroit-Warren-Dearborn, MI","CBSATYPE":"1","CSA":"220","NMCSA":"Detroit-Warren-Ann Arbor, MI","CD":"2612","SLDL":"26016","SLDU":"26006","SCHOOLYEAR":"2024-2025"}},{"type":"Feature","id":43609,"geometry":{"type":"Point","coordinates":[-83.23259600048817,42.42312799986201]},"properties":{"OBJECTID":43609,"NCESSCH":"260110304707","LEAID":"2601103","NAME":"Emerson ElementaryMiddle School","OPSTFIPS":"26","STREET":"18240 HUNTINGTON RD","CITY":"DETROIT","STATE":"MI","ZIP":"48219","STFIP":"26","CNTY":"26163","NMCNTY":"Wayne County","LOCALE":"11","LAT":42.423128,"LON":-83.232596,"CBSA":"19820","NMCBSA":"Detroit-Warren-Dearborn, MI","CBSATYPE":"1","CSA":"220","NMCSA":"Detroit-Warren-Ann Arbor, MI","CD":"2612","SLDL":"26016","SLDU":"26006","SCHOOLYEAR":"2024-2025"}},{"type":"Feature","id":43610,"geometry":{"type":"Point","coordinates":[-83.20171600033879,42.33944999964457]},"properties":{"OBJECTID":43610,"NCESSCH":"260110304717","LEAID":"2601103","NAME":"Gardner Elementary School","OPSTFIPS":"26","STREET":"6528 MANSFIELD ST","CITY":"DETROIT","STATE":"MI","ZIP":"48228","STFIP":"26","CNTY":"26163","NMCNTY":"Wayne County","LOCALE":"11","LAT":42.33945,"LON":-83.201716,"CBSA":"19820","NMCBSA":"Detroit-Warren-Dearborn, MI","CBSATYPE":"1","CSA":"220","NMCSA":"Detroit-Warren-Ann Arbor, MI","CD":"2612","SLDL":"26003","SLDU":"26002","SCHOOLYEAR":"2024-2025"}},{"type":"Feature","id":43611,"geometry":{"type":"Point","coordinates":[-83.24622099985841,42.39248999977093]},"properties":{"OBJECTID":43611,"NCESSCH":"260110304719","LEAID":"2601103","NAME":"Gompers ElementaryMiddle School","OPSTFIPS":"26","STREET":"14450 BURT RD","CITY":"DETROIT","STATE":"MI","ZIP":"48223","STFIP":"26","CNTY":"26163","NMCNTY":"Wayne County","LOCALE":"11","LAT":42.39249,"LON":-83.246221,"CBSA":"19820","NMCBSA":"Detroit-Warren-Dearborn, MI","CBSATYPE":"1","CSA":"220","NMCSA":"Detroit-Warren-Ann Arbor, MI","CD":"2612","SLDL":"26016","SLDU":"26006","SCHOOLYEAR":"2024-2025"}},{"type":"Feature","id":43612,"geometry":{"type":"Point","coordinates":[-83.1078100000131,42.43261999982162]},"properties":{"OBJECTID":43612,"NCESSCH":"260110304722","LEAID":"2601103","NAME":"Greenfield Union ElementaryMiddle School","OPSTFIPS":"26","STREET":"420 W 7 MILE RD","CITY":"DETROIT","STATE":"MI","ZIP":"48203","STFIP":"26","CNTY":"26163","NMCNTY":"Wayne County","LOCALE":"11","LAT":42.43262,"LON":-83.10781,"CBSA":"19820","NMCBSA":"Detroit-Warren-Dearborn, MI","CBSATYPE":"1","CSA":"220","NMCSA":"Detroit-Warren-Ann Arbor, MI","CD":"2613","SLDL":"26008","SLDU":"26008","SCHOOLYEAR":"2024-2025"}},{"type":"Feature","id":43613,"geometry":{"type":"Point","coordinates":[-83.15168999936051,42.40926399949249]},"properties":{"OBJECTID":43613,"NCESSCH":"260110304724","LEAID":"2601103","NAME":"Mary McLeod Bethune ElementaryMiddle School","OPSTFIPS":"26","STREET":"8145 PURITAN ST","CITY":"DETROIT","STATE":"MI","ZIP":"48238","STFIP":"26","CNTY":"26163","NMCNTY":"Wayne County","LOCALE":"11","LAT":42.409264,"LON":-83.15169,"CBSA":"19820","NMCBSA":"Detroit-Warren-Dearborn, MI","CBSATYPE":"1","CSA":"220","NMCSA":"Detroit-Warren-Ann Arbor, MI","CD":"2612","SLDL":"26008","SLDU":"26008","SCHOOLYEAR":"2024-2025"}},{"type":"Feature","id":43614,"geometry":{"type":"Point","coordinates":[-83.12500600049191,42.314299000046816]},"properties":{"OBJECTID":43614,"NCESSCH":"260110304732","LEAID":"2601103","NAME":"Harms Elementary School","OPSTFIPS":"26","STREET":"2400 CENTRAL ST","CITY":"DETROIT","STATE":"MI","ZIP":"48209","STFIP":"26","CNTY":"26163","NMCNTY":"Wayne County","LOCALE":"11","LAT":42.314299,"LON":-83.125006,"CBSA":"19820","NMCBSA":"Detroit-Warren-Dearborn, MI","CBSATYPE":"1","CSA":"220","NMCSA":"Detroit-Warren-Ann Arbor, MI","CD":"2613","SLDL":"26001","SLDU":"26001","SCHOOLYEAR":"2024-2025"}},{"type":"Feature","id":43615,"geometry":{"type":"Point","coordinates":[-83.2380269996512,42.43938300045327]},"properties":{"OBJECTID":43615,"NCESSCH":"260110304734","LEAID":"2601103","NAME":"Henry Ford High School","OPSTFIPS":"26","STREET":"20000 EVERGREEN RD","CITY":"DETROIT","STATE":"MI","ZIP":"48219","STFIP":"26","CNTY":"26163","NMCNTY":"Wayne County","LOCALE":"11","LAT":42.439383,"LON":-83.238027,"CBSA":"19820","NMCBSA":"Detroit-Warren-Dearborn, MI","CBSATYPE":"1","CSA":"220","NMCSA":"Detroit-Warren-Ann Arbor, MI","CD":"2612","SLDL":"26017","SLDU":"26007","SCHOOLYEAR":"2024-2025"}},{"type":"Feature","id":43616,"geometry":{"type":"Point","coordinates":[-82.98306199992398,42.369888999992426]},"properties":{"OBJECTID":43616,"NCESSCH":"260110304744","LEAID":"2601103","NAME":"Hutchinson ElementaryMiddle School","OPSTFIPS":"26","STREET":"2600 GARLAND ST","CITY":"DETROIT","STATE":"MI","ZIP":"48214","STFIP":"26","CNTY":"26163","NMCNTY":"Wayne County","LOCALE":"11","LAT":42.369889,"LON":-82.983062,"CBSA":"19820","NMCBSA":"Detroit-Warren-Dearborn, MI","CBSATYPE":"1","CSA":"220","NMCSA":"Detroit-Warren-Ann Arbor, MI","CD":"2613","SLDL":"26009","SLDU":"26003","SCHOOLYEAR":"2024-2025"}},{"type":"Feature","id":43617,"geometry":{"type":"Point","coordinates":[-83.18661800003171,42.40860500061795]},"properties":{"OBJECTID":43617,"NCESSCH":"260110304756","LEAID":"2601103","NAME":"John R King Academic and Performing Arts Academy","OPSTFIPS":"26","STREET":"15850 STRATHMOOR ST","CITY":"DETROIT","STATE":"MI","ZIP":"48227","STFIP":"26","CNTY":"26163","NMCNTY":"Wayne County","LOCALE":"11","LAT":42.408605,"LON":-83.186618,"CBSA":"19820","NMCBSA":"Detroit-Warren-Dearborn, MI","CBSATYPE":"1","CSA":"220","NMCSA":"Detroit-Warren-Ann Arbor, MI","CD":"2612","SLDL":"26004","SLDU":"26008","SCHOOLYEAR":"2024-2025"}},{"type":"Feature","id":43618,"geometry":{"type":"Point","coordinates":[-83.2343510000587,42.36898000021937]},"properties":{"OBJECTID":43618,"NCESSCH":"260110304772","LEAID":"2601103","NAME":"Mann Learning Community","OPSTFIPS":"26","STREET":"19625 ELMIRA ST","CITY":"DETROIT","STATE":"MI","ZIP":"48228","STFIP":"26","CNTY":"26163","NMCNTY":"Wayne County","LOCALE":"11","LAT":42.36898,"LON":-83.234351,"CBSA":"19820","NMCBSA":"Detroit-Warren-Dearborn, MI","CBSATYPE":"1","CSA":"220","NMCSA":"Detroit-Warren-Ann Arbor, MI","CD":"2612","SLDL":"26004","SLDU":"26002","SCHOOLYEAR":"2024-2025"}},{"type":"Feature","id":43619,"geometry":{"type":"Point","coordinates":[-83.02925799933834,42.43790799970097]},"properties":{"OBJECTID":43619,"NCESSCH":"260110304773","LEAID":"2601103","NAME":"Marion Law Academy","OPSTFIPS":"26","STREET":"19411 CLIFF ST","CITY":"DETROIT","STATE":"MI","ZIP":"48234","STFIP":"26","CNTY":"26163","NMCNTY":"Wayne County","LOCALE":"11","LAT":42.437908,"LON":-83.029258,"CBSA":"19820","NMCBSA":"Detroit-Warren-Dearborn, MI","CBSATYPE":"1","CSA":"220","NMCSA":"Detroit-Warren-Ann Arbor, MI","CD":"2613","SLDL":"26011","SLDU":"26010","SCHOOLYEAR":"2024-2025"}},{"type":"Feature","id":43620,"geometry":{"type":"Point","coordinates":[-83.16206399981141,42.269675000287094]},"properties":{"OBJECTID":43620,"NCESSCH":"260110304774","LEAID":"2601103","NAME":"Mark Twain ElementaryMiddle School","OPSTFIPS":"26","STREET":"12800 VISGER ST","CITY":"DETROIT","STATE":"MI","ZIP":"48217","STFIP":"26","CNTY":"26163","NMCNTY":"Wayne County","LOCALE":"11","LAT":42.269675,"LON":-83.162064,"CBSA":"19820","NMCBSA":"Detroit-Warren-Dearborn, MI","CBSATYPE":"1","CSA":"220","NMCSA":"Detroit-Warren-Ann Arbor, MI","CD":"2613","SLDL":"26001","SLDU":"26001","SCHOOLYEAR":"2024-2025"}},{"type":"Feature","id":43621,"geometry":{"type":"Point","coordinates":[-82.92267799987216,42.4196529998143]},"properties":{"OBJECTID":43621,"NCESSCH":"260110304775","LEAID":"2601103","NAME":"Marquette ElementaryMiddle School","OPSTFIPS":"26","STREET":"6145 CANYON ST","CITY":"DETROIT","STATE":"MI","ZIP":"48236","STFIP":"26","CNTY":"26163","NMCNTY":"Wayne County","LOCALE":"11","LAT":42.419653,"LON":-82.922678,"CBSA":"19820","NMCBSA":"Detroit-Warren-Dearborn, MI","CBSATYPE":"1","CSA":"220","NMCSA":"Detroit-Warren-Ann Arbor, MI","CD":"2613","SLDL":"26010","SLDU":"26010","SCHOOLYEAR":"2024-2025"}},{"type":"Feature","id":43622,"geometry":{"type":"Point","coordinates":[-83.05489800061429,42.44215300016313]},"properties":{"OBJECTID":43622,"NCESSCH":"260110304778","LEAID":"2601103","NAME":"Mason Academy","OPSTFIPS":"26","STREET":"19955 FENELON ST","CITY":"DETROIT","STATE":"MI","ZIP":"48234","STFIP":"26","CNTY":"26163","NMCNTY":"Wayne County","LOCALE":"11","LAT":42.442153,"LON":-83.054898,"CBSA":"19820","NMCBSA":"Detroit-Warren-Dearborn, MI","CBSATYPE":"1","CSA":"220","NMCSA":"Detroit-Warren-Ann Arbor, MI","CD":"2613","SLDL":"26011","SLDU":"26003","SCHOOLYEAR":"2024-2025"}},{"type":"Feature","id":43623,"geometry":{"type":"Point","coordinates":[-83.09378300011727,42.316666000030416]},"properties":{"OBJECTID":43623,"NCESSCH":"260110304779","LEAID":"2601103","NAME":"Maybury Elementary School","OPSTFIPS":"26","STREET":"4410 PORTER ST","CITY":"DETROIT","STATE":"MI","ZIP":"48209","STFIP":"26","CNTY":"26163","NMCNTY":"Wayne County","LOCALE":"11","LAT":42.316666,"LON":-83.093783,"CBSA":"19820","NMCBSA":"Detroit-Warren-Dearborn, MI","CBSATYPE":"1","CSA":"220","NMCSA":"Detroit-Warren-Ann Arbor, MI","CD":"2613","SLDL":"26001","SLDU":"26001","SCHOOLYEAR":"2024-2025"}},{"type":"Feature","id":43624,"geometry":{"type":"Point","coordinates":[-83.16447100040922,42.421495000007575]},"properties":{"OBJECTID":43624,"NCESSCH":"260110304793","LEAID":"2601103","NAME":"Mumford High School","OPSTFIPS":"26","STREET":"17525 WYOMING ST","CITY":"DETROIT","STATE":"MI","ZIP":"48221","STFIP":"26","CNTY":"26163","NMCNTY":"Wayne County","LOCALE":"11","LAT":42.421495,"LON":-83.164471,"CBSA":"19820","NMCBSA":"Detroit-Warren-Dearborn, MI","CBSATYPE":"1","CSA":"220","NMCSA":"Detroit-Warren-Ann Arbor, MI","CD":"2612","SLDL":"26005","SLDU":"26008","SCHOOLYEAR":"2024-2025"}},{"type":"Feature","id":43625,"geometry":{"type":"Point","coordinates":[-83.10702100023218,42.317200000461746]},"properties":{"OBJECTID":43625,"NCESSCH":"260110304796","LEAID":"2601103","NAME":"Neinas Dual Language Learning Academy","OPSTFIPS":"26","STREET":"6021 MCMILLAN ST","CITY":"DETROIT","STATE":"MI","ZIP":"48209","STFIP":"26","CNTY":"26163","NMCNTY":"Wayne County","LOCALE":"11","LAT":42.3172,"LON":-83.107021,"CBSA":"19820","NMCBSA":"Detroit-Warren-Dearborn, MI","CBSATYPE":"1","CSA":"220","NMCSA":"Detroit-Warren-Ann Arbor, MI","CD":"2613","SLDL":"26001","SLDU":"26001","SCHOOLYEAR":"2024-2025"}},{"type":"Feature","id":43626,"geometry":{"type":"Point","coordinates":[-82.9982370003273,42.36698799972002]},"properties":{"OBJECTID":43626,"NCESSCH":"260110304799","LEAID":"2601103","NAME":"Nichols ElementaryMiddle School","OPSTFIPS":"26","STREET":"3000 BURNS ST","CITY":"DETROIT","STATE":"MI","ZIP":"48214","STFIP":"26","CNTY":"26163","NMCNTY":"Wayne County","LOCALE":"11","LAT":42.366988,"LON":-82.998237,"CBSA":"19820","NMCBSA":"Detroit-Warren-Dearborn, MI","CBSATYPE":"1","CSA":"220","NMCSA":"Detroit-Warren-Ann Arbor, MI","CD":"2613","SLDL":"26009","SLDU":"26003","SCHOOLYEAR":"2024-2025"}},{"type":"Feature","id":43627,"geometry":{"type":"Point","coordinates":[-83.09173100043499,42.4366130003347]},"properties":{"OBJECTID":43627,"NCESSCH":"260110304800","LEAID":"2601103","NAME":"Nolan ElementaryMiddle School","OPSTFIPS":"26","STREET":"1150 E LANTZ ST","CITY":"DETROIT","STATE":"MI","ZIP":"48203","STFIP":"26","CNTY":"26163","NMCNTY":"Wayne County","LOCALE":"11","LAT":42.436613,"LON":-83.091731,"CBSA":"19820","NMCBSA":"Detroit-Warren-Dearborn, MI","CBSATYPE":"1","CSA":"220","NMCSA":"Detroit-Warren-Ann Arbor, MI","CD":"2613","SLDL":"26011","SLDU":"26003","SCHOOLYEAR":"2024-2025"}},{"type":"Feature","id":43628,"geometry":{"type":"Point","coordinates":[-83.10305799974493,42.35815299990603]},"properties":{"OBJECTID":43628,"NCESSCH":"260110304802","LEAID":"2601103","NAME":"Northwestern High School","OPSTFIPS":"26","STREET":"2200 W GRAND BLVD","CITY":"DETROIT","STATE":"MI","ZIP":"48208","STFIP":"26","CNTY":"26163","NMCNTY":"Wayne County","LOCALE":"11","LAT":42.358153,"LON":-83.103058,"CBSA":"19820","NMCBSA":"Detroit-Warren-Dearborn, MI","CBSATYPE":"1","CSA":"220","NMCSA":"Detroit-Warren-Ann Arbor, MI","CD":"2613","SLDL":"26009","SLDU":"26001","SCHOOLYEAR":"2024-2025"}},{"type":"Feature","id":43629,"geometry":{"type":"Point","coordinates":[-83.14314699939028,42.43822400003231]},"properties":{"OBJECTID":43629,"NCESSCH":"260110304809","LEAID":"2601103","NAME":"Pasteur Elementary School","OPSTFIPS":"26","STREET":"19811 STOEPEL ST","CITY":"DETROIT","STATE":"MI","ZIP":"48221","STFIP":"26","CNTY":"26163","NMCNTY":"Wayne County","LOCALE":"11","LAT":42.438224,"LON":-83.143147,"CBSA":"19820","NMCBSA":"Detroit-Warren-Dearborn, MI","CBSATYPE":"1","CSA":"220","NMCSA":"Detroit-Warren-Ann Arbor, MI","CD":"2613","SLDL":"26005","SLDU":"26008","SCHOOLYEAR":"2024-2025"}},{"type":"Feature","id":43630,"geometry":{"type":"Point","coordinates":[-83.0642819995829,42.4321269999221]},"properties":{"OBJECTID":43630,"NCESSCH":"260110304813","LEAID":"2601103","NAME":"Pershing High School","OPSTFIPS":"26","STREET":"18875 RYAN RD","CITY":"DETROIT","STATE":"MI","ZIP":"48234","STFIP":"26","CNTY":"26163","NMCNTY":"Wayne County","LOCALE":"11","LAT":42.432127,"LON":-83.064282,"CBSA":"19820","NMCBSA":"Detroit-Warren-Dearborn, MI","CBSATYPE":"1","CSA":"220","NMCSA":"Detroit-Warren-Ann Arbor, MI","CD":"2613","SLDL":"26011","SLDU":"26003","SCHOOLYEAR":"2024-2025"}},{"type":"Feature","id":43631,"geometry":{"type":"Point","coordinates":[-83.14394000035402,42.33677300007362]},"properties":{"OBJECTID":43631,"NCESSCH":"260110304816","LEAID":"2601103","NAME":"Priest ElementaryMiddle School","OPSTFIPS":"26","STREET":"7840 WAGNER ST","CITY":"DETROIT","STATE":"MI","ZIP":"48210","STFIP":"26","CNTY":"26163","NMCNTY":"Wayne County","LOCALE":"11","LAT":42.336773,"LON":-83.14394,"CBSA":"19820","NMCBSA":"Detroit-Warren-Dearborn, MI","CBSATYPE":"1","CSA":"220","NMCSA":"Detroit-Warren-Ann Arbor, MI","CD":"2613","SLDL":"26001","SLDU":"26002","SCHOOLYEAR":"2024-2025"}},{"type":"Feature","id":43632,"geometry":{"type":"Point","coordinates":[-82.98232799976435,42.43644799979651]},"properties":{"OBJECTID":43632,"NCESSCH":"260110304817","LEAID":"2601103","NAME":"Pulaski ElementaryMiddle School","OPSTFIPS":"26","STREET":"13840 LAPPIN ST","CITY":"DETROIT","STATE":"MI","ZIP":"48205","STFIP":"26","CNTY":"26163","NMCNTY":"Wayne County","LOCALE":"11","LAT":42.436448,"LON":-82.982328,"CBSA":"19820","NMCBSA":"Detroit-Warren-Dearborn, MI","CBSATYPE":"1","CSA":"220","NMCSA":"Detroit-Warren-Ann Arbor, MI","CD":"2613","SLDL":"26011","SLDU":"26010","SCHOOLYEAR":"2024-2025"}},{"type":"Feature","id":43633,"geometry":{"type":"Point","coordinates":[-83.16843999946657,42.41972600049564]},"properties":{"OBJECTID":43633,"NCESSCH":"260110304826","LEAID":"2601103","NAME":"Schulze Academy for Technology and Arts","OPSTFIPS":"26","STREET":"10700 SANTA MARIA ST","CITY":"DETROIT","STATE":"MI","ZIP":"48221","STFIP":"26","CNTY":"26163","NMCNTY":"Wayne County","LOCALE":"11","LAT":42.419726,"LON":-83.16844,"CBSA":"19820","NMCBSA":"Detroit-Warren-Dearborn, MI","CBSATYPE":"1","CSA":"220","NMCSA":"Detroit-Warren-Ann Arbor, MI","CD":"2612","SLDL":"26005","SLDU":"26008","SCHOOLYEAR":"2024-2025"}},{"type":"Feature","id":43634,"geometry":{"type":"Point","coordinates":[-82.97811700077214,42.373947999957956]},"properties":{"OBJECTID":43634,"NCESSCH":"260110304830","LEAID":"2601103","NAME":"Southeastern High School","OPSTFIPS":"26","STREET":"3030 FAIRVIEW ST","CITY":"DETROIT","STATE":"MI","ZIP":"48214","STFIP":"26","CNTY":"26163","NMCNTY":"Wayne County","LOCALE":"11","LAT":42.373948,"LON":-82.978117,"CBSA":"19820","NMCBSA":"Detroit-Warren-Dearborn, MI","CBSATYPE":"1","CSA":"220","NMCSA":"Detroit-Warren-Ann Arbor, MI","CD":"2613","SLDL":"26009","SLDU":"26003","SCHOOLYEAR":"2024-2025"}},{"type":"Feature","id":43635,"geometry":{"type":"Point","coordinates":[-83.05243500057465,42.3514270002537]},"properties":{"OBJECTID":43635,"NCESSCH":"260110304832","LEAID":"2601103","NAME":"Spain ElementaryMiddle School","OPSTFIPS":"26","STREET":"3700 BEAUBIEN ST","CITY":"DETROIT","STATE":"MI","ZIP":"48201","STFIP":"26","CNTY":"26163","NMCNTY":"Wayne County","LOCALE":"11","LAT":42.351427,"LON":-83.052435,"CBSA":"19820","NMCBSA":"Detroit-Warren-Dearborn, MI","CBSATYPE":"1","CSA":"220","NMCSA":"Detroit-Warren-Ann Arbor, MI","CD":"2613","SLDL":"26009","SLDU":"26003","SCHOOLYEAR":"2024-2025"}},{"type":"Feature","id":43636,"geometry":{"type":"Point","coordinates":[-83.18957999974153,42.40642300008379]},"properties":{"OBJECTID":43636,"NCESSCH":"260110304835","LEAID":"2601103","NAME":"Coleman A Young Elementary School","OPSTFIPS":"26","STREET":"15771 HUBBELL ST","CITY":"DETROIT","STATE":"MI","ZIP":"48227","STFIP":"26","CNTY":"26163","NMCNTY":"Wayne County","LOCALE":"11","LAT":42.406423,"LON":-83.18958,"CBSA":"19820","NMCBSA":"Detroit-Warren-Dearborn, MI","CBSATYPE":"1","CSA":"220","NMCSA":"Detroit-Warren-Ann Arbor, MI","CD":"2612","SLDL":"26004","SLDU":"26008","SCHOOLYEAR":"2024-2025"}},{"type":"Feature","id":43637,"geometry":{"type":"Point","coordinates":[-82.97950699932275,42.40824299995382]},"properties":{"OBJECTID":43637,"NCESSCH":"260110304838","LEAID":"2601103","NAME":"Edward  Duke  Ellington at Beckham","OPSTFIPS":"26","STREET":"9860 PARK DR","CITY":"DETROIT","STATE":"MI","ZIP":"48213","STFIP":"26","CNTY":"26163","NMCNTY":"Wayne County","LOCALE":"11","LAT":42.408243,"LON":-82.979507,"CBSA":"19820","NMCBSA":"Detroit-Warren-Dearborn, MI","CBSATYPE":"1","CSA":"220","NMCSA":"Detroit-Warren-Ann Arbor, MI","CD":"2613","SLDL":"26007","SLDU":"26010","SCHOOLYEAR":"2024-2025"}},{"type":"Feature","id":43638,"geometry":{"type":"Point","coordinates":[-82.94838900043926,42.40486499991369]},"properties":{"OBJECTID":43638,"NCESSCH":"260110304841","LEAID":"2601103","NAME":"Ronald Brown Academy","OPSTFIPS":"26","STREET":"11530 E OUTER DR","CITY":"DETROIT","STATE":"MI","ZIP":"48224","STFIP":"26","CNTY":"26163","NMCNTY":"Wayne County","LOCALE":"11","LAT":42.404865,"LON":-82.948389,"CBSA":"19820","NMCBSA":"Detroit-Warren-Dearborn, MI","CBSATYPE":"1","CSA":"220","NMCSA":"Detroit-Warren-Ann Arbor, MI","CD":"2613","SLDL":"26010","SLDU":"26010","SCHOOLYEAR":"2024-2025"}},{"type":"Feature","id":43639,"geometry":{"type":"Point","coordinates":[-83.09647999952098,42.36689500078171]},"properties":{"OBJECTID":43639,"NCESSCH":"260110304845","LEAID":"2601103","NAME":"Thirkell ElementaryMiddle School","OPSTFIPS":"26","STREET":"7724 14TH ST","CITY":"DETROIT","STATE":"MI","ZIP":"48206","STFIP":"26","CNTY":"26163","NMCNTY":"Wayne County","LOCALE":"11","LAT":42.366895,"LON":-83.09648,"CBSA":"19820","NMCBSA":"Detroit-Warren-Dearborn, MI","CBSATYPE":"1","CSA":"220","NMCSA":"Detroit-Warren-Ann Arbor, MI","CD":"2613","SLDL":"26007","SLDU":"26001","SCHOOLYEAR":"2024-2025"}},{"type":"Feature","id":43640,"geometry":{"type":"Point","coordinates":[-83.18258099956374,42.43881000014915]},"properties":{"OBJECTID":43640,"NCESSCH":"260110304848","LEAID":"2601103","NAME":"Vernor Elementary School","OPSTFIPS":"26","STREET":"13726 PEMBROKE AVE","CITY":"DETROIT","STATE":"MI","ZIP":"48235","STFIP":"26","CNTY":"26163","NMCNTY":"Wayne County","LOCALE":"11","LAT":42.43881,"LON":-83.182581,"CBSA":"19820","NMCBSA":"Detroit-Warren-Dearborn, MI","CBSATYPE":"1","CSA":"220","NMCSA":"Detroit-Warren-Ann Arbor, MI","CD":"2612","SLDL":"26005","SLDU":"26008","SCHOOLYEAR":"2024-2025"}},{"type":"Feature","id":43641,"geometry":{"type":"Point","coordinates":[-83.20482100019704,42.436630000643554]},"properties":{"OBJECTID":43641,"NCESSCH":"260110304851","LEAID":"2601103","NAME":"Bow ElementaryMiddle School","OPSTFIPS":"26","STREET":"19801 PREVOST ST","CITY":"DETROIT","STATE":"MI","ZIP":"48235","STFIP":"26","CNTY":"26163","NMCNTY":"Wayne County","LOCALE":"11","LAT":42.43663,"LON":-83.204821,"CBSA":"19820","NMCBSA":"Detroit-Warren-Dearborn, MI","CBSATYPE":"1","CSA":"220","NMCSA":"Detroit-Warren-Ann Arbor, MI","CD":"2612","SLDL":"26005","SLDU":"26007","SCHOOLYEAR":"2024-2025"}},{"type":"Feature","id":43642,"geometry":{"type":"Point","coordinates":[-82.95636299987844,42.415677999426585]},"properties":{"OBJECTID":43642,"NCESSCH":"260110304853","LEAID":"2601103","NAME":"Wayne Elementary School","OPSTFIPS":"26","STREET":"10633 COURVILLE ST","CITY":"DETROIT","STATE":"MI","ZIP":"48224","STFIP":"26","CNTY":"26163","NMCNTY":"Wayne County","LOCALE":"11","LAT":42.415678,"LON":-82.956363,"CBSA":"19820","NMCBSA":"Detroit-Warren-Dearborn, MI","CBSATYPE":"1","CSA":"220","NMCSA":"Detroit-Warren-Ann Arbor, MI","CD":"2613","SLDL":"26012","SLDU":"26010","SCHOOLYEAR":"2024-2025"}},{"type":"Feature","id":43643,"geometry":{"type":"Point","coordinates":[-83.11845100009653,42.35400999940114]},"properties":{"OBJECTID":43643,"NCESSCH":"260110304855","LEAID":"2601103","NAME":"SampsonWebber Leadership Academy","OPSTFIPS":"26","STREET":"4700 TIREMAN ST","CITY":"DETROIT","STATE":"MI","ZIP":"48204","STFIP":"26","CNTY":"26163","NMCNTY":"Wayne County","LOCALE":"11","LAT":42.35401,"LON":-83.118451,"CBSA":"19820","NMCBSA":"Detroit-Warren-Dearborn, MI","CBSATYPE":"1","CSA":"220","NMCSA":"Detroit-Warren-Ann Arbor, MI","CD":"2613","SLDL":"26001","SLDU":"26001","SCHOOLYEAR":"2024-2025"}},{"type":"Feature","id":43644,"geometry":{"type":"Point","coordinates":[-83.0917520007147,42.31909999956304]},"properties":{"OBJECTID":43644,"NCESSCH":"260110304857","LEAID":"2601103","NAME":"Western International High School","OPSTFIPS":"26","STREET":"1500 SCOTTEN ST","CITY":"DETROIT","STATE":"MI","ZIP":"48209","STFIP":"26","CNTY":"26163","NMCNTY":"Wayne County","LOCALE":"11","LAT":42.3191,"LON":-83.091752,"CBSA":"19820","NMCBSA":"Detroit-Warren-Dearborn, MI","CBSATYPE":"1","CSA":"220","NMCSA":"Detroit-Warren-Ann Arbor, MI","CD":"2613","SLDL":"26001","SLDU":"26001","SCHOOLYEAR":"2024-2025"}},{"type":"Feature","id":43645,"geometry":{"type":"Point","coordinates":[-82.94580200069828,42.42742000003055]},"properties":{"OBJECTID":43645,"NCESSCH":"260110304880","LEAID":"2601103","NAME":"Carleton Elementary School","OPSTFIPS":"26","STREET":"11724 CASINO ST","CITY":"DETROIT","STATE":"MI","ZIP":"48224","STFIP":"26","CNTY":"26163","NMCNTY":"Wayne County","LOCALE":"11","LAT":42.42742,"LON":-82.945802,"CBSA":"19820","NMCBSA":"Detroit-Warren-Dearborn, MI","CBSATYPE":"1","CSA":"220","NMCSA":"Detroit-Warren-Ann Arbor, MI","CD":"2613","SLDL":"26010","SLDU":"26010","SCHOOLYEAR":"2024-2025"}},{"type":"Feature","id":43646,"geometry":{"type":"Point","coordinates":[-83.15592100010483,42.38134600035014]},"properties":{"OBJECTID":43646,"NCESSCH":"260110304892","LEAID":"2601103","NAME":"Noble ElementaryMiddle School","OPSTFIPS":"26","STREET":"8646 FULLERTON ST","CITY":"DETROIT","STATE":"MI","ZIP":"48238","STFIP":"26","CNTY":"26163","NMCNTY":"Wayne County","LOCALE":"11","LAT":42.381346,"LON":-83.155921,"CBSA":"19820","NMCBSA":"Detroit-Warren-Dearborn, MI","CBSATYPE":"1","CSA":"220","NMCSA":"Detroit-Warren-Ann Arbor, MI","CD":"2613","SLDL":"26008","SLDU":"26001","SCHOOLYEAR":"2024-2025"}},{"type":"Feature","id":43647,"geometry":{"type":"Point","coordinates":[-83.1946719994038,42.41839099993878]},"properties":{"OBJECTID":43647,"NCESSCH":"260110304906","LEAID":"2601103","NAME":"Renaissance High School","OPSTFIPS":"26","STREET":"6565 W OUTER DR","CITY":"DETROIT","STATE":"MI","ZIP":"48235","STFIP":"26","CNTY":"26163","NMCNTY":"Wayne County","LOCALE":"11","LAT":42.418391,"LON":-83.194672,"CBSA":"19820","NMCBSA":"Detroit-Warren-Dearborn, MI","CBSATYPE":"1","CSA":"220","NMCSA":"Detroit-Warren-Ann Arbor, MI","CD":"2612","SLDL":"26005","SLDU":"26008","SCHOOLYEAR":"2024-2025"}},{"type":"Feature","id":43648,"geometry":{"type":"Point","coordinates":[-83.08068400011433,42.3827650003796]},"properties":{"OBJECTID":43648,"NCESSCH":"260110307415","LEAID":"2601103","NAME":"Frederick Douglass Academy for Young Men","OPSTFIPS":"26","STREET":"9026 WOODWARD AVE","CITY":"DETROIT","STATE":"MI","ZIP":"48202","STFIP":"26","CNTY":"26163","NMCNTY":"Wayne County","LOCALE":"11","LAT":42.382765,"LON":-83.080684,"CBSA":"19820","NMCBSA":"Detroit-Warren-Dearborn, MI","CBSATYPE":"1","CSA":"220","NMCSA":"Detroit-Warren-Ann Arbor, MI","CD":"2613","SLDL":"26007","SLDU":"26003","SCHOOLYEAR":"2024-2025"}},{"type":"Feature","id":43649,"geometry":{"type":"Point","coordinates":[-83.16258100033748,42.4379400000035]},"properties":{"OBJECTID":43649,"NCESSCH":"260110307481","LEAID":"2601103","NAME":"Bates Academy","OPSTFIPS":"26","STREET":"19701 WYOMING ST","CITY":"DETROIT","STATE":"MI","ZIP":"48221","STFIP":"26","CNTY":"26163","NMCNTY":"Wayne County","LOCALE":"11","LAT":42.43794,"LON":-83.162581,"CBSA":"19820","NMCBSA":"Detroit-Warren-Dearborn, MI","CBSATYPE":"1","CSA":"220","NMCSA":"Detroit-Warren-Ann Arbor, MI","CD":"2612","SLDL":"26005","SLDU":"26008","SCHOOLYEAR":"2024-2025"}},{"type":"Feature","id":43650,"geometry":{"type":"Point","coordinates":[-83.09832299988402,42.320757000527216]},"properties":{"OBJECTID":43650,"NCESSCH":"260110307754","LEAID":"2601103","NAME":"Clippert Academy","OPSTFIPS":"26","STREET":"1981 MCKINSTRY ST","CITY":"DETROIT","STATE":"MI","ZIP":"48209","STFIP":"26","CNTY":"26163","NMCNTY":"Wayne County","LOCALE":"11","LAT":42.320757,"LON":-83.098323,"CBSA":"19820","NMCBSA":"Detroit-Warren-Dearborn, MI","CBSATYPE":"1","CSA":"220","NMCSA":"Detroit-Warren-Ann Arbor, MI","CD":"2613","SLDL":"26001","SLDU":"26001","SCHOOLYEAR":"2024-2025"}},{"type":"Feature","id":43651,"geometry":{"type":"Point","coordinates":[-83.19105899937901,42.41931899928452]},"properties":{"OBJECTID":43651,"NCESSCH":"260110307755","LEAID":"2601103","NAME":"Foreign Language Immersion and Cultural Studies","OPSTFIPS":"26","STREET":"6501 W OUTER DR","CITY":"DETROIT","STATE":"MI","ZIP":"48235","STFIP":"26","CNTY":"26163","NMCNTY":"Wayne County","LOCALE":"11","LAT":42.419319,"LON":-83.191059,"CBSA":"19820","NMCBSA":"Detroit-Warren-Dearborn, MI","CBSATYPE":"1","CSA":"220","NMCSA":"Detroit-Warren-Ann Arbor, MI","CD":"2612","SLDL":"26005","SLDU":"26008","SCHOOLYEAR":"2024-2025"}},{"type":"Feature","id":43652,"geometry":{"type":"Point","coordinates":[-83.00184499974627,42.35939600019608]},"properties":{"OBJECTID":43652,"NCESSCH":"260110307756","LEAID":"2601103","NAME":"Garvey Academy","OPSTFIPS":"26","STREET":"2301 VAN DYKE ST","CITY":"DETROIT","STATE":"MI","ZIP":"48214","STFIP":"26","CNTY":"26163","NMCNTY":"Wayne County","LOCALE":"11","LAT":42.359396,"LON":-83.001845,"CBSA":"19820","NMCBSA":"Detroit-Warren-Dearborn, MI","CBSATYPE":"1","CSA":"220","NMCSA":"Detroit-Warren-Ann Arbor, MI","CD":"2613","SLDL":"26009","SLDU":"26003","SCHOOLYEAR":"2024-2025"}},{"type":"Feature","id":43653,"geometry":{"type":"Point","coordinates":[-83.04919500011704,42.412159000153274]},"properties":{"OBJECTID":43653,"NCESSCH":"260110307972","LEAID":"2601103","NAME":"Detroit International Academy for Young Women","OPSTFIPS":"26","STREET":"5161 CHARLES ST","CITY":"DETROIT","STATE":"MI","ZIP":"48212","STFIP":"26","CNTY":"26163","NMCNTY":"Wayne County","LOCALE":"11","LAT":42.412159,"LON":-83.049195,"CBSA":"19820","NMCBSA":"Detroit-Warren-Dearborn, MI","CBSATYPE":"1","CSA":"220","NMCSA":"Detroit-Warren-Ann Arbor, MI","CD":"2613","SLDL":"26007","SLDU":"26003","SCHOOLYEAR":"2024-2025"}},{"type":"Feature","id":43654,"geometry":{"type":"Point","coordinates":[-83.2208210001158,42.36036000037834]},"properties":{"OBJECTID":43654,"NCESSCH":"260110307984","LEAID":"2601103","NAME":"Cody High School","OPSTFIPS":"26","STREET":"18445 CATHEDRAL ST","CITY":"DETROIT","STATE":"MI","ZIP":"48228","STFIP":"26","CNTY":"26163","NMCNTY":"Wayne County","LOCALE":"11","LAT":42.36036,"LON":-83.220821,"CBSA":"19820","NMCBSA":"Detroit-Warren-Dearborn, MI","CBSATYPE":"1","CSA":"220","NMCSA":"Detroit-Warren-Ann Arbor, MI","CD":"2612","SLDL":"26004","SLDU":"26002","SCHOOLYEAR":"2024-2025"}},{"type":"Feature","id":43655,"geometry":{"type":"Point","coordinates":[-83.20476200057796,42.36465099994453]},"properties":{"OBJECTID":43655,"NCESSCH":"260110308041","LEAID":"2601103","NAME":"Henderson Academy","OPSTFIPS":"26","STREET":"16101 W CHICAGO ST","CITY":"DETROIT","STATE":"MI","ZIP":"48228","STFIP":"26","CNTY":"26163","NMCNTY":"Wayne County","LOCALE":"11","LAT":42.364651,"LON":-83.204762,"CBSA":"19820","NMCBSA":"Detroit-Warren-Dearborn, MI","CBSATYPE":"1","CSA":"220","NMCSA":"Detroit-Warren-Ann Arbor, MI","CD":"2612","SLDL":"26004","SLDU":"26002","SCHOOLYEAR":"2024-2025"}},{"type":"Feature","id":43656,"geometry":{"type":"Point","coordinates":[-82.94118799925086,42.39418199938425]},"properties":{"OBJECTID":43656,"NCESSCH":"260110308052","LEAID":"2601103","NAME":"J E Clark Preparatory Academy","OPSTFIPS":"26","STREET":"15755 BREMEN ST","CITY":"DETROIT","STATE":"MI","ZIP":"48224","STFIP":"26","CNTY":"26163","NMCNTY":"Wayne County","LOCALE":"11","LAT":42.394182,"LON":-82.941188,"CBSA":"19820","NMCBSA":"Detroit-Warren-Dearborn, MI","CBSATYPE":"1","CSA":"220","NMCSA":"Detroit-Warren-Ann Arbor, MI","CD":"2613","SLDL":"26010","SLDU":"26010","SCHOOLYEAR":"2024-2025"}},{"type":"Feature","id":43657,"geometry":{"type":"Point","coordinates":[-82.9635590002808,42.428701999368215]},"properties":{"OBJECTID":43657,"NCESSCH":"260110308081","LEAID":"2601103","NAME":"Brewer Academy","OPSTFIPS":"26","STREET":"18025 BROCK ST","CITY":"DETROIT","STATE":"MI","ZIP":"48205","STFIP":"26","CNTY":"26163","NMCNTY":"Wayne County","LOCALE":"11","LAT":42.428702,"LON":-82.963559,"CBSA":"19820","NMCBSA":"Detroit-Warren-Dearborn, MI","CBSATYPE":"1","CSA":"220","NMCSA":"Detroit-Warren-Ann Arbor, MI","CD":"2613","SLDL":"26012","SLDU":"26010","SCHOOLYEAR":"2024-2025"}},{"type":"Feature","id":43658,"geometry":{"type":"Point","coordinates":[-83.0036100000697,42.43378000025853]},"properties":{"OBJECTID":43658,"NCESSCH":"260110308084","LEAID":"2601103","NAME":"Osborn High School","OPSTFIPS":"26","STREET":"11600 E 7 MILE RD","CITY":"DETROIT","STATE":"MI","ZIP":"48205","STFIP":"26","CNTY":"26163","NMCNTY":"Wayne County","LOCALE":"11","LAT":42.43378,"LON":-83.00361,"CBSA":"19820","NMCBSA":"Detroit-Warren-Dearborn, MI","CBSATYPE":"1","CSA":"220","NMCSA":"Detroit-Warren-Ann Arbor, MI","CD":"2613","SLDL":"26007","SLDU":"26010","SCHOOLYEAR":"2024-2025"}},{"type":"Feature","id":43659,"geometry":{"type":"Point","coordinates":[-82.96302500037052,42.398576000069426]},"properties":{"OBJECTID":43659,"NCESSCH":"260110308093","LEAID":"2601103","NAME":"Hamilton Academy","OPSTFIPS":"26","STREET":"14223 SOUTHAMPTON ST","CITY":"DETROIT","STATE":"MI","ZIP":"48213","STFIP":"26","CNTY":"26163","NMCNTY":"Wayne County","LOCALE":"11","LAT":42.398576,"LON":-82.963025,"CBSA":"19820","NMCBSA":"Detroit-Warren-Dearborn, MI","CBSATYPE":"1","CSA":"220","NMCSA":"Detroit-Warren-Ann Arbor, MI","CD":"2613","SLDL":"26007","SLDU":"26010","SCHOOLYEAR":"2024-2025"}},{"type":"Feature","id":43660,"geometry":{"type":"Point","coordinates":[-83.15975199980535,42.365199000304884]},"properties":{"OBJECTID":43660,"NCESSCH":"260110308222","LEAID":"2601103","NAME":"Mackenzie ElementaryMiddle School","OPSTFIPS":"26","STREET":"10147 W CHICAGO","CITY":"DETROIT","STATE":"MI","ZIP":"48204","STFIP":"26","CNTY":"26163","NMCNTY":"Wayne County","LOCALE":"11","LAT":42.365199,"LON":-83.159752,"CBSA":"19820","NMCBSA":"Detroit-Warren-Dearborn, MI","CBSATYPE":"1","CSA":"220","NMCSA":"Detroit-Warren-Ann Arbor, MI","CD":"2613","SLDL":"26004","SLDU":"26001","SCHOOLYEAR":"2024-2025"}},{"type":"Feature","id":43661,"geometry":{"type":"Point","coordinates":[-83.08944099972929,42.31607000014238]},"properties":{"OBJECTID":43661,"NCESSCH":"260110308245","LEAID":"2601103","NAME":"Earhart ElementaryMiddle School","OPSTFIPS":"26","STREET":"1000 SCOTTEN ST","CITY":"DETROIT","STATE":"MI","ZIP":"48209","STFIP":"26","CNTY":"26163","NMCNTY":"Wayne County","LOCALE":"11","LAT":42.31607,"LON":-83.089441,"CBSA":"19820","NMCBSA":"Detroit-Warren-Dearborn, MI","CBSATYPE":"1","CSA":"220","NMCSA":"Detroit-Warren-Ann Arbor, MI","CD":"2613","SLDL":"26001","SLDU":"26001","SCHOOLYEAR":"2024-2025"}},{"type":"Feature","id":43662,"geometry":{"type":"Point","coordinates":[-83.13284399998903,42.33724399971377]},"properties":{"OBJECTID":43662,"NCESSCH":"260110308262","LEAID":"2601103","NAME":"Munger ElementaryMiddle School","OPSTFIPS":"26","STREET":"5525 MARTIN ST","CITY":"DETROIT","STATE":"MI","ZIP":"48210","STFIP":"26","CNTY":"26163","NMCNTY":"Wayne County","LOCALE":"11","LAT":42.337244,"LON":-83.132844,"CBSA":"19820","NMCBSA":"Detroit-Warren-Dearborn, MI","CBSATYPE":"1","CSA":"220","NMCSA":"Detroit-Warren-Ann Arbor, MI","CD":"2613","SLDL":"26001","SLDU":"26002","SCHOOLYEAR":"2024-2025"}},{"type":"Feature","id":43663,"geometry":{"type":"Point","coordinates":[-83.05187000034181,42.350777000167035]},"properties":{"OBJECTID":43663,"NCESSCH":"260110308271","LEAID":"2601103","NAME":"Crockett Midtown High School of Science and Medicine","OPSTFIPS":"26","STREET":"571 MACK AVE","CITY":"DETROIT","STATE":"MI","ZIP":"48201","STFIP":"26","CNTY":"26163","NMCNTY":"Wayne County","LOCALE":"11","LAT":42.350777,"LON":-83.05187,"CBSA":"19820","NMCBSA":"Detroit-Warren-Dearborn, MI","CBSATYPE":"1","CSA":"220","NMCSA":"Detroit-Warren-Ann Arbor, MI","CD":"2613","SLDL":"26009","SLDU":"26003","SCHOOLYEAR":"2024-2025"}},{"type":"Feature","id":43664,"geometry":{"type":"Point","coordinates":[-83.15720599922108,42.36736299981523]},"properties":{"OBJECTID":43664,"NCESSCH":"260110308275","LEAID":"2601103","NAME":"Charles R Drew Transition Center","OPSTFIPS":"26","STREET":"9600 WYOMING ST","CITY":"DETROIT","STATE":"MI","ZIP":"48204","STFIP":"26","CNTY":"26163","NMCNTY":"Wayne County","LOCALE":"11","LAT":42.367363,"LON":-83.157206,"CBSA":"19820","NMCBSA":"Detroit-Warren-Dearborn, MI","CBSATYPE":"1","CSA":"220","NMCSA":"Detroit-Warren-Ann Arbor, MI","CD":"2613","SLDL":"26004","SLDU":"26001","SCHOOLYEAR":"2024-2025"}},{"type":"Feature","id":43665,"geometry":{"type":"Point","coordinates":[-82.92900199975979,42.4080220004414]},"properties":{"OBJECTID":43665,"NCESSCH":"260110308306","LEAID":"2601103","NAME":"East English Village Preparatory Academy at Finney","OPSTFIPS":"26","STREET":"5020 CADIEUX RD","CITY":"DETROIT","STATE":"MI","ZIP":"48224","STFIP":"26","CNTY":"26163","NMCNTY":"Wayne County","LOCALE":"11","LAT":42.408022,"LON":-82.929002,"CBSA":"19820","NMCBSA":"Detroit-Warren-Dearborn, MI","CBSATYPE":"1","CSA":"220","NMCSA":"Detroit-Warren-Ann Arbor, MI","CD":"2613","SLDL":"26010","SLDU":"26010","SCHOOLYEAR":"2024-2025"}},{"type":"Feature","id":43666,"geometry":{"type":"Point","coordinates":[-83.11075900027829,42.32706700002079]},"properties":{"OBJECTID":43666,"NCESSCH":"260110308803","LEAID":"2601103","NAME":"Academy of The Americas High School","OPSTFIPS":"26","STREET":"5680 KONKEL ST","CITY":"DETROIT","STATE":"MI","ZIP":"48210","STFIP":"26","CNTY":"26163","NMCNTY":"Wayne County","LOCALE":"11","LAT":42.327067,"LON":-83.110759,"CBSA":"19820","NMCBSA":"Detroit-Warren-Dearborn, MI","CBSATYPE":"1","CSA":"220","NMCSA":"Detroit-Warren-Ann Arbor, MI","CD":"2613","SLDL":"26001","SLDU":"26001","SCHOOLYEAR":"2024-2025"}},{"type":"Feature","id":43667,"geometry":{"type":"Point","coordinates":[-82.995292000192,42.4302960000601]},"properties":{"OBJECTID":43667,"NCESSCH":"260110308805","LEAID":"2601103","NAME":"Turning Point Academy","OPSTFIPS":"26","STREET":"18501 WALTHAM ST","CITY":"DETROIT","STATE":"MI","ZIP":"48205","STFIP":"26","CNTY":"26163","NMCNTY":"Wayne County","LOCALE":"11","LAT":42.430296,"LON":-82.995292,"CBSA":"19820","NMCBSA":"Detroit-Warren-Dearborn, MI","CBSATYPE":"1","CSA":"220","NMCSA":"Detroit-Warren-Ann Arbor, MI","CD":"2613","SLDL":"26007","SLDU":"26010","SCHOOLYEAR":"2024-2025"}},{"type":"Feature","id":43668,"geometry":{"type":"Point","coordinates":[-83.08961499999702,42.3404050004408]},"properties":{"OBJECTID":43668,"NCESSCH":"260110308902","LEAID":"2601103","NAME":"Legacy Academy","OPSTFIPS":"26","STREET":"2750 SELDEN ST","CITY":"DETROIT","STATE":"MI","ZIP":"48208","STFIP":"26","CNTY":"26163","NMCNTY":"Wayne County","LOCALE":"11","LAT":42.340405,"LON":-83.089615,"CBSA":"19820","NMCBSA":"Detroit-Warren-Dearborn, MI","CBSATYPE":"1","CSA":"220","NMCSA":"Detroit-Warren-Ann Arbor, MI","CD":"2613","SLDL":"26009","SLDU":"26001","SCHOOLYEAR":"2024-2025"}},{"type":"Feature","id":43669,"geometry":{"type":"Point","coordinates":[-83.12206899985037,42.32814400064432]},"properties":{"OBJECTID":43669,"NCESSCH":"260110308927","LEAID":"2601103","NAME":"Academy of the Americas at Logan","OPSTFIPS":"26","STREET":"3811 CICOTTE ST","CITY":"DETROIT","STATE":"MI","ZIP":"48210","STFIP":"26","CNTY":"26163","NMCNTY":"Wayne County","LOCALE":"11","LAT":42.328144,"LON":-83.122069,"CBSA":"19820","NMCBSA":"Detroit-Warren-Dearborn, MI","CBSATYPE":"1","CSA":"220","NMCSA":"Detroit-Warren-Ann Arbor, MI","CD":"2613","SLDL":"26001","SLDU":"26001","SCHOOLYEAR":"2024-2025"}},{"type":"Feature","id":43670,"geometry":{"type":"Point","coordinates":[-83.1539230005082,42.35965299961762]},"properties":{"OBJECTID":43670,"NCESSCH":"260110308930","LEAID":"2601103","NAME":"Barton Elementary School","OPSTFIPS":"26","STREET":"8530 JOY RD","CITY":"DETROIT","STATE":"MI","ZIP":"48204","STFIP":"26","CNTY":"26163","NMCNTY":"Wayne County","LOCALE":"11","LAT":42.359653,"LON":-83.153923,"CBSA":"19820","NMCBSA":"Detroit-Warren-Dearborn, MI","CBSATYPE":"1","CSA":"220","NMCSA":"Detroit-Warren-Ann Arbor, MI","CD":"2613","SLDL":"26004","SLDU":"26001","SCHOOLYEAR":"2024-2025"}},{"type":"Feature","id":43671,"geometry":{"type":"Point","coordinates":[-83.15475599983455,42.41506799936258]},"properties":{"OBJECTID":43671,"NCESSCH":"260110308932","LEAID":"2601103","NAME":"The School at Marygrove","OPSTFIPS":"26","STREET":"8425 W MCNICHOLS RD","CITY":"DETROIT","STATE":"MI","ZIP":"48221","STFIP":"26","CNTY":"26163","NMCNTY":"Wayne County","LOCALE":"11","LAT":42.415068,"LON":-83.154756,"CBSA":"19820","NMCBSA":"Detroit-Warren-Dearborn, MI","CBSATYPE":"1","CSA":"220","NMCSA":"Detroit-Warren-Ann Arbor, MI","CD":"2612","SLDL":"26008","SLDU":"26008","SCHOOLYEAR":"2024-2025"}},{"type":"Feature","id":43672,"geometry":{"type":"Point","coordinates":[-83.0743250000842,42.34903100073316]},"properties":{"OBJECTID":43672,"NCESSCH":"260110308933","LEAID":"2601103","NAME":"Edmonson Montessori","OPSTFIPS":"26","STREET":"1300 W CANFIELD ST","CITY":"DETROIT","STATE":"MI","ZIP":"48201","STFIP":"26","CNTY":"26163","NMCNTY":"Wayne County","LOCALE":"11","LAT":42.349031,"LON":-83.074325,"CBSA":"19820","NMCBSA":"Detroit-Warren-Dearborn, MI","CBSATYPE":"1","CSA":"220","NMCSA":"Detroit-Warren-Ann Arbor, MI","CD":"2613","SLDL":"26009","SLDU":"26003","SCHOOLYEAR":"2024-2025"}},{"type":"Feature","id":43673,"geometry":{"type":"Point","coordinates":[-83.08068400011433,42.3827650003796]},"properties":{"OBJECTID":43673,"NCESSCH":"260110309014","LEAID":"2601103","NAME":"DPSCD Virtual School","OPSTFIPS":"26","STREET":"9026 WOODWARD AVE","CITY":"DETROIT","STATE":"MI","ZIP":"48202","STFIP":"26","CNTY":"26163","NMCNTY":"Wayne County","LOCALE":"11","LAT":42.382765,"LON":-83.080684,"CBSA":"19820","NMCBSA":"Detroit-Warren-Dearborn, MI","CBSATYPE":"1","CSA":"220","NMCSA":"Detroit-Warren-Ann Arbor, MI","CD":"2613","SLDL":"26007","SLDU":"26003","SCHOOLYEAR":"2024-2025"}},{"type":"Feature","id":43674,"geometry":{"type":"Point","coordinates":[-82.96172299994966,42.442221999848734]},"properties":{"OBJECTID":43674,"NCESSCH":"260110309058","LEAID":"2601103","NAME":"Fisher Magnet Academy","OPSTFIPS":"26","STREET":"15510 E STATE FAIR ST","CITY":"DETROIT","STATE":"MI","ZIP":"48205","STFIP":"26","CNTY":"26163","NMCNTY":"Wayne County","LOCALE":"11","LAT":42.442222,"LON":-82.961723,"CBSA":"19820","NMCBSA":"Detroit-Warren-Dearborn, MI","CBSATYPE":"1","CSA":"220","NMCSA":"Detroit-Warren-Ann Arbor, MI","CD":"2613","SLDL":"26012","SLDU":"26011","SCHOOLYEAR":"2024-2025"}},{"type":"Feature","id":43678,"geometry":{"type":"Point","coordinates":[-83.76237100003566,42.41417900036233]},"properties":{"OBJECTID":43678,"NCESSCH":"260110808791","LEAID":"2601108","NAME":"Livingston Classical Academy","OPSTFIPS":"26","STREET":"8877 MAIN ST","CITY":"WHITMORE LAKE","STATE":"MI","ZIP":"48189","STFIP":"26","CNTY":"26161","NMCNTY":"Washtenaw County","LOCALE":"22","LAT":42.414179,"LON":-83.762371,"CBSA":"11460","NMCBSA":"Ann Arbor, MI","CBSATYPE":"1","CSA":"220","NMCSA":"Detroit-Warren-Ann Arbor, MI","CD":"2606","SLDL":"26048","SLDU":"26014","SCHOOLYEAR":"2024-2025"}},{"type":"Feature","id":43679,"geometry":{"type":"Point","coordinates":[-83.30979800054202,42.30707700048243]},"properties":{"OBJECTID":43679,"NCESSCH":"260111008797","LEAID":"2601110","NAME":"Inkster Preparatory Academy","OPSTFIPS":"26","STREET":"27355 WOODSFIELD ST","CITY":"INKSTER","STATE":"MI","ZIP":"48141","STFIP":"26","CNTY":"26163","NMCNTY":"Wayne County","LOCALE":"21","LAT":42.307077,"LON":-83.309798,"CBSA":"19820","NMCBSA":"Detroit-Warren-Dearborn, MI","CBSATYPE":"1","CSA":"220","NMCSA":"Detroit-Warren-Ann Arbor, MI","CD":"2612","SLDL":"26026","SLDU":"26005","SCHOOLYEAR":"2024-2025"}},{"type":"Feature","id":43681,"geometry":{"type":"Point","coordinates":[-83.57505199983854,43.01859200031745]},"properties":{"OBJECTID":43681,"NCESSCH":"260111408807","LEAID":"2601114","NAME":"Michigan International Prep School","OPSTFIPS":"26","STREET":"8989 E COLONY RD","CITY":"ELSIE","STATE":"MI","ZIP":"48831","STFIP":"26","CNTY":"26049","NMCNTY":"Genesee County","LOCALE":"21","LAT":43.018592,"LON":-83.575052,"CBSA":"22420","NMCBSA":"Flint, MI","CBSATYPE":"1","CSA":"220","NMCSA":"Detroit-Warren-Ann Arbor, MI","CD":"2608","SLDL":"26068","SLDU":"26026","SCHOOLYEAR":"2024-2025"}},{"type":"Feature","id":43682,"geometry":{"type":"Point","coordinates":[-82.92455400021204,42.428021000199834]},"properties":{"OBJECTID":43682,"NCESSCH":"260111508828","LEAID":"2601115","NAME":"Discovery Creative Pathways  Harper Woods","OPSTFIPS":"26","STREET":"19360 HARPER AVE","CITY":"HARPER WOODS","STATE":"MI","ZIP":"48225","STFIP":"26","CNTY":"26163","NMCNTY":"Wayne County","LOCALE":"21","LAT":42.428021,"LON":-82.924554,"CBSA":"19820","NMCBSA":"Detroit-Warren-Dearborn, MI","CBSATYPE":"1","CSA":"220","NMCSA":"Detroit-Warren-Ann Arbor, MI","CD":"2613","SLDL":"26010","SLDU":"26012","SCHOOLYEAR":"2024-2025"}},{"type":"Feature","id":43683,"geometry":{"type":"Point","coordinates":[-83.2946559998174,42.415227999335954]},"properties":{"OBJECTID":43683,"NCESSCH":"260111508897","LEAID":"2601115","NAME":"Discovery Creative Pathways  Redford","OPSTFIPS":"26","STREET":"17175 OLYMPIA","CITY":"REDFORD","STATE":"MI","ZIP":"48240","STFIP":"26","CNTY":"26163","NMCNTY":"Wayne County","LOCALE":"21","LAT":42.415228,"LON":-83.294656,"CBSA":"19820","NMCBSA":"Detroit-Warren-Dearborn, MI","CBSATYPE":"1","CSA":"220","NMCSA":"Detroit-Warren-Ann Arbor, MI","CD":"2612","SLDL":"26017","SLDU":"26006","SCHOOLYEAR":"2024-2025"}},{"type":"Feature","id":43684,"geometry":{"type":"Point","coordinates":[-83.20616399973382,42.437981000813984]},"properties":{"OBJECTID":43684,"NCESSCH":"260111608870","LEAID":"2601116","NAME":"Pembroke Academy","OPSTFIPS":"26","STREET":"19940 MANSFIELD ST","CITY":"DETROIT","STATE":"MI","ZIP":"48235","STFIP":"26","CNTY":"26163","NMCNTY":"Wayne County","LOCALE":"11","LAT":42.437981,"LON":-83.206164,"CBSA":"19820","NMCBSA":"Detroit-Warren-Dearborn, MI","CBSATYPE":"1","CSA":"220","NMCSA":"Detroit-Warren-Ann Arbor, MI","CD":"2612","SLDL":"26005","SLDU":"26007","SCHOOLYEAR":"2024-2025"}},{"type":"Feature","id":43686,"geometry":{"type":"Point","coordinates":[-83.6341740003877,43.01184000008128]},"properties":{"OBJECTID":43686,"NCESSCH":"260111708953","LEAID":"2601117","NAME":"Flex High Burton","OPSTFIPS":"26","STREET":"1245 S CENTER RD","CITY":"BURTON","STATE":"MI","ZIP":"48509","STFIP":"26","CNTY":"26049","NMCNTY":"Genesee County","LOCALE":"21","LAT":43.01184,"LON":-83.634174,"CBSA":"22420","NMCBSA":"Flint, MI","CBSATYPE":"1","CSA":"220","NMCSA":"Detroit-Warren-Ann Arbor, MI","CD":"2608","SLDL":"26068","SLDU":"26027","SCHOOLYEAR":"2024-2025"}},{"type":"Feature","id":43687,"geometry":{"type":"Point","coordinates":[-83.25006300027349,42.48197100034561]},"properties":{"OBJECTID":43687,"NCESSCH":"260111808853","LEAID":"2601118","NAME":"Lighthouse Connections Academy","OPSTFIPS":"26","STREET":"20750 CIVIC CENTER DR","CITY":"SOUTHFIELD","STATE":"MI","ZIP":"48076","STFIP":"26","CNTY":"26125","NMCNTY":"Oakland County","LOCALE":"13","LAT":42.481971,"LON":-83.250063,"CBSA":"19820","NMCBSA":"Detroit-Warren-Dearborn, MI","CBSATYPE":"1","CSA":"220","NMCSA":"Detroit-Warren-Ann Arbor, MI","CD":"2612","SLDL":"26018","SLDU":"26007","SCHOOLYEAR":"2024-2025"}},{"type":"Feature","id":43691,"geometry":{"type":"Point","coordinates":[-83.51552099987862,42.38625700004264]},"properties":{"OBJECTID":43691,"NCESSCH":"260112308912","LEAID":"2601123","NAME":"Ivywood Classical Academy","OPSTFIPS":"26","STREET":"14356 GENOA CT","CITY":"PLYMOUTH","STATE":"MI","ZIP":"48170","STFIP":"26","CNTY":"26163","NMCNTY":"Wayne County","LOCALE":"21","LAT":42.386257,"LON":-83.515521,"CBSA":"19820","NMCBSA":"Detroit-Warren-Dearborn, MI","CBSATYPE":"1","CSA":"220","NMCSA":"Detroit-Warren-Ann Arbor, MI","CD":"2606","SLDL":"26023","SLDU":"26013","SCHOOLYEAR":"2024-2025"}},{"type":"Feature","id":43692,"geometry":{"type":"Point","coordinates":[-83.49789499991087,42.35844500003871]},"properties":{"OBJECTID":43692,"NCESSCH":"260112309071","LEAID":"2601123","NAME":"Ivywood Classical AcademyAnn Arbor Rd Site","OPSTFIPS":"26","STREET":"46250 ANN ARBOR RD W","CITY":"PLYMOUTH","STATE":"MI","ZIP":"48170","STFIP":"26","CNTY":"26163","NMCNTY":"Wayne County","LOCALE":"21","LAT":42.358445,"LON":-83.497895,"CBSA":"19820","NMCBSA":"Detroit-Warren-Dearborn, MI","CBSATYPE":"1","CSA":"220","NMCSA":"Detroit-Warren-Ann Arbor, MI","CD":"2606","SLDL":"26022","SLDU":"26013","SCHOOLYEAR":"2024-2025"}},{"type":"Feature","id":43693,"geometry":{"type":"Point","coordinates":[-83.67992899964241,43.02400799980495]},"properties":{"OBJECTID":43693,"NCESSCH":"260112408908","LEAID":"2601124","NAME":"Flint Cultural Center Academy","OPSTFIPS":"26","STREET":"1200 ROBERT T LONGWAY BLVD","CITY":"FLINT","STATE":"MI","ZIP":"48503","STFIP":"26","CNTY":"26049","NMCNTY":"Genesee County","LOCALE":"13","LAT":43.024008,"LON":-83.679929,"CBSA":"22420","NMCBSA":"Flint, MI","CBSATYPE":"1","CSA":"220","NMCSA":"Detroit-Warren-Ann Arbor, MI","CD":"2608","SLDL":"26070","SLDU":"26027","SCHOOLYEAR":"2024-2025"}},{"type":"Feature","id":43694,"geometry":{"type":"Point","coordinates":[-83.69320799931258,43.01971200037191]},"properties":{"OBJECTID":43694,"NCESSCH":"260112409072","LEAID":"2601124","NAME":"Flint Cultural Center Academy High School","OPSTFIPS":"26","STREET":"432 N Saginaw Street","CITY":"Flint","STATE":"MI","ZIP":"48502","STFIP":"26","CNTY":"26049","NMCNTY":"Genesee County","LOCALE":"13","LAT":43.019712,"LON":-83.693208,"CBSA":"22420","NMCBSA":"Flint, MI","CBSATYPE":"1","CSA":"220","NMCSA":"Detroit-Warren-Ann Arbor, MI","CD":"2608","SLDL":"26070","SLDU":"26027","SCHOOLYEAR":"2024-2025"}},{"type":"Feature","id":43695,"geometry":{"type":"Point","coordinates":[-83.27331300006082,42.36944800033836]},"properties":{"OBJECTID":43695,"NCESSCH":"260112508928","LEAID":"2601125","NAME":"Westfield Preparatory High School","OPSTFIPS":"26","STREET":"23750 ELMIRA","CITY":"REDFORD","STATE":"MI","ZIP":"48239","STFIP":"26","CNTY":"26163","NMCNTY":"Wayne County","LOCALE":"21","LAT":42.369448,"LON":-83.273313,"CBSA":"19820","NMCBSA":"Detroit-Warren-Dearborn, MI","CBSATYPE":"1","CSA":"220","NMCSA":"Detroit-Warren-Ann Arbor, MI","CD":"2612","SLDL":"26016","SLDU":"26006","SCHOOLYEAR":"2024-2025"}},{"type":"Feature","id":43696,"geometry":{"type":"Point","coordinates":[-83.31123900002538,42.362112000130274]},"properties":{"OBJECTID":43696,"NCESSCH":"260112508931","LEAID":"2601125","NAME":"Westfield Charter Academy","OPSTFIPS":"26","STREET":"27201 W CHICAGO","CITY":"REDFORD","STATE":"MI","ZIP":"48239","STFIP":"26","CNTY":"26163","NMCNTY":"Wayne County","LOCALE":"21","LAT":42.362112,"LON":-83.311239,"CBSA":"19820","NMCBSA":"Detroit-Warren-Dearborn, MI","CBSATYPE":"1","CSA":"220","NMCSA":"Detroit-Warren-Ann Arbor, MI","CD":"2612","SLDL":"26016","SLDU":"26006","SCHOOLYEAR":"2024-2025"}},{"type":"Feature","id":43697,"geometry":{"type":"Point","coordinates":[-83.02450899973161,42.48000000036694]},"properties":{"OBJECTID":43697,"NCESSCH":"260113108964","LEAID":"2601131","NAME":"Center Line Preparatory Academy","OPSTFIPS":"26","STREET":"8155 RITTER","CITY":"CENTER LINE","STATE":"MI","ZIP":"48015","STFIP":"26","CNTY":"26099","NMCNTY":"Macomb County","LOCALE":"21","LAT":42.48,"LON":-83.024509,"CBSA":"19820","NMCBSA":"Detroit-Warren-Dearborn, MI","CBSATYPE":"1","CSA":"220","NMCSA":"Detroit-Warren-Ann Arbor, MI","CD":"2610","SLDL":"26014","SLDU":"26010","SCHOOLYEAR":"2024-2025"}},{"type":"Feature","id":43699,"geometry":{"type":"Point","coordinates":[-83.30684500008829,42.41011499981878]},"properties":{"OBJECTID":43699,"NCESSCH":"260113308966","LEAID":"2601133","NAME":"Fostering Leadership Academy","OPSTFIPS":"26","STREET":"16511 DELAWARE AVE","CITY":"REDFORD","STATE":"MI","ZIP":"48240","STFIP":"26","CNTY":"26163","NMCNTY":"Wayne County","LOCALE":"21","LAT":42.410115,"LON":-83.306845,"CBSA":"19820","NMCBSA":"Detroit-Warren-Dearborn, MI","CBSATYPE":"1","CSA":"220","NMCSA":"Detroit-Warren-Ann Arbor, MI","CD":"2612","SLDL":"26017","SLDU":"26006","SCHOOLYEAR":"2024-2025"}},{"type":"Feature","id":43700,"geometry":{"type":"Point","coordinates":[-83.02705699951493,42.545290999743074]},"properties":{"OBJECTID":43700,"NCESSCH":"260113509002","LEAID":"2601135","NAME":"New Dawn Academy of Warren","OPSTFIPS":"26","STREET":"8200 IRVING RD","CITY":"STERLING HTS","STATE":"MI","ZIP":"48312","STFIP":"26","CNTY":"26099","NMCNTY":"Macomb County","LOCALE":"21","LAT":42.545291,"LON":-83.027057,"CBSA":"19820","NMCBSA":"Detroit-Warren-Dearborn, MI","CBSATYPE":"1","CSA":"220","NMCSA":"Detroit-Warren-Ann Arbor, MI","CD":"2610","SLDL":"26058","SLDU":"26010","SCHOOLYEAR":"2024-2025"}},{"type":"Feature","id":43703,"geometry":{"type":"Point","coordinates":[-83.17474399997388,42.4150410003516]},"properties":{"OBJECTID":43703,"NCESSCH":"260113908944","LEAID":"2601139","NAME":"AdamsYoung Building","OPSTFIPS":"26","STREET":"13130 GROVE ST","CITY":"DETROIT","STATE":"MI","ZIP":"48235","STFIP":"26","CNTY":"26163","NMCNTY":"Wayne County","LOCALE":"11","LAT":42.415041,"LON":-83.174744,"CBSA":"19820","NMCBSA":"Detroit-Warren-Dearborn, MI","CBSATYPE":"1","CSA":"220","NMCSA":"Detroit-Warren-Ann Arbor, MI","CD":"2612","SLDL":"26008","SLDU":"26008","SCHOOLYEAR":"2024-2025"}},{"type":"Feature","id":43704,"geometry":{"type":"Point","coordinates":[-83.17784299985156,42.41422900005226]},"properties":{"OBJECTID":43704,"NCESSCH":"260113909006","LEAID":"2601139","NAME":"LincolnKing AdamsYoung  Grove Campus","OPSTFIPS":"26","STREET":"13436 GROVE ST","CITY":"DETROIT","STATE":"MI","ZIP":"48235","STFIP":"26","CNTY":"26163","NMCNTY":"Wayne County","LOCALE":"11","LAT":42.414229,"LON":-83.177843,"CBSA":"19820","NMCBSA":"Detroit-Warren-Dearborn, MI","CBSATYPE":"1","CSA":"220","NMCSA":"Detroit-Warren-Ann Arbor, MI","CD":"2612","SLDL":"26008","SLDU":"26008","SCHOOLYEAR":"2024-2025"}},{"type":"Feature","id":43705,"geometry":{"type":"Point","coordinates":[-83.21943699998225,42.41807599963489]},"properties":{"OBJECTID":43705,"NCESSCH":"260113909007","LEAID":"2601139","NAME":"LincolnKing AdamsYoung 68","OPSTFIPS":"26","STREET":"17351 SOUTHFIELD FWY","CITY":"DETROIT","STATE":"MI","ZIP":"48235","STFIP":"26","CNTY":"26163","NMCNTY":"Wayne County","LOCALE":"11","LAT":42.418076,"LON":-83.219437,"CBSA":"19820","NMCBSA":"Detroit-Warren-Dearborn, MI","CBSATYPE":"1","CSA":"220","NMCSA":"Detroit-Warren-Ann Arbor, MI","CD":"2612","SLDL":"26016","SLDU":"26006","SCHOOLYEAR":"2024-2025"}},{"type":"Feature","id":43706,"geometry":{"type":"Point","coordinates":[-83.23029400038618,42.364317000600245]},"properties":{"OBJECTID":43706,"NCESSCH":"260114109032","LEAID":"2601141","NAME":"KIPP Detroit Imani Academy","OPSTFIPS":"26","STREET":"19321 W CHICAGO ST","CITY":"DETROIT","STATE":"MI","ZIP":"48228","STFIP":"26","CNTY":"26163","NMCNTY":"Wayne County","LOCALE":"11","LAT":42.364317,"LON":-83.230294,"CBSA":"19820","NMCBSA":"Detroit-Warren-Dearborn, MI","CBSATYPE":"1","CSA":"220","NMCSA":"Detroit-Warren-Ann Arbor, MI","CD":"2612","SLDL":"26004","SLDU":"26002","SCHOOLYEAR":"2024-2025"}},{"type":"Feature","id":43712,"geometry":{"type":"Point","coordinates":[-84.0364059995663,41.8817019993631]},"properties":{"OBJECTID":43712,"NCESSCH":"260195001963","LEAID":"2601950","NAME":"Michener Elementary School","OPSTFIPS":"26","STREET":"104 DAWES AVE","CITY":"ADRIAN","STATE":"MI","ZIP":"49221","STFIP":"26","CNTY":"26091","NMCNTY":"Lenawee County","LOCALE":"32","LAT":41.881702,"LON":-84.036406,"CBSA":"10300","NMCBSA":"Adrian, MI","CBSATYPE":"2","CSA":"220","NMCSA":"Detroit-Warren-Ann Arbor, MI","CD":"2605","SLDL":"26034","SLDU":"26016","SCHOOLYEAR":"2024-2025"}},{"type":"Feature","id":43713,"geometry":{"type":"Point","coordinates":[-84.06811900015558,41.88120299966491]},"properties":{"OBJECTID":43713,"NCESSCH":"260195001965","LEAID":"2601950","NAME":"Prairie Elementary School","OPSTFIPS":"26","STREET":"2568 AIRPORT RD","CITY":"ADRIAN","STATE":"MI","ZIP":"49221","STFIP":"26","CNTY":"26091","NMCNTY":"Lenawee County","LOCALE":"41","LAT":41.881203,"LON":-84.068119,"CBSA":"10300","NMCBSA":"Adrian, MI","CBSATYPE":"2","CSA":"220","NMCSA":"Detroit-Warren-Ann Arbor, MI","CD":"2605","SLDL":"26034","SLDU":"26016","SCHOOLYEAR":"2024-2025"}},{"type":"Feature","id":43714,"geometry":{"type":"Point","coordinates":[-84.02548900065943,41.89722499967427]},"properties":{"OBJECTID":43714,"NCESSCH":"260195002061","LEAID":"2601950","NAME":"Adrian Community High School","OPSTFIPS":"26","STREET":"801 E MAUMEE ST","CITY":"ADRIAN","STATE":"MI","ZIP":"49221","STFIP":"26","CNTY":"26091","NMCNTY":"Lenawee County","LOCALE":"32","LAT":41.897225,"LON":-84.025489,"CBSA":"10300","NMCBSA":"Adrian, MI","CBSATYPE":"2","CSA":"220","NMCSA":"Detroit-Warren-Ann Arbor, MI","CD":"2605","SLDL":"26034","SLDU":"26016","SCHOOLYEAR":"2024-2025"}},{"type":"Feature","id":43715,"geometry":{"type":"Point","coordinates":[-84.04726499951927,41.910877999992735]},"properties":{"OBJECTID":43715,"NCESSCH":"260195003927","LEAID":"2601950","NAME":"Adrian High School","OPSTFIPS":"26","STREET":"785 RIVERSIDE AVE","CITY":"ADRIAN","STATE":"MI","ZIP":"49221","STFIP":"26","CNTY":"26091","NMCNTY":"Lenawee County","LOCALE":"32","LAT":41.910878,"LON":-84.047265,"CBSA":"10300","NMCBSA":"Adrian, MI","CBSATYPE":"2","CSA":"220","NMCSA":"Detroit-Warren-Ann Arbor, MI","CD":"2605","SLDL":"26034","SLDU":"26016","SCHOOLYEAR":"2024-2025"}},{"type":"Feature","id":43716,"geometry":{"type":"Point","coordinates":[-84.04278199978245,41.90676399949014]},"properties":{"OBJECTID":43716,"NCESSCH":"260195003929","LEAID":"2601950","NAME":"Alexander Elementary School","OPSTFIPS":"26","STREET":"520 CHERRY ST","CITY":"ADRIAN","STATE":"MI","ZIP":"49221","STFIP":"26","CNTY":"26091","NMCNTY":"Lenawee County","LOCALE":"32","LAT":41.906764,"LON":-84.042782,"CBSA":"10300","NMCBSA":"Adrian, MI","CBSATYPE":"2","CSA":"220","NMCSA":"Detroit-Warren-Ann Arbor, MI","CD":"2605","SLDL":"26034","SLDU":"26016","SCHOOLYEAR":"2024-2025"}},{"type":"Feature","id":43717,"geometry":{"type":"Point","coordinates":[-84.05399700045551,41.898687999486874]},"properties":{"OBJECTID":43717,"NCESSCH":"260195003932","LEAID":"2601950","NAME":"Lincoln Elementary School","OPSTFIPS":"26","STREET":"158 S SCOTT ST","CITY":"ADRIAN","STATE":"MI","ZIP":"49221","STFIP":"26","CNTY":"26091","NMCNTY":"Lenawee County","LOCALE":"32","LAT":41.898688,"LON":-84.053997,"CBSA":"10300","NMCBSA":"Adrian, MI","CBSATYPE":"2","CSA":"220","NMCSA":"Detroit-Warren-Ann Arbor, MI","CD":"2605","SLDL":"26034","SLDU":"26016","SCHOOLYEAR":"2024-2025"}},{"type":"Feature","id":43718,"geometry":{"type":"Point","coordinates":[-84.04131599944132,41.9079109997682]},"properties":{"OBJECTID":43718,"NCESSCH":"260195003936","LEAID":"2601950","NAME":"Springbrook Middle School","OPSTFIPS":"26","STREET":"615 SPRINGBROOK AVE","CITY":"ADRIAN","STATE":"MI","ZIP":"49221","STFIP":"26","CNTY":"26091","NMCNTY":"Lenawee County","LOCALE":"32","LAT":41.907911,"LON":-84.041316,"CBSA":"10300","NMCBSA":"Adrian, MI","CBSATYPE":"2","CSA":"220","NMCSA":"Detroit-Warren-Ann Arbor, MI","CD":"2605","SLDL":"26034","SLDU":"26016","SCHOOLYEAR":"2024-2025"}},{"type":"Feature","id":43719,"geometry":{"type":"Point","coordinates":[-83.37665300078001,42.04007099977175]},"properties":{"OBJECTID":43719,"NCESSCH":"260198003939","LEAID":"2601980","NAME":"Airport Senior High School","OPSTFIPS":"26","STREET":"11330 GRAFTON RD","CITY":"CARLETON","STATE":"MI","ZIP":"48117","STFIP":"26","CNTY":"26115","NMCNTY":"Monroe County","LOCALE":"41","LAT":42.040071,"LON":-83.376653,"CBSA":"33780","NMCBSA":"Monroe, MI","CBSATYPE":"1","CSA":"220","NMCSA":"Detroit-Warren-Ann Arbor, MI","CD":"2605","SLDL":"26029","SLDU":"26016","SCHOOLYEAR":"2024-2025"}},{"type":"Feature","id":43720,"geometry":{"type":"Point","coordinates":[-83.27259899992093,42.06203799988447]},"properties":{"OBJECTID":43720,"NCESSCH":"260198003940","LEAID":"2601980","NAME":"Fred W Ritter Elementary School","OPSTFIPS":"26","STREET":"5650 CARLETON ROCKWOOD RD","CITY":"SOUTH ROCKWOOD","STATE":"MI","ZIP":"48179","STFIP":"26","CNTY":"26115","NMCNTY":"Monroe County","LOCALE":"21","LAT":42.062038,"LON":-83.272599,"CBSA":"33780","NMCBSA":"Monroe, MI","CBSATYPE":"1","CSA":"220","NMCSA":"Detroit-Warren-Ann Arbor, MI","CD":"2605","SLDL":"26028","SLDU":"26016","SCHOOLYEAR":"2024-2025"}},{"type":"Feature","id":43721,"geometry":{"type":"Point","coordinates":[-83.35306799986651,42.06559400049298]},"properties":{"OBJECTID":43721,"NCESSCH":"260198003942","LEAID":"2601980","NAME":"Loren Eyler Elementary School","OPSTFIPS":"26","STREET":"1335 CARLETON ROCKWOOD RD","CITY":"CARLETON","STATE":"MI","ZIP":"48117","STFIP":"26","CNTY":"26115","NMCNTY":"Monroe County","LOCALE":"21","LAT":42.065594,"LON":-83.353068,"CBSA":"33780","NMCBSA":"Monroe, MI","CBSATYPE":"1","CSA":"220","NMCSA":"Detroit-Warren-Ann Arbor, MI","CD":"2605","SLDL":"26029","SLDU":"26016","SCHOOLYEAR":"2024-2025"}},{"type":"Feature","id":43722,"geometry":{"type":"Point","coordinates":[-83.37764900024118,42.041809000031186]},"properties":{"OBJECTID":43722,"NCESSCH":"260198003943","LEAID":"2601980","NAME":"Joseph C Sterling Elementary School","OPSTFIPS":"26","STREET":"160 FESSNER RD","CITY":"CARLETON","STATE":"MI","ZIP":"48117","STFIP":"26","CNTY":"26115","NMCNTY":"Monroe County","LOCALE":"41","LAT":42.041809,"LON":-83.377649,"CBSA":"33780","NMCBSA":"Monroe, MI","CBSATYPE":"1","CSA":"220","NMCSA":"Detroit-Warren-Ann Arbor, MI","CD":"2605","SLDL":"26029","SLDU":"26016","SCHOOLYEAR":"2024-2025"}},{"type":"Feature","id":43723,"geometry":{"type":"Point","coordinates":[-83.37895100033565,42.03843799936616]},"properties":{"OBJECTID":43723,"NCESSCH":"260198003944","LEAID":"2601980","NAME":"Wagar Junior High School","OPSTFIPS":"26","STREET":"11200 GRAFTON RD","CITY":"CARLETON","STATE":"MI","ZIP":"48117","STFIP":"26","CNTY":"26115","NMCNTY":"Monroe County","LOCALE":"41","LAT":42.038438,"LON":-83.378951,"CBSA":"33780","NMCBSA":"Monroe, MI","CBSATYPE":"1","CSA":"220","NMCSA":"Detroit-Warren-Ann Arbor, MI","CD":"2605","SLDL":"26029","SLDU":"26016","SCHOOLYEAR":"2024-2025"}},{"type":"Feature","id":43724,"geometry":{"type":"Point","coordinates":[-83.37665300078001,42.04007099977175]},"properties":{"OBJECTID":43724,"NCESSCH":"260198008428","LEAID":"2601980","NAME":"Airport Center for Education","OPSTFIPS":"26","STREET":"11330 GRAFTON RD","CITY":"CARLETON","STATE":"MI","ZIP":"48117","STFIP":"26","CNTY":"26115","NMCNTY":"Monroe County","LOCALE":"41","LAT":42.040071,"LON":-83.376653,"CBSA":"33780","NMCBSA":"Monroe, MI","CBSATYPE":"1","CSA":"220","NMCSA":"Detroit-Warren-Ann Arbor, MI","CD":"2605","SLDL":"26029","SLDU":"26016","SCHOOLYEAR":"2024-2025"}},{"type":"Feature","id":43725,"geometry":{"type":"Point","coordinates":[-83.37895100033565,42.03843799936616]},"properties":{"OBJECTID":43725,"NCESSCH":"260198008660","LEAID":"2601980","NAME":"Wagar Middle School","OPSTFIPS":"26","STREET":"11200 GRAFTON RD","CITY":"CARLETON","STATE":"MI","ZIP":"48117","STFIP":"26","CNTY":"26115","NMCNTY":"Monroe County","LOCALE":"41","LAT":42.038438,"LON":-83.378951,"CBSA":"33780","NMCBSA":"Monroe, MI","CBSATYPE":"1","CSA":"220","NMCSA":"Detroit-Warren-Ann Arbor, MI","CD":"2605","SLDL":"26029","SLDU":"26016","SCHOOLYEAR":"2024-2025"}},{"type":"Feature","id":43726,"geometry":{"type":"Point","coordinates":[-83.37665300078001,42.04007099977175]},"properties":{"OBJECTID":43726,"NCESSCH":"260198008678","LEAID":"2601980","NAME":"Airport Middle College","OPSTFIPS":"26","STREET":"11330 GRAFTON RD","CITY":"CARLETON","STATE":"MI","ZIP":"48117","STFIP":"26","CNTY":"26115","NMCNTY":"Monroe County","LOCALE":"41","LAT":42.040071,"LON":-83.376653,"CBSA":"33780","NMCBSA":"Monroe, MI","CBSATYPE":"1","CSA":"220","NMCSA":"Detroit-Warren-Ann Arbor, MI","CD":"2605","SLDL":"26029","SLDU":"26016","SCHOOLYEAR":"2024-2025"}},{"type":"Feature","id":43727,"geometry":{"type":"Point","coordinates":[-83.31015999975644,41.99904999978991]},"properties":{"OBJECTID":43727,"NCESSCH":"260198008925","LEAID":"2601980","NAME":"Henry Niedermeier Elementary School","OPSTFIPS":"26","STREET":"8400 NEWPORT SOUTH RD","CITY":"NEWPORT","STATE":"MI","ZIP":"48166","STFIP":"26","CNTY":"26115","NMCNTY":"Monroe County","LOCALE":"41","LAT":41.99905,"LON":-83.31016,"CBSA":"33780","NMCBSA":"Monroe, MI","CBSATYPE":"1","CSA":"220","NMCSA":"Detroit-Warren-Ann Arbor, MI","CD":"2605","SLDL":"26028","SLDU":"26016","SCHOOLYEAR":"2024-2025"}},{"type":"Feature","id":43746,"geometry":{"type":"Point","coordinates":[-83.2240999999383,42.24869999946041]},"properties":{"OBJECTID":43746,"NCESSCH":"260252000005","LEAID":"2602520","NAME":"Bennie Elementary School","OPSTFIPS":"26","STREET":"17401 CHAMPAIGN RD","CITY":"ALLEN PARK","STATE":"MI","ZIP":"48101","STFIP":"26","CNTY":"26163","NMCNTY":"Wayne County","LOCALE":"21","LAT":42.2487,"LON":-83.2241,"CBSA":"19820","NMCBSA":"Detroit-Warren-Dearborn, MI","CBSATYPE":"1","CSA":"220","NMCSA":"Detroit-Warren-Ann Arbor, MI","CD":"2613","SLDL":"26002","SLDU":"26001","SCHOOLYEAR":"2024-2025"}},{"type":"Feature","id":43747,"geometry":{"type":"Point","coordinates":[-83.22620000057326,42.2486000003373]},"properties":{"OBJECTID":43747,"NCESSCH":"260252003971","LEAID":"2602520","NAME":"Allen Park High School","OPSTFIPS":"26","STREET":"18401 CHAMPAIGN RD","CITY":"ALLEN PARK","STATE":"MI","ZIP":"48101","STFIP":"26","CNTY":"26163","NMCNTY":"Wayne County","LOCALE":"21","LAT":42.2486,"LON":-83.2262,"CBSA":"19820","NMCBSA":"Detroit-Warren-Dearborn, MI","CBSATYPE":"1","CSA":"220","NMCSA":"Detroit-Warren-Ann Arbor, MI","CD":"2613","SLDL":"26002","SLDU":"26001","SCHOOLYEAR":"2024-2025"}},{"type":"Feature","id":43748,"geometry":{"type":"Point","coordinates":[-83.20629999967849,42.250900000743]},"properties":{"OBJECTID":43748,"NCESSCH":"260252003972","LEAID":"2602520","NAME":"Arno Elementary School","OPSTFIPS":"26","STREET":"7500 FOX AVE","CITY":"ALLEN PARK","STATE":"MI","ZIP":"48101","STFIP":"26","CNTY":"26163","NMCNTY":"Wayne County","LOCALE":"21","LAT":42.2509,"LON":-83.2063,"CBSA":"19820","NMCBSA":"Detroit-Warren-Dearborn, MI","CBSATYPE":"1","CSA":"220","NMCSA":"Detroit-Warren-Ann Arbor, MI","CD":"2613","SLDL":"26002","SLDU":"26001","SCHOOLYEAR":"2024-2025"}},{"type":"Feature","id":43749,"geometry":{"type":"Point","coordinates":[-83.21750000024176,42.241300000480194]},"properties":{"OBJECTID":43749,"NCESSCH":"260252003973","LEAID":"2602520","NAME":"Lindemann Elementary School","OPSTFIPS":"26","STREET":"9201 CARTER AVE","CITY":"ALLEN PARK","STATE":"MI","ZIP":"48101","STFIP":"26","CNTY":"26163","NMCNTY":"Wayne County","LOCALE":"21","LAT":42.2413,"LON":-83.2175,"CBSA":"19820","NMCBSA":"Detroit-Warren-Dearborn, MI","CBSATYPE":"1","CSA":"220","NMCSA":"Detroit-Warren-Ann Arbor, MI","CD":"2613","SLDL":"26002","SLDU":"26001","SCHOOLYEAR":"2024-2025"}},{"type":"Feature","id":43750,"geometry":{"type":"Point","coordinates":[-83.20350000015657,42.24359999958978]},"properties":{"OBJECTID":43750,"NCESSCH":"260252003974","LEAID":"2602520","NAME":"Allen Park Middle School","OPSTFIPS":"26","STREET":"8401 VINE AVE","CITY":"ALLEN PARK","STATE":"MI","ZIP":"48101","STFIP":"26","CNTY":"26163","NMCNTY":"Wayne County","LOCALE":"21","LAT":42.2436,"LON":-83.2035,"CBSA":"19820","NMCBSA":"Detroit-Warren-Dearborn, MI","CBSATYPE":"1","CSA":"220","NMCSA":"Detroit-Warren-Ann Arbor, MI","CD":"2613","SLDL":"26002","SLDU":"26001","SCHOOLYEAR":"2024-2025"}},{"type":"Feature","id":43762,"geometry":{"type":"Point","coordinates":[-83.03630000031494,42.93100000081216]},"properties":{"OBJECTID":43762,"NCESSCH":"260267001137","LEAID":"2602670","NAME":"Orchard Primary School","OPSTFIPS":"26","STREET":"4664 KIDDER RD","CITY":"ALMONT","STATE":"MI","ZIP":"48003","STFIP":"26","CNTY":"26087","NMCNTY":"Lapeer County","LOCALE":"42","LAT":42.931,"LON":-83.0363,"CBSA":"19820","NMCBSA":"Detroit-Warren-Dearborn, MI","CBSATYPE":"1","CSA":"220","NMCSA":"Detroit-Warren-Ann Arbor, MI","CD":"2609","SLDL":"26065","SLDU":"26024","SCHOOLYEAR":"2024-2025"}},{"type":"Feature","id":43763,"geometry":{"type":"Point","coordinates":[-83.03900000015857,42.931099999692]},"properties":{"OBJECTID":43763,"NCESSCH":"260267001839","LEAID":"2602670","NAME":"Almont Middle School","OPSTFIPS":"26","STREET":"4624 KIDDER RD","CITY":"ALMONT","STATE":"MI","ZIP":"48003","STFIP":"26","CNTY":"26087","NMCNTY":"Lapeer County","LOCALE":"42","LAT":42.9311,"LON":-83.039,"CBSA":"19820","NMCBSA":"Detroit-Warren-Dearborn, MI","CBSATYPE":"1","CSA":"220","NMCSA":"Detroit-Warren-Ann Arbor, MI","CD":"2609","SLDL":"26065","SLDU":"26024","SCHOOLYEAR":"2024-2025"}},{"type":"Feature","id":43764,"geometry":{"type":"Point","coordinates":[-83.04370400055556,42.93050400034858]},"properties":{"OBJECTID":43764,"NCESSCH":"260267003982","LEAID":"2602670","NAME":"Almont High School","OPSTFIPS":"26","STREET":"4701 HOWLAND RD","CITY":"ALMONT","STATE":"MI","ZIP":"48003","STFIP":"26","CNTY":"26087","NMCNTY":"Lapeer County","LOCALE":"42","LAT":42.930504,"LON":-83.043704,"CBSA":"19820","NMCBSA":"Detroit-Warren-Dearborn, MI","CBSATYPE":"1","CSA":"220","NMCSA":"Detroit-Warren-Ann Arbor, MI","CD":"2609","SLDL":"26065","SLDU":"26024","SCHOOLYEAR":"2024-2025"}},{"type":"Feature","id":43774,"geometry":{"type":"Point","coordinates":[-82.73720000009953,42.68640000012861]},"properties":{"OBJECTID":43774,"NCESSCH":"260279000196","LEAID":"2602790","NAME":"Anchor Bay Middle School North","OPSTFIPS":"26","STREET":"52805 ASHLEY DR","CITY":"NEW BALTIMORE","STATE":"MI","ZIP":"48047","STFIP":"26","CNTY":"26099","NMCNTY":"Macomb County","LOCALE":"21","LAT":42.6864,"LON":-82.7372,"CBSA":"19820","NMCBSA":"Detroit-Warren-Dearborn, MI","CBSATYPE":"1","CSA":"220","NMCSA":"Detroit-Warren-Ann Arbor, MI","CD":"2609","SLDL":"26063","SLDU":"26012","SCHOOLYEAR":"2024-2025"}},{"type":"Feature","id":43775,"geometry":{"type":"Point","coordinates":[-82.77859999916633,42.689399999578995]},"properties":{"OBJECTID":43775,"NCESSCH":"260279000198","LEAID":"2602790","NAME":"Great Oaks Elementary School","OPSTFIPS":"26","STREET":"32900 24 MILE RD","CITY":"CHESTERFIELD","STATE":"MI","ZIP":"48047","STFIP":"26","CNTY":"26099","NMCNTY":"Macomb County","LOCALE":"21","LAT":42.6894,"LON":-82.7786,"CBSA":"19820","NMCBSA":"Detroit-Warren-Dearborn, MI","CBSATYPE":"1","CSA":"220","NMCSA":"Detroit-Warren-Ann Arbor, MI","CD":"2609","SLDL":"26063","SLDU":"26012","SCHOOLYEAR":"2024-2025"}},{"type":"Feature","id":43776,"geometry":{"type":"Point","coordinates":[-82.72643000010255,42.711695000114]},"properties":{"OBJECTID":43776,"NCESSCH":"260279000922","LEAID":"2602790","NAME":"Compass Pointe","OPSTFIPS":"26","STREET":"6319 COUNTY LINE RD","CITY":"IRA","STATE":"MI","ZIP":"48023","STFIP":"26","CNTY":"26147","NMCNTY":"St. Clair County","LOCALE":"21","LAT":42.711695,"LON":-82.72643,"CBSA":"19820","NMCBSA":"Detroit-Warren-Dearborn, MI","CBSATYPE":"1","CSA":"220","NMCSA":"Detroit-Warren-Ann Arbor, MI","CD":"2609","SLDL":"26063","SLDU":"26012","SCHOOLYEAR":"2024-2025"}},{"type":"Feature","id":43777,"geometry":{"type":"Point","coordinates":[-82.69140000044953,42.713599999204796]},"properties":{"OBJECTID":43777,"NCESSCH":"260279001069","LEAID":"2602790","NAME":"Francois Maconce Elem School","OPSTFIPS":"26","STREET":"6300 CHURCH RD","CITY":"IRA","STATE":"MI","ZIP":"48023","STFIP":"26","CNTY":"26147","NMCNTY":"St. Clair County","LOCALE":"41","LAT":42.7136,"LON":-82.6914,"CBSA":"19820","NMCBSA":"Detroit-Warren-Dearborn, MI","CBSATYPE":"1","CSA":"220","NMCSA":"Detroit-Warren-Ann Arbor, MI","CD":"2609","SLDL":"26063","SLDU":"26012","SCHOOLYEAR":"2024-2025"}},{"type":"Feature","id":43778,"geometry":{"type":"Point","coordinates":[-82.78980000017354,42.66279999934137]},"properties":{"OBJECTID":43778,"NCESSCH":"260279001142","LEAID":"2602790","NAME":"Anchor Bay Middle School South","OPSTFIPS":"26","STREET":"48650 SUGARBUSH RD","CITY":"CHESTERFIELD","STATE":"MI","ZIP":"48047","STFIP":"26","CNTY":"26099","NMCNTY":"Macomb County","LOCALE":"21","LAT":42.6628,"LON":-82.7898,"CBSA":"19820","NMCBSA":"Detroit-Warren-Dearborn, MI","CBSATYPE":"1","CSA":"220","NMCSA":"Detroit-Warren-Ann Arbor, MI","CD":"2609","SLDL":"26063","SLDU":"26012","SCHOOLYEAR":"2024-2025"}},{"type":"Feature","id":43779,"geometry":{"type":"Point","coordinates":[-82.74179999951158,42.68629999988036]},"properties":{"OBJECTID":43779,"NCESSCH":"260279001490","LEAID":"2602790","NAME":"Lighthouse Elementary School","OPSTFIPS":"26","STREET":"51880 WASHINGTON ST","CITY":"NEW BALTIMORE","STATE":"MI","ZIP":"48047","STFIP":"26","CNTY":"26099","NMCNTY":"Macomb County","LOCALE":"21","LAT":42.6863,"LON":-82.7418,"CBSA":"19820","NMCBSA":"Detroit-Warren-Dearborn, MI","CBSATYPE":"1","CSA":"220","NMCSA":"Detroit-Warren-Ann Arbor, MI","CD":"2609","SLDL":"26063","SLDU":"26012","SCHOOLYEAR":"2024-2025"}},{"type":"Feature","id":43780,"geometry":{"type":"Point","coordinates":[-82.72643000010255,42.711695000114]},"properties":{"OBJECTID":43780,"NCESSCH":"260279003997","LEAID":"2602790","NAME":"Anchor Bay High School","OPSTFIPS":"26","STREET":"6319 COUNTY LINE RD","CITY":"IRA","STATE":"MI","ZIP":"48023","STFIP":"26","CNTY":"26147","NMCNTY":"St. Clair County","LOCALE":"21","LAT":42.711695,"LON":-82.72643,"CBSA":"19820","NMCBSA":"Detroit-Warren-Dearborn, MI","CBSATYPE":"1","CSA":"220","NMCSA":"Detroit-Warren-Ann Arbor, MI","CD":"2609","SLDL":"26063","SLDU":"26012","SCHOOLYEAR":"2024-2025"}},{"type":"Feature","id":43781,"geometry":{"type":"Point","coordinates":[-82.73720000009953,42.68640000012861]},"properties":{"OBJECTID":43781,"NCESSCH":"260279003998","LEAID":"2602790","NAME":"Ashley Elementary School","OPSTFIPS":"26","STREET":"52347 ASHLEY ST","CITY":"NEW BALTIMORE","STATE":"MI","ZIP":"48047","STFIP":"26","CNTY":"26099","NMCNTY":"Macomb County","LOCALE":"21","LAT":42.6864,"LON":-82.7372,"CBSA":"19820","NMCBSA":"Detroit-Warren-Dearborn, MI","CBSATYPE":"1","CSA":"220","NMCSA":"Detroit-Warren-Ann Arbor, MI","CD":"2609","SLDL":"26063","SLDU":"26012","SCHOOLYEAR":"2024-2025"}},{"type":"Feature","id":43782,"geometry":{"type":"Point","coordinates":[-82.80869999957643,42.658099999566446]},"properties":{"OBJECTID":43782,"NCESSCH":"260279003999","LEAID":"2602790","NAME":"Dean A Naldrett School","OPSTFIPS":"26","STREET":"47800 SUGARBUSH RD","CITY":"CHESTERFIELD","STATE":"MI","ZIP":"48047","STFIP":"26","CNTY":"26099","NMCNTY":"Macomb County","LOCALE":"21","LAT":42.6581,"LON":-82.8087,"CBSA":"19820","NMCBSA":"Detroit-Warren-Dearborn, MI","CBSATYPE":"1","CSA":"220","NMCSA":"Detroit-Warren-Ann Arbor, MI","CD":"2609","SLDL":"26063","SLDU":"26012","SCHOOLYEAR":"2024-2025"}},{"type":"Feature","id":43783,"geometry":{"type":"Point","coordinates":[-82.77169999960223,42.6630000002844]},"properties":{"OBJECTID":43783,"NCESSCH":"260279004001","LEAID":"2602790","NAME":"Lottie M Schmidt Elem School","OPSTFIPS":"26","STREET":"33700 HOOKER RD","CITY":"CHESTERFIELD","STATE":"MI","ZIP":"48047","STFIP":"26","CNTY":"26099","NMCNTY":"Macomb County","LOCALE":"21","LAT":42.663,"LON":-82.7717,"CBSA":"19820","NMCBSA":"Detroit-Warren-Dearborn, MI","CBSATYPE":"1","CSA":"220","NMCSA":"Detroit-Warren-Ann Arbor, MI","CD":"2609","SLDL":"26063","SLDU":"26012","SCHOOLYEAR":"2024-2025"}},{"type":"Feature","id":43784,"geometry":{"type":"Point","coordinates":[-82.79618700028831,42.66434600029262]},"properties":{"OBJECTID":43784,"NCESSCH":"260279009017","LEAID":"2602790","NAME":"Sugarbush Early Childhood","OPSTFIPS":"26","STREET":"48400 SUGARBUSH RD","CITY":"CHESTERFIELD","STATE":"MI","ZIP":"48047","STFIP":"26","CNTY":"26099","NMCNTY":"Macomb County","LOCALE":"21","LAT":42.664346,"LON":-82.796187,"CBSA":"19820","NMCBSA":"Detroit-Warren-Dearborn, MI","CBSATYPE":"1","CSA":"220","NMCSA":"Detroit-Warren-Ann Arbor, MI","CD":"2609","SLDL":"26063","SLDU":"26012","SCHOOLYEAR":"2024-2025"}},{"type":"Feature","id":43785,"geometry":{"type":"Point","coordinates":[-83.72109999996854,42.247500000138594]},"properties":{"OBJECTID":43785,"NCESSCH":"260282001180","LEAID":"2602820","NAME":"Pathways To Success Academic Campus","OPSTFIPS":"26","STREET":"2800 STONE SCHOOL RD","CITY":"ANN ARBOR","STATE":"MI","ZIP":"48104","STFIP":"26","CNTY":"26161","NMCNTY":"Washtenaw County","LOCALE":"12","LAT":42.2475,"LON":-83.7211,"CBSA":"11460","NMCBSA":"Ann Arbor, MI","CBSATYPE":"1","CSA":"220","NMCSA":"Detroit-Warren-Ann Arbor, MI","CD":"2606","SLDL":"26033","SLDU":"26015","SCHOOLYEAR":"2024-2025"}},{"type":"Feature","id":43786,"geometry":{"type":"Point","coordinates":[-83.79049999990205,42.27709999982059]},"properties":{"OBJECTID":43786,"NCESSCH":"260282001418","LEAID":"2602820","NAME":"Lakewood Elementary School","OPSTFIPS":"26","STREET":"344 GRALAKE AVE","CITY":"ANN ARBOR","STATE":"MI","ZIP":"48103","STFIP":"26","CNTY":"26161","NMCNTY":"Washtenaw County","LOCALE":"12","LAT":42.2771,"LON":-83.7905,"CBSA":"11460","NMCBSA":"Ann Arbor, MI","CBSATYPE":"1","CSA":"220","NMCSA":"Detroit-Warren-Ann Arbor, MI","CD":"2606","SLDL":"26047","SLDU":"26014","SCHOOLYEAR":"2024-2025"}},{"type":"Feature","id":43787,"geometry":{"type":"Point","coordinates":[-83.78569999999067,42.29390000002425]},"properties":{"OBJECTID":43787,"NCESSCH":"260282004004","LEAID":"2602820","NAME":"Abbot School","OPSTFIPS":"26","STREET":"2670 SEQUOIA PKWY","CITY":"ANN ARBOR","STATE":"MI","ZIP":"48103","STFIP":"26","CNTY":"26161","NMCNTY":"Washtenaw County","LOCALE":"12","LAT":42.2939,"LON":-83.7857,"CBSA":"11460","NMCBSA":"Ann Arbor, MI","CBSATYPE":"1","CSA":"220","NMCSA":"Detroit-Warren-Ann Arbor, MI","CD":"2606","SLDL":"26047","SLDU":"26014","SCHOOLYEAR":"2024-2025"}},{"type":"Feature","id":43788,"geometry":{"type":"Point","coordinates":[-83.72760000044529,42.27449999956867]},"properties":{"OBJECTID":43788,"NCESSCH":"260282004005","LEAID":"2602820","NAME":"Angell School","OPSTFIPS":"26","STREET":"1608 S UNIVERSITY AVE","CITY":"ANN ARBOR","STATE":"MI","ZIP":"48104","STFIP":"26","CNTY":"26161","NMCNTY":"Washtenaw County","LOCALE":"12","LAT":42.2745,"LON":-83.7276,"CBSA":"11460","NMCBSA":"Ann Arbor, MI","CBSATYPE":"1","CSA":"220","NMCSA":"Detroit-Warren-Ann Arbor, MI","CD":"2606","SLDL":"26023","SLDU":"26015","SCHOOLYEAR":"2024-2025"}},{"type":"Feature","id":43789,"geometry":{"type":"Point","coordinates":[-83.75980000046714,42.28730000018323]},"properties":{"OBJECTID":43789,"NCESSCH":"260282004006","LEAID":"2602820","NAME":"Ann Arbor Open at Mack School","OPSTFIPS":"26","STREET":"920 MILLER AVE","CITY":"ANN ARBOR","STATE":"MI","ZIP":"48103","STFIP":"26","CNTY":"26161","NMCNTY":"Washtenaw County","LOCALE":"12","LAT":42.2873,"LON":-83.7598,"CBSA":"11460","NMCBSA":"Ann Arbor, MI","CBSATYPE":"1","CSA":"220","NMCSA":"Detroit-Warren-Ann Arbor, MI","CD":"2606","SLDL":"26047","SLDU":"26014","SCHOOLYEAR":"2024-2025"}},{"type":"Feature","id":43790,"geometry":{"type":"Point","coordinates":[-83.73039999950699,42.26589999991012]},"properties":{"OBJECTID":43790,"NCESSCH":"260282004008","LEAID":"2602820","NAME":"Burns Park Elementary School","OPSTFIPS":"26","STREET":"1414 WELLS ST","CITY":"ANN ARBOR","STATE":"MI","ZIP":"48104","STFIP":"26","CNTY":"26161","NMCNTY":"Washtenaw County","LOCALE":"12","LAT":42.2659,"LON":-83.7304,"CBSA":"11460","NMCBSA":"Ann Arbor, MI","CBSATYPE":"1","CSA":"220","NMCSA":"Detroit-Warren-Ann Arbor, MI","CD":"2606","SLDL":"26033","SLDU":"26015","SCHOOLYEAR":"2024-2025"}},{"type":"Feature","id":43791,"geometry":{"type":"Point","coordinates":[-83.67596600030804,42.24892900068548]},"properties":{"OBJECTID":43791,"NCESSCH":"260282004009","LEAID":"2602820","NAME":"Carpenter School","OPSTFIPS":"26","STREET":"4250 CENTRAL BLVD","CITY":"ANN ARBOR","STATE":"MI","ZIP":"48108","STFIP":"26","CNTY":"26161","NMCNTY":"Washtenaw County","LOCALE":"21","LAT":42.248929,"LON":-83.675966,"CBSA":"11460","NMCBSA":"Ann Arbor, MI","CBSATYPE":"1","CSA":"220","NMCSA":"Detroit-Warren-Ann Arbor, MI","CD":"2606","SLDL":"26033","SLDU":"26015","SCHOOLYEAR":"2024-2025"}},{"type":"Feature","id":43792,"geometry":{"type":"Point","coordinates":[-83.77639999928257,42.26290000003774]},"properties":{"OBJECTID":43792,"NCESSCH":"260282004010","LEAID":"2602820","NAME":"Dicken Elementary School","OPSTFIPS":"26","STREET":"2135 RUNNYMEDE BLVD","CITY":"ANN ARBOR","STATE":"MI","ZIP":"48103","STFIP":"26","CNTY":"26161","NMCNTY":"Washtenaw County","LOCALE":"12","LAT":42.2629,"LON":-83.7764,"CBSA":"11460","NMCBSA":"Ann Arbor, MI","CBSATYPE":"1","CSA":"220","NMCSA":"Detroit-Warren-Ann Arbor, MI","CD":"2606","SLDL":"26033","SLDU":"26015","SCHOOLYEAR":"2024-2025"}},{"type":"Feature","id":43793,"geometry":{"type":"Point","coordinates":[-83.7643000004459,42.27219999929349]},"properties":{"OBJECTID":43793,"NCESSCH":"260282004012","LEAID":"2602820","NAME":"Eberwhite School","OPSTFIPS":"26","STREET":"800 SOULE BLVD","CITY":"ANN ARBOR","STATE":"MI","ZIP":"48103","STFIP":"26","CNTY":"26161","NMCNTY":"Washtenaw County","LOCALE":"12","LAT":42.2722,"LON":-83.7643,"CBSA":"11460","NMCBSA":"Ann Arbor, MI","CBSATYPE":"1","CSA":"220","NMCSA":"Detroit-Warren-Ann Arbor, MI","CD":"2606","SLDL":"26047","SLDU":"26015","SCHOOLYEAR":"2024-2025"}},{"type":"Feature","id":43794,"geometry":{"type":"Point","coordinates":[-83.76719999956087,42.29630000039085]},"properties":{"OBJECTID":43794,"NCESSCH":"260282004013","LEAID":"2602820","NAME":"Forsythe Middle School","OPSTFIPS":"26","STREET":"1655 NEWPORT RD","CITY":"ANN ARBOR","STATE":"MI","ZIP":"48103","STFIP":"26","CNTY":"26161","NMCNTY":"Washtenaw County","LOCALE":"12","LAT":42.2963,"LON":-83.7672,"CBSA":"11460","NMCBSA":"Ann Arbor, MI","CBSATYPE":"1","CSA":"220","NMCSA":"Detroit-Warren-Ann Arbor, MI","CD":"2606","SLDL":"26047","SLDU":"26014","SCHOOLYEAR":"2024-2025"}},{"type":"Feature","id":43795,"geometry":{"type":"Point","coordinates":[-83.77620000070891,42.28979999978705]},"properties":{"OBJECTID":43795,"NCESSCH":"260282004014","LEAID":"2602820","NAME":"Haisley Elementary School","OPSTFIPS":"26","STREET":"825 DUNCAN ST","CITY":"ANN ARBOR","STATE":"MI","ZIP":"48103","STFIP":"26","CNTY":"26161","NMCNTY":"Washtenaw County","LOCALE":"12","LAT":42.2898,"LON":-83.7762,"CBSA":"11460","NMCBSA":"Ann Arbor, MI","CBSATYPE":"1","CSA":"220","NMCSA":"Detroit-Warren-Ann Arbor, MI","CD":"2606","SLDL":"26047","SLDU":"26014","SCHOOLYEAR":"2024-2025"}},{"type":"Feature","id":43796,"geometry":{"type":"Point","coordinates":[-83.71120000028465,42.25119999929489]},"properties":{"OBJECTID":43796,"NCESSCH":"260282004015","LEAID":"2602820","NAME":"John Allen School","OPSTFIPS":"26","STREET":"2560 TOWNER BLVD","CITY":"ANN ARBOR","STATE":"MI","ZIP":"48104","STFIP":"26","CNTY":"26161","NMCNTY":"Washtenaw County","LOCALE":"12","LAT":42.2512,"LON":-83.7112,"CBSA":"11460","NMCBSA":"Ann Arbor, MI","CBSATYPE":"1","CSA":"220","NMCSA":"Detroit-Warren-Ann Arbor, MI","CD":"2606","SLDL":"26033","SLDU":"26015","SCHOOLYEAR":"2024-2025"}},{"type":"Feature","id":43797,"geometry":{"type":"Point","coordinates":[-83.76389999959657,42.25350000001782]},"properties":{"OBJECTID":43797,"NCESSCH":"260282004017","LEAID":"2602820","NAME":"Uriah H Lawton School","OPSTFIPS":"26","STREET":"2250 S 7TH ST","CITY":"ANN ARBOR","STATE":"MI","ZIP":"48103","STFIP":"26","CNTY":"26161","NMCNTY":"Washtenaw County","LOCALE":"12","LAT":42.2535,"LON":-83.7639,"CBSA":"11460","NMCBSA":"Ann Arbor, MI","CBSATYPE":"1","CSA":"220","NMCSA":"Detroit-Warren-Ann Arbor, MI","CD":"2606","SLDL":"26033","SLDU":"26015","SCHOOLYEAR":"2024-2025"}},{"type":"Feature","id":43798,"geometry":{"type":"Point","coordinates":[-83.75510000002338,42.27639999950248]},"properties":{"OBJECTID":43798,"NCESSCH":"260282004018","LEAID":"2602820","NAME":"Bach Elementary School","OPSTFIPS":"26","STREET":"600 W JEFFERSON ST","CITY":"ANN ARBOR","STATE":"MI","ZIP":"48103","STFIP":"26","CNTY":"26161","NMCNTY":"Washtenaw County","LOCALE":"12","LAT":42.2764,"LON":-83.7551,"CBSA":"11460","NMCBSA":"Ann Arbor, MI","CBSATYPE":"1","CSA":"220","NMCSA":"Detroit-Warren-Ann Arbor, MI","CD":"2606","SLDL":"26047","SLDU":"26015","SCHOOLYEAR":"2024-2025"}},{"type":"Feature","id":43799,"geometry":{"type":"Point","coordinates":[-83.69310000044626,42.23699999970961]},"properties":{"OBJECTID":43799,"NCESSCH":"260282004019","LEAID":"2602820","NAME":"Mary D Mitchell School","OPSTFIPS":"26","STREET":"3550 PITTSVIEW DR","CITY":"ANN ARBOR","STATE":"MI","ZIP":"48108","STFIP":"26","CNTY":"26161","NMCNTY":"Washtenaw County","LOCALE":"12","LAT":42.237,"LON":-83.6931,"CBSA":"11460","NMCBSA":"Ann Arbor, MI","CBSATYPE":"1","CSA":"220","NMCSA":"Detroit-Warren-Ann Arbor, MI","CD":"2606","SLDL":"26033","SLDU":"26015","SCHOOLYEAR":"2024-2025"}},{"type":"Feature","id":43800,"geometry":{"type":"Point","coordinates":[-83.73349999949396,42.29879999954967]},"properties":{"OBJECTID":43800,"NCESSCH":"260282004021","LEAID":"2602820","NAME":"Ann Arbor STEAM at Northside School","OPSTFIPS":"26","STREET":"912 BARTON DR","CITY":"ANN ARBOR","STATE":"MI","ZIP":"48105","STFIP":"26","CNTY":"26161","NMCNTY":"Washtenaw County","LOCALE":"12","LAT":42.2988,"LON":-83.7335,"CBSA":"11460","NMCBSA":"Ann Arbor, MI","CBSATYPE":"1","CSA":"220","NMCSA":"Detroit-Warren-Ann Arbor, MI","CD":"2606","SLDL":"26048","SLDU":"26014","SCHOOLYEAR":"2024-2025"}},{"type":"Feature","id":43801,"geometry":{"type":"Point","coordinates":[-83.71960000024765,42.25550000062599]},"properties":{"OBJECTID":43801,"NCESSCH":"260282004022","LEAID":"2602820","NAME":"Pattengill School","OPSTFIPS":"26","STREET":"2100 CRESTLAND ST","CITY":"ANN ARBOR","STATE":"MI","ZIP":"48104","STFIP":"26","CNTY":"26161","NMCNTY":"Washtenaw County","LOCALE":"12","LAT":42.2555,"LON":-83.7196,"CBSA":"11460","NMCBSA":"Ann Arbor, MI","CBSATYPE":"1","CSA":"220","NMCSA":"Detroit-Warren-Ann Arbor, MI","CD":"2606","SLDL":"26033","SLDU":"26015","SCHOOLYEAR":"2024-2025"}},{"type":"Feature","id":43802,"geometry":{"type":"Point","coordinates":[-83.69199999930694,42.25000000005956]},"properties":{"OBJECTID":43802,"NCESSCH":"260282004023","LEAID":"2602820","NAME":"Pittsfield School","OPSTFIPS":"26","STREET":"2543 PITTSFIELD BLVD","CITY":"ANN ARBOR","STATE":"MI","ZIP":"48104","STFIP":"26","CNTY":"26161","NMCNTY":"Washtenaw County","LOCALE":"12","LAT":42.25,"LON":-83.692,"CBSA":"11460","NMCBSA":"Ann Arbor, MI","CBSATYPE":"1","CSA":"220","NMCSA":"Detroit-Warren-Ann Arbor, MI","CD":"2606","SLDL":"26033","SLDU":"26015","SCHOOLYEAR":"2024-2025"}},{"type":"Feature","id":43803,"geometry":{"type":"Point","coordinates":[-83.76130000023186,42.27979999978548]},"properties":{"OBJECTID":43803,"NCESSCH":"260282004024","LEAID":"2602820","NAME":"Slauson Middle School","OPSTFIPS":"26","STREET":"1019 W WASHINGTON ST","CITY":"ANN ARBOR","STATE":"MI","ZIP":"48103","STFIP":"26","CNTY":"26161","NMCNTY":"Washtenaw County","LOCALE":"12","LAT":42.2798,"LON":-83.7613,"CBSA":"11460","NMCBSA":"Ann Arbor, MI","CBSATYPE":"1","CSA":"220","NMCSA":"Detroit-Warren-Ann Arbor, MI","CD":"2606","SLDL":"26047","SLDU":"26014","SCHOOLYEAR":"2024-2025"}},{"type":"Feature","id":43804,"geometry":{"type":"Point","coordinates":[-83.71800000036741,42.262099999871324]},"properties":{"OBJECTID":43804,"NCESSCH":"260282004026","LEAID":"2602820","NAME":"Tappan Middle School","OPSTFIPS":"26","STREET":"2251 E STADIUM BLVD","CITY":"ANN ARBOR","STATE":"MI","ZIP":"48104","STFIP":"26","CNTY":"26161","NMCNTY":"Washtenaw County","LOCALE":"12","LAT":42.2621,"LON":-83.718,"CBSA":"11460","NMCBSA":"Ann Arbor, MI","CBSATYPE":"1","CSA":"220","NMCSA":"Detroit-Warren-Ann Arbor, MI","CD":"2606","SLDL":"26033","SLDU":"26015","SCHOOLYEAR":"2024-2025"}},{"type":"Feature","id":43805,"geometry":{"type":"Point","coordinates":[-83.70159999944568,42.30640000051383]},"properties":{"OBJECTID":43805,"NCESSCH":"260282004027","LEAID":"2602820","NAME":"Thurston Elementary School","OPSTFIPS":"26","STREET":"2300 PRAIRIE ST","CITY":"ANN ARBOR","STATE":"MI","ZIP":"48105","STFIP":"26","CNTY":"26161","NMCNTY":"Washtenaw County","LOCALE":"12","LAT":42.3064,"LON":-83.7016,"CBSA":"11460","NMCBSA":"Ann Arbor, MI","CBSATYPE":"1","CSA":"220","NMCSA":"Detroit-Warren-Ann Arbor, MI","CD":"2606","SLDL":"26048","SLDU":"26014","SCHOOLYEAR":"2024-2025"}},{"type":"Feature","id":43806,"geometry":{"type":"Point","coordinates":[-83.76949999944874,42.29829999962569]},"properties":{"OBJECTID":43806,"NCESSCH":"260282004028","LEAID":"2602820","NAME":"Wines Elementary School","OPSTFIPS":"26","STREET":"1701 NEWPORT RD","CITY":"ANN ARBOR","STATE":"MI","ZIP":"48103","STFIP":"26","CNTY":"26161","NMCNTY":"Washtenaw County","LOCALE":"12","LAT":42.2983,"LON":-83.7695,"CBSA":"11460","NMCBSA":"Ann Arbor, MI","CBSATYPE":"1","CSA":"220","NMCSA":"Detroit-Warren-Ann Arbor, MI","CD":"2606","SLDL":"26047","SLDU":"26014","SCHOOLYEAR":"2024-2025"}},{"type":"Feature","id":43807,"geometry":{"type":"Point","coordinates":[-83.75440000048863,42.26210000001785]},"properties":{"OBJECTID":43807,"NCESSCH":"260282004029","LEAID":"2602820","NAME":"Pioneer High School","OPSTFIPS":"26","STREET":"601 W STADIUM BLVD","CITY":"ANN ARBOR","STATE":"MI","ZIP":"48103","STFIP":"26","CNTY":"26161","NMCNTY":"Washtenaw County","LOCALE":"12","LAT":42.2621,"LON":-83.7544,"CBSA":"11460","NMCBSA":"Ann Arbor, MI","CBSATYPE":"1","CSA":"220","NMCSA":"Detroit-Warren-Ann Arbor, MI","CD":"2606","SLDL":"26033","SLDU":"26015","SCHOOLYEAR":"2024-2025"}},{"type":"Feature","id":43808,"geometry":{"type":"Point","coordinates":[-83.69280000017976,42.235100000389515]},"properties":{"OBJECTID":43808,"NCESSCH":"260282004031","LEAID":"2602820","NAME":"Scarlett Middle School","OPSTFIPS":"26","STREET":"3300 LORRAINE ST","CITY":"ANN ARBOR","STATE":"MI","ZIP":"48108","STFIP":"26","CNTY":"26161","NMCNTY":"Washtenaw County","LOCALE":"12","LAT":42.2351,"LON":-83.6928,"CBSA":"11460","NMCBSA":"Ann Arbor, MI","CBSATYPE":"1","CSA":"220","NMCSA":"Detroit-Warren-Ann Arbor, MI","CD":"2606","SLDL":"26033","SLDU":"26015","SCHOOLYEAR":"2024-2025"}},{"type":"Feature","id":43809,"geometry":{"type":"Point","coordinates":[-83.70329999968347,42.281700000075006]},"properties":{"OBJECTID":43809,"NCESSCH":"260282004032","LEAID":"2602820","NAME":"Huron High School","OPSTFIPS":"26","STREET":"2727 FULLER RD","CITY":"ANN ARBOR","STATE":"MI","ZIP":"48105","STFIP":"26","CNTY":"26161","NMCNTY":"Washtenaw County","LOCALE":"12","LAT":42.2817,"LON":-83.7033,"CBSA":"11460","NMCBSA":"Ann Arbor, MI","CBSATYPE":"1","CSA":"220","NMCSA":"Detroit-Warren-Ann Arbor, MI","CD":"2606","SLDL":"26023","SLDU":"26015","SCHOOLYEAR":"2024-2025"}},{"type":"Feature","id":43810,"geometry":{"type":"Point","coordinates":[-83.7443000004167,42.28389999937443]},"properties":{"OBJECTID":43810,"NCESSCH":"260282004033","LEAID":"2602820","NAME":"Community High School","OPSTFIPS":"26","STREET":"401 N DIVISION ST","CITY":"ANN ARBOR","STATE":"MI","ZIP":"48104","STFIP":"26","CNTY":"26161","NMCNTY":"Washtenaw County","LOCALE":"12","LAT":42.2839,"LON":-83.7443,"CBSA":"11460","NMCBSA":"Ann Arbor, MI","CBSATYPE":"1","CSA":"220","NMCSA":"Detroit-Warren-Ann Arbor, MI","CD":"2606","SLDL":"26023","SLDU":"26015","SCHOOLYEAR":"2024-2025"}},{"type":"Feature","id":43811,"geometry":{"type":"Point","coordinates":[-83.68630000078224,42.28489999950428]},"properties":{"OBJECTID":43811,"NCESSCH":"260282004034","LEAID":"2602820","NAME":"Martin Luther King Elem School","OPSTFIPS":"26","STREET":"3800 WALDENWOOD DR","CITY":"ANN ARBOR","STATE":"MI","ZIP":"48105","STFIP":"26","CNTY":"26161","NMCNTY":"Washtenaw County","LOCALE":"12","LAT":42.2849,"LON":-83.6863,"CBSA":"11460","NMCBSA":"Ann Arbor, MI","CBSATYPE":"1","CSA":"220","NMCSA":"Detroit-Warren-Ann Arbor, MI","CD":"2606","SLDL":"26023","SLDU":"26015","SCHOOLYEAR":"2024-2025"}},{"type":"Feature","id":43812,"geometry":{"type":"Point","coordinates":[-83.70409999964455,42.31110000021433]},"properties":{"OBJECTID":43812,"NCESSCH":"260282004035","LEAID":"2602820","NAME":"Clague Middle School","OPSTFIPS":"26","STREET":"2616 NIXON RD","CITY":"ANN ARBOR","STATE":"MI","ZIP":"48105","STFIP":"26","CNTY":"26161","NMCNTY":"Washtenaw County","LOCALE":"12","LAT":42.3111,"LON":-83.7041,"CBSA":"11460","NMCBSA":"Ann Arbor, MI","CBSATYPE":"1","CSA":"220","NMCSA":"Detroit-Warren-Ann Arbor, MI","CD":"2606","SLDL":"26048","SLDU":"26014","SCHOOLYEAR":"2024-2025"}},{"type":"Feature","id":43813,"geometry":{"type":"Point","coordinates":[-83.71549999987603,42.232499999776785]},"properties":{"OBJECTID":43813,"NCESSCH":"260282004036","LEAID":"2602820","NAME":"Clifford E Bryant Comm School","OPSTFIPS":"26","STREET":"2150 SANTA ROSA DR","CITY":"ANN ARBOR","STATE":"MI","ZIP":"48108","STFIP":"26","CNTY":"26161","NMCNTY":"Washtenaw County","LOCALE":"12","LAT":42.2325,"LON":-83.7155,"CBSA":"11460","NMCBSA":"Ann Arbor, MI","CBSATYPE":"1","CSA":"220","NMCSA":"Detroit-Warren-Ann Arbor, MI","CD":"2606","SLDL":"26033","SLDU":"26015","SCHOOLYEAR":"2024-2025"}},{"type":"Feature","id":43814,"geometry":{"type":"Point","coordinates":[-83.7092999993916,42.31280000024872]},"properties":{"OBJECTID":43814,"NCESSCH":"260282004038","LEAID":"2602820","NAME":"Logan Elementary School","OPSTFIPS":"26","STREET":"2685 TRAVER BLVD","CITY":"ANN ARBOR","STATE":"MI","ZIP":"48105","STFIP":"26","CNTY":"26161","NMCNTY":"Washtenaw County","LOCALE":"12","LAT":42.3128,"LON":-83.7093,"CBSA":"11460","NMCBSA":"Ann Arbor, MI","CBSATYPE":"1","CSA":"220","NMCSA":"Detroit-Warren-Ann Arbor, MI","CD":"2606","SLDL":"26048","SLDU":"26014","SCHOOLYEAR":"2024-2025"}},{"type":"Feature","id":43815,"geometry":{"type":"Point","coordinates":[-83.77799999966633,42.30500000037151]},"properties":{"OBJECTID":43815,"NCESSCH":"260282007761","LEAID":"2602820","NAME":"Skyline High School","OPSTFIPS":"26","STREET":"2552 N MAPLE RD","CITY":"ANN ARBOR","STATE":"MI","ZIP":"48103","STFIP":"26","CNTY":"26161","NMCNTY":"Washtenaw County","LOCALE":"12","LAT":42.305,"LON":-83.778,"CBSA":"11460","NMCBSA":"Ann Arbor, MI","CBSATYPE":"1","CSA":"220","NMCSA":"Detroit-Warren-Ann Arbor, MI","CD":"2606","SLDL":"26047","SLDU":"26014","SCHOOLYEAR":"2024-2025"}},{"type":"Feature","id":43816,"geometry":{"type":"Point","coordinates":[-83.67885000077538,42.25529199966163]},"properties":{"OBJECTID":43816,"NCESSCH":"260282008815","LEAID":"2602820","NAME":"Correctional Services","OPSTFIPS":"26","STREET":"2201 HOGBACK RD","CITY":"ANN ARBOR","STATE":"MI","ZIP":"48105","STFIP":"26","CNTY":"26161","NMCNTY":"Washtenaw County","LOCALE":"21","LAT":42.255292,"LON":-83.67885,"CBSA":"11460","NMCBSA":"Ann Arbor, MI","CBSATYPE":"1","CSA":"220","NMCSA":"Detroit-Warren-Ann Arbor, MI","CD":"2606","SLDL":"26033","SLDU":"26015","SCHOOLYEAR":"2024-2025"}},{"type":"Feature","id":43817,"geometry":{"type":"Point","coordinates":[-82.8763999992492,42.84950000070925]},"properties":{"OBJECTID":43817,"NCESSCH":"260324001375","LEAID":"2603240","NAME":"Orville C Krause Elementary School","OPSTFIPS":"26","STREET":"23900 ARMADA CENTER RD","CITY":"ARMADA","STATE":"MI","ZIP":"48005","STFIP":"26","CNTY":"26099","NMCNTY":"Macomb County","LOCALE":"42","LAT":42.8495,"LON":-82.8764,"CBSA":"19820","NMCBSA":"Detroit-Warren-Dearborn, MI","CBSATYPE":"1","CSA":"220","NMCSA":"Detroit-Warren-Ann Arbor, MI","CD":"2609","SLDL":"26065","SLDU":"26025","SCHOOLYEAR":"2024-2025"}},{"type":"Feature","id":43818,"geometry":{"type":"Point","coordinates":[-82.87690000057196,42.851299999998595]},"properties":{"OBJECTID":43818,"NCESSCH":"260324004042","LEAID":"2603240","NAME":"Armada High School","OPSTFIPS":"26","STREET":"23655 ARMADA CENTER RD","CITY":"ARMADA","STATE":"MI","ZIP":"48005","STFIP":"26","CNTY":"26099","NMCNTY":"Macomb County","LOCALE":"42","LAT":42.8513,"LON":-82.8769,"CBSA":"19820","NMCBSA":"Detroit-Warren-Dearborn, MI","CBSATYPE":"1","CSA":"220","NMCSA":"Detroit-Warren-Ann Arbor, MI","CD":"2609","SLDL":"26065","SLDU":"26025","SCHOOLYEAR":"2024-2025"}},{"type":"Feature","id":43819,"geometry":{"type":"Point","coordinates":[-82.87930000013625,42.84940000054511]},"properties":{"OBJECTID":43819,"NCESSCH":"260324004044","LEAID":"2603240","NAME":"Armada Middle School","OPSTFIPS":"26","STREET":"23550 ARMADA CENTER RD","CITY":"ARMADA","STATE":"MI","ZIP":"48005","STFIP":"26","CNTY":"26099","NMCNTY":"Macomb County","LOCALE":"42","LAT":42.8494,"LON":-82.8793,"CBSA":"19820","NMCBSA":"Detroit-Warren-Dearborn, MI","CBSATYPE":"1","CSA":"220","NMCSA":"Detroit-Warren-Ann Arbor, MI","CD":"2609","SLDL":"26065","SLDU":"26025","SCHOOLYEAR":"2024-2025"}},{"type":"Feature","id":43820,"geometry":{"type":"Point","coordinates":[-82.8826129998599,42.846184999815534]},"properties":{"OBJECTID":43820,"NCESSCH":"260324008269","LEAID":"2603240","NAME":"Armada Continuing Education Center","OPSTFIPS":"26","STREET":"23211 PROSPECT AVE","CITY":"ARMADA","STATE":"MI","ZIP":"48005","STFIP":"26","CNTY":"26099","NMCNTY":"Macomb County","LOCALE":"42","LAT":42.846185,"LON":-82.882613,"CBSA":"19820","NMCBSA":"Detroit-Warren-Dearborn, MI","CBSATYPE":"1","CSA":"220","NMCSA":"Detroit-Warren-Ann Arbor, MI","CD":"2609","SLDL":"26065","SLDU":"26025","SCHOOLYEAR":"2024-2025"}},{"type":"Feature","id":43828,"geometry":{"type":"Point","coordinates":[-83.61510999944312,42.97989100054567]},"properties":{"OBJECTID":43828,"NCESSCH":"260354004051","LEAID":"2603540","NAME":"Atherton Jr  Sr High School","OPSTFIPS":"26","STREET":"3354 S GENESEE RD","CITY":"BURTON","STATE":"MI","ZIP":"48519","STFIP":"26","CNTY":"26049","NMCNTY":"Genesee County","LOCALE":"21","LAT":42.979891,"LON":-83.61511,"CBSA":"22420","NMCBSA":"Flint, MI","CBSATYPE":"1","CSA":"220","NMCSA":"Detroit-Warren-Ann Arbor, MI","CD":"2608","SLDL":"26068","SLDU":"26027","SCHOOLYEAR":"2024-2025"}},{"type":"Feature","id":43829,"geometry":{"type":"Point","coordinates":[-83.61539999934081,42.977900000186125]},"properties":{"OBJECTID":43829,"NCESSCH":"260354004052","LEAID":"2603540","NAME":"Atherton Elementary School","OPSTFIPS":"26","STREET":"3444 S GENESEE RD","CITY":"BURTON","STATE":"MI","ZIP":"48519","STFIP":"26","CNTY":"26049","NMCNTY":"Genesee County","LOCALE":"21","LAT":42.9779,"LON":-83.6154,"CBSA":"22420","NMCBSA":"Flint, MI","CBSATYPE":"1","CSA":"220","NMCSA":"Detroit-Warren-Ann Arbor, MI","CD":"2608","SLDL":"26068","SLDU":"26027","SCHOOLYEAR":"2024-2025"}},{"type":"Feature","id":43830,"geometry":{"type":"Point","coordinates":[-83.6362000001853,42.992900000701574]},"properties":{"OBJECTID":43830,"NCESSCH":"260354004053","LEAID":"2603540","NAME":"Atherton Vern Van Y Educational Center","OPSTFIPS":"26","STREET":"2400 CLARICE AVE","CITY":"BURTON","STATE":"MI","ZIP":"48519","STFIP":"26","CNTY":"26049","NMCNTY":"Genesee County","LOCALE":"21","LAT":42.9929,"LON":-83.6362,"CBSA":"22420","NMCBSA":"Flint, MI","CBSATYPE":"1","CSA":"220","NMCSA":"Detroit-Warren-Ann Arbor, MI","CD":"2608","SLDL":"26068","SLDU":"26027","SCHOOLYEAR":"2024-2025"}},{"type":"Feature","id":43836,"geometry":{"type":"Point","coordinates":[-83.15849999984871,42.63030000004401]},"properties":{"OBJECTID":43836,"NCESSCH":"260369000231","LEAID":"2603690","NAME":"Avondale Middle School","OPSTFIPS":"26","STREET":"1445 W AUBURN RD","CITY":"ROCHESTER HILLS","STATE":"MI","ZIP":"48309","STFIP":"26","CNTY":"26125","NMCNTY":"Oakland County","LOCALE":"21","LAT":42.6303,"LON":-83.1585,"CBSA":"19820","NMCBSA":"Detroit-Warren-Dearborn, MI","CBSATYPE":"1","CSA":"220","NMCSA":"Detroit-Warren-Ann Arbor, MI","CD":"2610","SLDL":"26055","SLDU":"26009","SCHOOLYEAR":"2024-2025"}},{"type":"Feature","id":43837,"geometry":{"type":"Point","coordinates":[-83.15160000022956,42.61419999956832]},"properties":{"OBJECTID":43837,"NCESSCH":"260369001158","LEAID":"2603690","NAME":"Woodland Elementary School","OPSTFIPS":"26","STREET":"6465 LIVERNOIS RD","CITY":"TROY","STATE":"MI","ZIP":"48098","STFIP":"26","CNTY":"26125","NMCNTY":"Oakland County","LOCALE":"13","LAT":42.6142,"LON":-83.1516,"CBSA":"19820","NMCBSA":"Detroit-Warren-Dearborn, MI","CBSATYPE":"1","CSA":"220","NMCSA":"Detroit-Warren-Ann Arbor, MI","CD":"2611","SLDL":"26056","SLDU":"26009","SCHOOLYEAR":"2024-2025"}},{"type":"Feature","id":43838,"geometry":{"type":"Point","coordinates":[-83.22944699950995,42.62842600011743]},"properties":{"OBJECTID":43838,"NCESSCH":"260369004062","LEAID":"2603690","NAME":"Auburn Elementary School","OPSTFIPS":"26","STREET":"2900 WAUKEGAN ST","CITY":"AUBURN HILLS","STATE":"MI","ZIP":"48326","STFIP":"26","CNTY":"26125","NMCNTY":"Oakland County","LOCALE":"21","LAT":42.628426,"LON":-83.229447,"CBSA":"19820","NMCBSA":"Detroit-Warren-Dearborn, MI","CBSATYPE":"1","CSA":"220","NMCSA":"Detroit-Warren-Ann Arbor, MI","CD":"2611","SLDL":"26054","SLDU":"26007","SCHOOLYEAR":"2024-2025"}},{"type":"Feature","id":43839,"geometry":{"type":"Point","coordinates":[-83.24100000080135,42.62560000003545]},"properties":{"OBJECTID":43839,"NCESSCH":"260369004066","LEAID":"2603690","NAME":"R Grant Graham Elem School","OPSTFIPS":"26","STREET":"2450 OLD SALEM RD","CITY":"AUBURN HILLS","STATE":"MI","ZIP":"48326","STFIP":"26","CNTY":"26125","NMCNTY":"Oakland County","LOCALE":"21","LAT":42.6256,"LON":-83.241,"CBSA":"19820","NMCBSA":"Detroit-Warren-Dearborn, MI","CBSATYPE":"1","CSA":"220","NMCSA":"Detroit-Warren-Ann Arbor, MI","CD":"2611","SLDL":"26054","SLDU":"26007","SCHOOLYEAR":"2024-2025"}},{"type":"Feature","id":43840,"geometry":{"type":"Point","coordinates":[-83.23195699928435,42.62844899999404]},"properties":{"OBJECTID":43840,"NCESSCH":"260369004067","LEAID":"2603690","NAME":"Avondale High School","OPSTFIPS":"26","STREET":"2800 WAUKEGAN ST","CITY":"AUBURN HILLS","STATE":"MI","ZIP":"48326","STFIP":"26","CNTY":"26125","NMCNTY":"Oakland County","LOCALE":"21","LAT":42.628449,"LON":-83.231957,"CBSA":"19820","NMCBSA":"Detroit-Warren-Dearborn, MI","CBSATYPE":"1","CSA":"220","NMCSA":"Detroit-Warren-Ann Arbor, MI","CD":"2611","SLDL":"26054","SLDU":"26007","SCHOOLYEAR":"2024-2025"}},{"type":"Feature","id":43841,"geometry":{"type":"Point","coordinates":[-83.17279999990694,42.62660000067034]},"properties":{"OBJECTID":43841,"NCESSCH":"260369007667","LEAID":"2603690","NAME":"Deerfield Elementary School","OPSTFIPS":"26","STREET":"3600 CROOKS RD","CITY":"ROCHESTER HILLS","STATE":"MI","ZIP":"48309","STFIP":"26","CNTY":"26125","NMCNTY":"Oakland County","LOCALE":"21","LAT":42.6266,"LON":-83.1728,"CBSA":"19820","NMCBSA":"Detroit-Warren-Dearborn, MI","CBSATYPE":"1","CSA":"220","NMCSA":"Detroit-Warren-Ann Arbor, MI","CD":"2610","SLDL":"26055","SLDU":"26009","SCHOOLYEAR":"2024-2025"}},{"type":"Feature","id":43842,"geometry":{"type":"Point","coordinates":[-83.22346199990953,42.63101699987552]},"properties":{"OBJECTID":43842,"NCESSCH":"260369008205","LEAID":"2603690","NAME":"Avondale Learning Center","OPSTFIPS":"26","STREET":"220 S SQUIRREL RD","CITY":"AUBURN HILLS","STATE":"MI","ZIP":"48326","STFIP":"26","CNTY":"26125","NMCNTY":"Oakland County","LOCALE":"21","LAT":42.631017,"LON":-83.223462,"CBSA":"19820","NMCBSA":"Detroit-Warren-Dearborn, MI","CBSATYPE":"1","CSA":"220","NMCSA":"Detroit-Warren-Ann Arbor, MI","CD":"2611","SLDL":"26054","SLDU":"26007","SCHOOLYEAR":"2024-2025"}},{"type":"Feature","id":43843,"geometry":{"type":"Point","coordinates":[-83.15826300016646,42.63450499979361]},"properties":{"OBJECTID":43843,"NCESSCH":"260369008854","LEAID":"2603690","NAME":"Diploma and Careers Institute","OPSTFIPS":"26","STREET":"1435 W AUBURN RD","CITY":"ROCHESTER HLS","STATE":"MI","ZIP":"48309","STFIP":"26","CNTY":"26125","NMCNTY":"Oakland County","LOCALE":"21","LAT":42.634505,"LON":-83.158263,"CBSA":"19820","NMCBSA":"Detroit-Warren-Dearborn, MI","CBSATYPE":"1","CSA":"220","NMCSA":"Detroit-Warren-Ann Arbor, MI","CD":"2610","SLDL":"26055","SLDU":"26009","SCHOOLYEAR":"2024-2025"}},{"type":"Feature","id":43844,"geometry":{"type":"Point","coordinates":[-83.15826300016646,42.63450499979361]},"properties":{"OBJECTID":43844,"NCESSCH":"260369008910","LEAID":"2603690","NAME":"Avondale Gifted and Talented Education","OPSTFIPS":"26","STREET":"1435 W AUBURN RD","CITY":"ROCHESTER HLS","STATE":"MI","ZIP":"48309","STFIP":"26","CNTY":"26125","NMCNTY":"Oakland County","LOCALE":"21","LAT":42.634505,"LON":-83.158263,"CBSA":"19820","NMCBSA":"Detroit-Warren-Dearborn, MI","CBSATYPE":"1","CSA":"220","NMCSA":"Detroit-Warren-Ann Arbor, MI","CD":"2610","SLDL":"26055","SLDU":"26009","SCHOOLYEAR":"2024-2025"}},{"type":"Feature","id":43885,"geometry":{"type":"Point","coordinates":[-83.63800000018787,41.75729999924863]},"properties":{"OBJECTID":43885,"NCESSCH":"260447001388","LEAID":"2604470","NAME":"Monroe Road Elementary School","OPSTFIPS":"26","STREET":"7979 MONROE RD","CITY":"LAMBERTVILLE","STATE":"MI","ZIP":"48144","STFIP":"26","CNTY":"26115","NMCNTY":"Monroe County","LOCALE":"21","LAT":41.7573,"LON":-83.638,"CBSA":"33780","NMCBSA":"Monroe, MI","CBSATYPE":"1","CSA":"220","NMCSA":"Detroit-Warren-Ann Arbor, MI","CD":"2605","SLDL":"26030","SLDU":"26016","SCHOOLYEAR":"2024-2025"}},{"type":"Feature","id":43886,"geometry":{"type":"Point","coordinates":[-83.58920000009181,41.76589999922496]},"properties":{"OBJECTID":43886,"NCESSCH":"260447004128","LEAID":"2604470","NAME":"Bedford Senior High School","OPSTFIPS":"26","STREET":"8285 JACKMAN RD","CITY":"TEMPERANCE","STATE":"MI","ZIP":"48182","STFIP":"26","CNTY":"26115","NMCNTY":"Monroe County","LOCALE":"41","LAT":41.7659,"LON":-83.5892,"CBSA":"33780","NMCBSA":"Monroe, MI","CBSATYPE":"1","CSA":"220","NMCSA":"Detroit-Warren-Ann Arbor, MI","CD":"2605","SLDL":"26030","SLDU":"26016","SCHOOLYEAR":"2024-2025"}},{"type":"Feature","id":43887,"geometry":{"type":"Point","coordinates":[-83.60730000036997,41.74079999982934]},"properties":{"OBJECTID":43887,"NCESSCH":"260447004129","LEAID":"2604470","NAME":"Douglas Road Elementary School","OPSTFIPS":"26","STREET":"6875 DOUGLAS RD","CITY":"LAMBERTVILLE","STATE":"MI","ZIP":"48144","STFIP":"26","CNTY":"26115","NMCNTY":"Monroe County","LOCALE":"21","LAT":41.7408,"LON":-83.6073,"CBSA":"33780","NMCBSA":"Monroe, MI","CBSATYPE":"1","CSA":"220","NMCSA":"Detroit-Warren-Ann Arbor, MI","CD":"2605","SLDL":"26030","SLDU":"26016","SCHOOLYEAR":"2024-2025"}},{"type":"Feature","id":43888,"geometry":{"type":"Point","coordinates":[-83.58589999969465,41.76149999960241]},"properties":{"OBJECTID":43888,"NCESSCH":"260447004130","LEAID":"2604470","NAME":"Jackman Road Elementary School","OPSTFIPS":"26","STREET":"8008 JACKMAN RD","CITY":"TEMPERANCE","STATE":"MI","ZIP":"48182","STFIP":"26","CNTY":"26115","NMCNTY":"Monroe County","LOCALE":"21","LAT":41.7615,"LON":-83.5859,"CBSA":"33780","NMCBSA":"Monroe, MI","CBSATYPE":"1","CSA":"220","NMCSA":"Detroit-Warren-Ann Arbor, MI","CD":"2605","SLDL":"26030","SLDU":"26016","SCHOOLYEAR":"2024-2025"}},{"type":"Feature","id":43889,"geometry":{"type":"Point","coordinates":[-83.58870000019785,41.76880000076877]},"properties":{"OBJECTID":43889,"NCESSCH":"260447004132","LEAID":"2604470","NAME":"Bedford Junior High School","OPSTFIPS":"26","STREET":"8405 JACKMAN RD","CITY":"TEMPERANCE","STATE":"MI","ZIP":"48182","STFIP":"26","CNTY":"26115","NMCNTY":"Monroe County","LOCALE":"41","LAT":41.7688,"LON":-83.5887,"CBSA":"33780","NMCBSA":"Monroe, MI","CBSATYPE":"1","CSA":"220","NMCSA":"Detroit-Warren-Ann Arbor, MI","CD":"2605","SLDL":"26030","SLDU":"26016","SCHOOLYEAR":"2024-2025"}},{"type":"Feature","id":43890,"geometry":{"type":"Point","coordinates":[-83.57052799966944,41.735162000654164]},"properties":{"OBJECTID":43890,"NCESSCH":"260447008461","LEAID":"2604470","NAME":"Smith Road Elementary School","OPSTFIPS":"26","STREET":"1135 SMITH RD","CITY":"TEMPERANCE","STATE":"MI","ZIP":"48182","STFIP":"26","CNTY":"26115","NMCNTY":"Monroe County","LOCALE":"21","LAT":41.735162,"LON":-83.570528,"CBSA":"33780","NMCBSA":"Monroe, MI","CBSATYPE":"1","CSA":"220","NMCSA":"Detroit-Warren-Ann Arbor, MI","CD":"2605","SLDL":"26030","SLDU":"26016","SCHOOLYEAR":"2024-2025"}},{"type":"Feature","id":43902,"geometry":{"type":"Point","coordinates":[-83.6602559994232,42.9704449995685]},"properties":{"OBJECTID":43902,"NCESSCH":"260474004152","LEAID":"2604740","NAME":"Bendle High School","OPSTFIPS":"26","STREET":"2283 E SCOTTWOOD AVE","CITY":"BURTON","STATE":"MI","ZIP":"48529","STFIP":"26","CNTY":"26049","NMCNTY":"Genesee County","LOCALE":"21","LAT":42.970445,"LON":-83.660256,"CBSA":"22420","NMCBSA":"Flint, MI","CBSATYPE":"1","CSA":"220","NMCSA":"Detroit-Warren-Ann Arbor, MI","CD":"2608","SLDL":"26068","SLDU":"26027","SCHOOLYEAR":"2024-2025"}},{"type":"Feature","id":43903,"geometry":{"type":"Point","coordinates":[-83.66200000045471,42.96520000057052]},"properties":{"OBJECTID":43903,"NCESSCH":"260474004155","LEAID":"2604740","NAME":"South Bendle Elementary School","OPSTFIPS":"26","STREET":"4341 LARKIN DR","CITY":"BURTON","STATE":"MI","ZIP":"48529","STFIP":"26","CNTY":"26049","NMCNTY":"Genesee County","LOCALE":"21","LAT":42.9652,"LON":-83.662,"CBSA":"22420","NMCBSA":"Flint, MI","CBSATYPE":"1","CSA":"220","NMCSA":"Detroit-Warren-Ann Arbor, MI","CD":"2608","SLDL":"26068","SLDU":"26027","SCHOOLYEAR":"2024-2025"}},{"type":"Feature","id":43904,"geometry":{"type":"Point","coordinates":[-83.66182200025082,42.97403800010879]},"properties":{"OBJECTID":43904,"NCESSCH":"260474004156","LEAID":"2604740","NAME":"Bendle Middle School","OPSTFIPS":"26","STREET":"2294 E BRISTOL RD","CITY":"BURTON","STATE":"MI","ZIP":"48529","STFIP":"26","CNTY":"26049","NMCNTY":"Genesee County","LOCALE":"21","LAT":42.974038,"LON":-83.661822,"CBSA":"22420","NMCBSA":"Flint, MI","CBSATYPE":"1","CSA":"220","NMCSA":"Detroit-Warren-Ann Arbor, MI","CD":"2608","SLDL":"26068","SLDU":"26027","SCHOOLYEAR":"2024-2025"}},{"type":"Feature","id":43905,"geometry":{"type":"Point","coordinates":[-83.67869999932273,42.97280000001799]},"properties":{"OBJECTID":43905,"NCESSCH":"260474004157","LEAID":"2604740","NAME":"West Bendle Elementary School","OPSTFIPS":"26","STREET":"4020 CERDAN DR","CITY":"BURTON","STATE":"MI","ZIP":"48529","STFIP":"26","CNTY":"26049","NMCNTY":"Genesee County","LOCALE":"21","LAT":42.9728,"LON":-83.6787,"CBSA":"22420","NMCBSA":"Flint, MI","CBSATYPE":"1","CSA":"220","NMCSA":"Detroit-Warren-Ann Arbor, MI","CD":"2608","SLDL":"26068","SLDU":"26027","SCHOOLYEAR":"2024-2025"}},{"type":"Feature","id":43906,"geometry":{"type":"Point","coordinates":[-83.59189999994764,43.0074000005082]},"properties":{"OBJECTID":43906,"NCESSCH":"260480004158","LEAID":"2604800","NAME":"Barhitte Elementary School","OPSTFIPS":"26","STREET":"6080 ROBERTA ST","CITY":"BURTON","STATE":"MI","ZIP":"48509","STFIP":"26","CNTY":"26049","NMCNTY":"Genesee County","LOCALE":"21","LAT":43.0074,"LON":-83.5919,"CBSA":"22420","NMCBSA":"Flint, MI","CBSATYPE":"1","CSA":"220","NMCSA":"Detroit-Warren-Ann Arbor, MI","CD":"2608","SLDL":"26068","SLDU":"26026","SCHOOLYEAR":"2024-2025"}},{"type":"Feature","id":43907,"geometry":{"type":"Point","coordinates":[-83.5918660004437,43.02303400021303]},"properties":{"OBJECTID":43907,"NCESSCH":"260480004160","LEAID":"2604800","NAME":"Bentley Senior High School","OPSTFIPS":"26","STREET":"1150 N BELSAY RD","CITY":"BURTON","STATE":"MI","ZIP":"48509","STFIP":"26","CNTY":"26049","NMCNTY":"Genesee County","LOCALE":"21","LAT":43.023034,"LON":-83.591866,"CBSA":"22420","NMCBSA":"Flint, MI","CBSATYPE":"1","CSA":"220","NMCSA":"Detroit-Warren-Ann Arbor, MI","CD":"2608","SLDL":"26068","SLDU":"26026","SCHOOLYEAR":"2024-2025"}},{"type":"Feature","id":43908,"geometry":{"type":"Point","coordinates":[-83.59239699974617,43.02447499943455]},"properties":{"OBJECTID":43908,"NCESSCH":"260480008465","LEAID":"2604800","NAME":"Bentley Middle School","OPSTFIPS":"26","STREET":"1180 N BELSAY RD","CITY":"BURTON","STATE":"MI","ZIP":"48509","STFIP":"26","CNTY":"26049","NMCNTY":"Genesee County","LOCALE":"21","LAT":43.024475,"LON":-83.592397,"CBSA":"22420","NMCBSA":"Flint, MI","CBSATYPE":"1","CSA":"220","NMCSA":"Detroit-Warren-Ann Arbor, MI","CD":"2608","SLDL":"26068","SLDU":"26026","SCHOOLYEAR":"2024-2025"}},{"type":"Feature","id":43909,"geometry":{"type":"Point","coordinates":[-83.5918660004437,43.02303400021303]},"properties":{"OBJECTID":43909,"NCESSCH":"260480008508","LEAID":"2604800","NAME":"Bentley High School BOLD Academy","OPSTFIPS":"26","STREET":"1150 N BELSAY RD","CITY":"BURTON","STATE":"MI","ZIP":"48509","STFIP":"26","CNTY":"26049","NMCNTY":"Genesee County","LOCALE":"21","LAT":43.023034,"LON":-83.591866,"CBSA":"22420","NMCBSA":"Flint, MI","CBSATYPE":"1","CSA":"220","NMCSA":"Detroit-Warren-Ann Arbor, MI","CD":"2608","SLDL":"26068","SLDU":"26026","SCHOOLYEAR":"2024-2025"}},{"type":"Feature","id":43922,"geometry":{"type":"Point","coordinates":[-83.19090000032013,42.495299999681535]},"properties":{"OBJECTID":43922,"NCESSCH":"260501004186","LEAID":"2605010","NAME":"Anderson Middle School","OPSTFIPS":"26","STREET":"3205 CATALPA DR","CITY":"BERKLEY","STATE":"MI","ZIP":"48072","STFIP":"26","CNTY":"26125","NMCNTY":"Oakland County","LOCALE":"21","LAT":42.4953,"LON":-83.1909,"CBSA":"19820","NMCBSA":"Detroit-Warren-Dearborn, MI","CBSATYPE":"1","CSA":"220","NMCSA":"Detroit-Warren-Ann Arbor, MI","CD":"2611","SLDL":"26006","SLDU":"26008","SCHOOLYEAR":"2024-2025"}},{"type":"Feature","id":43923,"geometry":{"type":"Point","coordinates":[-83.1812000003288,42.495199999153776]},"properties":{"OBJECTID":43923,"NCESSCH":"260501004187","LEAID":"2605010","NAME":"Berkley High School","OPSTFIPS":"26","STREET":"2325 CATALPA DR","CITY":"BERKLEY","STATE":"MI","ZIP":"48072","STFIP":"26","CNTY":"26125","NMCNTY":"Oakland County","LOCALE":"21","LAT":42.4952,"LON":-83.1812,"CBSA":"19820","NMCBSA":"Detroit-Warren-Dearborn, MI","CBSATYPE":"1","CSA":"220","NMCSA":"Detroit-Warren-Ann Arbor, MI","CD":"2611","SLDL":"26006","SLDU":"26008","SCHOOLYEAR":"2024-2025"}},{"type":"Feature","id":43924,"geometry":{"type":"Point","coordinates":[-83.1738000000401,42.48420000059041]},"properties":{"OBJECTID":43924,"NCESSCH":"260501004188","LEAID":"2605010","NAME":"Burton Elementary School","OPSTFIPS":"26","STREET":"26315 SCOTIA RD","CITY":"HUNTINGTON WOODS","STATE":"MI","ZIP":"48070","STFIP":"26","CNTY":"26125","NMCNTY":"Oakland County","LOCALE":"21","LAT":42.4842,"LON":-83.1738,"CBSA":"19820","NMCBSA":"Detroit-Warren-Dearborn, MI","CBSATYPE":"1","CSA":"220","NMCSA":"Detroit-Warren-Ann Arbor, MI","CD":"2611","SLDL":"26006","SLDU":"26008","SCHOOLYEAR":"2024-2025"}},{"type":"Feature","id":43925,"geometry":{"type":"Point","coordinates":[-83.17669999977012,42.493300000046396]},"properties":{"OBJECTID":43925,"NCESSCH":"260501004189","LEAID":"2605010","NAME":"Rogers Elementary School","OPSTFIPS":"26","STREET":"2265 HAMILTON AVE","CITY":"BERKLEY","STATE":"MI","ZIP":"48072","STFIP":"26","CNTY":"26125","NMCNTY":"Oakland County","LOCALE":"21","LAT":42.4933,"LON":-83.1767,"CBSA":"19820","NMCBSA":"Detroit-Warren-Dearborn, MI","CBSATYPE":"1","CSA":"220","NMCSA":"Detroit-Warren-Ann Arbor, MI","CD":"2611","SLDL":"26006","SLDU":"26008","SCHOOLYEAR":"2024-2025"}},{"type":"Feature","id":43926,"geometry":{"type":"Point","coordinates":[-83.19880000025613,42.50079999925056]},"properties":{"OBJECTID":43926,"NCESSCH":"260501004190","LEAID":"2605010","NAME":"Angell Elementary School","OPSTFIPS":"26","STREET":"3849 BEVERLY BLVD","CITY":"BERKLEY","STATE":"MI","ZIP":"48072","STFIP":"26","CNTY":"26125","NMCNTY":"Oakland County","LOCALE":"21","LAT":42.5008,"LON":-83.1988,"CBSA":"19820","NMCBSA":"Detroit-Warren-Dearborn, MI","CBSATYPE":"1","CSA":"220","NMCSA":"Detroit-Warren-Ann Arbor, MI","CD":"2611","SLDL":"26006","SLDU":"26008","SCHOOLYEAR":"2024-2025"}},{"type":"Feature","id":43927,"geometry":{"type":"Point","coordinates":[-83.19099999918943,42.48269999945812]},"properties":{"OBJECTID":43927,"NCESSCH":"260501004191","LEAID":"2605010","NAME":"Norup International School","OPSTFIPS":"26","STREET":"14450 MANHATTAN ST","CITY":"OAK PARK","STATE":"MI","ZIP":"48237","STFIP":"26","CNTY":"26125","NMCNTY":"Oakland County","LOCALE":"21","LAT":42.4827,"LON":-83.191,"CBSA":"19820","NMCBSA":"Detroit-Warren-Dearborn, MI","CBSATYPE":"1","CSA":"220","NMCSA":"Detroit-Warren-Ann Arbor, MI","CD":"2611","SLDL":"26005","SLDU":"26008","SCHOOLYEAR":"2024-2025"}},{"type":"Feature","id":43928,"geometry":{"type":"Point","coordinates":[-83.19549999994294,42.508400000754754]},"properties":{"OBJECTID":43928,"NCESSCH":"260501004193","LEAID":"2605010","NAME":"Pattengill Elementary School","OPSTFIPS":"26","STREET":"3540 MORRISON AVE","CITY":"BERKLEY","STATE":"MI","ZIP":"48072","STFIP":"26","CNTY":"26125","NMCNTY":"Oakland County","LOCALE":"21","LAT":42.5084,"LON":-83.1955,"CBSA":"19820","NMCBSA":"Detroit-Warren-Dearborn, MI","CBSATYPE":"1","CSA":"220","NMCSA":"Detroit-Warren-Ann Arbor, MI","CD":"2611","SLDL":"26006","SLDU":"26008","SCHOOLYEAR":"2024-2025"}},{"type":"Feature","id":43950,"geometry":{"type":"Point","coordinates":[-83.25939999956432,42.52979999928535]},"properties":{"OBJECTID":43950,"NCESSCH":"260585004213","LEAID":"2605850","NAME":"Berkshire Middle School","OPSTFIPS":"26","STREET":"21707 W 14 MILE RD","CITY":"BEVERLY HILLS","STATE":"MI","ZIP":"48025","STFIP":"26","CNTY":"26125","NMCNTY":"Oakland County","LOCALE":"21","LAT":42.5298,"LON":-83.2594,"CBSA":"19820","NMCBSA":"Detroit-Warren-Dearborn, MI","CBSATYPE":"1","CSA":"220","NMCSA":"Detroit-Warren-Ann Arbor, MI","CD":"2612","SLDL":"26019","SLDU":"26007","SCHOOLYEAR":"2024-2025"}},{"type":"Feature","id":43951,"geometry":{"type":"Point","coordinates":[-83.22760000012335,42.52259999962946]},"properties":{"OBJECTID":43951,"NCESSCH":"260585004214","LEAID":"2605850","NAME":"Beverly Elementary School","OPSTFIPS":"26","STREET":"18305 BEVERLY RD","CITY":"BEVERLY HILLS","STATE":"MI","ZIP":"48025","STFIP":"26","CNTY":"26125","NMCNTY":"Oakland County","LOCALE":"21","LAT":42.5226,"LON":-83.2276,"CBSA":"19820","NMCBSA":"Detroit-Warren-Dearborn, MI","CBSATYPE":"1","CSA":"220","NMCSA":"Detroit-Warren-Ann Arbor, MI","CD":"2612","SLDL":"26019","SLDU":"26007","SCHOOLYEAR":"2024-2025"}},{"type":"Feature","id":43952,"geometry":{"type":"Point","coordinates":[-83.24789999968867,42.55849999991061]},"properties":{"OBJECTID":43952,"NCESSCH":"260585004215","LEAID":"2605850","NAME":"Birmingham Covington School","OPSTFIPS":"26","STREET":"1525 COVINGTON RD","CITY":"BLOOMFIELD HILLS","STATE":"MI","ZIP":"48301","STFIP":"26","CNTY":"26125","NMCNTY":"Oakland County","LOCALE":"21","LAT":42.5585,"LON":-83.2479,"CBSA":"19820","NMCBSA":"Detroit-Warren-Dearborn, MI","CBSATYPE":"1","CSA":"220","NMCSA":"Detroit-Warren-Ann Arbor, MI","CD":"2611","SLDL":"26019","SLDU":"26007","SCHOOLYEAR":"2024-2025"}},{"type":"Feature","id":43953,"geometry":{"type":"Point","coordinates":[-83.20379999959964,42.552800000142625]},"properties":{"OBJECTID":43953,"NCESSCH":"260585004216","LEAID":"2605850","NAME":"Derby Middle School","OPSTFIPS":"26","STREET":"1300 DERBY RD","CITY":"BIRMINGHAM","STATE":"MI","ZIP":"48009","STFIP":"26","CNTY":"26125","NMCNTY":"Oakland County","LOCALE":"21","LAT":42.5528,"LON":-83.2038,"CBSA":"19820","NMCBSA":"Detroit-Warren-Dearborn, MI","CBSATYPE":"1","CSA":"220","NMCSA":"Detroit-Warren-Ann Arbor, MI","CD":"2611","SLDL":"26006","SLDU":"26008","SCHOOLYEAR":"2024-2025"}},{"type":"Feature","id":43954,"geometry":{"type":"Point","coordinates":[-83.24429999977475,42.53900000066704]},"properties":{"OBJECTID":43954,"NCESSCH":"260585004217","LEAID":"2605850","NAME":"Ernest W Seaholm High School","OPSTFIPS":"26","STREET":"2436 W LINCOLN ST","CITY":"BIRMINGHAM","STATE":"MI","ZIP":"48009","STFIP":"26","CNTY":"26125","NMCNTY":"Oakland County","LOCALE":"21","LAT":42.539,"LON":-83.2443,"CBSA":"19820","NMCBSA":"Detroit-Warren-Dearborn, MI","CBSATYPE":"1","CSA":"220","NMCSA":"Detroit-Warren-Ann Arbor, MI","CD":"2611","SLDL":"26019","SLDU":"26008","SCHOOLYEAR":"2024-2025"}},{"type":"Feature","id":43955,"geometry":{"type":"Point","coordinates":[-83.20519999992257,42.51920000016448]},"properties":{"OBJECTID":43955,"NCESSCH":"260585004218","LEAID":"2605850","NAME":"Greenfield Elementary School","OPSTFIPS":"26","STREET":"31200 FAIRFAX AVE","CITY":"BEVERLY HILLS","STATE":"MI","ZIP":"48025","STFIP":"26","CNTY":"26125","NMCNTY":"Oakland County","LOCALE":"21","LAT":42.5192,"LON":-83.2052,"CBSA":"19820","NMCBSA":"Detroit-Warren-Dearborn, MI","CBSATYPE":"1","CSA":"220","NMCSA":"Detroit-Warren-Ann Arbor, MI","CD":"2612","SLDL":"26006","SLDU":"26008","SCHOOLYEAR":"2024-2025"}},{"type":"Feature","id":43956,"geometry":{"type":"Point","coordinates":[-83.20810000055263,42.570400000017095]},"properties":{"OBJECTID":43956,"NCESSCH":"260585004219","LEAID":"2605850","NAME":"Harlan Elementary School","OPSTFIPS":"26","STREET":"3595 N ADAMS RD","CITY":"BLOOMFIELD HILLS","STATE":"MI","ZIP":"48304","STFIP":"26","CNTY":"26125","NMCNTY":"Oakland County","LOCALE":"21","LAT":42.5704,"LON":-83.2081,"CBSA":"19820","NMCBSA":"Detroit-Warren-Dearborn, MI","CBSATYPE":"1","CSA":"220","NMCSA":"Detroit-Warren-Ann Arbor, MI","CD":"2611","SLDL":"26056","SLDU":"26007","SCHOOLYEAR":"2024-2025"}},{"type":"Feature","id":43957,"geometry":{"type":"Point","coordinates":[-83.1973999998998,42.55569999997615]},"properties":{"OBJECTID":43957,"NCESSCH":"260585004222","LEAID":"2605850","NAME":"Pembroke Elementary School","OPSTFIPS":"26","STREET":"955 ETON DR","CITY":"TROY","STATE":"MI","ZIP":"48084","STFIP":"26","CNTY":"26125","NMCNTY":"Oakland County","LOCALE":"13","LAT":42.5557,"LON":-83.1974,"CBSA":"19820","NMCBSA":"Detroit-Warren-Dearborn, MI","CBSATYPE":"1","CSA":"220","NMCSA":"Detroit-Warren-Ann Arbor, MI","CD":"2611","SLDL":"26056","SLDU":"26009","SCHOOLYEAR":"2024-2025"}},{"type":"Feature","id":43958,"geometry":{"type":"Point","coordinates":[-83.21369999981172,42.533000000161394]},"properties":{"OBJECTID":43958,"NCESSCH":"260585004223","LEAID":"2605850","NAME":"Pierce Elementary School","OPSTFIPS":"26","STREET":"1829 PIERCE ST","CITY":"BIRMINGHAM","STATE":"MI","ZIP":"48009","STFIP":"26","CNTY":"26125","NMCNTY":"Oakland County","LOCALE":"21","LAT":42.533,"LON":-83.2137,"CBSA":"19820","NMCBSA":"Detroit-Warren-Dearborn, MI","CBSATYPE":"1","CSA":"220","NMCSA":"Detroit-Warren-Ann Arbor, MI","CD":"2611","SLDL":"26006","SLDU":"26008","SCHOOLYEAR":"2024-2025"}},{"type":"Feature","id":43959,"geometry":{"type":"Point","coordinates":[-83.23649999959028,42.55210000036398]},"properties":{"OBJECTID":43959,"NCESSCH":"260585004224","LEAID":"2605850","NAME":"Quarton Elementary","OPSTFIPS":"26","STREET":"771 CHESTERFIELD AVE","CITY":"BIRMINGHAM","STATE":"MI","ZIP":"48009","STFIP":"26","CNTY":"26125","NMCNTY":"Oakland County","LOCALE":"21","LAT":42.5521,"LON":-83.2365,"CBSA":"19820","NMCBSA":"Detroit-Warren-Dearborn, MI","CBSATYPE":"1","CSA":"220","NMCSA":"Detroit-Warren-Ann Arbor, MI","CD":"2611","SLDL":"26006","SLDU":"26008","SCHOOLYEAR":"2024-2025"}},{"type":"Feature","id":43960,"geometry":{"type":"Point","coordinates":[-83.24449999983725,42.51739999985989]},"properties":{"OBJECTID":43960,"NCESSCH":"260585004226","LEAID":"2605850","NAME":"Wylie E Groves High School","OPSTFIPS":"26","STREET":"20500 W 13 MILE RD","CITY":"BEVERLY HILLS","STATE":"MI","ZIP":"48025","STFIP":"26","CNTY":"26125","NMCNTY":"Oakland County","LOCALE":"21","LAT":42.5174,"LON":-83.2445,"CBSA":"19820","NMCBSA":"Detroit-Warren-Dearborn, MI","CBSATYPE":"1","CSA":"220","NMCSA":"Detroit-Warren-Ann Arbor, MI","CD":"2612","SLDL":"26019","SLDU":"26007","SCHOOLYEAR":"2024-2025"}},{"type":"Feature","id":43961,"geometry":{"type":"Point","coordinates":[-83.27500000015502,42.51680000020999]},"properties":{"OBJECTID":43961,"NCESSCH":"260585004227","LEAID":"2605850","NAME":"Bingham Farms Elementary School","OPSTFIPS":"26","STREET":"23400 W 13 MILE RD","CITY":"BINGHAM FARMS","STATE":"MI","ZIP":"48025","STFIP":"26","CNTY":"26125","NMCNTY":"Oakland County","LOCALE":"21","LAT":42.5168,"LON":-83.275,"CBSA":"19820","NMCBSA":"Detroit-Warren-Dearborn, MI","CBSATYPE":"1","CSA":"220","NMCSA":"Detroit-Warren-Ann Arbor, MI","CD":"2612","SLDL":"26019","SLDU":"26007","SCHOOLYEAR":"2024-2025"}},{"type":"Feature","id":43962,"geometry":{"type":"Point","coordinates":[-83.32019999983413,42.54689999920607]},"properties":{"OBJECTID":43962,"NCESSCH":"260585004228","LEAID":"2605850","NAME":"West Maple Elementary School","OPSTFIPS":"26","STREET":"6275 INKSTER RD","CITY":"BLOOMFIELD HILLS","STATE":"MI","ZIP":"48301","STFIP":"26","CNTY":"26125","NMCNTY":"Oakland County","LOCALE":"21","LAT":42.5469,"LON":-83.3202,"CBSA":"19820","NMCBSA":"Detroit-Warren-Dearborn, MI","CBSATYPE":"1","CSA":"220","NMCSA":"Detroit-Warren-Ann Arbor, MI","CD":"2611","SLDL":"26019","SLDU":"26007","SCHOOLYEAR":"2024-2025"}},{"type":"Feature","id":43963,"geometry":{"type":"Point","coordinates":[-83.86651999961255,41.82298099950569]},"properties":{"OBJECTID":43963,"NCESSCH":"260600004229","LEAID":"2606000","NAME":"Blissfield High School","OPSTFIPS":"26","STREET":"630 S LANE ST","CITY":"BLISSFIELD","STATE":"MI","ZIP":"49228","STFIP":"26","CNTY":"26091","NMCNTY":"Lenawee County","LOCALE":"42","LAT":41.822981,"LON":-83.86652,"CBSA":"10300","NMCBSA":"Adrian, MI","CBSATYPE":"2","CSA":"220","NMCSA":"Detroit-Warren-Ann Arbor, MI","CD":"2605","SLDL":"26034","SLDU":"26016","SCHOOLYEAR":"2024-2025"}},{"type":"Feature","id":43964,"geometry":{"type":"Point","coordinates":[-83.86682200049987,41.8207110000859]},"properties":{"OBJECTID":43964,"NCESSCH":"260600004230","LEAID":"2606000","NAME":"Blissfield Elementary","OPSTFIPS":"26","STREET":"640 S LANE ST","CITY":"BLISSFIELD","STATE":"MI","ZIP":"49228","STFIP":"26","CNTY":"26091","NMCNTY":"Lenawee County","LOCALE":"42","LAT":41.820711,"LON":-83.866822,"CBSA":"10300","NMCBSA":"Adrian, MI","CBSATYPE":"2","CSA":"220","NMCSA":"Detroit-Warren-Ann Arbor, MI","CD":"2605","SLDL":"26034","SLDU":"26016","SCHOOLYEAR":"2024-2025"}},{"type":"Feature","id":43965,"geometry":{"type":"Point","coordinates":[-83.870844000789,41.82144400001383]},"properties":{"OBJECTID":43965,"NCESSCH":"260600004231","LEAID":"2606000","NAME":"Blissfield Middle School","OPSTFIPS":"26","STREET":"1305 BEAMER RD","CITY":"BLISSFIELD","STATE":"MI","ZIP":"49228","STFIP":"26","CNTY":"26091","NMCNTY":"Lenawee County","LOCALE":"42","LAT":41.821444,"LON":-83.870844,"CBSA":"10300","NMCBSA":"Adrian, MI","CBSATYPE":"2","CSA":"220","NMCSA":"Detroit-Warren-Ann Arbor, MI","CD":"2605","SLDL":"26034","SLDU":"26016","SCHOOLYEAR":"2024-2025"}},{"type":"Feature","id":43966,"geometry":{"type":"Point","coordinates":[-83.28830000023798,42.55990000010767]},"properties":{"OBJECTID":43966,"NCESSCH":"260609004233","LEAID":"2606090","NAME":"Conant Elementary School","OPSTFIPS":"26","STREET":"4100 QUARTON RD","CITY":"BLOOMFIELD HILLS","STATE":"MI","ZIP":"48302","STFIP":"26","CNTY":"26125","NMCNTY":"Oakland County","LOCALE":"21","LAT":42.5599,"LON":-83.2883,"CBSA":"19820","NMCBSA":"Detroit-Warren-Dearborn, MI","CBSATYPE":"1","CSA":"220","NMCSA":"Detroit-Warren-Ann Arbor, MI","CD":"2611","SLDL":"26054","SLDU":"26007","SCHOOLYEAR":"2024-2025"}},{"type":"Feature","id":43967,"geometry":{"type":"Point","coordinates":[-83.26687099953972,42.59100199965393]},"properties":{"OBJECTID":43967,"NCESSCH":"260609004236","LEAID":"2606090","NAME":"North Hills Middle School","OPSTFIPS":"26","STREET":"3456 LAHSER RD","CITY":"Bloomfield Hills","STATE":"MI","ZIP":"48302","STFIP":"26","CNTY":"26125","NMCNTY":"Oakland County","LOCALE":"21","LAT":42.591002,"LON":-83.266871,"CBSA":"19820","NMCBSA":"Detroit-Warren-Dearborn, MI","CBSATYPE":"1","CSA":"220","NMCSA":"Detroit-Warren-Ann Arbor, MI","CD":"2611","SLDL":"26054","SLDU":"26007","SCHOOLYEAR":"2024-2025"}},{"type":"Feature","id":43968,"geometry":{"type":"Point","coordinates":[-83.24478500045316,42.59859300010664]},"properties":{"OBJECTID":43968,"NCESSCH":"260609004237","LEAID":"2606090","NAME":"Eastover Elementary School","OPSTFIPS":"26","STREET":"2800 KENSINGTON RD","CITY":"BLOOMFLD HLS","STATE":"MI","ZIP":"48304","STFIP":"26","CNTY":"26125","NMCNTY":"Oakland County","LOCALE":"21","LAT":42.598593,"LON":-83.244785,"CBSA":"19820","NMCBSA":"Detroit-Warren-Dearborn, MI","CBSATYPE":"1","CSA":"220","NMCSA":"Detroit-Warren-Ann Arbor, MI","CD":"2611","SLDL":"26054","SLDU":"26007","SCHOOLYEAR":"2024-2025"}},{"type":"Feature","id":43969,"geometry":{"type":"Point","coordinates":[-83.27510000005655,42.58010000032329]},"properties":{"OBJECTID":43969,"NCESSCH":"260609004240","LEAID":"2606090","NAME":"Way Elementary School","OPSTFIPS":"26","STREET":"765 W LONG LAKE RD","CITY":"BLOOMFIELD HILLS","STATE":"MI","ZIP":"48302","STFIP":"26","CNTY":"26125","NMCNTY":"Oakland County","LOCALE":"21","LAT":42.5801,"LON":-83.2751,"CBSA":"19820","NMCBSA":"Detroit-Warren-Dearborn, MI","CBSATYPE":"1","CSA":"220","NMCSA":"Detroit-Warren-Ann Arbor, MI","CD":"2611","SLDL":"26054","SLDU":"26007","SCHOOLYEAR":"2024-2025"}},{"type":"Feature","id":43970,"geometry":{"type":"Point","coordinates":[-83.29737800068112,42.54538900009897]},"properties":{"OBJECTID":43970,"NCESSCH":"260609004241","LEAID":"2606090","NAME":"Wing Lake Developmental Center","OPSTFIPS":"26","STREET":"6490 WING LAKE RD","CITY":"BLOOMFIELD HILLS","STATE":"MI","ZIP":"48301","STFIP":"26","CNTY":"26125","NMCNTY":"Oakland County","LOCALE":"21","LAT":42.545389,"LON":-83.297378,"CBSA":"19820","NMCBSA":"Detroit-Warren-Dearborn, MI","CBSATYPE":"1","CSA":"220","NMCSA":"Detroit-Warren-Ann Arbor, MI","CD":"2611","SLDL":"26019","SLDU":"26007","SCHOOLYEAR":"2024-2025"}},{"type":"Feature","id":43971,"geometry":{"type":"Point","coordinates":[-83.29309999971333,42.559899999864086]},"properties":{"OBJECTID":43971,"NCESSCH":"260609004242","LEAID":"2606090","NAME":"South Hills Middle School","OPSTFIPS":"26","STREET":"4200 QUARTON RD","CITY":"BLOOMFIELD HILLS","STATE":"MI","ZIP":"48302","STFIP":"26","CNTY":"26125","NMCNTY":"Oakland County","LOCALE":"21","LAT":42.5599,"LON":-83.2931,"CBSA":"19820","NMCBSA":"Detroit-Warren-Dearborn, MI","CBSATYPE":"1","CSA":"220","NMCSA":"Detroit-Warren-Ann Arbor, MI","CD":"2611","SLDL":"26054","SLDU":"26007","SCHOOLYEAR":"2024-2025"}},{"type":"Feature","id":43972,"geometry":{"type":"Point","coordinates":[-83.33390999996021,42.56748900012358]},"properties":{"OBJECTID":43972,"NCESSCH":"260609004244","LEAID":"2606090","NAME":"Lone Pine Elementary School","OPSTFIPS":"26","STREET":"2601 LONE PINE RD","CITY":"W BLOOMFIELD","STATE":"MI","ZIP":"48323","STFIP":"26","CNTY":"26125","NMCNTY":"Oakland County","LOCALE":"21","LAT":42.567489,"LON":-83.33391,"CBSA":"19820","NMCBSA":"Detroit-Warren-Dearborn, MI","CBSATYPE":"1","CSA":"220","NMCSA":"Detroit-Warren-Ann Arbor, MI","CD":"2611","SLDL":"26020","SLDU":"26013","SCHOOLYEAR":"2024-2025"}},{"type":"Feature","id":43973,"geometry":{"type":"Point","coordinates":[-83.2368169997438,42.617319999795896]},"properties":{"OBJECTID":43973,"NCESSCH":"260609007668","LEAID":"2606090","NAME":"Fox Hills Center","OPSTFIPS":"26","STREET":"1661 HUNTERS RIDGE DR","CITY":"BLOOMFIELD HILLS","STATE":"MI","ZIP":"48304","STFIP":"26","CNTY":"26125","NMCNTY":"Oakland County","LOCALE":"21","LAT":42.61732,"LON":-83.236817,"CBSA":"19820","NMCBSA":"Detroit-Warren-Dearborn, MI","CBSATYPE":"1","CSA":"220","NMCSA":"Detroit-Warren-Ann Arbor, MI","CD":"2611","SLDL":"26054","SLDU":"26007","SCHOOLYEAR":"2024-2025"}},{"type":"Feature","id":43974,"geometry":{"type":"Point","coordinates":[-83.21739599965152,42.60530200067307]},"properties":{"OBJECTID":43974,"NCESSCH":"260609007840","LEAID":"2606090","NAME":"Charles L Bowers Farm","OPSTFIPS":"26","STREET":"1219 E SQUARE LAKE RD","CITY":"BLOOMFIELD HILLS","STATE":"MI","ZIP":"48304","STFIP":"26","CNTY":"26125","NMCNTY":"Oakland County","LOCALE":"21","LAT":42.605302,"LON":-83.217396,"CBSA":"19820","NMCBSA":"Detroit-Warren-Dearborn, MI","CBSATYPE":"1","CSA":"220","NMCSA":"Detroit-Warren-Ann Arbor, MI","CD":"2611","SLDL":"26054","SLDU":"26007","SCHOOLYEAR":"2024-2025"}},{"type":"Feature","id":43975,"geometry":{"type":"Point","coordinates":[-83.28536100010986,42.57901000061117]},"properties":{"OBJECTID":43975,"NCESSCH":"260609008480","LEAID":"2606090","NAME":"Bloomfield Hills High School","OPSTFIPS":"26","STREET":"4200 ANDOVER RD","CITY":"BLOOMFIELD HILLS","STATE":"MI","ZIP":"48302","STFIP":"26","CNTY":"26125","NMCNTY":"Oakland County","LOCALE":"21","LAT":42.57901,"LON":-83.285361,"CBSA":"19820","NMCBSA":"Detroit-Warren-Dearborn, MI","CBSATYPE":"1","CSA":"220","NMCSA":"Detroit-Warren-Ann Arbor, MI","CD":"2611","SLDL":"26054","SLDU":"26007","SCHOOLYEAR":"2024-2025"}},{"type":"Feature","id":43985,"geometry":{"type":"Point","coordinates":[-83.44084800023474,42.83774299987879]},"properties":{"OBJECTID":43985,"NCESSCH":"260657004257","LEAID":"2606570","NAME":"Brandon High School","OPSTFIPS":"26","STREET":"1025 S ORTONVILLE RD","CITY":"ORTONVILLE","STATE":"MI","ZIP":"48462","STFIP":"26","CNTY":"26125","NMCNTY":"Oakland County","LOCALE":"41","LAT":42.837743,"LON":-83.440848,"CBSA":"19820","NMCBSA":"Detroit-Warren-Dearborn, MI","CBSATYPE":"1","CSA":"220","NMCSA":"Detroit-Warren-Ann Arbor, MI","CD":"2609","SLDL":"26066","SLDU":"26024","SCHOOLYEAR":"2024-2025"}},{"type":"Feature","id":43986,"geometry":{"type":"Point","coordinates":[-83.3989040003895,42.87004999965377]},"properties":{"OBJECTID":43986,"NCESSCH":"260657004258","LEAID":"2606570","NAME":"Oakwood Elementary School","OPSTFIPS":"26","STREET":"2839 OAKWOOD RD","CITY":"ORTONVILLE","STATE":"MI","ZIP":"48462","STFIP":"26","CNTY":"26125","NMCNTY":"Oakland County","LOCALE":"41","LAT":42.87005,"LON":-83.398904,"CBSA":"19820","NMCBSA":"Detroit-Warren-Dearborn, MI","CBSATYPE":"1","CSA":"220","NMCSA":"Detroit-Warren-Ann Arbor, MI","CD":"2609","SLDL":"26066","SLDU":"26024","SCHOOLYEAR":"2024-2025"}},{"type":"Feature","id":43987,"geometry":{"type":"Point","coordinates":[-83.44600000016729,42.84140000025023]},"properties":{"OBJECTID":43987,"NCESSCH":"260657004259","LEAID":"2606570","NAME":"Brandon Middle School","OPSTFIPS":"26","STREET":"609 S ORTONVILLE RD","CITY":"ORTONVILLE","STATE":"MI","ZIP":"48462","STFIP":"26","CNTY":"26125","NMCNTY":"Oakland County","LOCALE":"41","LAT":42.8414,"LON":-83.446,"CBSA":"19820","NMCBSA":"Detroit-Warren-Dearborn, MI","CBSATYPE":"1","CSA":"220","NMCSA":"Detroit-Warren-Ann Arbor, MI","CD":"2609","SLDL":"26066","SLDU":"26024","SCHOOLYEAR":"2024-2025"}},{"type":"Feature","id":43988,"geometry":{"type":"Point","coordinates":[-83.44349999996756,42.84739999942245]},"properties":{"OBJECTID":43988,"NCESSCH":"260657004260","LEAID":"2606570","NAME":"HarveySwanson Elementary School","OPSTFIPS":"26","STREET":"209 VARSITY DR","CITY":"ORTONVILLE","STATE":"MI","ZIP":"48462","STFIP":"26","CNTY":"26125","NMCNTY":"Oakland County","LOCALE":"41","LAT":42.8474,"LON":-83.4435,"CBSA":"19820","NMCBSA":"Detroit-Warren-Dearborn, MI","CBSATYPE":"1","CSA":"220","NMCSA":"Detroit-Warren-Ann Arbor, MI","CD":"2609","SLDL":"26066","SLDU":"26024","SCHOOLYEAR":"2024-2025"}},{"type":"Feature","id":43989,"geometry":{"type":"Point","coordinates":[-83.44084800023474,42.83774299987879]},"properties":{"OBJECTID":43989,"NCESSCH":"260657008741","LEAID":"2606570","NAME":"Brandon Adult Transition Program","OPSTFIPS":"26","STREET":"1025 S ORTONVILLE RD","CITY":"ORTONVILLE","STATE":"MI","ZIP":"48462","STFIP":"26","CNTY":"26125","NMCNTY":"Oakland County","LOCALE":"41","LAT":42.837743,"LON":-83.440848,"CBSA":"19820","NMCBSA":"Detroit-Warren-Dearborn, MI","CBSATYPE":"1","CSA":"220","NMCSA":"Detroit-Warren-Ann Arbor, MI","CD":"2609","SLDL":"26066","SLDU":"26024","SCHOOLYEAR":"2024-2025"}},{"type":"Feature","id":44007,"geometry":{"type":"Point","coordinates":[-83.79465799938546,42.52603700030756]},"properties":{"OBJECTID":44007,"NCESSCH":"260687004283","LEAID":"2606870","NAME":"Brighton High School","OPSTFIPS":"26","STREET":"7878 BRIGHTON RD","CITY":"BRIGHTON","STATE":"MI","ZIP":"48116","STFIP":"26","CNTY":"26093","NMCNTY":"Livingston County","LOCALE":"22","LAT":42.526037,"LON":-83.794658,"CBSA":"19820","NMCBSA":"Detroit-Warren-Dearborn, MI","CBSATYPE":"1","CSA":"220","NMCSA":"Detroit-Warren-Ann Arbor, MI","CD":"2607","SLDL":"26049","SLDU":"26022","SCHOOLYEAR":"2024-2025"}},{"type":"Feature","id":44008,"geometry":{"type":"Point","coordinates":[-83.7845770001687,42.50333899985344]},"properties":{"OBJECTID":44008,"NCESSCH":"260687004284","LEAID":"2606870","NAME":"Scranton Middle School","OPSTFIPS":"26","STREET":"8415 MALTBY RD","CITY":"BRIGHTON","STATE":"MI","ZIP":"48116","STFIP":"26","CNTY":"26093","NMCNTY":"Livingston County","LOCALE":"22","LAT":42.503339,"LON":-83.784577,"CBSA":"19820","NMCBSA":"Detroit-Warren-Dearborn, MI","CBSATYPE":"1","CSA":"220","NMCSA":"Detroit-Warren-Ann Arbor, MI","CD":"2607","SLDL":"26049","SLDU":"26022","SCHOOLYEAR":"2024-2025"}},{"type":"Feature","id":44009,"geometry":{"type":"Point","coordinates":[-83.76993199996647,42.506324000128174]},"properties":{"OBJECTID":44009,"NCESSCH":"260687004285","LEAID":"2606870","NAME":"Hawkins Elementary School","OPSTFIPS":"26","STREET":"8900 LEE RD","CITY":"BRIGHTON","STATE":"MI","ZIP":"48116","STFIP":"26","CNTY":"26093","NMCNTY":"Livingston County","LOCALE":"22","LAT":42.506324,"LON":-83.769932,"CBSA":"19820","NMCBSA":"Detroit-Warren-Dearborn, MI","CBSATYPE":"1","CSA":"220","NMCSA":"Detroit-Warren-Ann Arbor, MI","CD":"2607","SLDL":"26049","SLDU":"26022","SCHOOLYEAR":"2024-2025"}},{"type":"Feature","id":44010,"geometry":{"type":"Point","coordinates":[-83.73825599936895,42.53935699953645]},"properties":{"OBJECTID":44010,"NCESSCH":"260687004288","LEAID":"2606870","NAME":"Spencer Road Elementary School","OPSTFIPS":"26","STREET":"10639 SPENCER RD","CITY":"BRIGHTON","STATE":"MI","ZIP":"48114","STFIP":"26","CNTY":"26093","NMCNTY":"Livingston County","LOCALE":"22","LAT":42.539357,"LON":-83.738256,"CBSA":"19820","NMCBSA":"Detroit-Warren-Dearborn, MI","CBSATYPE":"1","CSA":"220","NMCSA":"Detroit-Warren-Ann Arbor, MI","CD":"2607","SLDL":"26049","SLDU":"26022","SCHOOLYEAR":"2024-2025"}},{"type":"Feature","id":44011,"geometry":{"type":"Point","coordinates":[-83.81387399995893,42.533399000606835]},"properties":{"OBJECTID":44011,"NCESSCH":"260687004289","LEAID":"2606870","NAME":"Hornung Elementary School","OPSTFIPS":"26","STREET":"4680 BAUER RD","CITY":"BRIGHTON","STATE":"MI","ZIP":"48116","STFIP":"26","CNTY":"26093","NMCNTY":"Livingston County","LOCALE":"22","LAT":42.533399,"LON":-83.813874,"CBSA":"19820","NMCBSA":"Detroit-Warren-Dearborn, MI","CBSATYPE":"1","CSA":"220","NMCSA":"Detroit-Warren-Ann Arbor, MI","CD":"2607","SLDL":"26048","SLDU":"26022","SCHOOLYEAR":"2024-2025"}},{"type":"Feature","id":44012,"geometry":{"type":"Point","coordinates":[-83.75972700004037,42.55102300047385]},"properties":{"OBJECTID":44012,"NCESSCH":"260687007677","LEAID":"2606870","NAME":"Hilton Road Elementary School","OPSTFIPS":"26","STREET":"9600 HILTON RD","CITY":"BRIGHTON","STATE":"MI","ZIP":"48114","STFIP":"26","CNTY":"26093","NMCNTY":"Livingston County","LOCALE":"22","LAT":42.551023,"LON":-83.759727,"CBSA":"19820","NMCBSA":"Detroit-Warren-Dearborn, MI","CBSATYPE":"1","CSA":"220","NMCSA":"Detroit-Warren-Ann Arbor, MI","CD":"2607","SLDL":"26049","SLDU":"26022","SCHOOLYEAR":"2024-2025"}},{"type":"Feature","id":44013,"geometry":{"type":"Point","coordinates":[-83.77580099987023,42.52877099975529]},"properties":{"OBJECTID":44013,"NCESSCH":"260687007925","LEAID":"2606870","NAME":"Bridge Alternative High School","OPSTFIPS":"26","STREET":"125 S CHURCH ST","CITY":"BRIGHTON","STATE":"MI","ZIP":"48116","STFIP":"26","CNTY":"26093","NMCNTY":"Livingston County","LOCALE":"22","LAT":42.528771,"LON":-83.775801,"CBSA":"19820","NMCBSA":"Detroit-Warren-Dearborn, MI","CBSATYPE":"1","CSA":"220","NMCSA":"Detroit-Warren-Ann Arbor, MI","CD":"2607","SLDL":"26049","SLDU":"26022","SCHOOLYEAR":"2024-2025"}},{"type":"Feature","id":44014,"geometry":{"type":"Point","coordinates":[-83.81384000077196,42.531522000280354]},"properties":{"OBJECTID":44014,"NCESSCH":"260687008044","LEAID":"2606870","NAME":"Maltby Intermediate School","OPSTFIPS":"26","STREET":"4740 BAUER RD","CITY":"BRIGHTON","STATE":"MI","ZIP":"48116","STFIP":"26","CNTY":"26093","NMCNTY":"Livingston County","LOCALE":"22","LAT":42.531522,"LON":-83.81384,"CBSA":"19820","NMCBSA":"Detroit-Warren-Dearborn, MI","CBSATYPE":"1","CSA":"220","NMCSA":"Detroit-Warren-Ann Arbor, MI","CD":"2607","SLDL":"26048","SLDU":"26022","SCHOOLYEAR":"2024-2025"}},{"type":"Feature","id":44015,"geometry":{"type":"Point","coordinates":[-83.77297999992359,42.52788699974562]},"properties":{"OBJECTID":44015,"NCESSCH":"260687008101","LEAID":"2606870","NAME":"Miller","OPSTFIPS":"26","STREET":"850 SPENCER RD","CITY":"BRIGHTON","STATE":"MI","ZIP":"48116","STFIP":"26","CNTY":"26093","NMCNTY":"Livingston County","LOCALE":"22","LAT":42.527887,"LON":-83.77298,"CBSA":"19820","NMCBSA":"Detroit-Warren-Dearborn, MI","CBSATYPE":"1","CSA":"220","NMCSA":"Detroit-Warren-Ann Arbor, MI","CD":"2607","SLDL":"26049","SLDU":"26022","SCHOOLYEAR":"2024-2025"}},{"type":"Feature","id":44017,"geometry":{"type":"Point","coordinates":[-83.83415199949943,41.98581500009923]},"properties":{"OBJECTID":44017,"NCESSCH":"260693008119","LEAID":"2606930","NAME":"Britton Deerfield SchoolsBritton Building","OPSTFIPS":"26","STREET":"201 COLLEGE AVE","CITY":"BRITTON","STATE":"MI","ZIP":"49229","STFIP":"26","CNTY":"26091","NMCNTY":"Lenawee County","LOCALE":"42","LAT":41.985815,"LON":-83.834152,"CBSA":"10300","NMCBSA":"Adrian, MI","CBSATYPE":"2","CSA":"220","NMCSA":"Detroit-Warren-Ann Arbor, MI","CD":"2605","SLDL":"26030","SLDU":"26016","SCHOOLYEAR":"2024-2025"}},{"type":"Feature","id":44018,"geometry":{"type":"Point","coordinates":[-83.78349999933043,41.88930000050202]},"properties":{"OBJECTID":44018,"NCESSCH":"260693008128","LEAID":"2606930","NAME":"Britton Deerfield SchoolDeerfield Building","OPSTFIPS":"26","STREET":"252 DEERFIELD RD","CITY":"DEERFIELD","STATE":"MI","ZIP":"49238","STFIP":"26","CNTY":"26091","NMCNTY":"Lenawee County","LOCALE":"42","LAT":41.8893,"LON":-83.7835,"CBSA":"10300","NMCBSA":"Adrian, MI","CBSATYPE":"2","CSA":"220","NMCSA":"Detroit-Warren-Ann Arbor, MI","CD":"2605","SLDL":"26030","SLDU":"26016","SCHOOLYEAR":"2024-2025"}},{"type":"Feature","id":44023,"geometry":{"type":"Point","coordinates":[-84.24291600005037,42.10763099979587]},"properties":{"OBJECTID":44023,"NCESSCH":"260699004296","LEAID":"2606990","NAME":"Columbia Elementary School","OPSTFIPS":"26","STREET":"320 SCHOOL ST","CITY":"BROOKLYN","STATE":"MI","ZIP":"49230","STFIP":"26","CNTY":"26075","NMCNTY":"Jackson County","LOCALE":"42","LAT":42.107631,"LON":-84.242916,"CBSA":"27100","NMCBSA":"Jackson, MI","CBSATYPE":"1","CSA":"N","NMCSA":"N","CD":"2605","SLDL":"26047","SLDU":"26014","SCHOOLYEAR":"2024-2025"}},{"type":"Feature","id":44024,"geometry":{"type":"Point","coordinates":[-84.24251599985072,42.10678799966789]},"properties":{"OBJECTID":44024,"NCESSCH":"260699004297","LEAID":"2606990","NAME":"Columbia Upper Elementary School","OPSTFIPS":"26","STREET":"321 SCHOOL ST","CITY":"BROOKLYN","STATE":"MI","ZIP":"49230","STFIP":"26","CNTY":"26075","NMCNTY":"Jackson County","LOCALE":"42","LAT":42.106788,"LON":-84.242516,"CBSA":"27100","NMCBSA":"Jackson, MI","CBSATYPE":"1","CSA":"N","NMCSA":"N","CD":"2605","SLDL":"26047","SLDU":"26014","SCHOOLYEAR":"2024-2025"}},{"type":"Feature","id":44025,"geometry":{"type":"Point","coordinates":[-84.28257599968278,42.09232900006048]},"properties":{"OBJECTID":44025,"NCESSCH":"260699004300","LEAID":"2606990","NAME":"Columbia Central High School","OPSTFIPS":"26","STREET":"11775 HEWITT RD","CITY":"BROOKLYN","STATE":"MI","ZIP":"49230","STFIP":"26","CNTY":"26075","NMCNTY":"Jackson County","LOCALE":"42","LAT":42.092329,"LON":-84.282576,"CBSA":"27100","NMCBSA":"Jackson, MI","CBSATYPE":"1","CSA":"N","NMCSA":"N","CD":"2605","SLDL":"26047","SLDU":"26014","SCHOOLYEAR":"2024-2025"}},{"type":"Feature","id":44028,"geometry":{"type":"Point","coordinates":[-83.28320000036024,42.09750000066336]},"properties":{"OBJECTID":44028,"NCESSCH":"260708004304","LEAID":"2607080","NAME":"Ethel C Bobcean Elem School","OPSTFIPS":"26","STREET":"28300 EVERGREEN ST","CITY":"FLAT ROCK","STATE":"MI","ZIP":"48134","STFIP":"26","CNTY":"26163","NMCNTY":"Wayne County","LOCALE":"21","LAT":42.0975,"LON":-83.2832,"CBSA":"19820","NMCBSA":"Detroit-Warren-Dearborn, MI","CBSATYPE":"1","CSA":"220","NMCSA":"Detroit-Warren-Ann Arbor, MI","CD":"2606","SLDL":"26028","SLDU":"26004","SCHOOLYEAR":"2024-2025"}},{"type":"Feature","id":44029,"geometry":{"type":"Point","coordinates":[-83.28230000033722,42.100300000206225]},"properties":{"OBJECTID":44029,"NCESSCH":"260708004305","LEAID":"2607080","NAME":"Flat Rock Community High School","OPSTFIPS":"26","STREET":"25600 SENECA ST","CITY":"FLAT ROCK","STATE":"MI","ZIP":"48134","STFIP":"26","CNTY":"26163","NMCNTY":"Wayne County","LOCALE":"21","LAT":42.1003,"LON":-83.2823,"CBSA":"19820","NMCBSA":"Detroit-Warren-Dearborn, MI","CBSATYPE":"1","CSA":"220","NMCSA":"Detroit-Warren-Ann Arbor, MI","CD":"2606","SLDL":"26028","SLDU":"26004","SCHOOLYEAR":"2024-2025"}},{"type":"Feature","id":44030,"geometry":{"type":"Point","coordinates":[-83.27390000072857,42.088800000581195]},"properties":{"OBJECTID":44030,"NCESSCH":"260708004306","LEAID":"2607080","NAME":"Thomas Simpson Middle School","OPSTFIPS":"26","STREET":"24900 MEADOWS AVE","CITY":"FLAT ROCK","STATE":"MI","ZIP":"48134","STFIP":"26","CNTY":"26163","NMCNTY":"Wayne County","LOCALE":"21","LAT":42.0888,"LON":-83.2739,"CBSA":"19820","NMCBSA":"Detroit-Warren-Dearborn, MI","CBSATYPE":"1","CSA":"220","NMCSA":"Detroit-Warren-Ann Arbor, MI","CD":"2606","SLDL":"26028","SLDU":"26004","SCHOOLYEAR":"2024-2025"}},{"type":"Feature","id":44031,"geometry":{"type":"Point","coordinates":[-83.27390000061143,42.08749999934997]},"properties":{"OBJECTID":44031,"NCESSCH":"260708004307","LEAID":"2607080","NAME":"John M Barnes Elem School","OPSTFIPS":"26","STREET":"24925 MEADOWS AVE","CITY":"FLAT ROCK","STATE":"MI","ZIP":"48134","STFIP":"26","CNTY":"26163","NMCNTY":"Wayne County","LOCALE":"21","LAT":42.0875,"LON":-83.2739,"CBSA":"19820","NMCBSA":"Detroit-Warren-Dearborn, MI","CBSATYPE":"1","CSA":"220","NMCSA":"Detroit-Warren-Ann Arbor, MI","CD":"2606","SLDL":"26028","SLDU":"26004","SCHOOLYEAR":"2024-2025"}},{"type":"Feature","id":44032,"geometry":{"type":"Point","coordinates":[-83.280941000858,42.099600000149735]},"properties":{"OBJECTID":44032,"NCESSCH":"260708008605","LEAID":"2607080","NAME":"Flat Rock Academic Virtual Academy","OPSTFIPS":"26","STREET":"25600 SENECA ST","CITY":"FLAT ROCK","STATE":"MI","ZIP":"48134","STFIP":"26","CNTY":"26163","NMCNTY":"Wayne County","LOCALE":"21","LAT":42.0996,"LON":-83.280941,"CBSA":"19820","NMCBSA":"Detroit-Warren-Dearborn, MI","CBSATYPE":"1","CSA":"220","NMCSA":"Detroit-Warren-Ann Arbor, MI","CD":"2606","SLDL":"26028","SLDU":"26004","SCHOOLYEAR":"2024-2025"}},{"type":"Feature","id":44049,"geometry":{"type":"Point","coordinates":[-83.9499560005004,42.826299999542876]},"properties":{"OBJECTID":44049,"NCESSCH":"260753004329","LEAID":"2607530","NAME":"Byron Area High School","OPSTFIPS":"26","STREET":"312 W MAPLE ST","CITY":"BYRON","STATE":"MI","ZIP":"48418","STFIP":"26","CNTY":"26155","NMCNTY":"Shiawassee County","LOCALE":"42","LAT":42.8263,"LON":-83.949956,"CBSA":"37020","NMCBSA":"Owosso, MI","CBSATYPE":"2","CSA":"330","NMCSA":"Lansing-East Lansing-Owosso, MI","CD":"2607","SLDL":"26071","SLDU":"26022","SCHOOLYEAR":"2024-2025"}},{"type":"Feature","id":44050,"geometry":{"type":"Point","coordinates":[-83.9405000004194,42.82439999970644]},"properties":{"OBJECTID":44050,"NCESSCH":"260753004330","LEAID":"2607530","NAME":"Byron Area Elementary School","OPSTFIPS":"26","STREET":"401 E MAPLE ST","CITY":"BYRON","STATE":"MI","ZIP":"48418","STFIP":"26","CNTY":"26155","NMCNTY":"Shiawassee County","LOCALE":"42","LAT":42.8244,"LON":-83.9405,"CBSA":"37020","NMCBSA":"Owosso, MI","CBSATYPE":"2","CSA":"330","NMCSA":"Lansing-East Lansing-Owosso, MI","CD":"2607","SLDL":"26071","SLDU":"26022","SCHOOLYEAR":"2024-2025"}},{"type":"Feature","id":44051,"geometry":{"type":"Point","coordinates":[-83.9499560005004,42.826299999542876]},"properties":{"OBJECTID":44051,"NCESSCH":"260753004331","LEAID":"2607530","NAME":"Byron Area Middle School","OPSTFIPS":"26","STREET":"312 W MAPLE ST","CITY":"BYRON","STATE":"MI","ZIP":"48418","STFIP":"26","CNTY":"26155","NMCNTY":"Shiawassee County","LOCALE":"42","LAT":42.8263,"LON":-83.949956,"CBSA":"37020","NMCBSA":"Owosso, MI","CBSATYPE":"2","CSA":"330","NMCSA":"Lansing-East Lansing-Owosso, MI","CD":"2607","SLDL":"26071","SLDU":"26022","SCHOOLYEAR":"2024-2025"}},{"type":"Feature","id":44080,"geometry":{"type":"Point","coordinates":[-82.93368199974799,43.01741000007586]},"properties":{"OBJECTID":44080,"NCESSCH":"260780004357","LEAID":"2607800","NAME":"Capac Elementary School","OPSTFIPS":"26","STREET":"351 W KEMPF CT","CITY":"CAPAC","STATE":"MI","ZIP":"48014","STFIP":"26","CNTY":"26147","NMCNTY":"St. Clair County","LOCALE":"42","LAT":43.01741,"LON":-82.933682,"CBSA":"19820","NMCBSA":"Detroit-Warren-Dearborn, MI","CBSATYPE":"1","CSA":"220","NMCSA":"Detroit-Warren-Ann Arbor, MI","CD":"2609","SLDL":"26065","SLDU":"26025","SCHOOLYEAR":"2024-2025"}},{"type":"Feature","id":44081,"geometry":{"type":"Point","coordinates":[-82.93249099949624,43.01864499935127]},"properties":{"OBJECTID":44081,"NCESSCH":"260780004358","LEAID":"2607800","NAME":"Capac JrSr High School","OPSTFIPS":"26","STREET":"541 N GLASSFORD ST","CITY":"CAPAC","STATE":"MI","ZIP":"48014","STFIP":"26","CNTY":"26147","NMCNTY":"St. Clair County","LOCALE":"42","LAT":43.018645,"LON":-82.932491,"CBSA":"19820","NMCBSA":"Detroit-Warren-Dearborn, MI","CBSATYPE":"1","CSA":"220","NMCSA":"Detroit-Warren-Ann Arbor, MI","CD":"2609","SLDL":"26065","SLDU":"26025","SCHOOLYEAR":"2024-2025"}},{"type":"Feature","id":44082,"geometry":{"type":"Point","coordinates":[-82.93249099949624,43.01864499935127]},"properties":{"OBJECTID":44082,"NCESSCH":"260780008331","LEAID":"2607800","NAME":"Capac Virtual Education Program","OPSTFIPS":"26","STREET":"541 N GLASSFORD ST","CITY":"CAPAC","STATE":"MI","ZIP":"48014","STFIP":"26","CNTY":"26147","NMCNTY":"St. Clair County","LOCALE":"42","LAT":43.018645,"LON":-82.932491,"CBSA":"19820","NMCBSA":"Detroit-Warren-Dearborn, MI","CBSATYPE":"1","CSA":"220","NMCSA":"Detroit-Warren-Ann Arbor, MI","CD":"2609","SLDL":"26065","SLDU":"26025","SCHOOLYEAR":"2024-2025"}},{"type":"Feature","id":44083,"geometry":{"type":"Point","coordinates":[-83.67270000002117,43.01990000047146]},"properties":{"OBJECTID":44083,"NCESSCH":"260789000507","LEAID":"2607890","NAME":"Mott Middle College High School","OPSTFIPS":"26","STREET":"1401 E COURT ST","CITY":"FLINT","STATE":"MI","ZIP":"48503","STFIP":"26","CNTY":"26049","NMCNTY":"Genesee County","LOCALE":"13","LAT":43.0199,"LON":-83.6727,"CBSA":"22420","NMCBSA":"Flint, MI","CBSATYPE":"1","CSA":"220","NMCSA":"Detroit-Warren-Ann Arbor, MI","CD":"2608","SLDL":"26070","SLDU":"26027","SCHOOLYEAR":"2024-2025"}},{"type":"Feature","id":44084,"geometry":{"type":"Point","coordinates":[-83.69968399954209,42.970375999508356]},"properties":{"OBJECTID":44084,"NCESSCH":"260789000513","LEAID":"2607890","NAME":"The Learning Community","OPSTFIPS":"26","STREET":"1181 W SCOTTWOOD AVE","CITY":"FLINT","STATE":"MI","ZIP":"48507","STFIP":"26","CNTY":"26049","NMCNTY":"Genesee County","LOCALE":"21","LAT":42.970376,"LON":-83.699684,"CBSA":"22420","NMCBSA":"Flint, MI","CBSATYPE":"1","CSA":"220","NMCSA":"Detroit-Warren-Ann Arbor, MI","CD":"2608","SLDL":"26070","SLDU":"26027","SCHOOLYEAR":"2024-2025"}},{"type":"Feature","id":44085,"geometry":{"type":"Point","coordinates":[-83.75154599974518,42.993764999852445]},"properties":{"OBJECTID":44085,"NCESSCH":"260789001811","LEAID":"2607890","NAME":"CA Alternative EdAtlantis","OPSTFIPS":"26","STREET":"G3493 Beveridge Rd","CITY":"Flint","STATE":"MI","ZIP":"48532","STFIP":"26","CNTY":"26049","NMCNTY":"Genesee County","LOCALE":"21","LAT":42.993765,"LON":-83.751546,"CBSA":"22420","NMCBSA":"Flint, MI","CBSATYPE":"1","CSA":"220","NMCSA":"Detroit-Warren-Ann Arbor, MI","CD":"2608","SLDL":"26070","SLDU":"26027","SCHOOLYEAR":"2024-2025"}},{"type":"Feature","id":44086,"geometry":{"type":"Point","coordinates":[-83.70750000042516,42.95459999937321]},"properties":{"OBJECTID":44086,"NCESSCH":"260789004361","LEAID":"2607890","NAME":"CarmanAinsworth Middle School","OPSTFIPS":"26","STREET":"1409 W MAPLE AVE","CITY":"FLINT","STATE":"MI","ZIP":"48507","STFIP":"26","CNTY":"26049","NMCNTY":"Genesee County","LOCALE":"21","LAT":42.9546,"LON":-83.7075,"CBSA":"22420","NMCBSA":"Flint, MI","CBSATYPE":"1","CSA":"220","NMCSA":"Detroit-Warren-Ann Arbor, MI","CD":"2608","SLDL":"26072","SLDU":"26027","SCHOOLYEAR":"2024-2025"}},{"type":"Feature","id":44087,"geometry":{"type":"Point","coordinates":[-83.75830000072115,43.01339999989144]},"properties":{"OBJECTID":44087,"NCESSCH":"260789004363","LEAID":"2607890","NAME":"Dye Elementary School","OPSTFIPS":"26","STREET":"1174 S GRAHAM RD","CITY":"FLINT","STATE":"MI","ZIP":"48532","STFIP":"26","CNTY":"26049","NMCNTY":"Genesee County","LOCALE":"21","LAT":43.0134,"LON":-83.7583,"CBSA":"22420","NMCBSA":"Flint, MI","CBSATYPE":"1","CSA":"220","NMCSA":"Detroit-Warren-Ann Arbor, MI","CD":"2608","SLDL":"26069","SLDU":"26027","SCHOOLYEAR":"2024-2025"}},{"type":"Feature","id":44088,"geometry":{"type":"Point","coordinates":[-83.68580000015936,42.969200000026426]},"properties":{"OBJECTID":44088,"NCESSCH":"260789004366","LEAID":"2607890","NAME":"Gladys Dillon Elementary School","OPSTFIPS":"26","STREET":"1197 E SCHUMACHER ST","CITY":"BURTON","STATE":"MI","ZIP":"48529","STFIP":"26","CNTY":"26049","NMCNTY":"Genesee County","LOCALE":"21","LAT":42.9692,"LON":-83.6858,"CBSA":"22420","NMCBSA":"Flint, MI","CBSATYPE":"1","CSA":"220","NMCSA":"Detroit-Warren-Ann Arbor, MI","CD":"2608","SLDL":"26070","SLDU":"26027","SCHOOLYEAR":"2024-2025"}},{"type":"Feature","id":44089,"geometry":{"type":"Point","coordinates":[-83.79229999964328,42.99760000039056]},"properties":{"OBJECTID":44089,"NCESSCH":"260789004369","LEAID":"2607890","NAME":"Randels Elementary School","OPSTFIPS":"26","STREET":"6022 BROBECK ST","CITY":"FLINT","STATE":"MI","ZIP":"48532","STFIP":"26","CNTY":"26049","NMCNTY":"Genesee County","LOCALE":"21","LAT":42.9976,"LON":-83.7923,"CBSA":"22420","NMCBSA":"Flint, MI","CBSATYPE":"1","CSA":"220","NMCSA":"Detroit-Warren-Ann Arbor, MI","CD":"2608","SLDL":"26069","SLDU":"26027","SCHOOLYEAR":"2024-2025"}},{"type":"Feature","id":44090,"geometry":{"type":"Point","coordinates":[-83.74720000002623,42.91719999983747]},"properties":{"OBJECTID":44090,"NCESSCH":"260789004370","LEAID":"2607890","NAME":"Rankin Elementary School","OPSTFIPS":"26","STREET":"3459 MUNDY AVE","CITY":"SWARTZ CREEK","STATE":"MI","ZIP":"48473","STFIP":"26","CNTY":"26049","NMCNTY":"Genesee County","LOCALE":"41","LAT":42.9172,"LON":-83.7472,"CBSA":"22420","NMCBSA":"Flint, MI","CBSATYPE":"1","CSA":"220","NMCSA":"Detroit-Warren-Ann Arbor, MI","CD":"2608","SLDL":"26072","SLDU":"26027","SCHOOLYEAR":"2024-2025"}},{"type":"Feature","id":44091,"geometry":{"type":"Point","coordinates":[-83.77080000069772,43.025099999259055]},"properties":{"OBJECTID":44091,"NCESSCH":"260789004373","LEAID":"2607890","NAME":"CarmanAinsworth High School","OPSTFIPS":"26","STREET":"1300 N LINDEN RD","CITY":"FLINT","STATE":"MI","ZIP":"48532","STFIP":"26","CNTY":"26049","NMCNTY":"Genesee County","LOCALE":"21","LAT":43.0251,"LON":-83.7708,"CBSA":"22420","NMCBSA":"Flint, MI","CBSATYPE":"1","CSA":"220","NMCSA":"Detroit-Warren-Ann Arbor, MI","CD":"2608","SLDL":"26069","SLDU":"26027","SCHOOLYEAR":"2024-2025"}},{"type":"Feature","id":44092,"geometry":{"type":"Point","coordinates":[-83.69321400035722,43.02015500044812]},"properties":{"OBJECTID":44092,"NCESSCH":"260789007793","LEAID":"2607890","NAME":"Genesee Early College","OPSTFIPS":"26","STREET":"432 N SAGINAW ST","CITY":"FLINT","STATE":"MI","ZIP":"48502","STFIP":"26","CNTY":"26049","NMCNTY":"Genesee County","LOCALE":"13","LAT":43.020155,"LON":-83.693214,"CBSA":"22420","NMCBSA":"Flint, MI","CBSATYPE":"1","CSA":"220","NMCSA":"Detroit-Warren-Ann Arbor, MI","CD":"2608","SLDL":"26070","SLDU":"26027","SCHOOLYEAR":"2024-2025"}},{"type":"Feature","id":44128,"geometry":{"type":"Point","coordinates":[-83.02050000006624,42.48619999966172]},"properties":{"OBJECTID":44128,"NCESSCH":"260858004404","LEAID":"2608580","NAME":"Center Line High School","OPSTFIPS":"26","STREET":"26300 ARSENAL","CITY":"CENTER LINE","STATE":"MI","ZIP":"48015","STFIP":"26","CNTY":"26099","NMCNTY":"Macomb County","LOCALE":"21","LAT":42.4862,"LON":-83.0205,"CBSA":"19820","NMCBSA":"Detroit-Warren-Dearborn, MI","CBSATYPE":"1","CSA":"220","NMCSA":"Detroit-Warren-Ann Arbor, MI","CD":"2610","SLDL":"26014","SLDU":"26010","SCHOOLYEAR":"2024-2025"}},{"type":"Feature","id":44129,"geometry":{"type":"Point","coordinates":[-83.0154250003442,42.495357999531414]},"properties":{"OBJECTID":44129,"NCESSCH":"260858004405","LEAID":"2608580","NAME":"Crothers Elementary School","OPSTFIPS":"26","STREET":"25310 MASCH AVE","CITY":"WARREN","STATE":"MI","ZIP":"48091","STFIP":"26","CNTY":"26099","NMCNTY":"Macomb County","LOCALE":"12","LAT":42.495358,"LON":-83.015425,"CBSA":"19820","NMCBSA":"Detroit-Warren-Dearborn, MI","CBSATYPE":"1","CSA":"220","NMCSA":"Detroit-Warren-Ann Arbor, MI","CD":"2610","SLDL":"26014","SLDU":"26010","SCHOOLYEAR":"2024-2025"}},{"type":"Feature","id":44130,"geometry":{"type":"Point","coordinates":[-83.05814499954609,42.47415400064553]},"properties":{"OBJECTID":44130,"NCESSCH":"260858004407","LEAID":"2608580","NAME":"Mark C Roose Elementary School","OPSTFIPS":"26","STREET":"4701 MARCY ST","CITY":"WARREN","STATE":"MI","ZIP":"48091","STFIP":"26","CNTY":"26099","NMCNTY":"Macomb County","LOCALE":"12","LAT":42.474154,"LON":-83.058145,"CBSA":"19820","NMCBSA":"Detroit-Warren-Dearborn, MI","CBSATYPE":"1","CSA":"220","NMCSA":"Detroit-Warren-Ann Arbor, MI","CD":"2610","SLDL":"26014","SLDU":"26003","SCHOOLYEAR":"2024-2025"}},{"type":"Feature","id":44131,"geometry":{"type":"Point","coordinates":[-83.01778100020373,42.485920999749084]},"properties":{"OBJECTID":44131,"NCESSCH":"260858004408","LEAID":"2608580","NAME":"May V Peck Elementary School","OPSTFIPS":"26","STREET":"26201 LORRAINE","CITY":"CENTER LINE","STATE":"MI","ZIP":"48015","STFIP":"26","CNTY":"26099","NMCNTY":"Macomb County","LOCALE":"21","LAT":42.485921,"LON":-83.017781,"CBSA":"19820","NMCBSA":"Detroit-Warren-Dearborn, MI","CBSATYPE":"1","CSA":"220","NMCSA":"Detroit-Warren-Ann Arbor, MI","CD":"2610","SLDL":"26014","SLDU":"26010","SCHOOLYEAR":"2024-2025"}},{"type":"Feature","id":44132,"geometry":{"type":"Point","coordinates":[-83.0176000003937,42.48860000023058]},"properties":{"OBJECTID":44132,"NCESSCH":"260858004409","LEAID":"2608580","NAME":"Wolfe Middle School","OPSTFIPS":"26","STREET":"8640 MCKINLEY","CITY":"CENTER LINE","STATE":"MI","ZIP":"48015","STFIP":"26","CNTY":"26099","NMCNTY":"Macomb County","LOCALE":"21","LAT":42.4886,"LON":-83.0176,"CBSA":"19820","NMCBSA":"Detroit-Warren-Dearborn, MI","CBSATYPE":"1","CSA":"220","NMCSA":"Detroit-Warren-Ann Arbor, MI","CD":"2610","SLDL":"26014","SLDU":"26010","SCHOOLYEAR":"2024-2025"}},{"type":"Feature","id":44133,"geometry":{"type":"Point","coordinates":[-83.01183399989232,42.48067600012285]},"properties":{"OBJECTID":44133,"NCESSCH":"260858008255","LEAID":"2608580","NAME":"Academy 21","OPSTFIPS":"26","STREET":"11300 ENGLEMAN RD","CITY":"WARREN","STATE":"MI","ZIP":"48089","STFIP":"26","CNTY":"26099","NMCNTY":"Macomb County","LOCALE":"12","LAT":42.480676,"LON":-83.011834,"CBSA":"19820","NMCBSA":"Detroit-Warren-Dearborn, MI","CBSATYPE":"1","CSA":"220","NMCSA":"Detroit-Warren-Ann Arbor, MI","CD":"2610","SLDL":"26014","SLDU":"26010","SCHOOLYEAR":"2024-2025"}},{"type":"Feature","id":44156,"geometry":{"type":"Point","coordinates":[-84.00229999972547,42.311299999992855]},"properties":{"OBJECTID":44156,"NCESSCH":"260894004437","LEAID":"2608940","NAME":"Chelsea High School","OPSTFIPS":"26","STREET":"740 N FREER RD","CITY":"CHELSEA","STATE":"MI","ZIP":"48118","STFIP":"26","CNTY":"26161","NMCNTY":"Washtenaw County","LOCALE":"31","LAT":42.3113,"LON":-84.0023,"CBSA":"11460","NMCBSA":"Ann Arbor, MI","CBSATYPE":"1","CSA":"220","NMCSA":"Detroit-Warren-Ann Arbor, MI","CD":"2606","SLDL":"26046","SLDU":"26014","SCHOOLYEAR":"2024-2025"}},{"type":"Feature","id":44157,"geometry":{"type":"Point","coordinates":[-84.00960000061441,42.31839999986473]},"properties":{"OBJECTID":44157,"NCESSCH":"260894004438","LEAID":"2608940","NAME":"Beach Middle School","OPSTFIPS":"26","STREET":"445 MAYER DR","CITY":"CHELSEA","STATE":"MI","ZIP":"48118","STFIP":"26","CNTY":"26161","NMCNTY":"Washtenaw County","LOCALE":"31","LAT":42.3184,"LON":-84.0096,"CBSA":"11460","NMCBSA":"Ann Arbor, MI","CBSATYPE":"1","CSA":"220","NMCSA":"Detroit-Warren-Ann Arbor, MI","CD":"2606","SLDL":"26046","SLDU":"26014","SCHOOLYEAR":"2024-2025"}},{"type":"Feature","id":44158,"geometry":{"type":"Point","coordinates":[-84.01829999999619,42.32619999978696]},"properties":{"OBJECTID":44158,"NCESSCH":"260894004439","LEAID":"2608940","NAME":"North Creek Elementary School","OPSTFIPS":"26","STREET":"699 MCKINLEY ST","CITY":"CHELSEA","STATE":"MI","ZIP":"48118","STFIP":"26","CNTY":"26161","NMCNTY":"Washtenaw County","LOCALE":"31","LAT":42.3262,"LON":-84.0183,"CBSA":"11460","NMCBSA":"Ann Arbor, MI","CBSATYPE":"1","CSA":"220","NMCSA":"Detroit-Warren-Ann Arbor, MI","CD":"2606","SLDL":"26046","SLDU":"26014","SCHOOLYEAR":"2024-2025"}},{"type":"Feature","id":44159,"geometry":{"type":"Point","coordinates":[-84.02399999940907,42.31200000000067]},"properties":{"OBJECTID":44159,"NCESSCH":"260894004440","LEAID":"2608940","NAME":"South Meadows Elementary School","OPSTFIPS":"26","STREET":"335 PIERCE ST","CITY":"CHELSEA","STATE":"MI","ZIP":"48118","STFIP":"26","CNTY":"26161","NMCNTY":"Washtenaw County","LOCALE":"31","LAT":42.312,"LON":-84.024,"CBSA":"11460","NMCBSA":"Ann Arbor, MI","CBSATYPE":"1","CSA":"220","NMCSA":"Detroit-Warren-Ann Arbor, MI","CD":"2606","SLDL":"26046","SLDU":"26014","SCHOOLYEAR":"2024-2025"}},{"type":"Feature","id":44170,"geometry":{"type":"Point","coordinates":[-82.91480000008345,42.64469999987818]},"properties":{"OBJECTID":44170,"NCESSCH":"260957000199","LEAID":"2609570","NAME":"Seneca Middle School","OPSTFIPS":"26","STREET":"47200 HEYDENREICH RD","CITY":"MACOMB","STATE":"MI","ZIP":"48044","STFIP":"26","CNTY":"26099","NMCNTY":"Macomb County","LOCALE":"21","LAT":42.6447,"LON":-82.9148,"CBSA":"19820","NMCBSA":"Detroit-Warren-Dearborn, MI","CBSATYPE":"1","CSA":"220","NMCSA":"Detroit-Warren-Ann Arbor, MI","CD":"2609","SLDL":"26060","SLDU":"26011","SCHOOLYEAR":"2024-2025"}},{"type":"Feature","id":44171,"geometry":{"type":"Point","coordinates":[-82.92113200017931,42.61373400011582]},"properties":{"OBJECTID":44171,"NCESSCH":"260957000200","LEAID":"2609570","NAME":"Cherokee Elementary School","OPSTFIPS":"26","STREET":"42900 RIVERGATE DR","CITY":"CLINTON TWP","STATE":"MI","ZIP":"48038","STFIP":"26","CNTY":"26099","NMCNTY":"Macomb County","LOCALE":"21","LAT":42.613734,"LON":-82.921132,"CBSA":"19820","NMCBSA":"Detroit-Warren-Dearborn, MI","CBSATYPE":"1","CSA":"220","NMCSA":"Detroit-Warren-Ann Arbor, MI","CD":"2610","SLDL":"26060","SLDU":"26011","SCHOOLYEAR":"2024-2025"}},{"type":"Feature","id":44172,"geometry":{"type":"Point","coordinates":[-82.90975699953351,42.64476100014271]},"properties":{"OBJECTID":44172,"NCESSCH":"260957000623","LEAID":"2609570","NAME":"Dakota High School","OPSTFIPS":"26","STREET":"21051 21 MILE RD","CITY":"MACOMB","STATE":"MI","ZIP":"48044","STFIP":"26","CNTY":"26099","NMCNTY":"Macomb County","LOCALE":"21","LAT":42.644761,"LON":-82.909757,"CBSA":"19820","NMCBSA":"Detroit-Warren-Dearborn, MI","CBSATYPE":"1","CSA":"220","NMCSA":"Detroit-Warren-Ann Arbor, MI","CD":"2609","SLDL":"26060","SLDU":"26011","SCHOOLYEAR":"2024-2025"}},{"type":"Feature","id":44173,"geometry":{"type":"Point","coordinates":[-82.91559999960732,42.647700000365134]},"properties":{"OBJECTID":44173,"NCESSCH":"260957001070","LEAID":"2609570","NAME":"Cheyenne Elementary School","OPSTFIPS":"26","STREET":"47600 HEYDENREICH RD","CITY":"MACOMB","STATE":"MI","ZIP":"48044","STFIP":"26","CNTY":"26099","NMCNTY":"Macomb County","LOCALE":"21","LAT":42.6477,"LON":-82.9156,"CBSA":"19820","NMCBSA":"Detroit-Warren-Dearborn, MI","CBSATYPE":"1","CSA":"220","NMCSA":"Detroit-Warren-Ann Arbor, MI","CD":"2609","SLDL":"26060","SLDU":"26011","SCHOOLYEAR":"2024-2025"}},{"type":"Feature","id":44174,"geometry":{"type":"Point","coordinates":[-82.90130000002512,42.66749999956332]},"properties":{"OBJECTID":44174,"NCESSCH":"260957001309","LEAID":"2609570","NAME":"Shawnee Elementary School","OPSTFIPS":"26","STREET":"21555 VESPER DR","CITY":"MACOMB","STATE":"MI","ZIP":"48044","STFIP":"26","CNTY":"26099","NMCNTY":"Macomb County","LOCALE":"21","LAT":42.6675,"LON":-82.9013,"CBSA":"19820","NMCBSA":"Detroit-Warren-Dearborn, MI","CBSATYPE":"1","CSA":"220","NMCSA":"Detroit-Warren-Ann Arbor, MI","CD":"2609","SLDL":"26060","SLDU":"26011","SCHOOLYEAR":"2024-2025"}},{"type":"Feature","id":44175,"geometry":{"type":"Point","coordinates":[-82.92700100056004,42.609080000002145]},"properties":{"OBJECTID":44175,"NCESSCH":"260957001803","LEAID":"2609570","NAME":"Chippewa Valley Adult and Mohegan Alt Educ","OPSTFIPS":"26","STREET":"19230 CASS AVE","CITY":"CLINTON TWP","STATE":"MI","ZIP":"48038","STFIP":"26","CNTY":"26099","NMCNTY":"Macomb County","LOCALE":"21","LAT":42.60908,"LON":-82.927001,"CBSA":"19820","NMCBSA":"Detroit-Warren-Dearborn, MI","CBSATYPE":"1","CSA":"220","NMCSA":"Detroit-Warren-Ann Arbor, MI","CD":"2610","SLDL":"26060","SLDU":"26011","SCHOOLYEAR":"2024-2025"}},{"type":"Feature","id":44176,"geometry":{"type":"Point","coordinates":[-82.947400000168,42.634200000391786]},"properties":{"OBJECTID":44176,"NCESSCH":"260957004453","LEAID":"2609570","NAME":"Fox Elementary School","OPSTFIPS":"26","STREET":"17500 MILLSTONE DR","CITY":"MACOMB","STATE":"MI","ZIP":"48044","STFIP":"26","CNTY":"26099","NMCNTY":"Macomb County","LOCALE":"21","LAT":42.6342,"LON":-82.9474,"CBSA":"19820","NMCBSA":"Detroit-Warren-Dearborn, MI","CBSATYPE":"1","CSA":"220","NMCSA":"Detroit-Warren-Ann Arbor, MI","CD":"2610","SLDL":"26060","SLDU":"26011","SCHOOLYEAR":"2024-2025"}},{"type":"Feature","id":44177,"geometry":{"type":"Point","coordinates":[-82.93860999939909,42.611895999913415]},"properties":{"OBJECTID":44177,"NCESSCH":"260957004454","LEAID":"2609570","NAME":"Chippewa Valley High School","OPSTFIPS":"26","STREET":"18300 19 MILE RD","CITY":"CLINTON TWP","STATE":"MI","ZIP":"48038","STFIP":"26","CNTY":"26099","NMCNTY":"Macomb County","LOCALE":"21","LAT":42.611896,"LON":-82.93861,"CBSA":"19820","NMCBSA":"Detroit-Warren-Dearborn, MI","CBSATYPE":"1","CSA":"220","NMCSA":"Detroit-Warren-Ann Arbor, MI","CD":"2610","SLDL":"26060","SLDU":"26011","SCHOOLYEAR":"2024-2025"}},{"type":"Feature","id":44178,"geometry":{"type":"Point","coordinates":[-82.89880000044526,42.58280000079486]},"properties":{"OBJECTID":44178,"NCESSCH":"260957004455","LEAID":"2609570","NAME":"Clinton Valley Elementary School","OPSTFIPS":"26","STREET":"1260 MULBERRY ST","CITY":"MOUNT CLEMENS","STATE":"MI","ZIP":"48043","STFIP":"26","CNTY":"26099","NMCNTY":"Macomb County","LOCALE":"21","LAT":42.5828,"LON":-82.8988,"CBSA":"19820","NMCBSA":"Detroit-Warren-Dearborn, MI","CBSATYPE":"1","CSA":"220","NMCSA":"Detroit-Warren-Ann Arbor, MI","CD":"2610","SLDL":"26061","SLDU":"26011","SCHOOLYEAR":"2024-2025"}},{"type":"Feature","id":44179,"geometry":{"type":"Point","coordinates":[-82.95019200071849,42.58747200003453]},"properties":{"OBJECTID":44179,"NCESSCH":"260957004456","LEAID":"2609570","NAME":"Wyandot Middle School","OPSTFIPS":"26","STREET":"39490 GARFIELD RD","CITY":"CLINTON TWP","STATE":"MI","ZIP":"48038","STFIP":"26","CNTY":"26099","NMCNTY":"Macomb County","LOCALE":"21","LAT":42.587472,"LON":-82.950192,"CBSA":"19820","NMCBSA":"Detroit-Warren-Dearborn, MI","CBSATYPE":"1","CSA":"220","NMCSA":"Detroit-Warren-Ann Arbor, MI","CD":"2610","SLDL":"26061","SLDU":"26011","SCHOOLYEAR":"2024-2025"}},{"type":"Feature","id":44180,"geometry":{"type":"Point","coordinates":[-82.93909999933645,42.65290000009529]},"properties":{"OBJECTID":44180,"NCESSCH":"260957004457","LEAID":"2609570","NAME":"Iroquois Middle School","OPSTFIPS":"26","STREET":"48301 ROMEO PLANK RD","CITY":"MACOMB","STATE":"MI","ZIP":"48044","STFIP":"26","CNTY":"26099","NMCNTY":"Macomb County","LOCALE":"21","LAT":42.6529,"LON":-82.9391,"CBSA":"19820","NMCBSA":"Detroit-Warren-Dearborn, MI","CBSATYPE":"1","CSA":"220","NMCSA":"Detroit-Warren-Ann Arbor, MI","CD":"2610","SLDL":"26060","SLDU":"26011","SCHOOLYEAR":"2024-2025"}},{"type":"Feature","id":44181,"geometry":{"type":"Point","coordinates":[-82.91509999997288,42.6424999994765]},"properties":{"OBJECTID":44181,"NCESSCH":"260957004458","LEAID":"2609570","NAME":"Ojibwa Elementary School","OPSTFIPS":"26","STREET":"46950 HEYDENREICH RD","CITY":"MACOMB","STATE":"MI","ZIP":"48044","STFIP":"26","CNTY":"26099","NMCNTY":"Macomb County","LOCALE":"21","LAT":42.6425,"LON":-82.9151,"CBSA":"19820","NMCBSA":"Detroit-Warren-Dearborn, MI","CBSATYPE":"1","CSA":"220","NMCSA":"Detroit-Warren-Ann Arbor, MI","CD":"2609","SLDL":"26060","SLDU":"26011","SCHOOLYEAR":"2024-2025"}},{"type":"Feature","id":44182,"geometry":{"type":"Point","coordinates":[-82.93004200018275,42.57307799951406]},"properties":{"OBJECTID":44182,"NCESSCH":"260957004459","LEAID":"2609570","NAME":"Ottawa Elementary School","OPSTFIPS":"26","STREET":"18601 MILLAR RD","CITY":"CLINTON TWP","STATE":"MI","ZIP":"48036","STFIP":"26","CNTY":"26099","NMCNTY":"Macomb County","LOCALE":"21","LAT":42.573078,"LON":-82.930042,"CBSA":"19820","NMCBSA":"Detroit-Warren-Dearborn, MI","CBSATYPE":"1","CSA":"220","NMCSA":"Detroit-Warren-Ann Arbor, MI","CD":"2610","SLDL":"26061","SLDU":"26011","SCHOOLYEAR":"2024-2025"}},{"type":"Feature","id":44183,"geometry":{"type":"Point","coordinates":[-82.92249599976245,42.57205300071266]},"properties":{"OBJECTID":44183,"NCESSCH":"260957004460","LEAID":"2609570","NAME":"Algonquin Middle School","OPSTFIPS":"26","STREET":"19150 BRIARWOOD LN","CITY":"CLINTON TWP","STATE":"MI","ZIP":"48036","STFIP":"26","CNTY":"26099","NMCNTY":"Macomb County","LOCALE":"21","LAT":42.572053,"LON":-82.922496,"CBSA":"19820","NMCBSA":"Detroit-Warren-Dearborn, MI","CBSATYPE":"1","CSA":"220","NMCSA":"Detroit-Warren-Ann Arbor, MI","CD":"2610","SLDL":"26061","SLDU":"26011","SCHOOLYEAR":"2024-2025"}},{"type":"Feature","id":44184,"geometry":{"type":"Point","coordinates":[-82.96442900046267,42.59133599999807]},"properties":{"OBJECTID":44184,"NCESSCH":"260957004461","LEAID":"2609570","NAME":"Huron Elementary School","OPSTFIPS":"26","STREET":"15800 TERRA BELLA ST","CITY":"CLINTON TWP","STATE":"MI","ZIP":"48038","STFIP":"26","CNTY":"26099","NMCNTY":"Macomb County","LOCALE":"21","LAT":42.591336,"LON":-82.964429,"CBSA":"19820","NMCBSA":"Detroit-Warren-Dearborn, MI","CBSATYPE":"1","CSA":"220","NMCSA":"Detroit-Warren-Ann Arbor, MI","CD":"2610","SLDL":"26061","SLDU":"26011","SCHOOLYEAR":"2024-2025"}},{"type":"Feature","id":44185,"geometry":{"type":"Point","coordinates":[-82.95959099983935,42.60074999989741]},"properties":{"OBJECTID":44185,"NCESSCH":"260957004462","LEAID":"2609570","NAME":"Miami Elementary School","OPSTFIPS":"26","STREET":"41290 KENTVALE DR","CITY":"CLINTON TWP","STATE":"MI","ZIP":"48038","STFIP":"26","CNTY":"26099","NMCNTY":"Macomb County","LOCALE":"21","LAT":42.60075,"LON":-82.959591,"CBSA":"19820","NMCBSA":"Detroit-Warren-Dearborn, MI","CBSATYPE":"1","CSA":"220","NMCSA":"Detroit-Warren-Ann Arbor, MI","CD":"2610","SLDL":"26060","SLDU":"26011","SCHOOLYEAR":"2024-2025"}},{"type":"Feature","id":44186,"geometry":{"type":"Point","coordinates":[-82.9388000000775,42.65109999979422]},"properties":{"OBJECTID":44186,"NCESSCH":"260957007450","LEAID":"2609570","NAME":"Mohawk Elementary School","OPSTFIPS":"26","STREET":"48101 ROMEO PLANK RD","CITY":"MACOMB","STATE":"MI","ZIP":"48044","STFIP":"26","CNTY":"26099","NMCNTY":"Macomb County","LOCALE":"21","LAT":42.6511,"LON":-82.9388,"CBSA":"19820","NMCBSA":"Detroit-Warren-Dearborn, MI","CBSATYPE":"1","CSA":"220","NMCSA":"Detroit-Warren-Ann Arbor, MI","CD":"2610","SLDL":"26060","SLDU":"26011","SCHOOLYEAR":"2024-2025"}},{"type":"Feature","id":44187,"geometry":{"type":"Point","coordinates":[-82.94030000031626,42.681099999986245]},"properties":{"OBJECTID":44187,"NCESSCH":"260957007482","LEAID":"2609570","NAME":"Sequoyah Elementary School","OPSTFIPS":"26","STREET":"18500 24 MILE RD","CITY":"MACOMB","STATE":"MI","ZIP":"48042","STFIP":"26","CNTY":"26099","NMCNTY":"Macomb County","LOCALE":"21","LAT":42.6811,"LON":-82.9403,"CBSA":"19820","NMCBSA":"Detroit-Warren-Dearborn, MI","CBSATYPE":"1","CSA":"220","NMCSA":"Detroit-Warren-Ann Arbor, MI","CD":"2609","SLDL":"26059","SLDU":"26024","SCHOOLYEAR":"2024-2025"}},{"type":"Feature","id":44188,"geometry":{"type":"Point","coordinates":[-82.9309899997451,42.608592999715846]},"properties":{"OBJECTID":44188,"NCESSCH":"260957007514","LEAID":"2609570","NAME":"Erie Elementary School","OPSTFIPS":"26","STREET":"42276 ROMEO PLANK RD","CITY":"CLINTON TWP","STATE":"MI","ZIP":"48038","STFIP":"26","CNTY":"26099","NMCNTY":"Macomb County","LOCALE":"21","LAT":42.608593,"LON":-82.93099,"CBSA":"19820","NMCBSA":"Detroit-Warren-Dearborn, MI","CBSATYPE":"1","CSA":"220","NMCSA":"Detroit-Warren-Ann Arbor, MI","CD":"2610","SLDL":"26060","SLDU":"26011","SCHOOLYEAR":"2024-2025"}},{"type":"Feature","id":44189,"geometry":{"type":"Point","coordinates":[-82.93430000004291,42.61160000007821]},"properties":{"OBJECTID":44189,"NCESSCH":"260957007865","LEAID":"2609570","NAME":"International Academy of Macomb","OPSTFIPS":"26","STREET":"42755 ROMEO PLANK RD","CITY":"CLINTON TWP","STATE":"MI","ZIP":"48038","STFIP":"26","CNTY":"26099","NMCNTY":"Macomb County","LOCALE":"21","LAT":42.6116,"LON":-82.9343,"CBSA":"19820","NMCBSA":"Detroit-Warren-Dearborn, MI","CBSATYPE":"1","CSA":"220","NMCSA":"Detroit-Warren-Ann Arbor, MI","CD":"2610","SLDL":"26060","SLDU":"26011","SCHOOLYEAR":"2024-2025"}},{"type":"Feature","id":44195,"geometry":{"type":"Point","coordinates":[-83.32550000082088,42.43189999971395]},"properties":{"OBJECTID":44195,"NCESSCH":"260984004467","LEAID":"2609840","NAME":"Botsford Elementary School","OPSTFIPS":"26","STREET":"19515 LATHERS ST","CITY":"LIVONIA","STATE":"MI","ZIP":"48152","STFIP":"26","CNTY":"26163","NMCNTY":"Wayne County","LOCALE":"13","LAT":42.4319,"LON":-83.3255,"CBSA":"19820","NMCBSA":"Detroit-Warren-Dearborn, MI","CBSATYPE":"1","CSA":"220","NMCSA":"Detroit-Warren-Ann Arbor, MI","CD":"2612","SLDL":"26017","SLDU":"26006","SCHOOLYEAR":"2024-2025"}},{"type":"Feature","id":44196,"geometry":{"type":"Point","coordinates":[-83.33589999942805,42.43639999998007]},"properties":{"OBJECTID":44196,"NCESSCH":"260984004468","LEAID":"2609840","NAME":"Clarenceville Middle School","OPSTFIPS":"26","STREET":"20210 MIDDLEBELT RD","CITY":"LIVONIA","STATE":"MI","ZIP":"48152","STFIP":"26","CNTY":"26163","NMCNTY":"Wayne County","LOCALE":"13","LAT":42.4364,"LON":-83.3359,"CBSA":"19820","NMCBSA":"Detroit-Warren-Dearborn, MI","CBSATYPE":"1","CSA":"220","NMCSA":"Detroit-Warren-Ann Arbor, MI","CD":"2612","SLDL":"26017","SLDU":"26006","SCHOOLYEAR":"2024-2025"}},{"type":"Feature","id":44197,"geometry":{"type":"Point","coordinates":[-83.33739999980541,42.43549999974565]},"properties":{"OBJECTID":44197,"NCESSCH":"260984004469","LEAID":"2609840","NAME":"Clarenceville High School","OPSTFIPS":"26","STREET":"20155 MIDDLEBELT RD","CITY":"LIVONIA","STATE":"MI","ZIP":"48152","STFIP":"26","CNTY":"26163","NMCNTY":"Wayne County","LOCALE":"13","LAT":42.4355,"LON":-83.3374,"CBSA":"19820","NMCBSA":"Detroit-Warren-Dearborn, MI","CBSATYPE":"1","CSA":"220","NMCSA":"Detroit-Warren-Ann Arbor, MI","CD":"2612","SLDL":"26017","SLDU":"26006","SCHOOLYEAR":"2024-2025"}},{"type":"Feature","id":44198,"geometry":{"type":"Point","coordinates":[-83.34009999959721,42.43509999953859]},"properties":{"OBJECTID":44198,"NCESSCH":"260984004470","LEAID":"2609840","NAME":"Grandview Elementary School","OPSTFIPS":"26","STREET":"19814 LOUISE ST","CITY":"LIVONIA","STATE":"MI","ZIP":"48152","STFIP":"26","CNTY":"26163","NMCNTY":"Wayne County","LOCALE":"13","LAT":42.4351,"LON":-83.3401,"CBSA":"19820","NMCBSA":"Detroit-Warren-Dearborn, MI","CBSATYPE":"1","CSA":"220","NMCSA":"Detroit-Warren-Ann Arbor, MI","CD":"2612","SLDL":"26017","SLDU":"26006","SCHOOLYEAR":"2024-2025"}},{"type":"Feature","id":44199,"geometry":{"type":"Point","coordinates":[-83.46039999965201,42.75749999989909]},"properties":{"OBJECTID":44199,"NCESSCH":"260990000233","LEAID":"2609900","NAME":"Springfield Plains Elem School","OPSTFIPS":"26","STREET":"8650 HOLCOMB RD","CITY":"CLARKSTON","STATE":"MI","ZIP":"48348","STFIP":"26","CNTY":"26125","NMCNTY":"Oakland County","LOCALE":"21","LAT":42.7575,"LON":-83.4604,"CBSA":"19820","NMCBSA":"Detroit-Warren-Dearborn, MI","CBSATYPE":"1","CSA":"220","NMCSA":"Detroit-Warren-Ann Arbor, MI","CD":"2609","SLDL":"26052","SLDU":"26023","SCHOOLYEAR":"2024-2025"}},{"type":"Feature","id":44200,"geometry":{"type":"Point","coordinates":[-83.40626700019962,42.738364000335004]},"properties":{"OBJECTID":44200,"NCESSCH":"260990000678","LEAID":"2609900","NAME":"Student Support Services","OPSTFIPS":"26","STREET":"6389 CLARKSTON RD","CITY":"CLARKSTON","STATE":"MI","ZIP":"48346","STFIP":"26","CNTY":"26125","NMCNTY":"Oakland County","LOCALE":"21","LAT":42.738364,"LON":-83.406267,"CBSA":"19820","NMCBSA":"Detroit-Warren-Dearborn, MI","CBSATYPE":"1","CSA":"220","NMCSA":"Detroit-Warren-Ann Arbor, MI","CD":"2609","SLDL":"26052","SLDU":"26023","SCHOOLYEAR":"2024-2025"}},{"type":"Feature","id":44201,"geometry":{"type":"Point","coordinates":[-83.42349999980439,42.762800000715245]},"properties":{"OBJECTID":44201,"NCESSCH":"260990001160","LEAID":"2609900","NAME":"Independence Elementary School","OPSTFIPS":"26","STREET":"6850 HUBBARD RD","CITY":"CLARKSTON","STATE":"MI","ZIP":"48348","STFIP":"26","CNTY":"26125","NMCNTY":"Oakland County","LOCALE":"41","LAT":42.7628,"LON":-83.4235,"CBSA":"19820","NMCBSA":"Detroit-Warren-Dearborn, MI","CBSATYPE":"1","CSA":"220","NMCSA":"Detroit-Warren-Ann Arbor, MI","CD":"2609","SLDL":"26052","SLDU":"26023","SCHOOLYEAR":"2024-2025"}},{"type":"Feature","id":44202,"geometry":{"type":"Point","coordinates":[-83.41189999950207,42.73380000025014]},"properties":{"OBJECTID":44202,"NCESSCH":"260990001554","LEAID":"2609900","NAME":"Renaissance Alternative High School","OPSTFIPS":"26","STREET":"6558 WALDON RD","CITY":"CLARKSTON","STATE":"MI","ZIP":"48346","STFIP":"26","CNTY":"26125","NMCNTY":"Oakland County","LOCALE":"21","LAT":42.7338,"LON":-83.4119,"CBSA":"19820","NMCBSA":"Detroit-Warren-Dearborn, MI","CBSATYPE":"1","CSA":"220","NMCSA":"Detroit-Warren-Ann Arbor, MI","CD":"2609","SLDL":"26052","SLDU":"26023","SCHOOLYEAR":"2024-2025"}},{"type":"Feature","id":44203,"geometry":{"type":"Point","coordinates":[-83.49300000022784,42.731599999710106]},"properties":{"OBJECTID":44203,"NCESSCH":"260990004471","LEAID":"2609900","NAME":"Andersonville Elementary School","OPSTFIPS":"26","STREET":"10350 ANDERSONVILLE RD","CITY":"DAVISBURG","STATE":"MI","ZIP":"48350","STFIP":"26","CNTY":"26125","NMCNTY":"Oakland County","LOCALE":"41","LAT":42.7316,"LON":-83.493,"CBSA":"19820","NMCBSA":"Detroit-Warren-Dearborn, MI","CBSATYPE":"1","CSA":"220","NMCSA":"Detroit-Warren-Ann Arbor, MI","CD":"2609","SLDL":"26052","SLDU":"26023","SCHOOLYEAR":"2024-2025"}},{"type":"Feature","id":44204,"geometry":{"type":"Point","coordinates":[-83.37189999937375,42.75690000032852]},"properties":{"OBJECTID":44204,"NCESSCH":"260990004472","LEAID":"2609900","NAME":"Bailey Lake Elementary School","OPSTFIPS":"26","STREET":"8051 PINE KNOB RD","CITY":"CLARKSTON","STATE":"MI","ZIP":"48348","STFIP":"26","CNTY":"26125","NMCNTY":"Oakland County","LOCALE":"41","LAT":42.7569,"LON":-83.3719,"CBSA":"19820","NMCBSA":"Detroit-Warren-Dearborn, MI","CBSATYPE":"1","CSA":"220","NMCSA":"Detroit-Warren-Ann Arbor, MI","CD":"2609","SLDL":"26052","SLDU":"26023","SCHOOLYEAR":"2024-2025"}},{"type":"Feature","id":44205,"geometry":{"type":"Point","coordinates":[-83.41120000011726,42.73199999997179]},"properties":{"OBJECTID":44205,"NCESSCH":"260990004473","LEAID":"2609900","NAME":"Clarkston Elementary School","OPSTFIPS":"26","STREET":"6589 WALDON RD","CITY":"CLARKSTON","STATE":"MI","ZIP":"48346","STFIP":"26","CNTY":"26125","NMCNTY":"Oakland County","LOCALE":"21","LAT":42.732,"LON":-83.4112,"CBSA":"19820","NMCBSA":"Detroit-Warren-Dearborn, MI","CBSATYPE":"1","CSA":"220","NMCSA":"Detroit-Warren-Ann Arbor, MI","CD":"2609","SLDL":"26052","SLDU":"26023","SCHOOLYEAR":"2024-2025"}},{"type":"Feature","id":44206,"geometry":{"type":"Point","coordinates":[-83.41139999979265,42.72790000024586]},"properties":{"OBJECTID":44206,"NCESSCH":"260990004474","LEAID":"2609900","NAME":"Clarkston Junior High School","OPSTFIPS":"26","STREET":"6595 WALDON RD","CITY":"CLARKSTON","STATE":"MI","ZIP":"48346","STFIP":"26","CNTY":"26125","NMCNTY":"Oakland County","LOCALE":"21","LAT":42.7279,"LON":-83.4114,"CBSA":"19820","NMCBSA":"Detroit-Warren-Dearborn, MI","CBSATYPE":"1","CSA":"220","NMCSA":"Detroit-Warren-Ann Arbor, MI","CD":"2609","SLDL":"26052","SLDU":"26023","SCHOOLYEAR":"2024-2025"}},{"type":"Feature","id":44207,"geometry":{"type":"Point","coordinates":[-83.39330000028995,42.739200000144564]},"properties":{"OBJECTID":44207,"NCESSCH":"260990004475","LEAID":"2609900","NAME":"Clarkston High School","OPSTFIPS":"26","STREET":"6093 FLEMINGS LAKE RD","CITY":"CLARKSTON","STATE":"MI","ZIP":"48346","STFIP":"26","CNTY":"26125","NMCNTY":"Oakland County","LOCALE":"21","LAT":42.7392,"LON":-83.3933,"CBSA":"19820","NMCBSA":"Detroit-Warren-Dearborn, MI","CBSATYPE":"1","CSA":"220","NMCSA":"Detroit-Warren-Ann Arbor, MI","CD":"2609","SLDL":"26052","SLDU":"26023","SCHOOLYEAR":"2024-2025"}},{"type":"Feature","id":44208,"geometry":{"type":"Point","coordinates":[-83.37750000014059,42.725499999560945]},"properties":{"OBJECTID":44208,"NCESSCH":"260990004476","LEAID":"2609900","NAME":"Pine Knob Elementary School","OPSTFIPS":"26","STREET":"6020 SASHABAW RD","CITY":"CLARKSTON","STATE":"MI","ZIP":"48346","STFIP":"26","CNTY":"26125","NMCNTY":"Oakland County","LOCALE":"21","LAT":42.7255,"LON":-83.3775,"CBSA":"19820","NMCBSA":"Detroit-Warren-Dearborn, MI","CBSATYPE":"1","CSA":"220","NMCSA":"Detroit-Warren-Ann Arbor, MI","CD":"2609","SLDL":"26052","SLDU":"26023","SCHOOLYEAR":"2024-2025"}},{"type":"Feature","id":44209,"geometry":{"type":"Point","coordinates":[-83.36099999955735,42.7200999994611]},"properties":{"OBJECTID":44209,"NCESSCH":"260990004478","LEAID":"2609900","NAME":"North Sashabaw Elementary School","OPSTFIPS":"26","STREET":"5290 MAYBEE RD","CITY":"CLARKSTON","STATE":"MI","ZIP":"48346","STFIP":"26","CNTY":"26125","NMCNTY":"Oakland County","LOCALE":"21","LAT":42.7201,"LON":-83.361,"CBSA":"19820","NMCBSA":"Detroit-Warren-Dearborn, MI","CBSATYPE":"1","CSA":"220","NMCSA":"Detroit-Warren-Ann Arbor, MI","CD":"2609","SLDL":"26052","SLDU":"26023","SCHOOLYEAR":"2024-2025"}},{"type":"Feature","id":44210,"geometry":{"type":"Point","coordinates":[-83.3609360007367,42.722217999834335]},"properties":{"OBJECTID":44210,"NCESSCH":"260990004479","LEAID":"2609900","NAME":"Sashabaw Middle School","OPSTFIPS":"26","STREET":"5565 PINE KNOB RD","CITY":"CLARKSTON","STATE":"MI","ZIP":"48346","STFIP":"26","CNTY":"26125","NMCNTY":"Oakland County","LOCALE":"21","LAT":42.722218,"LON":-83.360936,"CBSA":"19820","NMCBSA":"Detroit-Warren-Dearborn, MI","CBSATYPE":"1","CSA":"220","NMCSA":"Detroit-Warren-Ann Arbor, MI","CD":"2609","SLDL":"26052","SLDU":"26023","SCHOOLYEAR":"2024-2025"}},{"type":"Feature","id":44211,"geometry":{"type":"Point","coordinates":[-83.41478299937448,42.73364900007617]},"properties":{"OBJECTID":44211,"NCESSCH":"260990008777","LEAID":"2609900","NAME":"Renaissance Virtual School","OPSTFIPS":"26","STREET":"6558 WALDON RD","CITY":"CLARKSTON","STATE":"MI","ZIP":"48346","STFIP":"26","CNTY":"26125","NMCNTY":"Oakland County","LOCALE":"21","LAT":42.733649,"LON":-83.414783,"CBSA":"19820","NMCBSA":"Detroit-Warren-Dearborn, MI","CBSATYPE":"1","CSA":"220","NMCSA":"Detroit-Warren-Ann Arbor, MI","CD":"2609","SLDL":"26052","SLDU":"26023","SCHOOLYEAR":"2024-2025"}},{"type":"Feature","id":44212,"geometry":{"type":"Point","coordinates":[-83.29083299936238,42.63881599981902]},"properties":{"OBJECTID":44212,"NCESSCH":"260990009063","LEAID":"2609900","NAME":"Clarkston Project Search","OPSTFIPS":"26","STREET":"50 N PERRY ST","CITY":"PONTIAC","STATE":"MI","ZIP":"48342","STFIP":"26","CNTY":"26125","NMCNTY":"Oakland County","LOCALE":"13","LAT":42.638816,"LON":-83.290833,"CBSA":"19820","NMCBSA":"Detroit-Warren-Dearborn, MI","CBSATYPE":"1","CSA":"220","NMCSA":"Detroit-Warren-Ann Arbor, MI","CD":"2611","SLDL":"26053","SLDU":"26007","SCHOOLYEAR":"2024-2025"}},{"type":"Feature","id":44213,"geometry":{"type":"Point","coordinates":[-83.14839999995972,42.53549999990179]},"properties":{"OBJECTID":44213,"NCESSCH":"260993004481","LEAID":"2609930","NAME":"Clawson High School","OPSTFIPS":"26","STREET":"101 JOHN M AVE","CITY":"CLAWSON","STATE":"MI","ZIP":"48017","STFIP":"26","CNTY":"26125","NMCNTY":"Oakland County","LOCALE":"21","LAT":42.5355,"LON":-83.1484,"CBSA":"19820","NMCBSA":"Detroit-Warren-Dearborn, MI","CBSATYPE":"1","CSA":"220","NMCSA":"Detroit-Warren-Ann Arbor, MI","CD":"2611","SLDL":"26056","SLDU":"26008","SCHOOLYEAR":"2024-2025"}},{"type":"Feature","id":44214,"geometry":{"type":"Point","coordinates":[-83.14920000031665,42.53670000007243]},"properties":{"OBJECTID":44214,"NCESSCH":"260993004482","LEAID":"2609930","NAME":"Clawson Middle School","OPSTFIPS":"26","STREET":"150 JOHN M AVE","CITY":"CLAWSON","STATE":"MI","ZIP":"48017","STFIP":"26","CNTY":"26125","NMCNTY":"Oakland County","LOCALE":"21","LAT":42.5367,"LON":-83.1492,"CBSA":"19820","NMCBSA":"Detroit-Warren-Dearborn, MI","CBSATYPE":"1","CSA":"220","NMCSA":"Detroit-Warren-Ann Arbor, MI","CD":"2611","SLDL":"26056","SLDU":"26008","SCHOOLYEAR":"2024-2025"}},{"type":"Feature","id":44215,"geometry":{"type":"Point","coordinates":[-83.15420000031921,42.53089999979969]},"properties":{"OBJECTID":44215,"NCESSCH":"260993004483","LEAID":"2609930","NAME":"Kenwood Elementary School","OPSTFIPS":"26","STREET":"240 NAHMA AVE","CITY":"CLAWSON","STATE":"MI","ZIP":"48017","STFIP":"26","CNTY":"26125","NMCNTY":"Oakland County","LOCALE":"21","LAT":42.5309,"LON":-83.1542,"CBSA":"19820","NMCBSA":"Detroit-Warren-Dearborn, MI","CBSATYPE":"1","CSA":"220","NMCSA":"Detroit-Warren-Ann Arbor, MI","CD":"2611","SLDL":"26056","SLDU":"26008","SCHOOLYEAR":"2024-2025"}},{"type":"Feature","id":44216,"geometry":{"type":"Point","coordinates":[-83.14905100030948,42.53711900015369]},"properties":{"OBJECTID":44216,"NCESSCH":"260993004484","LEAID":"2609930","NAME":"Clawson Elementary School","OPSTFIPS":"26","STREET":"101 PHILLIPS AVE","CITY":"CLAWSON","STATE":"MI","ZIP":"48017","STFIP":"26","CNTY":"26125","NMCNTY":"Oakland County","LOCALE":"21","LAT":42.537119,"LON":-83.149051,"CBSA":"19820","NMCBSA":"Detroit-Warren-Dearborn, MI","CBSATYPE":"1","CSA":"220","NMCSA":"Detroit-Warren-Ann Arbor, MI","CD":"2611","SLDL":"26056","SLDU":"26008","SCHOOLYEAR":"2024-2025"}},{"type":"Feature","id":44220,"geometry":{"type":"Point","coordinates":[-83.96669999954615,42.069900000266074]},"properties":{"OBJECTID":44220,"NCESSCH":"261005004488","LEAID":"2610050","NAME":"Clinton Elementary School","OPSTFIPS":"26","STREET":"200 E FRANKLIN ST","CITY":"CLINTON","STATE":"MI","ZIP":"49236","STFIP":"26","CNTY":"26091","NMCNTY":"Lenawee County","LOCALE":"41","LAT":42.0699,"LON":-83.9667,"CBSA":"10300","NMCBSA":"Adrian, MI","CBSATYPE":"2","CSA":"220","NMCSA":"Detroit-Warren-Ann Arbor, MI","CD":"2605","SLDL":"26034","SLDU":"26015","SCHOOLYEAR":"2024-2025"}},{"type":"Feature","id":44221,"geometry":{"type":"Point","coordinates":[-83.9689000002252,42.070000000171675]},"properties":{"OBJECTID":44221,"NCESSCH":"261005004489","LEAID":"2610050","NAME":"Clinton Middle School","OPSTFIPS":"26","STREET":"100 E FRANKLIN ST","CITY":"CLINTON","STATE":"MI","ZIP":"49236","STFIP":"26","CNTY":"26091","NMCNTY":"Lenawee County","LOCALE":"41","LAT":42.07,"LON":-83.9689,"CBSA":"10300","NMCBSA":"Adrian, MI","CBSATYPE":"2","CSA":"220","NMCSA":"Detroit-Warren-Ann Arbor, MI","CD":"2605","SLDL":"26034","SLDU":"26015","SCHOOLYEAR":"2024-2025"}},{"type":"Feature","id":44222,"geometry":{"type":"Point","coordinates":[-83.96299999981412,42.07419999921504]},"properties":{"OBJECTID":44222,"NCESSCH":"261005004490","LEAID":"2610050","NAME":"Clinton High School","OPSTFIPS":"26","STREET":"340 E MICHIGAN AVE","CITY":"CLINTON","STATE":"MI","ZIP":"49236","STFIP":"26","CNTY":"26091","NMCNTY":"Lenawee County","LOCALE":"42","LAT":42.0742,"LON":-83.963,"CBSA":"10300","NMCBSA":"Adrian, MI","CBSATYPE":"2","CSA":"220","NMCSA":"Detroit-Warren-Ann Arbor, MI","CD":"2605","SLDL":"26034","SLDU":"26015","SCHOOLYEAR":"2024-2025"}},{"type":"Feature","id":44223,"geometry":{"type":"Point","coordinates":[-83.96502499949406,42.07489000023386]},"properties":{"OBJECTID":44223,"NCESSCH":"261005008437","LEAID":"2610050","NAME":"DPP School of Early Learning","OPSTFIPS":"26","STREET":"330 E MICHIGAN AVE","CITY":"CLINTON","STATE":"MI","ZIP":"49236","STFIP":"26","CNTY":"26091","NMCNTY":"Lenawee County","LOCALE":"42","LAT":42.07489,"LON":-83.965025,"CBSA":"10300","NMCBSA":"Adrian, MI","CBSATYPE":"2","CSA":"220","NMCSA":"Detroit-Warren-Ann Arbor, MI","CD":"2605","SLDL":"26034","SLDU":"26015","SCHOOLYEAR":"2024-2025"}},{"type":"Feature","id":44224,"geometry":{"type":"Point","coordinates":[-83.96299999981412,42.07419999921504]},"properties":{"OBJECTID":44224,"NCESSCH":"261005008502","LEAID":"2610050","NAME":"Clinton Virtual JrSr High School","OPSTFIPS":"26","STREET":"340 E MICHIGAN AVE","CITY":"CLINTON","STATE":"MI","ZIP":"49236","STFIP":"26","CNTY":"26091","NMCNTY":"Lenawee County","LOCALE":"42","LAT":42.0742,"LON":-83.963,"CBSA":"10300","NMCBSA":"Adrian, MI","CBSATYPE":"2","CSA":"220","NMCSA":"Detroit-Warren-Ann Arbor, MI","CD":"2605","SLDL":"26034","SLDU":"26015","SCHOOLYEAR":"2024-2025"}},{"type":"Feature","id":44225,"geometry":{"type":"Point","coordinates":[-82.90984899936771,42.555768000479546]},"properties":{"OBJECTID":44225,"NCESSCH":"261008001881","LEAID":"2610080","NAME":"iCampus Virtual Learning School","OPSTFIPS":"26","STREET":"35300 LITTLE MACK AVE","CITY":"CLINTON TWP","STATE":"MI","ZIP":"48035","STFIP":"26","CNTY":"26099","NMCNTY":"Macomb County","LOCALE":"21","LAT":42.555768,"LON":-82.909849,"CBSA":"19820","NMCBSA":"Detroit-Warren-Dearborn, MI","CBSATYPE":"1","CSA":"220","NMCSA":"Detroit-Warren-Ann Arbor, MI","CD":"2610","SLDL":"26061","SLDU":"26011","SCHOOLYEAR":"2024-2025"}},{"type":"Feature","id":44226,"geometry":{"type":"Point","coordinates":[-82.9086000000683,42.55669999970646]},"properties":{"OBJECTID":44226,"NCESSCH":"261008004491","LEAID":"2610080","NAME":"Clintondale High School","OPSTFIPS":"26","STREET":"35200 LITTLE MACK AVE","CITY":"CLINTON TOWNSHIP","STATE":"MI","ZIP":"48035","STFIP":"26","CNTY":"26099","NMCNTY":"Macomb County","LOCALE":"21","LAT":42.5567,"LON":-82.9086,"CBSA":"19820","NMCBSA":"Detroit-Warren-Dearborn, MI","CBSATYPE":"1","CSA":"220","NMCSA":"Detroit-Warren-Ann Arbor, MI","CD":"2610","SLDL":"26061","SLDU":"26011","SCHOOLYEAR":"2024-2025"}},{"type":"Feature","id":44227,"geometry":{"type":"Point","coordinates":[-82.9023999997081,42.56270000007455]},"properties":{"OBJECTID":44227,"NCESSCH":"261008004493","LEAID":"2610080","NAME":"Charles C McGlinnen School","OPSTFIPS":"26","STREET":"21415 SUNNYVIEW ST","CITY":"CLINTON TOWNSHIP","STATE":"MI","ZIP":"48035","STFIP":"26","CNTY":"26099","NMCNTY":"Macomb County","LOCALE":"21","LAT":42.5627,"LON":-82.9024,"CBSA":"19820","NMCBSA":"Detroit-Warren-Dearborn, MI","CBSATYPE":"1","CSA":"220","NMCSA":"Detroit-Warren-Ann Arbor, MI","CD":"2610","SLDL":"26061","SLDU":"26011","SCHOOLYEAR":"2024-2025"}},{"type":"Feature","id":44228,"geometry":{"type":"Point","coordinates":[-82.90929999940346,42.557999999900304]},"properties":{"OBJECTID":44228,"NCESSCH":"261008004494","LEAID":"2610080","NAME":"Clintondale Middle School","OPSTFIPS":"26","STREET":"35300 LITTLE MACK AVE","CITY":"CLINTON TOWNSHIP","STATE":"MI","ZIP":"48035","STFIP":"26","CNTY":"26099","NMCNTY":"Macomb County","LOCALE":"21","LAT":42.558,"LON":-82.9093,"CBSA":"19820","NMCBSA":"Detroit-Warren-Dearborn, MI","CBSATYPE":"1","CSA":"220","NMCSA":"Detroit-Warren-Ann Arbor, MI","CD":"2610","SLDL":"26061","SLDU":"26011","SCHOOLYEAR":"2024-2025"}},{"type":"Feature","id":44229,"geometry":{"type":"Point","coordinates":[-82.91470000088361,42.54510000035654]},"properties":{"OBJECTID":44229,"NCESSCH":"261008004495","LEAID":"2610080","NAME":"Rainbow Elementary School","OPSTFIPS":"26","STREET":"33749 WURFEL ST","CITY":"CLINTON TOWNSHIP","STATE":"MI","ZIP":"48035","STFIP":"26","CNTY":"26099","NMCNTY":"Macomb County","LOCALE":"21","LAT":42.5451,"LON":-82.9147,"CBSA":"19820","NMCBSA":"Detroit-Warren-Dearborn, MI","CBSATYPE":"1","CSA":"220","NMCSA":"Detroit-Warren-Ann Arbor, MI","CD":"2610","SLDL":"26062","SLDU":"26011","SCHOOLYEAR":"2024-2025"}},{"type":"Feature","id":44230,"geometry":{"type":"Point","coordinates":[-82.89359600067168,42.54829299997788]},"properties":{"OBJECTID":44230,"NCESSCH":"261008004496","LEAID":"2610080","NAME":"Robbie Hall Parker School","OPSTFIPS":"26","STREET":"22055 QUINN RD","CITY":"CLINTON TOWNSHIP","STATE":"MI","ZIP":"48035","STFIP":"26","CNTY":"26099","NMCNTY":"Macomb County","LOCALE":"21","LAT":42.548293,"LON":-82.893596,"CBSA":"19820","NMCBSA":"Detroit-Warren-Dearborn, MI","CBSATYPE":"1","CSA":"220","NMCSA":"Detroit-Warren-Ann Arbor, MI","CD":"2610","SLDL":"26062","SLDU":"26012","SCHOOLYEAR":"2024-2025"}},{"type":"Feature","id":44231,"geometry":{"type":"Point","coordinates":[-82.91470000088361,42.54510000035654]},"properties":{"OBJECTID":44231,"NCESSCH":"261008009079","LEAID":"2610080","NAME":"Rainbow Early Childhood Center","OPSTFIPS":"26","STREET":"33749 WURFEL ST","CITY":"CLINTON TWP","STATE":"MI","ZIP":"48035","STFIP":"26","CNTY":"26099","NMCNTY":"Macomb County","LOCALE":"21","LAT":42.5451,"LON":-82.9147,"CBSA":"19820","NMCBSA":"Detroit-Warren-Dearborn, MI","CBSATYPE":"1","CSA":"220","NMCSA":"Detroit-Warren-Ann Arbor, MI","CD":"2610","SLDL":"26062","SLDU":"26011","SCHOOLYEAR":"2024-2025"}},{"type":"Feature","id":44279,"geometry":{"type":"Point","coordinates":[-84.11309999970715,42.98320000010363]},"properties":{"OBJECTID":44279,"NCESSCH":"261086004549","LEAID":"2610860","NAME":"Corunna Middle School","OPSTFIPS":"26","STREET":"400 N COMSTOCK ST","CITY":"CORUNNA","STATE":"MI","ZIP":"48817","STFIP":"26","CNTY":"26155","NMCNTY":"Shiawassee County","LOCALE":"32","LAT":42.9832,"LON":-84.1131,"CBSA":"37020","NMCBSA":"Owosso, MI","CBSATYPE":"2","CSA":"330","NMCSA":"Lansing-East Lansing-Owosso, MI","CD":"2607","SLDL":"26071","SLDU":"26028","SCHOOLYEAR":"2024-2025"}},{"type":"Feature","id":44280,"geometry":{"type":"Point","coordinates":[-84.12699999962594,42.979699999769544]},"properties":{"OBJECTID":44280,"NCESSCH":"261086004550","LEAID":"2610860","NAME":"Elsa Meyer Elementary School","OPSTFIPS":"26","STREET":"100 HASTINGS ST","CITY":"CORUNNA","STATE":"MI","ZIP":"48817","STFIP":"26","CNTY":"26155","NMCNTY":"Shiawassee County","LOCALE":"32","LAT":42.9797,"LON":-84.127,"CBSA":"37020","NMCBSA":"Owosso, MI","CBSATYPE":"2","CSA":"330","NMCSA":"Lansing-East Lansing-Owosso, MI","CD":"2607","SLDL":"26071","SLDU":"26028","SCHOOLYEAR":"2024-2025"}},{"type":"Feature","id":44281,"geometry":{"type":"Point","coordinates":[-84.1129999998717,42.9851999994533]},"properties":{"OBJECTID":44281,"NCESSCH":"261086004554","LEAID":"2610860","NAME":"Corunna High School","OPSTFIPS":"26","STREET":"417 E KING ST","CITY":"CORUNNA","STATE":"MI","ZIP":"48817","STFIP":"26","CNTY":"26155","NMCNTY":"Shiawassee County","LOCALE":"32","LAT":42.9852,"LON":-84.113,"CBSA":"37020","NMCBSA":"Owosso, MI","CBSATYPE":"2","CSA":"330","NMCSA":"Lansing-East Lansing-Owosso, MI","CD":"2607","SLDL":"26071","SLDU":"26028","SCHOOLYEAR":"2024-2025"}},{"type":"Feature","id":44298,"geometry":{"type":"Point","coordinates":[-83.50189999988491,43.02460000014728]},"properties":{"OBJECTID":44298,"NCESSCH":"261143000135","LEAID":"2611430","NAME":"Davison Alternative Education","OPSTFIPS":"26","STREET":"1250 N OAK RD","CITY":"DAVISON","STATE":"MI","ZIP":"48423","STFIP":"26","CNTY":"26049","NMCNTY":"Genesee County","LOCALE":"21","LAT":43.0246,"LON":-83.5019,"CBSA":"22420","NMCBSA":"Flint, MI","CBSATYPE":"1","CSA":"220","NMCSA":"Detroit-Warren-Ann Arbor, MI","CD":"2608","SLDL":"26068","SLDU":"26026","SCHOOLYEAR":"2024-2025"}},{"type":"Feature","id":44299,"geometry":{"type":"Point","coordinates":[-83.52230000027575,43.0257000002811]},"properties":{"OBJECTID":44299,"NCESSCH":"261143001055","LEAID":"2611430","NAME":"Hahn Intermediate School","OPSTFIPS":"26","STREET":"500 S DAYTON ST","CITY":"DAVISON","STATE":"MI","ZIP":"48423","STFIP":"26","CNTY":"26049","NMCNTY":"Genesee County","LOCALE":"21","LAT":43.0257,"LON":-83.5223,"CBSA":"22420","NMCBSA":"Flint, MI","CBSATYPE":"1","CSA":"220","NMCSA":"Detroit-Warren-Ann Arbor, MI","CD":"2608","SLDL":"26068","SLDU":"26026","SCHOOLYEAR":"2024-2025"}},{"type":"Feature","id":44300,"geometry":{"type":"Point","coordinates":[-83.50189999988491,43.02460000014728]},"properties":{"OBJECTID":44300,"NCESSCH":"261143004574","LEAID":"2611430","NAME":"Davison High School","OPSTFIPS":"26","STREET":"1250 N OAK RD","CITY":"DAVISON","STATE":"MI","ZIP":"48423","STFIP":"26","CNTY":"26049","NMCNTY":"Genesee County","LOCALE":"21","LAT":43.0246,"LON":-83.5019,"CBSA":"22420","NMCBSA":"Flint, MI","CBSATYPE":"1","CSA":"220","NMCSA":"Detroit-Warren-Ann Arbor, MI","CD":"2608","SLDL":"26068","SLDU":"26026","SCHOOLYEAR":"2024-2025"}},{"type":"Feature","id":44301,"geometry":{"type":"Point","coordinates":[-83.5233000005068,43.024900000090966]},"properties":{"OBJECTID":44301,"NCESSCH":"261143004575","LEAID":"2611430","NAME":"Davison Middle School","OPSTFIPS":"26","STREET":"600 S DAYTON ST","CITY":"DAVISON","STATE":"MI","ZIP":"48423","STFIP":"26","CNTY":"26049","NMCNTY":"Genesee County","LOCALE":"21","LAT":43.0249,"LON":-83.5233,"CBSA":"22420","NMCBSA":"Flint, MI","CBSATYPE":"1","CSA":"220","NMCSA":"Detroit-Warren-Ann Arbor, MI","CD":"2608","SLDL":"26068","SLDU":"26026","SCHOOLYEAR":"2024-2025"}},{"type":"Feature","id":44302,"geometry":{"type":"Point","coordinates":[-83.52699999941676,43.032899999282705]},"properties":{"OBJECTID":44302,"NCESSCH":"261143004576","LEAID":"2611430","NAME":"Hill Elementary School","OPSTFIPS":"26","STREET":"404 ALOHA ST","CITY":"DAVISON","STATE":"MI","ZIP":"48423","STFIP":"26","CNTY":"26049","NMCNTY":"Genesee County","LOCALE":"21","LAT":43.0329,"LON":-83.527,"CBSA":"22420","NMCBSA":"Flint, MI","CBSATYPE":"1","CSA":"220","NMCSA":"Detroit-Warren-Ann Arbor, MI","CD":"2608","SLDL":"26068","SLDU":"26026","SCHOOLYEAR":"2024-2025"}},{"type":"Feature","id":44304,"geometry":{"type":"Point","coordinates":[-83.55289999976641,42.9952000004194]},"properties":{"OBJECTID":44304,"NCESSCH":"261143004578","LEAID":"2611430","NAME":"Gates Elementary School","OPSTFIPS":"26","STREET":"2359 S IRISH RD","CITY":"DAVISON","STATE":"MI","ZIP":"48423","STFIP":"26","CNTY":"26049","NMCNTY":"Genesee County","LOCALE":"21","LAT":42.9952,"LON":-83.5529,"CBSA":"22420","NMCBSA":"Flint, MI","CBSATYPE":"1","CSA":"220","NMCSA":"Detroit-Warren-Ann Arbor, MI","CD":"2608","SLDL":"26068","SLDU":"26026","SCHOOLYEAR":"2024-2025"}},{"type":"Feature","id":44305,"geometry":{"type":"Point","coordinates":[-83.50600000034048,43.026599999280975]},"properties":{"OBJECTID":44305,"NCESSCH":"261143004579","LEAID":"2611430","NAME":"Thomson Elementary School","OPSTFIPS":"26","STREET":"617 E CLARK ST","CITY":"DAVISON","STATE":"MI","ZIP":"48423","STFIP":"26","CNTY":"26049","NMCNTY":"Genesee County","LOCALE":"21","LAT":43.0266,"LON":-83.506,"CBSA":"22420","NMCBSA":"Flint, MI","CBSATYPE":"1","CSA":"220","NMCSA":"Detroit-Warren-Ann Arbor, MI","CD":"2608","SLDL":"26068","SLDU":"26026","SCHOOLYEAR":"2024-2025"}},{"type":"Feature","id":44306,"geometry":{"type":"Point","coordinates":[-83.51849000001405,43.024785999320414]},"properties":{"OBJECTID":44306,"NCESSCH":"261143004580","LEAID":"2611430","NAME":"Central Elementary School","OPSTFIPS":"26","STREET":"600 S STATE RD","CITY":"DAVISON","STATE":"MI","ZIP":"48423","STFIP":"26","CNTY":"26049","NMCNTY":"Genesee County","LOCALE":"21","LAT":43.024786,"LON":-83.51849,"CBSA":"22420","NMCBSA":"Flint, MI","CBSATYPE":"1","CSA":"220","NMCSA":"Detroit-Warren-Ann Arbor, MI","CD":"2608","SLDL":"26068","SLDU":"26026","SCHOOLYEAR":"2024-2025"}},{"type":"Feature","id":44312,"geometry":{"type":"Point","coordinates":[-83.16639999965531,42.341199999728744]},"properties":{"OBJECTID":44312,"NCESSCH":"261160000104","LEAID":"2611600","NAME":"Iris Becker Elementary School","OPSTFIPS":"26","STREET":"10821 HENSON ST","CITY":"DEARBORN","STATE":"MI","ZIP":"48126","STFIP":"26","CNTY":"26163","NMCNTY":"Wayne County","LOCALE":"12","LAT":42.3412,"LON":-83.1664,"CBSA":"19820","NMCBSA":"Detroit-Warren-Dearborn, MI","CBSATYPE":"1","CSA":"220","NMCSA":"Detroit-Warren-Ann Arbor, MI","CD":"2612","SLDL":"26003","SLDU":"26002","SCHOOLYEAR":"2024-2025"}},{"type":"Feature","id":44313,"geometry":{"type":"Point","coordinates":[-83.18839999974931,42.32300000040515]},"properties":{"OBJECTID":44313,"NCESSCH":"261160000290","LEAID":"2611600","NAME":"Woodworth Middle School","OPSTFIPS":"26","STREET":"4951 TERNES ST","CITY":"DEARBORN","STATE":"MI","ZIP":"48126","STFIP":"26","CNTY":"26163","NMCNTY":"Wayne County","LOCALE":"12","LAT":42.323,"LON":-83.1884,"CBSA":"19820","NMCBSA":"Detroit-Warren-Dearborn, MI","CBSATYPE":"1","CSA":"220","NMCSA":"Detroit-Warren-Ann Arbor, MI","CD":"2612","SLDL":"26003","SLDU":"26002","SCHOOLYEAR":"2024-2025"}},{"type":"Feature","id":44314,"geometry":{"type":"Point","coordinates":[-83.17349999968945,42.339600000089206]},"properties":{"OBJECTID":44314,"NCESSCH":"261160000291","LEAID":"2611600","NAME":"Lowrey Middle School","OPSTFIPS":"26","STREET":"6601 JONATHON ST","CITY":"DEARBORN","STATE":"MI","ZIP":"48126","STFIP":"26","CNTY":"26163","NMCNTY":"Wayne County","LOCALE":"12","LAT":42.3396,"LON":-83.1735,"CBSA":"19820","NMCBSA":"Detroit-Warren-Dearborn, MI","CBSATYPE":"1","CSA":"220","NMCSA":"Detroit-Warren-Ann Arbor, MI","CD":"2612","SLDL":"26003","SLDU":"26002","SCHOOLYEAR":"2024-2025"}},{"type":"Feature","id":44315,"geometry":{"type":"Point","coordinates":[-83.17103499933978,42.322139000124956]},"properties":{"OBJECTID":44315,"NCESSCH":"261160000756","LEAID":"2611600","NAME":"Miller Elementary School","OPSTFIPS":"26","STREET":"4824 LOIS ST","CITY":"DEARBORN","STATE":"MI","ZIP":"48126","STFIP":"26","CNTY":"26163","NMCNTY":"Wayne County","LOCALE":"12","LAT":42.322139,"LON":-83.171035,"CBSA":"19820","NMCBSA":"Detroit-Warren-Dearborn, MI","CBSATYPE":"1","CSA":"220","NMCSA":"Detroit-Warren-Ann Arbor, MI","CD":"2612","SLDL":"26003","SLDU":"26002","SCHOOLYEAR":"2024-2025"}},{"type":"Feature","id":44316,"geometry":{"type":"Point","coordinates":[-83.14962500032266,42.30628999939476]},"properties":{"OBJECTID":44316,"NCESSCH":"261160001500","LEAID":"2611600","NAME":"Salina Elementary P  3","OPSTFIPS":"26","STREET":"2700 FERNEY ST","CITY":"DEARBORN","STATE":"MI","ZIP":"48120","STFIP":"26","CNTY":"26163","NMCNTY":"Wayne County","LOCALE":"12","LAT":42.30629,"LON":-83.149625,"CBSA":"19820","NMCBSA":"Detroit-Warren-Dearborn, MI","CBSATYPE":"1","CSA":"220","NMCSA":"Detroit-Warren-Ann Arbor, MI","CD":"2612","SLDL":"26003","SLDU":"26002","SCHOOLYEAR":"2024-2025"}},{"type":"Feature","id":44317,"geometry":{"type":"Point","coordinates":[-83.18019999965992,42.34960000052034]},"properties":{"OBJECTID":44317,"NCESSCH":"261160001739","LEAID":"2611600","NAME":"McCollough Elementary School","OPSTFIPS":"26","STREET":"7801 MAPLE ST","CITY":"DEARBORN","STATE":"MI","ZIP":"48126","STFIP":"26","CNTY":"26163","NMCNTY":"Wayne County","LOCALE":"12","LAT":42.3496,"LON":-83.1802,"CBSA":"19820","NMCBSA":"Detroit-Warren-Dearborn, MI","CBSATYPE":"1","CSA":"220","NMCSA":"Detroit-Warren-Ann Arbor, MI","CD":"2612","SLDL":"26003","SLDU":"26002","SCHOOLYEAR":"2024-2025"}},{"type":"Feature","id":44318,"geometry":{"type":"Point","coordinates":[-83.18089999987485,42.34960000048517]},"properties":{"OBJECTID":44318,"NCESSCH":"261160001740","LEAID":"2611600","NAME":"Unis Middle School","OPSTFIPS":"26","STREET":"7801 MAPLE ST","CITY":"DEARBORN","STATE":"MI","ZIP":"48126","STFIP":"26","CNTY":"26163","NMCNTY":"Wayne County","LOCALE":"12","LAT":42.3496,"LON":-83.1809,"CBSA":"19820","NMCBSA":"Detroit-Warren-Dearborn, MI","CBSATYPE":"1","CSA":"220","NMCSA":"Detroit-Warren-Ann Arbor, MI","CD":"2612","SLDL":"26003","SLDU":"26002","SCHOOLYEAR":"2024-2025"}},{"type":"Feature","id":44319,"geometry":{"type":"Point","coordinates":[-83.18449999981347,42.31490000016819]},"properties":{"OBJECTID":44319,"NCESSCH":"261160001818","LEAID":"2611600","NAME":"Geer Park Elementary School","OPSTFIPS":"26","STREET":"14767 PROSPECT ST","CITY":"DEARBORN","STATE":"MI","ZIP":"48126","STFIP":"26","CNTY":"26163","NMCNTY":"Wayne County","LOCALE":"12","LAT":42.3149,"LON":-83.1845,"CBSA":"19820","NMCBSA":"Detroit-Warren-Dearborn, MI","CBSATYPE":"1","CSA":"220","NMCSA":"Detroit-Warren-Ann Arbor, MI","CD":"2612","SLDL":"26003","SLDU":"26002","SCHOOLYEAR":"2024-2025"}},{"type":"Feature","id":44320,"geometry":{"type":"Point","coordinates":[-83.2738000002438,42.31519999973132]},"properties":{"OBJECTID":44320,"NCESSCH":"261160004585","LEAID":"2611600","NAME":"Bryant Middle School","OPSTFIPS":"26","STREET":"460 N VERNON ST","CITY":"DEARBORN","STATE":"MI","ZIP":"48128","STFIP":"26","CNTY":"26163","NMCNTY":"Wayne County","LOCALE":"12","LAT":42.3152,"LON":-83.2738,"CBSA":"19820","NMCBSA":"Detroit-Warren-Dearborn, MI","CBSATYPE":"1","CSA":"220","NMCSA":"Detroit-Warren-Ann Arbor, MI","CD":"2612","SLDL":"26015","SLDU":"26002","SCHOOLYEAR":"2024-2025"}},{"type":"Feature","id":44321,"geometry":{"type":"Point","coordinates":[-83.27010000008137,42.31489999986451]},"properties":{"OBJECTID":44321,"NCESSCH":"261160004586","LEAID":"2611600","NAME":"Charles A Lindbergh Elementary School","OPSTFIPS":"26","STREET":"500 N WAVERLY ST","CITY":"DEARBORN","STATE":"MI","ZIP":"48128","STFIP":"26","CNTY":"26163","NMCNTY":"Wayne County","LOCALE":"12","LAT":42.3149,"LON":-83.2701,"CBSA":"19820","NMCBSA":"Detroit-Warren-Dearborn, MI","CBSATYPE":"1","CSA":"220","NMCSA":"Detroit-Warren-Ann Arbor, MI","CD":"2612","SLDL":"26015","SLDU":"26002","SCHOOLYEAR":"2024-2025"}},{"type":"Feature","id":44322,"geometry":{"type":"Point","coordinates":[-83.26169999993807,42.3087000001911]},"properties":{"OBJECTID":44322,"NCESSCH":"261160004587","LEAID":"2611600","NAME":"Dearborn High School","OPSTFIPS":"26","STREET":"19501 OUTER DR","CITY":"DEARBORN","STATE":"MI","ZIP":"48124","STFIP":"26","CNTY":"26163","NMCNTY":"Wayne County","LOCALE":"12","LAT":42.3087,"LON":-83.2617,"CBSA":"19820","NMCBSA":"Detroit-Warren-Dearborn, MI","CBSATYPE":"1","CSA":"220","NMCSA":"Detroit-Warren-Ann Arbor, MI","CD":"2612","SLDL":"26015","SLDU":"26002","SCHOOLYEAR":"2024-2025"}},{"type":"Feature","id":44323,"geometry":{"type":"Point","coordinates":[-83.22380000038609,42.28760000036376]},"properties":{"OBJECTID":44323,"NCESSCH":"261160004588","LEAID":"2611600","NAME":"Snow Elementary School","OPSTFIPS":"26","STREET":"2000 CULVER AVE","CITY":"DEARBORN","STATE":"MI","ZIP":"48124","STFIP":"26","CNTY":"26163","NMCNTY":"Wayne County","LOCALE":"12","LAT":42.2876,"LON":-83.2238,"CBSA":"19820","NMCBSA":"Detroit-Warren-Dearborn, MI","CBSATYPE":"1","CSA":"220","NMCSA":"Detroit-Warren-Ann Arbor, MI","CD":"2612","SLDL":"26003","SLDU":"26002","SCHOOLYEAR":"2024-2025"}},{"type":"Feature","id":44324,"geometry":{"type":"Point","coordinates":[-83.25049999973537,42.300300000268905]},"properties":{"OBJECTID":44324,"NCESSCH":"261160004589","LEAID":"2611600","NAME":"Duvall Elementary School","OPSTFIPS":"26","STREET":"22561 BEECH ST","CITY":"DEARBORN","STATE":"MI","ZIP":"48124","STFIP":"26","CNTY":"26163","NMCNTY":"Wayne County","LOCALE":"12","LAT":42.3003,"LON":-83.2505,"CBSA":"19820","NMCBSA":"Detroit-Warren-Dearborn, MI","CBSATYPE":"1","CSA":"220","NMCSA":"Detroit-Warren-Ann Arbor, MI","CD":"2612","SLDL":"26015","SLDU":"26002","SCHOOLYEAR":"2024-2025"}},{"type":"Feature","id":44325,"geometry":{"type":"Point","coordinates":[-83.23339999963211,42.2909000004655]},"properties":{"OBJECTID":44325,"NCESSCH":"261160004590","LEAID":"2611600","NAME":"Edsel Ford High School","OPSTFIPS":"26","STREET":"20601 ROTUNDA DR","CITY":"DEARBORN","STATE":"MI","ZIP":"48124","STFIP":"26","CNTY":"26163","NMCNTY":"Wayne County","LOCALE":"12","LAT":42.2909,"LON":-83.2334,"CBSA":"19820","NMCBSA":"Detroit-Warren-Dearborn, MI","CBSATYPE":"1","CSA":"220","NMCSA":"Detroit-Warren-Ann Arbor, MI","CD":"2612","SLDL":"26003","SLDU":"26002","SCHOOLYEAR":"2024-2025"}},{"type":"Feature","id":44326,"geometry":{"type":"Point","coordinates":[-83.17869999949215,42.33089999928953]},"properties":{"OBJECTID":44326,"NCESSCH":"261160004591","LEAID":"2611600","NAME":"Fordson High School","OPSTFIPS":"26","STREET":"13800 FORD RD","CITY":"DEARBORN","STATE":"MI","ZIP":"48126","STFIP":"26","CNTY":"26163","NMCNTY":"Wayne County","LOCALE":"12","LAT":42.3309,"LON":-83.1787,"CBSA":"19820","NMCBSA":"Detroit-Warren-Dearborn, MI","CBSATYPE":"1","CSA":"220","NMCSA":"Detroit-Warren-Ann Arbor, MI","CD":"2612","SLDL":"26003","SLDU":"26002","SCHOOLYEAR":"2024-2025"}},{"type":"Feature","id":44327,"geometry":{"type":"Point","coordinates":[-83.20209999942556,42.31719999969104]},"properties":{"OBJECTID":44327,"NCESSCH":"261160004592","LEAID":"2611600","NAME":"Henry Ford Elementary School","OPSTFIPS":"26","STREET":"16140 DRISCOLL ST","CITY":"DEARBORN","STATE":"MI","ZIP":"48126","STFIP":"26","CNTY":"26163","NMCNTY":"Wayne County","LOCALE":"12","LAT":42.3172,"LON":-83.2021,"CBSA":"19820","NMCBSA":"Detroit-Warren-Dearborn, MI","CBSATYPE":"1","CSA":"220","NMCSA":"Detroit-Warren-Ann Arbor, MI","CD":"2612","SLDL":"26003","SLDU":"26002","SCHOOLYEAR":"2024-2025"}},{"type":"Feature","id":44328,"geometry":{"type":"Point","coordinates":[-83.28219999985703,42.31560000037902]},"properties":{"OBJECTID":44328,"NCESSCH":"261160004593","LEAID":"2611600","NAME":"Haigh Elementary School","OPSTFIPS":"26","STREET":"601 N SILVERY LN","CITY":"DEARBORN","STATE":"MI","ZIP":"48128","STFIP":"26","CNTY":"26163","NMCNTY":"Wayne County","LOCALE":"12","LAT":42.3156,"LON":-83.2822,"CBSA":"19820","NMCBSA":"Detroit-Warren-Dearborn, MI","CBSATYPE":"1","CSA":"220","NMCSA":"Detroit-Warren-Ann Arbor, MI","CD":"2612","SLDL":"26015","SLDU":"26002","SCHOOLYEAR":"2024-2025"}},{"type":"Feature","id":44329,"geometry":{"type":"Point","coordinates":[-83.26559999939548,42.322499999434456]},"properties":{"OBJECTID":44329,"NCESSCH":"261160004594","LEAID":"2611600","NAME":"Howard Elementary School","OPSTFIPS":"26","STREET":"1611 N YORK ST","CITY":"DEARBORN","STATE":"MI","ZIP":"48128","STFIP":"26","CNTY":"26163","NMCNTY":"Wayne County","LOCALE":"12","LAT":42.3225,"LON":-83.2656,"CBSA":"19820","NMCBSA":"Detroit-Warren-Dearborn, MI","CBSATYPE":"1","CSA":"220","NMCSA":"Detroit-Warren-Ann Arbor, MI","CD":"2612","SLDL":"26015","SLDU":"26002","SCHOOLYEAR":"2024-2025"}},{"type":"Feature","id":44330,"geometry":{"type":"Point","coordinates":[-83.19150000030747,42.34060000036145]},"properties":{"OBJECTID":44330,"NCESSCH":"261160004595","LEAID":"2611600","NAME":"Maples Elementary School","OPSTFIPS":"26","STREET":"6801 MEAD ST","CITY":"DEARBORN","STATE":"MI","ZIP":"48126","STFIP":"26","CNTY":"26163","NMCNTY":"Wayne County","LOCALE":"12","LAT":42.3406,"LON":-83.1915,"CBSA":"19820","NMCBSA":"Detroit-Warren-Dearborn, MI","CBSATYPE":"1","CSA":"220","NMCSA":"Detroit-Warren-Ann Arbor, MI","CD":"2612","SLDL":"26003","SLDU":"26002","SCHOOLYEAR":"2024-2025"}},{"type":"Feature","id":44331,"geometry":{"type":"Point","coordinates":[-83.15899999998524,42.34780000026735]},"properties":{"OBJECTID":44331,"NCESSCH":"261160004596","LEAID":"2611600","NAME":"McDonald Elementary School","OPSTFIPS":"26","STREET":"10151 DIVERSEY ST","CITY":"DEARBORN","STATE":"MI","ZIP":"48126","STFIP":"26","CNTY":"26163","NMCNTY":"Wayne County","LOCALE":"12","LAT":42.3478,"LON":-83.159,"CBSA":"19820","NMCBSA":"Detroit-Warren-Dearborn, MI","CBSATYPE":"1","CSA":"220","NMCSA":"Detroit-Warren-Ann Arbor, MI","CD":"2612","SLDL":"26003","SLDU":"26002","SCHOOLYEAR":"2024-2025"}},{"type":"Feature","id":44332,"geometry":{"type":"Point","coordinates":[-83.26830000005485,42.287799999162495]},"properties":{"OBJECTID":44332,"NCESSCH":"261160004597","LEAID":"2611600","NAME":"Smith Middle School","OPSTFIPS":"26","STREET":"23851 YALE ST","CITY":"DEARBORN","STATE":"MI","ZIP":"48124","STFIP":"26","CNTY":"26163","NMCNTY":"Wayne County","LOCALE":"12","LAT":42.2878,"LON":-83.2683,"CBSA":"19820","NMCBSA":"Detroit-Warren-Dearborn, MI","CBSATYPE":"1","CSA":"220","NMCSA":"Detroit-Warren-Ann Arbor, MI","CD":"2612","SLDL":"26015","SLDU":"26002","SCHOOLYEAR":"2024-2025"}},{"type":"Feature","id":44333,"geometry":{"type":"Point","coordinates":[-83.187099999468,42.34620000057254]},"properties":{"OBJECTID":44333,"NCESSCH":"261160004598","LEAID":"2611600","NAME":"Oakman Elementary School","OPSTFIPS":"26","STREET":"7545 CHASE RD","CITY":"DEARBORN","STATE":"MI","ZIP":"48126","STFIP":"26","CNTY":"26163","NMCNTY":"Wayne County","LOCALE":"12","LAT":42.3462,"LON":-83.1871,"CBSA":"19820","NMCBSA":"Detroit-Warren-Dearborn, MI","CBSATYPE":"1","CSA":"220","NMCSA":"Detroit-Warren-Ann Arbor, MI","CD":"2612","SLDL":"26003","SLDU":"26002","SCHOOLYEAR":"2024-2025"}},{"type":"Feature","id":44334,"geometry":{"type":"Point","coordinates":[-83.24309999965267,42.33519999981163]},"properties":{"OBJECTID":44334,"NCESSCH":"261160004599","LEAID":"2611600","NAME":"River Oaks Elementary School","OPSTFIPS":"26","STREET":"20755 ANN ARBOR TRL","CITY":"DEARBORN HEIGHTS","STATE":"MI","ZIP":"48127","STFIP":"26","CNTY":"26163","NMCNTY":"Wayne County","LOCALE":"21","LAT":42.3352,"LON":-83.2431,"CBSA":"19820","NMCBSA":"Detroit-Warren-Dearborn, MI","CBSATYPE":"1","CSA":"220","NMCSA":"Detroit-Warren-Ann Arbor, MI","CD":"2612","SLDL":"26015","SLDU":"26002","SCHOOLYEAR":"2024-2025"}},{"type":"Feature","id":44335,"geometry":{"type":"Point","coordinates":[-83.1479999997791,42.3057999993895]},"properties":{"OBJECTID":44335,"NCESSCH":"261160004600","LEAID":"2611600","NAME":"Salina Intermediate 4  8","OPSTFIPS":"26","STREET":"2623 SALINA ST","CITY":"DEARBORN","STATE":"MI","ZIP":"48120","STFIP":"26","CNTY":"26163","NMCNTY":"Wayne County","LOCALE":"12","LAT":42.3058,"LON":-83.148,"CBSA":"19820","NMCBSA":"Detroit-Warren-Dearborn, MI","CBSATYPE":"1","CSA":"220","NMCSA":"Detroit-Warren-Ann Arbor, MI","CD":"2612","SLDL":"26003","SLDU":"26002","SCHOOLYEAR":"2024-2025"}},{"type":"Feature","id":44336,"geometry":{"type":"Point","coordinates":[-83.21529999940682,42.29450000001181]},"properties":{"OBJECTID":44336,"NCESSCH":"261160004601","LEAID":"2611600","NAME":"Stout Middle School","OPSTFIPS":"26","STREET":"18500 OAKWOOD BLVD","CITY":"DEARBORN","STATE":"MI","ZIP":"48124","STFIP":"26","CNTY":"26163","NMCNTY":"Wayne County","LOCALE":"12","LAT":42.2945,"LON":-83.2153,"CBSA":"19820","NMCBSA":"Detroit-Warren-Dearborn, MI","CBSATYPE":"1","CSA":"220","NMCSA":"Detroit-Warren-Ann Arbor, MI","CD":"2612","SLDL":"26003","SLDU":"26002","SCHOOLYEAR":"2024-2025"}},{"type":"Feature","id":44337,"geometry":{"type":"Point","coordinates":[-83.24779999989465,42.28920000044093]},"properties":{"OBJECTID":44337,"NCESSCH":"261160004602","LEAID":"2611600","NAME":"WhitmoreBolles Elementary School","OPSTFIPS":"26","STREET":"21501 WHITMORE ST","CITY":"DEARBORN","STATE":"MI","ZIP":"48124","STFIP":"26","CNTY":"26163","NMCNTY":"Wayne County","LOCALE":"12","LAT":42.2892,"LON":-83.2478,"CBSA":"19820","NMCBSA":"Detroit-Warren-Dearborn, MI","CBSATYPE":"1","CSA":"220","NMCSA":"Detroit-Warren-Ann Arbor, MI","CD":"2612","SLDL":"26003","SLDU":"26002","SCHOOLYEAR":"2024-2025"}},{"type":"Feature","id":44338,"geometry":{"type":"Point","coordinates":[-83.18789999928927,42.33059999977433]},"properties":{"OBJECTID":44338,"NCESSCH":"261160004603","LEAID":"2611600","NAME":"William Ford Elementary School","OPSTFIPS":"26","STREET":"14749 ALBER ST","CITY":"DEARBORN","STATE":"MI","ZIP":"48126","STFIP":"26","CNTY":"26163","NMCNTY":"Wayne County","LOCALE":"12","LAT":42.3306,"LON":-83.1879,"CBSA":"19820","NMCBSA":"Detroit-Warren-Dearborn, MI","CBSATYPE":"1","CSA":"220","NMCSA":"Detroit-Warren-Ann Arbor, MI","CD":"2612","SLDL":"26003","SLDU":"26002","SCHOOLYEAR":"2024-2025"}},{"type":"Feature","id":44339,"geometry":{"type":"Point","coordinates":[-83.26509999993657,42.28630000005808]},"properties":{"OBJECTID":44339,"NCESSCH":"261160004604","LEAID":"2611600","NAME":"Nowlin Elementary School","OPSTFIPS":"26","STREET":"23600 PENN ST","CITY":"DEARBORN","STATE":"MI","ZIP":"48124","STFIP":"26","CNTY":"26163","NMCNTY":"Wayne County","LOCALE":"12","LAT":42.2863,"LON":-83.2651,"CBSA":"19820","NMCBSA":"Detroit-Warren-Dearborn, MI","CBSATYPE":"1","CSA":"220","NMCSA":"Detroit-Warren-Ann Arbor, MI","CD":"2612","SLDL":"26015","SLDU":"26002","SCHOOLYEAR":"2024-2025"}},{"type":"Feature","id":44340,"geometry":{"type":"Point","coordinates":[-83.17360000066543,42.33899999997809]},"properties":{"OBJECTID":44340,"NCESSCH":"261160004606","LEAID":"2611600","NAME":"Lowrey Elementary School","OPSTFIPS":"26","STREET":"6601 JONATHON ST","CITY":"DEARBORN","STATE":"MI","ZIP":"48126","STFIP":"26","CNTY":"26163","NMCNTY":"Wayne County","LOCALE":"12","LAT":42.339,"LON":-83.1736,"CBSA":"19820","NMCBSA":"Detroit-Warren-Dearborn, MI","CBSATYPE":"1","CSA":"220","NMCSA":"Detroit-Warren-Ann Arbor, MI","CD":"2612","SLDL":"26003","SLDU":"26002","SCHOOLYEAR":"2024-2025"}},{"type":"Feature","id":44341,"geometry":{"type":"Point","coordinates":[-83.28150000014875,42.28830000058698]},"properties":{"OBJECTID":44341,"NCESSCH":"261160004607","LEAID":"2611600","NAME":"Long Elementary School","OPSTFIPS":"26","STREET":"3100 WESTWOOD ST","CITY":"DEARBORN","STATE":"MI","ZIP":"48124","STFIP":"26","CNTY":"26163","NMCNTY":"Wayne County","LOCALE":"12","LAT":42.2883,"LON":-83.2815,"CBSA":"19820","NMCBSA":"Detroit-Warren-Dearborn, MI","CBSATYPE":"1","CSA":"220","NMCSA":"Detroit-Warren-Ann Arbor, MI","CD":"2612","SLDL":"26015","SLDU":"26002","SCHOOLYEAR":"2024-2025"}},{"type":"Feature","id":44342,"geometry":{"type":"Point","coordinates":[-83.25991100022064,42.339673999755846]},"properties":{"OBJECTID":44342,"NCESSCH":"261160004612","LEAID":"2611600","NAME":"Howe Trainable Center and Montessori","OPSTFIPS":"26","STREET":"22586 ANN ARBOR TRL","CITY":"DEARBORN HTS","STATE":"MI","ZIP":"48127","STFIP":"26","CNTY":"26163","NMCNTY":"Wayne County","LOCALE":"21","LAT":42.339674,"LON":-83.259911,"CBSA":"19820","NMCBSA":"Detroit-Warren-Dearborn, MI","CBSATYPE":"1","CSA":"220","NMCSA":"Detroit-Warren-Ann Arbor, MI","CD":"2612","SLDL":"26015","SLDU":"26002","SCHOOLYEAR":"2024-2025"}},{"type":"Feature","id":44343,"geometry":{"type":"Point","coordinates":[-83.2360210005264,42.32476300032305]},"properties":{"OBJECTID":44343,"NCESSCH":"261160007810","LEAID":"2611600","NAME":"Henry Ford Early College","OPSTFIPS":"26","STREET":"5101 EVERGREEN RD","CITY":"DEARBORN","STATE":"MI","ZIP":"48128","STFIP":"26","CNTY":"26163","NMCNTY":"Wayne County","LOCALE":"12","LAT":42.324763,"LON":-83.236021,"CBSA":"19820","NMCBSA":"Detroit-Warren-Dearborn, MI","CBSATYPE":"1","CSA":"220","NMCSA":"Detroit-Warren-Ann Arbor, MI","CD":"2612","SLDL":"26003","SLDU":"26002","SCHOOLYEAR":"2024-2025"}},{"type":"Feature","id":44344,"geometry":{"type":"Point","coordinates":[-83.26020000032085,42.33979999976351]},"properties":{"OBJECTID":44344,"NCESSCH":"261160008095","LEAID":"2611600","NAME":"Dearborn Magnet High School","OPSTFIPS":"26","STREET":"22586 ANN ARBOR TRL","CITY":"DEARBORN HEIGHTS","STATE":"MI","ZIP":"48127","STFIP":"26","CNTY":"26163","NMCNTY":"Wayne County","LOCALE":"21","LAT":42.3398,"LON":-83.2602,"CBSA":"19820","NMCBSA":"Detroit-Warren-Dearborn, MI","CBSATYPE":"1","CSA":"220","NMCSA":"Detroit-Warren-Ann Arbor, MI","CD":"2612","SLDL":"26015","SLDU":"26002","SCHOOLYEAR":"2024-2025"}},{"type":"Feature","id":44345,"geometry":{"type":"Point","coordinates":[-83.26063200053008,42.3406379998898]},"properties":{"OBJECTID":44345,"NCESSCH":"261160008626","LEAID":"2611600","NAME":"Dearborn STEM Middle School","OPSTFIPS":"26","STREET":"22586 ANN ARBOR TRL","CITY":"DEARBORN HEIGHTS","STATE":"MI","ZIP":"48127","STFIP":"26","CNTY":"26163","NMCNTY":"Wayne County","LOCALE":"21","LAT":42.340638,"LON":-83.260632,"CBSA":"19820","NMCBSA":"Detroit-Warren-Dearborn, MI","CBSATYPE":"1","CSA":"220","NMCSA":"Detroit-Warren-Ann Arbor, MI","CD":"2612","SLDL":"26015","SLDU":"26002","SCHOOLYEAR":"2024-2025"}},{"type":"Feature","id":44346,"geometry":{"type":"Point","coordinates":[-83.2360210005264,42.32476300032305]},"properties":{"OBJECTID":44346,"NCESSCH":"261160008706","LEAID":"2611600","NAME":"Henry Ford Early CollegeAdvanced Manufacturing","OPSTFIPS":"26","STREET":"5101 EVERGREEN RD","CITY":"DEARBORN","STATE":"MI","ZIP":"48128","STFIP":"26","CNTY":"26163","NMCNTY":"Wayne County","LOCALE":"12","LAT":42.324763,"LON":-83.236021,"CBSA":"19820","NMCBSA":"Detroit-Warren-Dearborn, MI","CBSATYPE":"1","CSA":"220","NMCSA":"Detroit-Warren-Ann Arbor, MI","CD":"2612","SLDL":"26003","SLDU":"26002","SCHOOLYEAR":"2024-2025"}},{"type":"Feature","id":44347,"geometry":{"type":"Point","coordinates":[-83.2360210005264,42.32476300032305]},"properties":{"OBJECTID":44347,"NCESSCH":"261160008962","LEAID":"2611600","NAME":"Dearborn Newcomer College Prep Academy","OPSTFIPS":"26","STREET":"5101 EVERGREEN RD","CITY":"DEARBORN","STATE":"MI","ZIP":"48128","STFIP":"26","CNTY":"26163","NMCNTY":"Wayne County","LOCALE":"12","LAT":42.324763,"LON":-83.236021,"CBSA":"19820","NMCBSA":"Detroit-Warren-Dearborn, MI","CBSATYPE":"1","CSA":"220","NMCSA":"Detroit-Warren-Ann Arbor, MI","CD":"2612","SLDL":"26003","SLDU":"26002","SCHOOLYEAR":"2024-2025"}},{"type":"Feature","id":44348,"geometry":{"type":"Point","coordinates":[-83.22610599974543,42.2837780005715]},"properties":{"OBJECTID":44348,"NCESSCH":"261160009003","LEAID":"2611600","NAME":"Dearborn Public Schools Virtual K12","OPSTFIPS":"26","STREET":"18700 AUDETTE ST","CITY":"DEARBORN","STATE":"MI","ZIP":"48124","STFIP":"26","CNTY":"26163","NMCNTY":"Wayne County","LOCALE":"12","LAT":42.283778,"LON":-83.226106,"CBSA":"19820","NMCBSA":"Detroit-Warren-Dearborn, MI","CBSATYPE":"1","CSA":"220","NMCSA":"Detroit-Warren-Ann Arbor, MI","CD":"2612","SLDL":"26003","SLDU":"26002","SCHOOLYEAR":"2024-2025"}},{"type":"Feature","id":44349,"geometry":{"type":"Point","coordinates":[-83.22451900056492,42.27616199930298]},"properties":{"OBJECTID":44349,"NCESSCH":"261161004615","LEAID":"2611610","NAME":"Bedford School","OPSTFIPS":"26","STREET":"4650 CROISSANT ST","CITY":"DEARBORN HEIGHTS","STATE":"MI","ZIP":"48125","STFIP":"26","CNTY":"26163","NMCNTY":"Wayne County","LOCALE":"21","LAT":42.276162,"LON":-83.224519,"CBSA":"19820","NMCBSA":"Detroit-Warren-Dearborn, MI","CBSATYPE":"1","CSA":"220","NMCSA":"Detroit-Warren-Ann Arbor, MI","CD":"2613","SLDL":"26015","SLDU":"26002","SCHOOLYEAR":"2024-2025"}},{"type":"Feature","id":44350,"geometry":{"type":"Point","coordinates":[-83.25425600036776,42.272664000190076]},"properties":{"OBJECTID":44350,"NCESSCH":"261161004616","LEAID":"2611610","NAME":"Oakley W Best Middle School","OPSTFIPS":"26","STREET":"22201 POWERS AVE","CITY":"DEARBORN HEIGHTS","STATE":"MI","ZIP":"48125","STFIP":"26","CNTY":"26163","NMCNTY":"Wayne County","LOCALE":"21","LAT":42.272664,"LON":-83.254256,"CBSA":"19820","NMCBSA":"Detroit-Warren-Dearborn, MI","CBSATYPE":"1","CSA":"220","NMCSA":"Detroit-Warren-Ann Arbor, MI","CD":"2613","SLDL":"26015","SLDU":"26002","SCHOOLYEAR":"2024-2025"}},{"type":"Feature","id":44351,"geometry":{"type":"Point","coordinates":[-83.25636200032189,42.276046999683025]},"properties":{"OBJECTID":44351,"NCESSCH":"261161004617","LEAID":"2611610","NAME":"Pardee School","OPSTFIPS":"26","STREET":"4650 PARDEE AVE","CITY":"DEARBORN HEIGHTS","STATE":"MI","ZIP":"48125","STFIP":"26","CNTY":"26163","NMCNTY":"Wayne County","LOCALE":"21","LAT":42.276047,"LON":-83.256362,"CBSA":"19820","NMCBSA":"Detroit-Warren-Dearborn, MI","CBSATYPE":"1","CSA":"220","NMCSA":"Detroit-Warren-Ann Arbor, MI","CD":"2613","SLDL":"26015","SLDU":"26002","SCHOOLYEAR":"2024-2025"}},{"type":"Feature","id":44352,"geometry":{"type":"Point","coordinates":[-83.24668299935257,42.27604000016813]},"properties":{"OBJECTID":44352,"NCESSCH":"261161004618","LEAID":"2611610","NAME":"Annapolis High School","OPSTFIPS":"26","STREET":"4650 CLIPPERT ST","CITY":"DEARBORN HEIGHTS","STATE":"MI","ZIP":"48125","STFIP":"26","CNTY":"26163","NMCNTY":"Wayne County","LOCALE":"21","LAT":42.27604,"LON":-83.246683,"CBSA":"19820","NMCBSA":"Detroit-Warren-Dearborn, MI","CBSATYPE":"1","CSA":"220","NMCSA":"Detroit-Warren-Ann Arbor, MI","CD":"2613","SLDL":"26015","SLDU":"26002","SCHOOLYEAR":"2024-2025"}},{"type":"Feature","id":44353,"geometry":{"type":"Point","coordinates":[-83.23918500003808,42.275879000516326]},"properties":{"OBJECTID":44353,"NCESSCH":"261161004619","LEAID":"2611610","NAME":"Polk Elementary School","OPSTFIPS":"26","STREET":"4651 POLK ST","CITY":"DEARBORN HEIGHTS","STATE":"MI","ZIP":"48125","STFIP":"26","CNTY":"26163","NMCNTY":"Wayne County","LOCALE":"21","LAT":42.275879,"LON":-83.239185,"CBSA":"19820","NMCBSA":"Detroit-Warren-Dearborn, MI","CBSATYPE":"1","CSA":"220","NMCSA":"Detroit-Warren-Ann Arbor, MI","CD":"2613","SLDL":"26015","SLDU":"26002","SCHOOLYEAR":"2024-2025"}},{"type":"Feature","id":44354,"geometry":{"type":"Point","coordinates":[-83.2391640000933,42.27655599963723]},"properties":{"OBJECTID":44354,"NCESSCH":"261161008179","LEAID":"2611610","NAME":"Dearborn Heights Virtual Academy","OPSTFIPS":"26","STREET":"20629 ANNAPOLIS ST","CITY":"DEARBORN HEIGHTS","STATE":"MI","ZIP":"48125","STFIP":"26","CNTY":"26163","NMCNTY":"Wayne County","LOCALE":"21","LAT":42.276556,"LON":-83.239164,"CBSA":"19820","NMCBSA":"Detroit-Warren-Dearborn, MI","CBSATYPE":"1","CSA":"220","NMCSA":"Detroit-Warren-Ann Arbor, MI","CD":"2613","SLDL":"26015","SLDU":"26002","SCHOOLYEAR":"2024-2025"}},{"type":"Feature","id":44355,"geometry":{"type":"Point","coordinates":[-83.29121400005249,42.27651800001388]},"properties":{"OBJECTID":44355,"NCESSCH":"261164001735","LEAID":"2611640","NAME":"Tomlinson Middle School","OPSTFIPS":"26","STREET":"25912 ANNAPOLIS ST","CITY":"INKSTER","STATE":"MI","ZIP":"48141","STFIP":"26","CNTY":"26163","NMCNTY":"Wayne County","LOCALE":"21","LAT":42.276518,"LON":-83.291214,"CBSA":"19820","NMCBSA":"Detroit-Warren-Dearborn, MI","CBSATYPE":"1","CSA":"220","NMCSA":"Detroit-Warren-Ann Arbor, MI","CD":"2612","SLDL":"26026","SLDU":"26005","SCHOOLYEAR":"2024-2025"}},{"type":"Feature","id":44356,"geometry":{"type":"Point","coordinates":[-83.29108499992168,42.29742900071916]},"properties":{"OBJECTID":44356,"NCESSCH":"261164004620","LEAID":"2611640","NAME":"Daly School","OPSTFIPS":"26","STREET":"25824 MICHIGAN AVE","CITY":"INKSTER","STATE":"MI","ZIP":"48141","STFIP":"26","CNTY":"26163","NMCNTY":"Wayne County","LOCALE":"21","LAT":42.297429,"LON":-83.291085,"CBSA":"19820","NMCBSA":"Detroit-Warren-Dearborn, MI","CBSATYPE":"1","CSA":"220","NMCSA":"Detroit-Warren-Ann Arbor, MI","CD":"2612","SLDL":"26026","SLDU":"26005","SCHOOLYEAR":"2024-2025"}},{"type":"Feature","id":44357,"geometry":{"type":"Point","coordinates":[-83.28662600037444,42.284505999657895]},"properties":{"OBJECTID":44357,"NCESSCH":"261164004621","LEAID":"2611640","NAME":"Robichaud Senior High School","OPSTFIPS":"26","STREET":"3601 JANET ST","CITY":"DEARBORN HEIGHTS","STATE":"MI","ZIP":"48125","STFIP":"26","CNTY":"26163","NMCNTY":"Wayne County","LOCALE":"21","LAT":42.284506,"LON":-83.286626,"CBSA":"19820","NMCBSA":"Detroit-Warren-Dearborn, MI","CBSATYPE":"1","CSA":"220","NMCSA":"Detroit-Warren-Ann Arbor, MI","CD":"2612","SLDL":"26015","SLDU":"26002","SCHOOLYEAR":"2024-2025"}},{"type":"Feature","id":44358,"geometry":{"type":"Point","coordinates":[-83.2835930006336,42.27561800023798]},"properties":{"OBJECTID":44358,"NCESSCH":"261164004623","LEAID":"2611640","NAME":"Thorne Elementary School","OPSTFIPS":"26","STREET":"25251 ANNAPOLIS ST","CITY":"DEARBORN HEIGHTS","STATE":"MI","ZIP":"48125","STFIP":"26","CNTY":"26163","NMCNTY":"Wayne County","LOCALE":"21","LAT":42.275618,"LON":-83.283593,"CBSA":"19820","NMCBSA":"Detroit-Warren-Dearborn, MI","CBSATYPE":"1","CSA":"220","NMCSA":"Detroit-Warren-Ann Arbor, MI","CD":"2613","SLDL":"26015","SLDU":"26002","SCHOOLYEAR":"2024-2025"}},{"type":"Feature","id":44359,"geometry":{"type":"Point","coordinates":[-83.29108499992168,42.29742900071916]},"properties":{"OBJECTID":44359,"NCESSCH":"261164007904","LEAID":"2611640","NAME":"Westwood Virtual Academy","OPSTFIPS":"26","STREET":"25824 MICHIGAN AVE","CITY":"INKSTER","STATE":"MI","ZIP":"48141","STFIP":"26","CNTY":"26163","NMCNTY":"Wayne County","LOCALE":"21","LAT":42.297429,"LON":-83.291085,"CBSA":"19820","NMCBSA":"Detroit-Warren-Dearborn, MI","CBSATYPE":"1","CSA":"220","NMCSA":"Detroit-Warren-Ann Arbor, MI","CD":"2612","SLDL":"26026","SLDU":"26005","SCHOOLYEAR":"2024-2025"}},{"type":"Feature","id":44360,"geometry":{"type":"Point","coordinates":[-83.29108499992168,42.29742900071916]},"properties":{"OBJECTID":44360,"NCESSCH":"261164008604","LEAID":"2611640","NAME":"Westwood North Academy","OPSTFIPS":"26","STREET":"25824 MICHIGAN AVE","CITY":"INKSTER","STATE":"MI","ZIP":"48141","STFIP":"26","CNTY":"26163","NMCNTY":"Wayne County","LOCALE":"21","LAT":42.297429,"LON":-83.291085,"CBSA":"19820","NMCBSA":"Detroit-Warren-Dearborn, MI","CBSATYPE":"1","CSA":"220","NMCSA":"Detroit-Warren-Ann Arbor, MI","CD":"2612","SLDL":"26026","SLDU":"26005","SCHOOLYEAR":"2024-2025"}},{"type":"Feature","id":44371,"geometry":{"type":"Point","coordinates":[-83.87790300044333,42.32936099954786]},"properties":{"OBJECTID":44371,"NCESSCH":"261203000738","LEAID":"2612030","NAME":"Mill Creek Middle School","OPSTFIPS":"26","STREET":"7305 DEXTER ANN ARBOR RD","CITY":"DEXTER","STATE":"MI","ZIP":"48130","STFIP":"26","CNTY":"26161","NMCNTY":"Washtenaw County","LOCALE":"31","LAT":42.329361,"LON":-83.877903,"CBSA":"11460","NMCBSA":"Ann Arbor, MI","CBSATYPE":"1","CSA":"220","NMCSA":"Detroit-Warren-Ann Arbor, MI","CD":"2606","SLDL":"26047","SLDU":"26014","SCHOOLYEAR":"2024-2025"}},{"type":"Feature","id":44372,"geometry":{"type":"Point","coordinates":[-83.8819600007032,42.329587000379725]},"properties":{"OBJECTID":44372,"NCESSCH":"261203004914","LEAID":"2612030","NAME":"Wylie Elementary School","OPSTFIPS":"26","STREET":"3060 KENSINGTON ST","CITY":"DEXTER","STATE":"MI","ZIP":"48130","STFIP":"26","CNTY":"26161","NMCNTY":"Washtenaw County","LOCALE":"31","LAT":42.329587,"LON":-83.88196,"CBSA":"11460","NMCBSA":"Ann Arbor, MI","CBSATYPE":"1","CSA":"220","NMCSA":"Detroit-Warren-Ann Arbor, MI","CD":"2606","SLDL":"26047","SLDU":"26014","SCHOOLYEAR":"2024-2025"}},{"type":"Feature","id":44373,"geometry":{"type":"Point","coordinates":[-83.89543500003559,42.321184000212426]},"properties":{"OBJECTID":44373,"NCESSCH":"261203004916","LEAID":"2612030","NAME":"Dexter High School","OPSTFIPS":"26","STREET":"2200 N PARKER RD","CITY":"DEXTER","STATE":"MI","ZIP":"48130","STFIP":"26","CNTY":"26161","NMCNTY":"Washtenaw County","LOCALE":"41","LAT":42.321184,"LON":-83.895435,"CBSA":"11460","NMCBSA":"Ann Arbor, MI","CBSATYPE":"1","CSA":"220","NMCSA":"Detroit-Warren-Ann Arbor, MI","CD":"2606","SLDL":"26047","SLDU":"26014","SCHOOLYEAR":"2024-2025"}},{"type":"Feature","id":44374,"geometry":{"type":"Point","coordinates":[-83.88830199953564,42.32846899985829]},"properties":{"OBJECTID":44374,"NCESSCH":"261203004917","LEAID":"2612030","NAME":"Creekside Intermediate School","OPSTFIPS":"26","STREET":"2615 BAKER RD","CITY":"DEXTER","STATE":"MI","ZIP":"48130","STFIP":"26","CNTY":"26161","NMCNTY":"Washtenaw County","LOCALE":"31","LAT":42.328469,"LON":-83.888302,"CBSA":"11460","NMCBSA":"Ann Arbor, MI","CBSATYPE":"1","CSA":"220","NMCSA":"Detroit-Warren-Ann Arbor, MI","CD":"2606","SLDL":"26047","SLDU":"26014","SCHOOLYEAR":"2024-2025"}},{"type":"Feature","id":44375,"geometry":{"type":"Point","coordinates":[-83.88597099988729,42.32915000009744]},"properties":{"OBJECTID":44375,"NCESSCH":"261203008790","LEAID":"2612030","NAME":"Dexter Alternative School","OPSTFIPS":"26","STREET":"2704 BAKER RD","CITY":"DEXTER","STATE":"MI","ZIP":"48130","STFIP":"26","CNTY":"26161","NMCNTY":"Washtenaw County","LOCALE":"31","LAT":42.32915,"LON":-83.885971,"CBSA":"11460","NMCBSA":"Ann Arbor, MI","CBSATYPE":"1","CSA":"220","NMCSA":"Detroit-Warren-Ann Arbor, MI","CD":"2606","SLDL":"26047","SLDU":"26014","SCHOOLYEAR":"2024-2025"}},{"type":"Feature","id":44376,"geometry":{"type":"Point","coordinates":[-83.88597099988729,42.32915000009744]},"properties":{"OBJECTID":44376,"NCESSCH":"261203008866","LEAID":"2612030","NAME":"Bates","OPSTFIPS":"26","STREET":"2704 BAKER RD","CITY":"DEXTER","STATE":"MI","ZIP":"48130","STFIP":"26","CNTY":"26161","NMCNTY":"Washtenaw County","LOCALE":"31","LAT":42.32915,"LON":-83.885971,"CBSA":"11460","NMCBSA":"Ann Arbor, MI","CBSATYPE":"1","CSA":"220","NMCSA":"Detroit-Warren-Ann Arbor, MI","CD":"2606","SLDL":"26047","SLDU":"26014","SCHOOLYEAR":"2024-2025"}},{"type":"Feature","id":44377,"geometry":{"type":"Point","coordinates":[-83.87956699983555,42.32811500024363]},"properties":{"OBJECTID":44377,"NCESSCH":"261203008924","LEAID":"2612030","NAME":"Dexter Early Elementary Complex","OPSTFIPS":"26","STREET":"7480 DAN HOEY RD","CITY":"DEXTER","STATE":"MI","ZIP":"48130","STFIP":"26","CNTY":"26161","NMCNTY":"Washtenaw County","LOCALE":"31","LAT":42.328115,"LON":-83.879567,"CBSA":"11460","NMCBSA":"Ann Arbor, MI","CBSATYPE":"1","CSA":"220","NMCSA":"Detroit-Warren-Ann Arbor, MI","CD":"2606","SLDL":"26047","SLDU":"26014","SCHOOLYEAR":"2024-2025"}},{"type":"Feature","id":44385,"geometry":{"type":"Point","coordinates":[-83.14912099986488,42.94903700019288]},"properties":{"OBJECTID":44385,"NCESSCH":"261224004926","LEAID":"2612240","NAME":"Dryden High School","OPSTFIPS":"26","STREET":"3866 ROCHESTER RD","CITY":"DRYDEN","STATE":"MI","ZIP":"48428","STFIP":"26","CNTY":"26087","NMCNTY":"Lapeer County","LOCALE":"42","LAT":42.949037,"LON":-83.149121,"CBSA":"19820","NMCBSA":"Detroit-Warren-Dearborn, MI","CBSATYPE":"1","CSA":"220","NMCSA":"Detroit-Warren-Ann Arbor, MI","CD":"2609","SLDL":"26065","SLDU":"26024","SCHOOLYEAR":"2024-2025"}},{"type":"Feature","id":44386,"geometry":{"type":"Point","coordinates":[-83.12480000036126,42.949099999447085]},"properties":{"OBJECTID":44386,"NCESSCH":"261224004927","LEAID":"2612240","NAME":"Dryden Elementary School","OPSTFIPS":"26","STREET":"3835 N MILL RD","CITY":"DRYDEN","STATE":"MI","ZIP":"48428","STFIP":"26","CNTY":"26087","NMCNTY":"Lapeer County","LOCALE":"42","LAT":42.9491,"LON":-83.1248,"CBSA":"19820","NMCBSA":"Detroit-Warren-Dearborn, MI","CBSATYPE":"1","CSA":"220","NMCSA":"Detroit-Warren-Ann Arbor, MI","CD":"2609","SLDL":"26065","SLDU":"26024","SCHOOLYEAR":"2024-2025"}},{"type":"Feature","id":44387,"geometry":{"type":"Point","coordinates":[-83.65909999923107,41.953600000209676]},"properties":{"OBJECTID":44387,"NCESSCH":"261230001389","LEAID":"2612300","NAME":"Riverside Academy","OPSTFIPS":"26","STREET":"445 TOLEDO ST","CITY":"DUNDEE","STATE":"MI","ZIP":"48131","STFIP":"26","CNTY":"26115","NMCNTY":"Monroe County","LOCALE":"31","LAT":41.9536,"LON":-83.6591,"CBSA":"33780","NMCBSA":"Monroe, MI","CBSATYPE":"1","CSA":"220","NMCSA":"Detroit-Warren-Ann Arbor, MI","CD":"2605","SLDL":"26031","SLDU":"26016","SCHOOLYEAR":"2024-2025"}},{"type":"Feature","id":44388,"geometry":{"type":"Point","coordinates":[-83.658000000528,41.9606000005103]},"properties":{"OBJECTID":44388,"NCESSCH":"261230004928","LEAID":"2612300","NAME":"Dundee Elementary School","OPSTFIPS":"26","STREET":"420 YPSILANTI ST","CITY":"DUNDEE","STATE":"MI","ZIP":"48131","STFIP":"26","CNTY":"26115","NMCNTY":"Monroe County","LOCALE":"31","LAT":41.9606,"LON":-83.658,"CBSA":"33780","NMCBSA":"Monroe, MI","CBSATYPE":"1","CSA":"220","NMCSA":"Detroit-Warren-Ann Arbor, MI","CD":"2605","SLDL":"26031","SLDU":"26016","SCHOOLYEAR":"2024-2025"}},{"type":"Feature","id":44389,"geometry":{"type":"Point","coordinates":[-83.66219999997139,41.96239999961908]},"properties":{"OBJECTID":44389,"NCESSCH":"261230004929","LEAID":"2612300","NAME":"Dundee Community High School","OPSTFIPS":"26","STREET":"130 VIKING DR","CITY":"DUNDEE","STATE":"MI","ZIP":"48131","STFIP":"26","CNTY":"26115","NMCNTY":"Monroe County","LOCALE":"31","LAT":41.9624,"LON":-83.6622,"CBSA":"33780","NMCBSA":"Monroe, MI","CBSATYPE":"1","CSA":"220","NMCSA":"Detroit-Warren-Ann Arbor, MI","CD":"2605","SLDL":"26031","SLDU":"26016","SCHOOLYEAR":"2024-2025"}},{"type":"Feature","id":44390,"geometry":{"type":"Point","coordinates":[-83.65872299976954,41.960833000515336]},"properties":{"OBJECTID":44390,"NCESSCH":"261230004930","LEAID":"2612300","NAME":"Dundee Middle School","OPSTFIPS":"26","STREET":"420 YPSILANTI ST","CITY":"DUNDEE","STATE":"MI","ZIP":"48131","STFIP":"26","CNTY":"26115","NMCNTY":"Monroe County","LOCALE":"31","LAT":41.960833,"LON":-83.658723,"CBSA":"33780","NMCBSA":"Monroe, MI","CBSATYPE":"1","CSA":"220","NMCSA":"Detroit-Warren-Ann Arbor, MI","CD":"2605","SLDL":"26031","SLDU":"26016","SCHOOLYEAR":"2024-2025"}},{"type":"Feature","id":44391,"geometry":{"type":"Point","coordinates":[-83.99909999975966,42.911199999664696]},"properties":{"OBJECTID":44391,"NCESSCH":"261233004932","LEAID":"2612330","NAME":"Bertha Neal School","OPSTFIPS":"26","STREET":"930 W MAIN ST","CITY":"DURAND","STATE":"MI","ZIP":"48429","STFIP":"26","CNTY":"26155","NMCNTY":"Shiawassee County","LOCALE":"31","LAT":42.9112,"LON":-83.9991,"CBSA":"37020","NMCBSA":"Owosso, MI","CBSATYPE":"2","CSA":"330","NMCSA":"Lansing-East Lansing-Owosso, MI","CD":"2607","SLDL":"26071","SLDU":"26028","SCHOOLYEAR":"2024-2025"}},{"type":"Feature","id":44392,"geometry":{"type":"Point","coordinates":[-83.97911000047463,42.919923000217445]},"properties":{"OBJECTID":44392,"NCESSCH":"261233004934","LEAID":"2612330","NAME":"Durand Area High School","OPSTFIPS":"26","STREET":"9575 E MONROE RD","CITY":"DURAND","STATE":"MI","ZIP":"48429","STFIP":"26","CNTY":"26155","NMCNTY":"Shiawassee County","LOCALE":"31","LAT":42.919923,"LON":-83.97911,"CBSA":"37020","NMCBSA":"Owosso, MI","CBSATYPE":"2","CSA":"330","NMCSA":"Lansing-East Lansing-Owosso, MI","CD":"2607","SLDL":"26071","SLDU":"26028","SCHOOLYEAR":"2024-2025"}},{"type":"Feature","id":44393,"geometry":{"type":"Point","coordinates":[-83.97639999998027,42.92339999995982]},"properties":{"OBJECTID":44393,"NCESSCH":"261233004935","LEAID":"2612330","NAME":"Durand Middle School","OPSTFIPS":"26","STREET":"9550 E LANSING RD","CITY":"DURAND","STATE":"MI","ZIP":"48429","STFIP":"26","CNTY":"26155","NMCNTY":"Shiawassee County","LOCALE":"31","LAT":42.9234,"LON":-83.9764,"CBSA":"37020","NMCBSA":"Owosso, MI","CBSATYPE":"2","CSA":"330","NMCSA":"Lansing-East Lansing-Owosso, MI","CD":"2607","SLDL":"26071","SLDU":"26028","SCHOOLYEAR":"2024-2025"}},{"type":"Feature","id":44394,"geometry":{"type":"Point","coordinates":[-83.9769999997091,42.91870000011655]},"properties":{"OBJECTID":44394,"NCESSCH":"261233004936","LEAID":"2612330","NAME":"Robert Kerr School","OPSTFIPS":"26","STREET":"9591 E MONROE RD","CITY":"DURAND","STATE":"MI","ZIP":"48429","STFIP":"26","CNTY":"26155","NMCNTY":"Shiawassee County","LOCALE":"31","LAT":42.9187,"LON":-83.977,"CBSA":"37020","NMCBSA":"Owosso, MI","CBSATYPE":"2","CSA":"330","NMCSA":"Lansing-East Lansing-Owosso, MI","CD":"2607","SLDL":"26071","SLDU":"26028","SCHOOLYEAR":"2024-2025"}},{"type":"Feature","id":44404,"geometry":{"type":"Point","coordinates":[-82.95809999998562,42.47670000011772]},"properties":{"OBJECTID":44404,"NCESSCH":"261245004948","LEAID":"2612450","NAME":"Bellview Elementary School","OPSTFIPS":"26","STREET":"15800 BELL AVE","CITY":"EASTPOINTE","STATE":"MI","ZIP":"48021","STFIP":"26","CNTY":"26099","NMCNTY":"Macomb County","LOCALE":"21","LAT":42.4767,"LON":-82.9581,"CBSA":"19820","NMCBSA":"Detroit-Warren-Dearborn, MI","CBSATYPE":"1","CSA":"220","NMCSA":"Detroit-Warren-Ann Arbor, MI","CD":"2610","SLDL":"26012","SLDU":"26011","SCHOOLYEAR":"2024-2025"}},{"type":"Feature","id":44405,"geometry":{"type":"Point","coordinates":[-82.9620400000033,42.46362999961322]},"properties":{"OBJECTID":44405,"NCESSCH":"261245004950","LEAID":"2612450","NAME":"Eastpointe High School","OPSTFIPS":"26","STREET":"15501 COUZENS AVE","CITY":"EASTPOINTE","STATE":"MI","ZIP":"48021","STFIP":"26","CNTY":"26099","NMCNTY":"Macomb County","LOCALE":"21","LAT":42.46363,"LON":-82.96204,"CBSA":"19820","NMCBSA":"Detroit-Warren-Dearborn, MI","CBSATYPE":"1","CSA":"220","NMCSA":"Detroit-Warren-Ann Arbor, MI","CD":"2610","SLDL":"26012","SLDU":"26011","SCHOOLYEAR":"2024-2025"}},{"type":"Feature","id":44406,"geometry":{"type":"Point","coordinates":[-82.92790000074024,42.477299999737106]},"properties":{"OBJECTID":44406,"NCESSCH":"261245004953","LEAID":"2612450","NAME":"Eastpointe Middle School","OPSTFIPS":"26","STREET":"24701 KELLY RD","CITY":"EASTPOINTE","STATE":"MI","ZIP":"48021","STFIP":"26","CNTY":"26099","NMCNTY":"Macomb County","LOCALE":"21","LAT":42.4773,"LON":-82.9279,"CBSA":"19820","NMCBSA":"Detroit-Warren-Dearborn, MI","CBSATYPE":"1","CSA":"220","NMCSA":"Detroit-Warren-Ann Arbor, MI","CD":"2610","SLDL":"26012","SLDU":"26011","SCHOOLYEAR":"2024-2025"}},{"type":"Feature","id":44407,"geometry":{"type":"Point","coordinates":[-82.95080000002811,42.45800000018251]},"properties":{"OBJECTID":44407,"NCESSCH":"261245004955","LEAID":"2612450","NAME":"Pleasantview Elementary School","OPSTFIPS":"26","STREET":"16501 TOEPFER DR","CITY":"EASTPOINTE","STATE":"MI","ZIP":"48021","STFIP":"26","CNTY":"26099","NMCNTY":"Macomb County","LOCALE":"21","LAT":42.458,"LON":-82.9508,"CBSA":"19820","NMCBSA":"Detroit-Warren-Dearborn, MI","CBSATYPE":"1","CSA":"220","NMCSA":"Detroit-Warren-Ann Arbor, MI","CD":"2610","SLDL":"26012","SLDU":"26011","SCHOOLYEAR":"2024-2025"}},{"type":"Feature","id":44408,"geometry":{"type":"Point","coordinates":[-82.93159999972437,42.47560000025163]},"properties":{"OBJECTID":44408,"NCESSCH":"261245008234","LEAID":"2612450","NAME":"Forest Park Elementary School","OPSTFIPS":"26","STREET":"18361 FOREST AVE","CITY":"EASTPOINTE","STATE":"MI","ZIP":"48021","STFIP":"26","CNTY":"26099","NMCNTY":"Macomb County","LOCALE":"21","LAT":42.4756,"LON":-82.9316,"CBSA":"19820","NMCBSA":"Detroit-Warren-Dearborn, MI","CBSATYPE":"1","CSA":"220","NMCSA":"Detroit-Warren-Ann Arbor, MI","CD":"2610","SLDL":"26012","SLDU":"26011","SCHOOLYEAR":"2024-2025"}},{"type":"Feature","id":44409,"geometry":{"type":"Point","coordinates":[-82.97199999970111,42.45960000040254]},"properties":{"OBJECTID":44409,"NCESSCH":"261245008244","LEAID":"2612450","NAME":"Crescentwood Elementary School","OPSTFIPS":"26","STREET":"14500 CRESCENTWOOD AVE","CITY":"EASTPOINTE","STATE":"MI","ZIP":"48021","STFIP":"26","CNTY":"26099","NMCNTY":"Macomb County","LOCALE":"12","LAT":42.4596,"LON":-82.972,"CBSA":"19820","NMCBSA":"Detroit-Warren-Dearborn, MI","CBSATYPE":"1","CSA":"220","NMCSA":"Detroit-Warren-Ann Arbor, MI","CD":"2610","SLDL":"26011","SLDU":"26010","SCHOOLYEAR":"2024-2025"}},{"type":"Feature","id":44410,"geometry":{"type":"Point","coordinates":[-82.9620400000033,42.46362999961322]},"properties":{"OBJECTID":44410,"NCESSCH":"261245008766","LEAID":"2612450","NAME":"Eastpointe Virtual Academy","OPSTFIPS":"26","STREET":"15501 COUZENS AVE","CITY":"EASTPOINTE","STATE":"MI","ZIP":"48021","STFIP":"26","CNTY":"26099","NMCNTY":"Macomb County","LOCALE":"21","LAT":42.46363,"LON":-82.96204,"CBSA":"19820","NMCBSA":"Detroit-Warren-Dearborn, MI","CBSATYPE":"1","CSA":"220","NMCSA":"Detroit-Warren-Ann Arbor, MI","CD":"2610","SLDL":"26012","SLDU":"26011","SCHOOLYEAR":"2024-2025"}},{"type":"Feature","id":44411,"geometry":{"type":"Point","coordinates":[-82.9620400000033,42.46362999961322]},"properties":{"OBJECTID":44411,"NCESSCH":"261245008832","LEAID":"2612450","NAME":"Eastpointe Alternative Center","OPSTFIPS":"26","STREET":"15501 COUZENS AVE","CITY":"EASTPOINTE","STATE":"MI","ZIP":"48021","STFIP":"26","CNTY":"26099","NMCNTY":"Macomb County","LOCALE":"21","LAT":42.46363,"LON":-82.96204,"CBSA":"19820","NMCBSA":"Detroit-Warren-Dearborn, MI","CBSATYPE":"1","CSA":"220","NMCSA":"Detroit-Warren-Ann Arbor, MI","CD":"2610","SLDL":"26012","SLDU":"26011","SCHOOLYEAR":"2024-2025"}},{"type":"Feature","id":44417,"geometry":{"type":"Point","coordinates":[-84.29605599984222,42.29662800026968]},"properties":{"OBJECTID":44417,"NCESSCH":"261254004964","LEAID":"2612540","NAME":"East Jackson Elementary","OPSTFIPS":"26","STREET":"4340 WALZ RD","CITY":"JACKSON","STATE":"MI","ZIP":"49201","STFIP":"26","CNTY":"26075","NMCNTY":"Jackson County","LOCALE":"41","LAT":42.296628,"LON":-84.296056,"CBSA":"27100","NMCBSA":"Jackson, MI","CBSATYPE":"1","CSA":"N","NMCSA":"N","CD":"2605","SLDL":"26046","SLDU":"26014","SCHOOLYEAR":"2024-2025"}},{"type":"Feature","id":44442,"geometry":{"type":"Point","coordinates":[-83.14849999988996,42.25029999953283]},"properties":{"OBJECTID":44442,"NCESSCH":"261293004988","LEAID":"2612930","NAME":"Ecorse Community High School","OPSTFIPS":"26","STREET":"27385 W OUTER DR","CITY":"ECORSE","STATE":"MI","ZIP":"48229","STFIP":"26","CNTY":"26163","NMCNTY":"Wayne County","LOCALE":"21","LAT":42.2503,"LON":-83.1485,"CBSA":"19820","NMCBSA":"Detroit-Warren-Dearborn, MI","CBSATYPE":"1","CSA":"220","NMCSA":"Detroit-Warren-Ann Arbor, MI","CD":"2613","SLDL":"26001","SLDU":"26001","SCHOOLYEAR":"2024-2025"}},{"type":"Feature","id":44443,"geometry":{"type":"Point","coordinates":[-83.15390000029115,42.25849999971592]},"properties":{"OBJECTID":44443,"NCESSCH":"261293004990","LEAID":"2612930","NAME":"Ralph J Bunche Academy","OPSTFIPS":"26","STREET":"503 HYACINTHE ST","CITY":"ECORSE","STATE":"MI","ZIP":"48229","STFIP":"26","CNTY":"26163","NMCNTY":"Wayne County","LOCALE":"21","LAT":42.2585,"LON":-83.1539,"CBSA":"19820","NMCBSA":"Detroit-Warren-Dearborn, MI","CBSATYPE":"1","CSA":"220","NMCSA":"Detroit-Warren-Ann Arbor, MI","CD":"2613","SLDL":"26001","SLDU":"26001","SCHOOLYEAR":"2024-2025"}},{"type":"Feature","id":44444,"geometry":{"type":"Point","coordinates":[-83.15550000034877,42.24269999983497]},"properties":{"OBJECTID":44444,"NCESSCH":"261293004991","LEAID":"2612930","NAME":"GrandPort Elementary Academy","OPSTFIPS":"26","STREET":"4536 6TH ST","CITY":"ECORSE","STATE":"MI","ZIP":"48229","STFIP":"26","CNTY":"26163","NMCNTY":"Wayne County","LOCALE":"21","LAT":42.2427,"LON":-83.1555,"CBSA":"19820","NMCBSA":"Detroit-Warren-Dearborn, MI","CBSATYPE":"1","CSA":"220","NMCSA":"Detroit-Warren-Ann Arbor, MI","CD":"2613","SLDL":"26001","SLDU":"26001","SCHOOLYEAR":"2024-2025"}},{"type":"Feature","id":44445,"geometry":{"type":"Point","coordinates":[-83.15079999965023,42.25090000052405]},"properties":{"OBJECTID":44445,"NCESSCH":"261293008570","LEAID":"2612930","NAME":"Downriver Digital Academy","OPSTFIPS":"26","STREET":"27225 W OUTER DR","CITY":"ECORSE","STATE":"MI","ZIP":"48229","STFIP":"26","CNTY":"26163","NMCNTY":"Wayne County","LOCALE":"21","LAT":42.2509,"LON":-83.1508,"CBSA":"19820","NMCBSA":"Detroit-Warren-Dearborn, MI","CBSATYPE":"1","CSA":"220","NMCSA":"Detroit-Warren-Ann Arbor, MI","CD":"2613","SLDL":"26001","SLDU":"26001","SCHOOLYEAR":"2024-2025"}},{"type":"Feature","id":44446,"geometry":{"type":"Point","coordinates":[-83.15079999965023,42.25090000052405]},"properties":{"OBJECTID":44446,"NCESSCH":"261293008849","LEAID":"2612930","NAME":"Vincent G Parks Alternative Education Center","OPSTFIPS":"26","STREET":"27225 W OUTER DR","CITY":"ECORSE","STATE":"MI","ZIP":"48229","STFIP":"26","CNTY":"26163","NMCNTY":"Wayne County","LOCALE":"21","LAT":42.2509,"LON":-83.1508,"CBSA":"19820","NMCBSA":"Detroit-Warren-Dearborn, MI","CBSATYPE":"1","CSA":"220","NMCSA":"Detroit-Warren-Ann Arbor, MI","CD":"2613","SLDL":"26001","SLDU":"26001","SCHOOLYEAR":"2024-2025"}},{"type":"Feature","id":44447,"geometry":{"type":"Point","coordinates":[-83.14287299927835,42.25157100003982]},"properties":{"OBJECTID":44447,"NCESSCH":"261293009030","LEAID":"2612930","NAME":"Brenda Hague Early Learning Village","OPSTFIPS":"26","STREET":"50 W JOSEPHINE ST","CITY":"ECORSE","STATE":"MI","ZIP":"48229","STFIP":"26","CNTY":"26163","NMCNTY":"Wayne County","LOCALE":"21","LAT":42.251571,"LON":-83.142873,"CBSA":"19820","NMCBSA":"Detroit-Warren-Dearborn, MI","CBSATYPE":"1","CSA":"220","NMCSA":"Detroit-Warren-Ann Arbor, MI","CD":"2613","SLDL":"26001","SLDU":"26001","SCHOOLYEAR":"2024-2025"}},{"type":"Feature","id":44479,"geometry":{"type":"Point","coordinates":[-83.35038600061004,42.50921800005492]},"properties":{"OBJECTID":44479,"NCESSCH":"261407004371","LEAID":"2614070","NAME":"Farmington Central High School","OPSTFIPS":"26","STREET":"30175 HIGHMEADOW RD","CITY":"FARMINGTN HLS","STATE":"MI","ZIP":"48334","STFIP":"26","CNTY":"26125","NMCNTY":"Oakland County","LOCALE":"13","LAT":42.509218,"LON":-83.350386,"CBSA":"19820","NMCBSA":"Detroit-Warren-Dearborn, MI","CBSATYPE":"1","CSA":"220","NMCSA":"Detroit-Warren-Ann Arbor, MI","CD":"2611","SLDL":"26019","SLDU":"26013","SCHOOLYEAR":"2024-2025"}},{"type":"Feature","id":44480,"geometry":{"type":"Point","coordinates":[-83.34759999928872,42.493400000416116]},"properties":{"OBJECTID":44480,"NCESSCH":"261407005033","LEAID":"2614070","NAME":"Beechview Elementary School","OPSTFIPS":"26","STREET":"26850 WESTMEATH CT","CITY":"FARMINGTON HILLS","STATE":"MI","ZIP":"48334","STFIP":"26","CNTY":"26125","NMCNTY":"Oakland County","LOCALE":"13","LAT":42.4934,"LON":-83.3476,"CBSA":"19820","NMCBSA":"Detroit-Warren-Dearborn, MI","CBSATYPE":"1","CSA":"220","NMCSA":"Detroit-Warren-Ann Arbor, MI","CD":"2611","SLDL":"26019","SLDU":"26006","SCHOOLYEAR":"2024-2025"}},{"type":"Feature","id":44481,"geometry":{"type":"Point","coordinates":[-83.33709999971339,42.478799999381245]},"properties":{"OBJECTID":44481,"NCESSCH":"261407005036","LEAID":"2614070","NAME":"East Middle School","OPSTFIPS":"26","STREET":"25000 MIDDLEBELT RD","CITY":"FARMINGTON HILLS","STATE":"MI","ZIP":"48336","STFIP":"26","CNTY":"26125","NMCNTY":"Oakland County","LOCALE":"13","LAT":42.4788,"LON":-83.3371,"CBSA":"19820","NMCBSA":"Detroit-Warren-Dearborn, MI","CBSATYPE":"1","CSA":"220","NMCSA":"Detroit-Warren-Ann Arbor, MI","CD":"2611","SLDL":"26018","SLDU":"26006","SCHOOLYEAR":"2024-2025"}},{"type":"Feature","id":44482,"geometry":{"type":"Point","coordinates":[-83.34828199925235,42.458317000211025]},"properties":{"OBJECTID":44482,"NCESSCH":"261407005038","LEAID":"2614070","NAME":"Visions Unlimited","OPSTFIPS":"26","STREET":"30415 SHIAWASSEE RD","CITY":"FARMINGTN HLS","STATE":"MI","ZIP":"48336","STFIP":"26","CNTY":"26125","NMCNTY":"Oakland County","LOCALE":"13","LAT":42.458317,"LON":-83.348282,"CBSA":"19820","NMCBSA":"Detroit-Warren-Dearborn, MI","CBSATYPE":"1","CSA":"220","NMCSA":"Detroit-Warren-Ann Arbor, MI","CD":"2611","SLDL":"26018","SLDU":"26006","SCHOOLYEAR":"2024-2025"}},{"type":"Feature","id":44483,"geometry":{"type":"Point","coordinates":[-83.36109999971225,42.463999999561274]},"properties":{"OBJECTID":44483,"NCESSCH":"261407005039","LEAID":"2614070","NAME":"Farmington High School","OPSTFIPS":"26","STREET":"32000 SHIAWASSEE RD","CITY":"FARMINGTON","STATE":"MI","ZIP":"48336","STFIP":"26","CNTY":"26125","NMCNTY":"Oakland County","LOCALE":"21","LAT":42.464,"LON":-83.3611,"CBSA":"19820","NMCBSA":"Detroit-Warren-Dearborn, MI","CBSATYPE":"1","CSA":"220","NMCSA":"Detroit-Warren-Ann Arbor, MI","CD":"2611","SLDL":"26018","SLDU":"26006","SCHOOLYEAR":"2024-2025"}},{"type":"Feature","id":44484,"geometry":{"type":"Point","coordinates":[-83.38740000023921,42.44730000028953]},"properties":{"OBJECTID":44484,"NCESSCH":"261407005041","LEAID":"2614070","NAME":"Gill Elementary School","OPSTFIPS":"26","STREET":"21195 GILL RD","CITY":"FARMINGTON","STATE":"MI","ZIP":"48335","STFIP":"26","CNTY":"26125","NMCNTY":"Oakland County","LOCALE":"13","LAT":42.4473,"LON":-83.3874,"CBSA":"19820","NMCBSA":"Detroit-Warren-Dearborn, MI","CBSATYPE":"1","CSA":"220","NMCSA":"Detroit-Warren-Ann Arbor, MI","CD":"2611","SLDL":"26021","SLDU":"26006","SCHOOLYEAR":"2024-2025"}},{"type":"Feature","id":44485,"geometry":{"type":"Point","coordinates":[-83.36439999962411,42.50610000079567]},"properties":{"OBJECTID":44485,"NCESSCH":"261407005042","LEAID":"2614070","NAME":"Kenbrook Elementary School","OPSTFIPS":"26","STREET":"32130 BONNET HILL RD","CITY":"FARMINGTON HILLS","STATE":"MI","ZIP":"48334","STFIP":"26","CNTY":"26125","NMCNTY":"Oakland County","LOCALE":"13","LAT":42.5061,"LON":-83.3644,"CBSA":"19820","NMCBSA":"Detroit-Warren-Dearborn, MI","CBSATYPE":"1","CSA":"220","NMCSA":"Detroit-Warren-Ann Arbor, MI","CD":"2611","SLDL":"26019","SLDU":"26013","SCHOOLYEAR":"2024-2025"}},{"type":"Feature","id":44486,"geometry":{"type":"Point","coordinates":[-83.34629999952979,42.46789999999761]},"properties":{"OBJECTID":44486,"NCESSCH":"261407005043","LEAID":"2614070","NAME":"JA Lanigan Elementary School","OPSTFIPS":"26","STREET":"23800 TUCK RD","CITY":"FARMINGTON HILLS","STATE":"MI","ZIP":"48336","STFIP":"26","CNTY":"26125","NMCNTY":"Oakland County","LOCALE":"13","LAT":42.4679,"LON":-83.3463,"CBSA":"19820","NMCBSA":"Detroit-Warren-Dearborn, MI","CBSATYPE":"1","CSA":"220","NMCSA":"Detroit-Warren-Ann Arbor, MI","CD":"2611","SLDL":"26018","SLDU":"26006","SCHOOLYEAR":"2024-2025"}},{"type":"Feature","id":44487,"geometry":{"type":"Point","coordinates":[-83.39230000022289,42.46329999985565]},"properties":{"OBJECTID":44487,"NCESSCH":"261407005044","LEAID":"2614070","NAME":"Longacre Elementary School","OPSTFIPS":"26","STREET":"34850 ARUNDEL DR","CITY":"FARMINGTON","STATE":"MI","ZIP":"48335","STFIP":"26","CNTY":"26125","NMCNTY":"Oakland County","LOCALE":"21","LAT":42.4633,"LON":-83.3923,"CBSA":"19820","NMCBSA":"Detroit-Warren-Dearborn, MI","CBSATYPE":"1","CSA":"220","NMCSA":"Detroit-Warren-Ann Arbor, MI","CD":"2611","SLDL":"26018","SLDU":"26006","SCHOOLYEAR":"2024-2025"}},{"type":"Feature","id":44488,"geometry":{"type":"Point","coordinates":[-83.37539999979016,42.51460000073039]},"properties":{"OBJECTID":44488,"NCESSCH":"261407005045","LEAID":"2614070","NAME":"North Farmington High School","OPSTFIPS":"26","STREET":"32900 W 13 MILE RD","CITY":"FARMINGTON HILLS","STATE":"MI","ZIP":"48334","STFIP":"26","CNTY":"26125","NMCNTY":"Oakland County","LOCALE":"13","LAT":42.5146,"LON":-83.3754,"CBSA":"19820","NMCBSA":"Detroit-Warren-Dearborn, MI","CBSATYPE":"1","CSA":"220","NMCSA":"Detroit-Warren-Ann Arbor, MI","CD":"2611","SLDL":"26019","SLDU":"26013","SCHOOLYEAR":"2024-2025"}},{"type":"Feature","id":44489,"geometry":{"type":"Point","coordinates":[-83.39010000004912,42.4471000001174]},"properties":{"OBJECTID":44489,"NCESSCH":"261407005051","LEAID":"2614070","NAME":"Power Middle School","OPSTFIPS":"26","STREET":"34740 RHONSWOOD ST","CITY":"FARMINGTON HILLS","STATE":"MI","ZIP":"48335","STFIP":"26","CNTY":"26125","NMCNTY":"Oakland County","LOCALE":"13","LAT":42.4471,"LON":-83.3901,"CBSA":"19820","NMCBSA":"Detroit-Warren-Dearborn, MI","CBSATYPE":"1","CSA":"220","NMCSA":"Detroit-Warren-Ann Arbor, MI","CD":"2611","SLDL":"26021","SLDU":"26006","SCHOOLYEAR":"2024-2025"}},{"type":"Feature","id":44490,"geometry":{"type":"Point","coordinates":[-83.38999999986713,42.52100000011253]},"properties":{"OBJECTID":44490,"NCESSCH":"261407005052","LEAID":"2614070","NAME":"Forest Elementary School","OPSTFIPS":"26","STREET":"34545 OLD TIMBER RD","CITY":"FARMINGTON HILLS","STATE":"MI","ZIP":"48331","STFIP":"26","CNTY":"26125","NMCNTY":"Oakland County","LOCALE":"13","LAT":42.521,"LON":-83.39,"CBSA":"19820","NMCBSA":"Detroit-Warren-Dearborn, MI","CBSATYPE":"1","CSA":"220","NMCSA":"Detroit-Warren-Ann Arbor, MI","CD":"2611","SLDL":"26019","SLDU":"26013","SCHOOLYEAR":"2024-2025"}},{"type":"Feature","id":44491,"geometry":{"type":"Point","coordinates":[-83.32879999952509,42.504300000285774]},"properties":{"OBJECTID":44491,"NCESSCH":"261407005053","LEAID":"2614070","NAME":"Wood Creek Elementary School","OPSTFIPS":"26","STREET":"28400 HARWICH DR","CITY":"FARMINGTON HILLS","STATE":"MI","ZIP":"48334","STFIP":"26","CNTY":"26125","NMCNTY":"Oakland County","LOCALE":"13","LAT":42.5043,"LON":-83.3288,"CBSA":"19820","NMCBSA":"Detroit-Warren-Dearborn, MI","CBSATYPE":"1","CSA":"220","NMCSA":"Detroit-Warren-Ann Arbor, MI","CD":"2611","SLDL":"26019","SLDU":"26013","SCHOOLYEAR":"2024-2025"}},{"type":"Feature","id":44492,"geometry":{"type":"Point","coordinates":[-83.3490999999389,42.5278000003846]},"properties":{"OBJECTID":44492,"NCESSCH":"261407005055","LEAID":"2614070","NAME":"Warner Middle School","OPSTFIPS":"26","STREET":"30303 W 14 MILE RD","CITY":"FARMINGTON HILLS","STATE":"MI","ZIP":"48334","STFIP":"26","CNTY":"26125","NMCNTY":"Oakland County","LOCALE":"13","LAT":42.5278,"LON":-83.3491,"CBSA":"19820","NMCBSA":"Detroit-Warren-Dearborn, MI","CBSATYPE":"1","CSA":"220","NMCSA":"Detroit-Warren-Ann Arbor, MI","CD":"2611","SLDL":"26019","SLDU":"26013","SCHOOLYEAR":"2024-2025"}},{"type":"Feature","id":44493,"geometry":{"type":"Point","coordinates":[-83.41119999980143,42.482500000271685]},"properties":{"OBJECTID":44493,"NCESSCH":"261407007669","LEAID":"2614070","NAME":"Hillside Elementary School","OPSTFIPS":"26","STREET":"36801 W 11 MILE RD","CITY":"FARMINGTON HILLS","STATE":"MI","ZIP":"48335","STFIP":"26","CNTY":"26125","NMCNTY":"Oakland County","LOCALE":"13","LAT":42.4825,"LON":-83.4112,"CBSA":"19820","NMCBSA":"Detroit-Warren-Dearborn, MI","CBSATYPE":"1","CSA":"220","NMCSA":"Detroit-Warren-Ann Arbor, MI","CD":"2611","SLDL":"26021","SLDU":"26006","SCHOOLYEAR":"2024-2025"}},{"type":"Feature","id":44494,"geometry":{"type":"Point","coordinates":[-83.37213000039108,42.4995610002542]},"properties":{"OBJECTID":44494,"NCESSCH":"261407008836","LEAID":"2614070","NAME":"Farmington STEAM Academy","OPSTFIPS":"26","STREET":"32800 W 12 MILE RD","CITY":"FARMINGTON HILLS","STATE":"MI","ZIP":"48334","STFIP":"26","CNTY":"26125","NMCNTY":"Oakland County","LOCALE":"13","LAT":42.499561,"LON":-83.37213,"CBSA":"19820","NMCBSA":"Detroit-Warren-Dearborn, MI","CBSATYPE":"1","CSA":"220","NMCSA":"Detroit-Warren-Ann Arbor, MI","CD":"2611","SLDL":"26019","SLDU":"26013","SCHOOLYEAR":"2024-2025"}},{"type":"Feature","id":44503,"geometry":{"type":"Point","coordinates":[-83.69728799965,42.80186699942069]},"properties":{"OBJECTID":44503,"NCESSCH":"261425005064","LEAID":"2614250","NAME":"TomekEastern Elem School","OPSTFIPS":"26","STREET":"600 4TH ST","CITY":"FENTON","STATE":"MI","ZIP":"48430","STFIP":"26","CNTY":"26049","NMCNTY":"Genesee County","LOCALE":"31","LAT":42.801867,"LON":-83.697288,"CBSA":"22420","NMCBSA":"Flint, MI","CBSATYPE":"1","CSA":"220","NMCSA":"Detroit-Warren-Ann Arbor, MI","CD":"2608","SLDL":"26072","SLDU":"26022","SCHOOLYEAR":"2024-2025"}},{"type":"Feature","id":44504,"geometry":{"type":"Point","coordinates":[-83.73009500031917,42.787167000169305]},"properties":{"OBJECTID":44504,"NCESSCH":"261425005065","LEAID":"2614250","NAME":"Andrew G Schmidt Middle School","OPSTFIPS":"26","STREET":"3255 DONALDSON DR","CITY":"FENTON","STATE":"MI","ZIP":"48430","STFIP":"26","CNTY":"26049","NMCNTY":"Genesee County","LOCALE":"31","LAT":42.787167,"LON":-83.730095,"CBSA":"22420","NMCBSA":"Flint, MI","CBSATYPE":"1","CSA":"220","NMCSA":"Detroit-Warren-Ann Arbor, MI","CD":"2608","SLDL":"26072","SLDU":"26022","SCHOOLYEAR":"2024-2025"}},{"type":"Feature","id":44505,"geometry":{"type":"Point","coordinates":[-83.71281299957445,42.803522999905425]},"properties":{"OBJECTID":44505,"NCESSCH":"261425005066","LEAID":"2614250","NAME":"North Road Elementary School","OPSTFIPS":"26","STREET":"525 NORTH RD","CITY":"FENTON","STATE":"MI","ZIP":"48430","STFIP":"26","CNTY":"26049","NMCNTY":"Genesee County","LOCALE":"31","LAT":42.803523,"LON":-83.712813,"CBSA":"22420","NMCBSA":"Flint, MI","CBSATYPE":"1","CSA":"220","NMCSA":"Detroit-Warren-Ann Arbor, MI","CD":"2608","SLDL":"26072","SLDU":"26022","SCHOOLYEAR":"2024-2025"}},{"type":"Feature","id":44506,"geometry":{"type":"Point","coordinates":[-83.7130999998303,42.78430900055163]},"properties":{"OBJECTID":44506,"NCESSCH":"261425005067","LEAID":"2614250","NAME":"State Road Elementary School","OPSTFIPS":"26","STREET":"1161 STATE RD","CITY":"FENTON","STATE":"MI","ZIP":"48430","STFIP":"26","CNTY":"26049","NMCNTY":"Genesee County","LOCALE":"31","LAT":42.784309,"LON":-83.7131,"CBSA":"22420","NMCBSA":"Flint, MI","CBSATYPE":"1","CSA":"220","NMCSA":"Detroit-Warren-Ann Arbor, MI","CD":"2608","SLDL":"26072","SLDU":"26022","SCHOOLYEAR":"2024-2025"}},{"type":"Feature","id":44507,"geometry":{"type":"Point","coordinates":[-83.7334310001154,42.784779999581886]},"properties":{"OBJECTID":44507,"NCESSCH":"261425005068","LEAID":"2614250","NAME":"Fenton Senior High School","OPSTFIPS":"26","STREET":"3200 W SHIAWASSEE AVE","CITY":"FENTON","STATE":"MI","ZIP":"48430","STFIP":"26","CNTY":"26049","NMCNTY":"Genesee County","LOCALE":"31","LAT":42.78478,"LON":-83.733431,"CBSA":"22420","NMCBSA":"Flint, MI","CBSATYPE":"1","CSA":"220","NMCSA":"Detroit-Warren-Ann Arbor, MI","CD":"2608","SLDL":"26072","SLDU":"26022","SCHOOLYEAR":"2024-2025"}},{"type":"Feature","id":44508,"geometry":{"type":"Point","coordinates":[-83.73204400013034,42.78940000045656]},"properties":{"OBJECTID":44508,"NCESSCH":"261425008756","LEAID":"2614250","NAME":"FENTON HORIZON ACADEMY","OPSTFIPS":"26","STREET":"3100 OWEN RD","CITY":"FENTON","STATE":"MI","ZIP":"48430","STFIP":"26","CNTY":"26049","NMCNTY":"Genesee County","LOCALE":"31","LAT":42.7894,"LON":-83.732044,"CBSA":"22420","NMCBSA":"Flint, MI","CBSATYPE":"1","CSA":"220","NMCSA":"Detroit-Warren-Ann Arbor, MI","CD":"2608","SLDL":"26072","SLDU":"26022","SCHOOLYEAR":"2024-2025"}},{"type":"Feature","id":44509,"geometry":{"type":"Point","coordinates":[-83.14954199974025,42.45330000036873]},"properties":{"OBJECTID":44509,"NCESSCH":"261428001282","LEAID":"2614280","NAME":"Ferndale Middle School","OPSTFIPS":"26","STREET":"725 PINECREST DR","CITY":"FERNDALE","STATE":"MI","ZIP":"48220","STFIP":"26","CNTY":"26125","NMCNTY":"Oakland County","LOCALE":"21","LAT":42.4533,"LON":-83.149542,"CBSA":"19820","NMCBSA":"Detroit-Warren-Dearborn, MI","CBSATYPE":"1","CSA":"220","NMCSA":"Detroit-Warren-Ann Arbor, MI","CD":"2611","SLDL":"26008","SLDU":"26008","SCHOOLYEAR":"2024-2025"}},{"type":"Feature","id":44510,"geometry":{"type":"Point","coordinates":[-83.18605199943366,42.458424999431614]},"properties":{"OBJECTID":44510,"NCESSCH":"261428001898","LEAID":"2614280","NAME":"CASA","OPSTFIPS":"26","STREET":"22180 PARKLAWN ST","CITY":"OAK PARK","STATE":"MI","ZIP":"48237","STFIP":"26","CNTY":"26125","NMCNTY":"Oakland County","LOCALE":"21","LAT":42.458425,"LON":-83.186052,"CBSA":"19820","NMCBSA":"Detroit-Warren-Dearborn, MI","CBSATYPE":"1","CSA":"220","NMCSA":"Detroit-Warren-Ann Arbor, MI","CD":"2611","SLDL":"26005","SLDU":"26008","SCHOOLYEAR":"2024-2025"}},{"type":"Feature","id":44511,"geometry":{"type":"Point","coordinates":[-83.13491899954556,42.46745999960145]},"properties":{"OBJECTID":44511,"NCESSCH":"261428001901","LEAID":"2614280","NAME":"University High School","OPSTFIPS":"26","STREET":"2521 BERMUDA ST","CITY":"FERNDALE","STATE":"MI","ZIP":"48220","STFIP":"26","CNTY":"26125","NMCNTY":"Oakland County","LOCALE":"21","LAT":42.46746,"LON":-83.134919,"CBSA":"19820","NMCBSA":"Detroit-Warren-Dearborn, MI","CBSATYPE":"1","CSA":"220","NMCSA":"Detroit-Warren-Ann Arbor, MI","CD":"2611","SLDL":"26008","SLDU":"26008","SCHOOLYEAR":"2024-2025"}},{"type":"Feature","id":44512,"geometry":{"type":"Point","coordinates":[-83.14831399932604,42.45290000036007]},"properties":{"OBJECTID":44512,"NCESSCH":"261428005072","LEAID":"2614280","NAME":"Ferndale High School","OPSTFIPS":"26","STREET":"881 PINECREST DR","CITY":"FERNDALE","STATE":"MI","ZIP":"48220","STFIP":"26","CNTY":"26125","NMCNTY":"Oakland County","LOCALE":"21","LAT":42.4529,"LON":-83.148314,"CBSA":"19820","NMCBSA":"Detroit-Warren-Dearborn, MI","CBSATYPE":"1","CSA":"220","NMCSA":"Detroit-Warren-Ann Arbor, MI","CD":"2611","SLDL":"26008","SLDU":"26008","SCHOOLYEAR":"2024-2025"}},{"type":"Feature","id":44513,"geometry":{"type":"Point","coordinates":[-83.16180500006071,42.470166999723425]},"properties":{"OBJECTID":44513,"NCESSCH":"261428005075","LEAID":"2614280","NAME":"Ferndale Upper Elementary Campus","OPSTFIPS":"26","STREET":"24220 ROSEWOOD ST","CITY":"OAK PARK","STATE":"MI","ZIP":"48237","STFIP":"26","CNTY":"26125","NMCNTY":"Oakland County","LOCALE":"21","LAT":42.470167,"LON":-83.161805,"CBSA":"19820","NMCBSA":"Detroit-Warren-Dearborn, MI","CBSATYPE":"1","CSA":"220","NMCSA":"Detroit-Warren-Ann Arbor, MI","CD":"2611","SLDL":"26005","SLDU":"26008","SCHOOLYEAR":"2024-2025"}},{"type":"Feature","id":44514,"geometry":{"type":"Point","coordinates":[-83.16295099987329,42.46429899963166]},"properties":{"OBJECTID":44514,"NCESSCH":"261428005076","LEAID":"2614280","NAME":"Ferndale Lower Elementary Campus","OPSTFIPS":"26","STREET":"23501 ROSEWOOD ST","CITY":"OAK PARK","STATE":"MI","ZIP":"48237","STFIP":"26","CNTY":"26125","NMCNTY":"Oakland County","LOCALE":"21","LAT":42.464299,"LON":-83.162951,"CBSA":"19820","NMCBSA":"Detroit-Warren-Dearborn, MI","CBSATYPE":"1","CSA":"220","NMCSA":"Detroit-Warren-Ann Arbor, MI","CD":"2611","SLDL":"26005","SLDU":"26008","SCHOOLYEAR":"2024-2025"}},{"type":"Feature","id":44515,"geometry":{"type":"Point","coordinates":[-83.15936200049119,42.45038599936021]},"properties":{"OBJECTID":44515,"NCESSCH":"261428008350","LEAID":"2614280","NAME":"Tri County Educational Center","OPSTFIPS":"26","STREET":"21131 GARDEN LN","CITY":"FERNDALE","STATE":"MI","ZIP":"48220","STFIP":"26","CNTY":"26125","NMCNTY":"Oakland County","LOCALE":"21","LAT":42.450386,"LON":-83.159362,"CBSA":"19820","NMCBSA":"Detroit-Warren-Dearborn, MI","CBSATYPE":"1","CSA":"220","NMCSA":"Detroit-Warren-Ann Arbor, MI","CD":"2611","SLDL":"26005","SLDU":"26008","SCHOOLYEAR":"2024-2025"}},{"type":"Feature","id":44516,"geometry":{"type":"Point","coordinates":[-83.06332800026372,42.46459299969879]},"properties":{"OBJECTID":44516,"NCESSCH":"261446005082","LEAID":"2614460","NAME":"Fitzgerald Senior High School","OPSTFIPS":"26","STREET":"23200 RYAN RD","CITY":"WARREN","STATE":"MI","ZIP":"48091","STFIP":"26","CNTY":"26099","NMCNTY":"Macomb County","LOCALE":"12","LAT":42.464593,"LON":-83.063328,"CBSA":"19820","NMCBSA":"Detroit-Warren-Dearborn, MI","CBSATYPE":"1","CSA":"220","NMCSA":"Detroit-Warren-Ann Arbor, MI","CD":"2610","SLDL":"26011","SLDU":"26003","SCHOOLYEAR":"2024-2025"}},{"type":"Feature","id":44517,"geometry":{"type":"Point","coordinates":[-83.05050000039216,42.454499999562934]},"properties":{"OBJECTID":44517,"NCESSCH":"261446005083","LEAID":"2614460","NAME":"Mound Park Elementary School","OPSTFIPS":"26","STREET":"5356 TOEPFER RD","CITY":"WARREN","STATE":"MI","ZIP":"48091","STFIP":"26","CNTY":"26099","NMCNTY":"Macomb County","LOCALE":"12","LAT":42.4545,"LON":-83.0505,"CBSA":"19820","NMCBSA":"Detroit-Warren-Dearborn, MI","CBSATYPE":"1","CSA":"220","NMCSA":"Detroit-Warren-Ann Arbor, MI","CD":"2610","SLDL":"26011","SLDU":"26003","SCHOOLYEAR":"2024-2025"}},{"type":"Feature","id":44518,"geometry":{"type":"Point","coordinates":[-83.07590000075581,42.471400000266975]},"properties":{"OBJECTID":44518,"NCESSCH":"261446005085","LEAID":"2614460","NAME":"Westview Elementary School","OPSTFIPS":"26","STREET":"24077 WARNER AVE","CITY":"WARREN","STATE":"MI","ZIP":"48091","STFIP":"26","CNTY":"26099","NMCNTY":"Macomb County","LOCALE":"12","LAT":42.4714,"LON":-83.0759,"CBSA":"19820","NMCBSA":"Detroit-Warren-Dearborn, MI","CBSATYPE":"1","CSA":"220","NMCSA":"Detroit-Warren-Ann Arbor, MI","CD":"2610","SLDL":"26014","SLDU":"26003","SCHOOLYEAR":"2024-2025"}},{"type":"Feature","id":44519,"geometry":{"type":"Point","coordinates":[-83.06710000009441,42.47189999979773]},"properties":{"OBJECTID":44519,"NCESSCH":"261446005086","LEAID":"2614460","NAME":"PD Chatterton Middle School","OPSTFIPS":"26","STREET":"24333 RYAN RD","CITY":"WARREN","STATE":"MI","ZIP":"48091","STFIP":"26","CNTY":"26099","NMCNTY":"Macomb County","LOCALE":"12","LAT":42.4719,"LON":-83.0671,"CBSA":"19820","NMCBSA":"Detroit-Warren-Dearborn, MI","CBSATYPE":"1","CSA":"220","NMCSA":"Detroit-Warren-Ann Arbor, MI","CD":"2610","SLDL":"26014","SLDU":"26003","SCHOOLYEAR":"2024-2025"}},{"type":"Feature","id":44520,"geometry":{"type":"Point","coordinates":[-83.06332800026372,42.46459299969879]},"properties":{"OBJECTID":44520,"NCESSCH":"261446008625","LEAID":"2614460","NAME":"Fitzgerald Virtual Academy","OPSTFIPS":"26","STREET":"23200 RYAN RD","CITY":"WARREN","STATE":"MI","ZIP":"48091","STFIP":"26","CNTY":"26099","NMCNTY":"Macomb County","LOCALE":"12","LAT":42.464593,"LON":-83.063328,"CBSA":"19820","NMCBSA":"Detroit-Warren-Dearborn, MI","CBSATYPE":"1","CSA":"220","NMCSA":"Detroit-Warren-Ann Arbor, MI","CD":"2610","SLDL":"26011","SLDU":"26003","SCHOOLYEAR":"2024-2025"}},{"type":"Feature","id":44521,"geometry":{"type":"Point","coordinates":[-83.07481399972318,42.45288100005541]},"properties":{"OBJECTID":44521,"NCESSCH":"261446008818","LEAID":"2614460","NAME":"Schofield Elementary School","OPSTFIPS":"26","STREET":"21555 WARNER AVE","CITY":"WARREN","STATE":"MI","ZIP":"48091","STFIP":"26","CNTY":"26099","NMCNTY":"Macomb County","LOCALE":"12","LAT":42.452881,"LON":-83.074814,"CBSA":"19820","NMCBSA":"Detroit-Warren-Dearborn, MI","CBSATYPE":"1","CSA":"220","NMCSA":"Detroit-Warren-Ann Arbor, MI","CD":"2610","SLDL":"26011","SLDU":"26003","SCHOOLYEAR":"2024-2025"}},{"type":"Feature","id":44522,"geometry":{"type":"Point","coordinates":[-83.64519000070074,43.0110409993709]},"properties":{"OBJECTID":44522,"NCESSCH":"261452002043","LEAID":"2614520","NAME":"Accelerated Learning Academy","OPSTFIPS":"26","STREET":"1602 S AVERILL AVE","CITY":"FLINT","STATE":"MI","ZIP":"48503","STFIP":"26","CNTY":"26049","NMCNTY":"Genesee County","LOCALE":"13","LAT":43.011041,"LON":-83.64519,"CBSA":"22420","NMCBSA":"Flint, MI","CBSATYPE":"1","CSA":"220","NMCSA":"Detroit-Warren-Ann Arbor, MI","CD":"2608","SLDL":"26070","SLDU":"26027","SCHOOLYEAR":"2024-2025"}},{"type":"Feature","id":44523,"geometry":{"type":"Point","coordinates":[-83.71070099927279,43.0153589997095]},"properties":{"OBJECTID":44523,"NCESSCH":"261452005099","LEAID":"2614520","NAME":"Durant Tuuri Mott School","OPSTFIPS":"26","STREET":"1518 UNIVERSITY AVE","CITY":"FLINT","STATE":"MI","ZIP":"48504","STFIP":"26","CNTY":"26049","NMCNTY":"Genesee County","LOCALE":"13","LAT":43.015359,"LON":-83.710701,"CBSA":"22420","NMCBSA":"Flint, MI","CBSATYPE":"1","CSA":"220","NMCSA":"Detroit-Warren-Ann Arbor, MI","CD":"2608","SLDL":"26070","SLDU":"26027","SCHOOLYEAR":"2024-2025"}},{"type":"Feature","id":44524,"geometry":{"type":"Point","coordinates":[-83.70915099968327,43.00384599980144]},"properties":{"OBJECTID":44524,"NCESSCH":"261452005100","LEAID":"2614520","NAME":"Eisenhower School","OPSTFIPS":"26","STREET":"1235 PERSHING ST","CITY":"FLINT","STATE":"MI","ZIP":"48503","STFIP":"26","CNTY":"26049","NMCNTY":"Genesee County","LOCALE":"13","LAT":43.003846,"LON":-83.709151,"CBSA":"22420","NMCBSA":"Flint, MI","CBSATYPE":"1","CSA":"220","NMCSA":"Detroit-Warren-Ann Arbor, MI","CD":"2608","SLDL":"26070","SLDU":"26027","SCHOOLYEAR":"2024-2025"}},{"type":"Feature","id":44525,"geometry":{"type":"Point","coordinates":[-83.66056600008325,42.986688000361916]},"properties":{"OBJECTID":44525,"NCESSCH":"261452005101","LEAID":"2614520","NAME":"Freeman School","OPSTFIPS":"26","STREET":"4001 OGEMA AVE","CITY":"FLINT","STATE":"MI","ZIP":"48507","STFIP":"26","CNTY":"26049","NMCNTY":"Genesee County","LOCALE":"13","LAT":42.986688,"LON":-83.660566,"CBSA":"22420","NMCBSA":"Flint, MI","CBSATYPE":"1","CSA":"220","NMCSA":"Detroit-Warren-Ann Arbor, MI","CD":"2608","SLDL":"26070","SLDU":"26027","SCHOOLYEAR":"2024-2025"}},{"type":"Feature","id":44526,"geometry":{"type":"Point","coordinates":[-83.70536799980253,42.986059999924606]},"properties":{"OBJECTID":44526,"NCESSCH":"261452005112","LEAID":"2614520","NAME":"Neithercut Elementary School","OPSTFIPS":"26","STREET":"2010 CRESTBROOK LN","CITY":"FLINT","STATE":"MI","ZIP":"48507","STFIP":"26","CNTY":"26049","NMCNTY":"Genesee County","LOCALE":"13","LAT":42.98606,"LON":-83.705368,"CBSA":"22420","NMCBSA":"Flint, MI","CBSATYPE":"1","CSA":"220","NMCSA":"Detroit-Warren-Ann Arbor, MI","CD":"2608","SLDL":"26070","SLDU":"26027","SCHOOLYEAR":"2024-2025"}},{"type":"Feature","id":44527,"geometry":{"type":"Point","coordinates":[-83.6614240001886,43.01614200040861]},"properties":{"OBJECTID":44527,"NCESSCH":"261452005115","LEAID":"2614520","NAME":"Pierce School","OPSTFIPS":"26","STREET":"1101 W VERNON DR","CITY":"FLINT","STATE":"MI","ZIP":"48503","STFIP":"26","CNTY":"26049","NMCNTY":"Genesee County","LOCALE":"13","LAT":43.016142,"LON":-83.661424,"CBSA":"22420","NMCBSA":"Flint, MI","CBSATYPE":"1","CSA":"220","NMCSA":"Detroit-Warren-Ann Arbor, MI","CD":"2608","SLDL":"26070","SLDU":"26027","SCHOOLYEAR":"2024-2025"}},{"type":"Feature","id":44528,"geometry":{"type":"Point","coordinates":[-83.64411800012188,43.03952899934833]},"properties":{"OBJECTID":44528,"NCESSCH":"261452005117","LEAID":"2614520","NAME":"Potter School","OPSTFIPS":"26","STREET":"2500 N AVERILL AVE","CITY":"FLINT","STATE":"MI","ZIP":"48506","STFIP":"26","CNTY":"26049","NMCNTY":"Genesee County","LOCALE":"13","LAT":43.039529,"LON":-83.644118,"CBSA":"22420","NMCBSA":"Flint, MI","CBSATYPE":"1","CSA":"220","NMCSA":"Detroit-Warren-Ann Arbor, MI","CD":"2608","SLDL":"26070","SLDU":"26027","SCHOOLYEAR":"2024-2025"}},{"type":"Feature","id":44529,"geometry":{"type":"Point","coordinates":[-83.69267199976859,43.0261339995089]},"properties":{"OBJECTID":44529,"NCESSCH":"261452005118","LEAID":"2614520","NAME":"DoyleRyder School","OPSTFIPS":"26","STREET":"1040 N SAGINAW ST","CITY":"FLINT","STATE":"MI","ZIP":"48503","STFIP":"26","CNTY":"26049","NMCNTY":"Genesee County","LOCALE":"13","LAT":43.026134,"LON":-83.692672,"CBSA":"22420","NMCBSA":"Flint, MI","CBSATYPE":"1","CSA":"220","NMCSA":"Detroit-Warren-Ann Arbor, MI","CD":"2608","SLDL":"26070","SLDU":"26027","SCHOOLYEAR":"2024-2025"}},{"type":"Feature","id":44530,"geometry":{"type":"Point","coordinates":[-83.69967100021398,42.99811400030431]},"properties":{"OBJECTID":44530,"NCESSCH":"261452005122","LEAID":"2614520","NAME":"Southwestern Classical Academy","OPSTFIPS":"26","STREET":"1420 W 12TH ST","CITY":"FLINT","STATE":"MI","ZIP":"48507","STFIP":"26","CNTY":"26049","NMCNTY":"Genesee County","LOCALE":"13","LAT":42.998114,"LON":-83.699671,"CBSA":"22420","NMCBSA":"Flint, MI","CBSATYPE":"1","CSA":"220","NMCSA":"Detroit-Warren-Ann Arbor, MI","CD":"2608","SLDL":"26070","SLDU":"26027","SCHOOLYEAR":"2024-2025"}},{"type":"Feature","id":44531,"geometry":{"type":"Point","coordinates":[-83.67246099995066,43.01993099948925]},"properties":{"OBJECTID":44531,"NCESSCH":"261452008443","LEAID":"2614520","NAME":"Gateway to CollegeMott Community College","OPSTFIPS":"26","STREET":"1401 E COURT ST","CITY":"FLINT","STATE":"MI","ZIP":"48503","STFIP":"26","CNTY":"26049","NMCNTY":"Genesee County","LOCALE":"13","LAT":43.019931,"LON":-83.672461,"CBSA":"22420","NMCBSA":"Flint, MI","CBSATYPE":"1","CSA":"220","NMCSA":"Detroit-Warren-Ann Arbor, MI","CD":"2608","SLDL":"26070","SLDU":"26027","SCHOOLYEAR":"2024-2025"}},{"type":"Feature","id":44534,"geometry":{"type":"Point","coordinates":[-83.68132699986455,43.02185600036047]},"properties":{"OBJECTID":44534,"NCESSCH":"261452008864","LEAID":"2614520","NAME":"Kearsley Street","OPSTFIPS":"26","STREET":"923 E KEARSLEY ST","CITY":"FLINT","STATE":"MI","ZIP":"48503","STFIP":"26","CNTY":"26049","NMCNTY":"Genesee County","LOCALE":"13","LAT":43.021856,"LON":-83.681327,"CBSA":"22420","NMCBSA":"Flint, MI","CBSATYPE":"1","CSA":"220","NMCSA":"Detroit-Warren-Ann Arbor, MI","CD":"2608","SLDL":"26070","SLDU":"26027","SCHOOLYEAR":"2024-2025"}},{"type":"Feature","id":44535,"geometry":{"type":"Point","coordinates":[-83.7054680004505,43.02350099938803]},"properties":{"OBJECTID":44535,"NCESSCH":"261452009018","LEAID":"2614520","NAME":"Whaley Children Centers","OPSTFIPS":"26","STREET":"1201 N GRAND TRAVERSE ST","CITY":"FLINT","STATE":"MI","ZIP":"48503","STFIP":"26","CNTY":"26049","NMCNTY":"Genesee County","LOCALE":"13","LAT":43.023501,"LON":-83.705468,"CBSA":"22420","NMCBSA":"Flint, MI","CBSATYPE":"1","CSA":"220","NMCSA":"Detroit-Warren-Ann Arbor, MI","CD":"2608","SLDL":"26070","SLDU":"26027","SCHOOLYEAR":"2024-2025"}},{"type":"Feature","id":44541,"geometry":{"type":"Point","coordinates":[-83.85939999915621,43.04799999957856]},"properties":{"OBJECTID":44541,"NCESSCH":"261455005147","LEAID":"2614550","NAME":"Seymour Elementary School","OPSTFIPS":"26","STREET":"3088 N SEYMOUR RD","CITY":"FLUSHING","STATE":"MI","ZIP":"48433","STFIP":"26","CNTY":"26049","NMCNTY":"Genesee County","LOCALE":"21","LAT":43.048,"LON":-83.8594,"CBSA":"22420","NMCBSA":"Flint, MI","CBSATYPE":"1","CSA":"220","NMCSA":"Detroit-Warren-Ann Arbor, MI","CD":"2608","SLDL":"26069","SLDU":"26027","SCHOOLYEAR":"2024-2025"}},{"type":"Feature","id":44570,"geometry":{"type":"Point","coordinates":[-84.06439999918929,42.6661999997989]},"properties":{"OBJECTID":44570,"NCESSCH":"261473000013","LEAID":"2614730","NAME":"Natalie Kreeger Elementary School","OPSTFIPS":"26","STREET":"430 N HIBBARD ST","CITY":"FOWLERVILLE","STATE":"MI","ZIP":"48836","STFIP":"26","CNTY":"26093","NMCNTY":"Livingston County","LOCALE":"41","LAT":42.6662,"LON":-84.0644,"CBSA":"19820","NMCBSA":"Detroit-Warren-Dearborn, MI","CBSATYPE":"1","CSA":"220","NMCSA":"Detroit-Warren-Ann Arbor, MI","CD":"2607","SLDL":"26050","SLDU":"26022","SCHOOLYEAR":"2024-2025"}},{"type":"Feature","id":44571,"geometry":{"type":"Point","coordinates":[-84.06777599961278,42.67029400033483]},"properties":{"OBJECTID":44571,"NCESSCH":"261473001140","LEAID":"2614730","NAME":"Fowlerville Junior High School","OPSTFIPS":"26","STREET":"7677 W SHARPE RD","CITY":"FOWLERVILLE","STATE":"MI","ZIP":"48836","STFIP":"26","CNTY":"26093","NMCNTY":"Livingston County","LOCALE":"41","LAT":42.670294,"LON":-84.067776,"CBSA":"19820","NMCBSA":"Detroit-Warren-Dearborn, MI","CBSATYPE":"1","CSA":"220","NMCSA":"Detroit-Warren-Ann Arbor, MI","CD":"2607","SLDL":"26050","SLDU":"26022","SCHOOLYEAR":"2024-2025"}},{"type":"Feature","id":44572,"geometry":{"type":"Point","coordinates":[-84.06730000004744,42.665899999595815]},"properties":{"OBJECTID":44572,"NCESSCH":"261473005169","LEAID":"2614730","NAME":"HT Smith Elementary School","OPSTFIPS":"26","STREET":"440 N HIBBARD ST","CITY":"FOWLERVILLE","STATE":"MI","ZIP":"48836","STFIP":"26","CNTY":"26093","NMCNTY":"Livingston County","LOCALE":"41","LAT":42.6659,"LON":-84.0673,"CBSA":"19820","NMCBSA":"Detroit-Warren-Dearborn, MI","CBSATYPE":"1","CSA":"220","NMCSA":"Detroit-Warren-Ann Arbor, MI","CD":"2607","SLDL":"26050","SLDU":"26022","SCHOOLYEAR":"2024-2025"}},{"type":"Feature","id":44573,"geometry":{"type":"Point","coordinates":[-84.0706599995202,42.670560999231164]},"properties":{"OBJECTID":44573,"NCESSCH":"261473005170","LEAID":"2614730","NAME":"Fowlerville High School","OPSTFIPS":"26","STREET":"700 N GRAND AVE","CITY":"FOWLERVILLE","STATE":"MI","ZIP":"48836","STFIP":"26","CNTY":"26093","NMCNTY":"Livingston County","LOCALE":"41","LAT":42.670561,"LON":-84.07066,"CBSA":"19820","NMCBSA":"Detroit-Warren-Dearborn, MI","CBSATYPE":"1","CSA":"220","NMCSA":"Detroit-Warren-Ann Arbor, MI","CD":"2607","SLDL":"26050","SLDU":"26022","SCHOOLYEAR":"2024-2025"}},{"type":"Feature","id":44574,"geometry":{"type":"Point","coordinates":[-84.0706599995202,42.670560999231164]},"properties":{"OBJECTID":44574,"NCESSCH":"261473008221","LEAID":"2614730","NAME":"Fowlerville Online Learning Academy","OPSTFIPS":"26","STREET":"700 N GRAND AVE","CITY":"FOWLERVILLE","STATE":"MI","ZIP":"48836","STFIP":"26","CNTY":"26093","NMCNTY":"Livingston County","LOCALE":"41","LAT":42.670561,"LON":-84.07066,"CBSA":"19820","NMCBSA":"Detroit-Warren-Dearborn, MI","CBSATYPE":"1","CSA":"220","NMCSA":"Detroit-Warren-Ann Arbor, MI","CD":"2607","SLDL":"26050","SLDU":"26022","SCHOOLYEAR":"2024-2025"}},{"type":"Feature","id":44580,"geometry":{"type":"Point","coordinates":[-82.94119999998719,42.55529999982301]},"properties":{"OBJECTID":44580,"NCESSCH":"261482005177","LEAID":"2614820","NAME":"Salk Elementary School","OPSTFIPS":"26","STREET":"17601 15 MILE RD","CITY":"CLINTON TOWNSHIP","STATE":"MI","ZIP":"48035","STFIP":"26","CNTY":"26099","NMCNTY":"Macomb County","LOCALE":"21","LAT":42.5553,"LON":-82.9412,"CBSA":"19820","NMCBSA":"Detroit-Warren-Dearborn, MI","CBSATYPE":"1","CSA":"220","NMCSA":"Detroit-Warren-Ann Arbor, MI","CD":"2610","SLDL":"26061","SLDU":"26011","SCHOOLYEAR":"2024-2025"}},{"type":"Feature","id":44581,"geometry":{"type":"Point","coordinates":[-82.94015700003018,42.52659500081776]},"properties":{"OBJECTID":44581,"NCESSCH":"261482005178","LEAID":"2614820","NAME":"Eisenhower Elementary School","OPSTFIPS":"26","STREET":"31275 EVENINGSIDE","CITY":"FRASER","STATE":"MI","ZIP":"48026","STFIP":"26","CNTY":"26099","NMCNTY":"Macomb County","LOCALE":"21","LAT":42.526595,"LON":-82.940157,"CBSA":"19820","NMCBSA":"Detroit-Warren-Dearborn, MI","CBSATYPE":"1","CSA":"220","NMCSA":"Detroit-Warren-Ann Arbor, MI","CD":"2610","SLDL":"26062","SLDU":"26011","SCHOOLYEAR":"2024-2025"}},{"type":"Feature","id":44582,"geometry":{"type":"Point","coordinates":[-82.94730000042584,42.550500000671164]},"properties":{"OBJECTID":44582,"NCESSCH":"261482005179","LEAID":"2614820","NAME":"Fraser High School","OPSTFIPS":"26","STREET":"34270 GARFIELD RD","CITY":"FRASER","STATE":"MI","ZIP":"48026","STFIP":"26","CNTY":"26099","NMCNTY":"Macomb County","LOCALE":"21","LAT":42.5505,"LON":-82.9473,"CBSA":"19820","NMCBSA":"Detroit-Warren-Dearborn, MI","CBSATYPE":"1","CSA":"220","NMCSA":"Detroit-Warren-Ann Arbor, MI","CD":"2610","SLDL":"26062","SLDU":"26011","SCHOOLYEAR":"2024-2025"}},{"type":"Feature","id":44583,"geometry":{"type":"Point","coordinates":[-82.96480000008073,42.52070000054164]},"properties":{"OBJECTID":44583,"NCESSCH":"261482005180","LEAID":"2614820","NAME":"Mark Twain Elementary School","OPSTFIPS":"26","STREET":"30601 CALAHAN RD","CITY":"ROSEVILLE","STATE":"MI","ZIP":"48066","STFIP":"26","CNTY":"26099","NMCNTY":"Macomb County","LOCALE":"21","LAT":42.5207,"LON":-82.9648,"CBSA":"19820","NMCBSA":"Detroit-Warren-Dearborn, MI","CBSATYPE":"1","CSA":"220","NMCSA":"Detroit-Warren-Ann Arbor, MI","CD":"2610","SLDL":"26013","SLDU":"26011","SCHOOLYEAR":"2024-2025"}},{"type":"Feature","id":44584,"geometry":{"type":"Point","coordinates":[-82.95500000015412,42.532600000130934]},"properties":{"OBJECTID":44584,"NCESSCH":"261482005181","LEAID":"2614820","NAME":"Ralph Waldo Emerson Elem School","OPSTFIPS":"26","STREET":"32151 DANNA","CITY":"FRASER","STATE":"MI","ZIP":"48026","STFIP":"26","CNTY":"26099","NMCNTY":"Macomb County","LOCALE":"21","LAT":42.5326,"LON":-82.955,"CBSA":"19820","NMCBSA":"Detroit-Warren-Dearborn, MI","CBSATYPE":"1","CSA":"220","NMCSA":"Detroit-Warren-Ann Arbor, MI","CD":"2610","SLDL":"26062","SLDU":"26011","SCHOOLYEAR":"2024-2025"}},{"type":"Feature","id":44585,"geometry":{"type":"Point","coordinates":[-82.94420000053366,42.54030000002997]},"properties":{"OBJECTID":44585,"NCESSCH":"261482005183","LEAID":"2614820","NAME":"Thomas A Edison Elem School","OPSTFIPS":"26","STREET":"17470 SEWEL","CITY":"FRASER","STATE":"MI","ZIP":"48026","STFIP":"26","CNTY":"26099","NMCNTY":"Macomb County","LOCALE":"21","LAT":42.5403,"LON":-82.9442,"CBSA":"19820","NMCBSA":"Detroit-Warren-Dearborn, MI","CBSATYPE":"1","CSA":"220","NMCSA":"Detroit-Warren-Ann Arbor, MI","CD":"2610","SLDL":"26062","SLDU":"26011","SCHOOLYEAR":"2024-2025"}},{"type":"Feature","id":44586,"geometry":{"type":"Point","coordinates":[-82.93300000007586,42.561999999414844]},"properties":{"OBJECTID":44586,"NCESSCH":"261482005184","LEAID":"2614820","NAME":"Walt Disney Elementary School","OPSTFIPS":"26","STREET":"36155 KELLY RD","CITY":"CLINTON TOWNSHIP","STATE":"MI","ZIP":"48035","STFIP":"26","CNTY":"26099","NMCNTY":"Macomb County","LOCALE":"21","LAT":42.562,"LON":-82.933,"CBSA":"19820","NMCBSA":"Detroit-Warren-Dearborn, MI","CBSATYPE":"1","CSA":"220","NMCSA":"Detroit-Warren-Ann Arbor, MI","CD":"2610","SLDL":"26061","SLDU":"26011","SCHOOLYEAR":"2024-2025"}},{"type":"Feature","id":44587,"geometry":{"type":"Point","coordinates":[-82.94849999949238,42.54720000002956]},"properties":{"OBJECTID":44587,"NCESSCH":"261482005185","LEAID":"2614820","NAME":"Richards Middle School","OPSTFIPS":"26","STREET":"33500 GARFIELD RD","CITY":"FRASER","STATE":"MI","ZIP":"48026","STFIP":"26","CNTY":"26099","NMCNTY":"Macomb County","LOCALE":"21","LAT":42.5472,"LON":-82.9485,"CBSA":"19820","NMCBSA":"Detroit-Warren-Dearborn, MI","CBSATYPE":"1","CSA":"220","NMCSA":"Detroit-Warren-Ann Arbor, MI","CD":"2610","SLDL":"26062","SLDU":"26011","SCHOOLYEAR":"2024-2025"}},{"type":"Feature","id":44611,"geometry":{"type":"Point","coordinates":[-83.32729999949304,42.33530000058638]},"properties":{"OBJECTID":44611,"NCESSCH":"261554002045","LEAID":"2615540","NAME":"Cambridge Alternative High School","OPSTFIPS":"26","STREET":"28901 CAMBRIDGE ST","CITY":"GARDEN CITY","STATE":"MI","ZIP":"48135","STFIP":"26","CNTY":"26163","NMCNTY":"Wayne County","LOCALE":"21","LAT":42.3353,"LON":-83.3273,"CBSA":"19820","NMCBSA":"Detroit-Warren-Dearborn, MI","CBSATYPE":"1","CSA":"220","NMCSA":"Detroit-Warren-Ann Arbor, MI","CD":"2612","SLDL":"26026","SLDU":"26005","SCHOOLYEAR":"2024-2025"}},{"type":"Feature","id":44612,"geometry":{"type":"Point","coordinates":[-83.32950000011276,42.33470000036946]},"properties":{"OBJECTID":44612,"NCESSCH":"261554005213","LEAID":"2615540","NAME":"Garden City High School","OPSTFIPS":"26","STREET":"6500 MIDDLEBELT RD","CITY":"GARDEN CITY","STATE":"MI","ZIP":"48135","STFIP":"26","CNTY":"26163","NMCNTY":"Wayne County","LOCALE":"21","LAT":42.3347,"LON":-83.3295,"CBSA":"19820","NMCBSA":"Detroit-Warren-Dearborn, MI","CBSATYPE":"1","CSA":"220","NMCSA":"Detroit-Warren-Ann Arbor, MI","CD":"2612","SLDL":"26026","SLDU":"26005","SCHOOLYEAR":"2024-2025"}},{"type":"Feature","id":44613,"geometry":{"type":"Point","coordinates":[-83.37689999956416,42.32289999989306]},"properties":{"OBJECTID":44613,"NCESSCH":"261554005217","LEAID":"2615540","NAME":"Garden City Middle School","OPSTFIPS":"26","STREET":"1851 RADCLIFF ST","CITY":"GARDEN CITY","STATE":"MI","ZIP":"48135","STFIP":"26","CNTY":"26163","NMCNTY":"Wayne County","LOCALE":"21","LAT":42.3229,"LON":-83.3769,"CBSA":"19820","NMCBSA":"Detroit-Warren-Dearborn, MI","CBSATYPE":"1","CSA":"220","NMCSA":"Detroit-Warren-Ann Arbor, MI","CD":"2612","SLDL":"26026","SLDU":"26005","SCHOOLYEAR":"2024-2025"}},{"type":"Feature","id":44614,"geometry":{"type":"Point","coordinates":[-83.32637300023933,42.28098500003428]},"properties":{"OBJECTID":44614,"NCESSCH":"261554005219","LEAID":"2615540","NAME":"Burger Development Center","OPSTFIPS":"26","STREET":"28865 CARLYSLE ST","CITY":"INKSTER","STATE":"MI","ZIP":"48141","STFIP":"26","CNTY":"26163","NMCNTY":"Wayne County","LOCALE":"21","LAT":42.280985,"LON":-83.326373,"CBSA":"19820","NMCBSA":"Detroit-Warren-Dearborn, MI","CBSATYPE":"1","CSA":"220","NMCSA":"Detroit-Warren-Ann Arbor, MI","CD":"2612","SLDL":"26026","SLDU":"26005","SCHOOLYEAR":"2024-2025"}},{"type":"Feature","id":44615,"geometry":{"type":"Point","coordinates":[-83.32039000077388,42.31783000084895]},"properties":{"OBJECTID":44615,"NCESSCH":"261554008140","LEAID":"2615540","NAME":"Lathers Early Childhood and Kindergarten Center","OPSTFIPS":"26","STREET":"28351 MARQUETTE ST","CITY":"GARDEN CITY","STATE":"MI","ZIP":"48135","STFIP":"26","CNTY":"26163","NMCNTY":"Wayne County","LOCALE":"21","LAT":42.31783,"LON":-83.32039,"CBSA":"19820","NMCBSA":"Detroit-Warren-Dearborn, MI","CBSATYPE":"1","CSA":"220","NMCSA":"Detroit-Warren-Ann Arbor, MI","CD":"2612","SLDL":"26026","SLDU":"26005","SCHOOLYEAR":"2024-2025"}},{"type":"Feature","id":44616,"geometry":{"type":"Point","coordinates":[-83.32274499996645,42.333884999566266]},"properties":{"OBJECTID":44616,"NCESSCH":"261554008161","LEAID":"2615540","NAME":"Douglas Elementary 34 Campus","OPSTFIPS":"26","STREET":"6400 HARTEL ST","CITY":"GARDEN CITY","STATE":"MI","ZIP":"48135","STFIP":"26","CNTY":"26163","NMCNTY":"Wayne County","LOCALE":"21","LAT":42.333885,"LON":-83.322745,"CBSA":"19820","NMCBSA":"Detroit-Warren-Dearborn, MI","CBSATYPE":"1","CSA":"220","NMCSA":"Detroit-Warren-Ann Arbor, MI","CD":"2612","SLDL":"26026","SLDU":"26005","SCHOOLYEAR":"2024-2025"}},{"type":"Feature","id":44617,"geometry":{"type":"Point","coordinates":[-83.37023699998474,42.317043000195156]},"properties":{"OBJECTID":44617,"NCESSCH":"261554008168","LEAID":"2615540","NAME":"Farmington 56 Campus","OPSTFIPS":"26","STREET":"33411 MARQUETTE ST","CITY":"GARDEN CITY","STATE":"MI","ZIP":"48135","STFIP":"26","CNTY":"26163","NMCNTY":"Wayne County","LOCALE":"21","LAT":42.317043,"LON":-83.370237,"CBSA":"19820","NMCBSA":"Detroit-Warren-Dearborn, MI","CBSATYPE":"1","CSA":"220","NMCSA":"Detroit-Warren-Ann Arbor, MI","CD":"2612","SLDL":"26026","SLDU":"26005","SCHOOLYEAR":"2024-2025"}},{"type":"Feature","id":44618,"geometry":{"type":"Point","coordinates":[-83.33697899984746,42.317685999987006]},"properties":{"OBJECTID":44618,"NCESSCH":"261554008200","LEAID":"2615540","NAME":"Memorial Elementary 12 Campus","OPSTFIPS":"26","STREET":"30001 MARQUETTE ST","CITY":"GARDEN CITY","STATE":"MI","ZIP":"48135","STFIP":"26","CNTY":"26163","NMCNTY":"Wayne County","LOCALE":"21","LAT":42.317686,"LON":-83.336979,"CBSA":"19820","NMCBSA":"Detroit-Warren-Dearborn, MI","CBSATYPE":"1","CSA":"220","NMCSA":"Detroit-Warren-Ann Arbor, MI","CD":"2612","SLDL":"26026","SLDU":"26005","SCHOOLYEAR":"2024-2025"}},{"type":"Feature","id":44631,"geometry":{"type":"Point","coordinates":[-83.23630000050278,42.11419999997762]},"properties":{"OBJECTID":44631,"NCESSCH":"261587001435","LEAID":"2615870","NAME":"Frank E Weiss Elem School","OPSTFIPS":"26","STREET":"26631 REAUME ST","CITY":"WOODHAVEN","STATE":"MI","ZIP":"48183","STFIP":"26","CNTY":"26163","NMCNTY":"Wayne County","LOCALE":"21","LAT":42.1142,"LON":-83.2363,"CBSA":"19820","NMCBSA":"Detroit-Warren-Dearborn, MI","CBSATYPE":"1","CSA":"220","NMCSA":"Detroit-Warren-Ann Arbor, MI","CD":"2606","SLDL":"26028","SLDU":"26004","SCHOOLYEAR":"2024-2025"}},{"type":"Feature","id":44632,"geometry":{"type":"Point","coordinates":[-83.21190000041732,42.08520000003739]},"properties":{"OBJECTID":44632,"NCESSCH":"261587005236","LEAID":"2615870","NAME":"Oscar A Carlson High School","OPSTFIPS":"26","STREET":"30550 W JEFFERSON AVE","CITY":"ROCKWOOD","STATE":"MI","ZIP":"48173","STFIP":"26","CNTY":"26163","NMCNTY":"Wayne County","LOCALE":"21","LAT":42.0852,"LON":-83.2119,"CBSA":"19820","NMCBSA":"Detroit-Warren-Dearborn, MI","CBSATYPE":"1","CSA":"220","NMCSA":"Detroit-Warren-Ann Arbor, MI","CD":"2606","SLDL":"26027","SLDU":"26004","SCHOOLYEAR":"2024-2025"}},{"type":"Feature","id":44633,"geometry":{"type":"Point","coordinates":[-83.25709999961211,42.078000000499415]},"properties":{"OBJECTID":44633,"NCESSCH":"261587005237","LEAID":"2615870","NAME":"Chapman Elementary School","OPSTFIPS":"26","STREET":"31500 OLMSTEAD RD","CITY":"ROCKWOOD","STATE":"MI","ZIP":"48173","STFIP":"26","CNTY":"26163","NMCNTY":"Wayne County","LOCALE":"21","LAT":42.078,"LON":-83.2571,"CBSA":"19820","NMCBSA":"Detroit-Warren-Dearborn, MI","CBSATYPE":"1","CSA":"220","NMCSA":"Detroit-Warren-Ann Arbor, MI","CD":"2606","SLDL":"26028","SLDU":"26004","SCHOOLYEAR":"2024-2025"}},{"type":"Feature","id":44634,"geometry":{"type":"Point","coordinates":[-83.19799999991466,42.093600000225905]},"properties":{"OBJECTID":44634,"NCESSCH":"261587005238","LEAID":"2615870","NAME":"Parsons Elementary School","OPSTFIPS":"26","STREET":"14473 MIDDLE GIBRALTAR RD","CITY":"ROCKWOOD","STATE":"MI","ZIP":"48173","STFIP":"26","CNTY":"26163","NMCNTY":"Wayne County","LOCALE":"21","LAT":42.0936,"LON":-83.198,"CBSA":"19820","NMCBSA":"Detroit-Warren-Dearborn, MI","CBSATYPE":"1","CSA":"220","NMCSA":"Detroit-Warren-Ann Arbor, MI","CD":"2606","SLDL":"26027","SLDU":"26004","SCHOOLYEAR":"2024-2025"}},{"type":"Feature","id":44635,"geometry":{"type":"Point","coordinates":[-83.23969999958888,42.10359999992282]},"properties":{"OBJECTID":44635,"NCESSCH":"261587005239","LEAID":"2615870","NAME":"Hunter Elementary School","OPSTFIPS":"26","STREET":"21320 ROCHE RD","CITY":"BROWNSTOWN TWP","STATE":"MI","ZIP":"48183","STFIP":"26","CNTY":"26163","NMCNTY":"Wayne County","LOCALE":"21","LAT":42.1036,"LON":-83.2397,"CBSA":"19820","NMCBSA":"Detroit-Warren-Dearborn, MI","CBSATYPE":"1","CSA":"220","NMCSA":"Detroit-Warren-Ann Arbor, MI","CD":"2606","SLDL":"26028","SLDU":"26004","SCHOOLYEAR":"2024-2025"}},{"type":"Feature","id":44636,"geometry":{"type":"Point","coordinates":[-83.21060000004607,42.08550000015564]},"properties":{"OBJECTID":44636,"NCESSCH":"261587005241","LEAID":"2615870","NAME":"Shumate Middle School","OPSTFIPS":"26","STREET":"30448 W JEFFERSON AVE","CITY":"ROCKWOOD","STATE":"MI","ZIP":"48173","STFIP":"26","CNTY":"26163","NMCNTY":"Wayne County","LOCALE":"21","LAT":42.0855,"LON":-83.2106,"CBSA":"19820","NMCBSA":"Detroit-Warren-Dearborn, MI","CBSATYPE":"1","CSA":"220","NMCSA":"Detroit-Warren-Ann Arbor, MI","CD":"2606","SLDL":"26027","SLDU":"26004","SCHOOLYEAR":"2024-2025"}},{"type":"Feature","id":44637,"geometry":{"type":"Point","coordinates":[-83.21188200041162,42.085198000037934]},"properties":{"OBJECTID":44637,"NCESSCH":"261587008793","LEAID":"2615870","NAME":"Lakeshore Virtual School","OPSTFIPS":"26","STREET":"30550 W JEFFERSON AVE","CITY":"GIBRALTAR","STATE":"MI","ZIP":"48173","STFIP":"26","CNTY":"26163","NMCNTY":"Wayne County","LOCALE":"21","LAT":42.085198,"LON":-83.211882,"CBSA":"19820","NMCBSA":"Detroit-Warren-Dearborn, MI","CBSATYPE":"1","CSA":"220","NMCSA":"Detroit-Warren-Ann Arbor, MI","CD":"2606","SLDL":"26027","SLDU":"26004","SCHOOLYEAR":"2024-2025"}},{"type":"Feature","id":44661,"geometry":{"type":"Point","coordinates":[-83.53819999989659,42.918599999908906]},"properties":{"OBJECTID":44661,"NCESSCH":"261632000511","LEAID":"2616320","NAME":"Oaktree Elementary School","OPSTFIPS":"26","STREET":"7500 GALE RD","CITY":"GOODRICH","STATE":"MI","ZIP":"48438","STFIP":"26","CNTY":"26049","NMCNTY":"Genesee County","LOCALE":"41","LAT":42.9186,"LON":-83.5382,"CBSA":"22420","NMCBSA":"Flint, MI","CBSATYPE":"1","CSA":"220","NMCSA":"Detroit-Warren-Ann Arbor, MI","CD":"2608","SLDL":"26068","SLDU":"26024","SCHOOLYEAR":"2024-2025"}},{"type":"Feature","id":44662,"geometry":{"type":"Point","coordinates":[-83.53159999973164,42.91720000000701]},"properties":{"OBJECTID":44662,"NCESSCH":"261632005267","LEAID":"2616320","NAME":"Goodrich High School","OPSTFIPS":"26","STREET":"8029 GALE RD","CITY":"GOODRICH","STATE":"MI","ZIP":"48438","STFIP":"26","CNTY":"26049","NMCNTY":"Genesee County","LOCALE":"41","LAT":42.9172,"LON":-83.5316,"CBSA":"22420","NMCBSA":"Flint, MI","CBSATYPE":"1","CSA":"220","NMCSA":"Detroit-Warren-Ann Arbor, MI","CD":"2608","SLDL":"26068","SLDU":"26024","SCHOOLYEAR":"2024-2025"}},{"type":"Feature","id":44663,"geometry":{"type":"Point","coordinates":[-83.5059630000225,42.91909799965995]},"properties":{"OBJECTID":44663,"NCESSCH":"261632005268","LEAID":"2616320","NAME":"Reid Elementary School","OPSTFIPS":"26","STREET":"7501 SENECA ST","CITY":"GOODRICH","STATE":"MI","ZIP":"48438","STFIP":"26","CNTY":"26049","NMCNTY":"Genesee County","LOCALE":"41","LAT":42.919098,"LON":-83.505963,"CBSA":"22420","NMCBSA":"Flint, MI","CBSATYPE":"1","CSA":"220","NMCSA":"Detroit-Warren-Ann Arbor, MI","CD":"2608","SLDL":"26068","SLDU":"26024","SCHOOLYEAR":"2024-2025"}},{"type":"Feature","id":44664,"geometry":{"type":"Point","coordinates":[-83.53970000052077,42.9203000001263]},"properties":{"OBJECTID":44664,"NCESSCH":"261632005269","LEAID":"2616320","NAME":"Goodrich Middle School","OPSTFIPS":"26","STREET":"7480 GALE RD","CITY":"GOODRICH","STATE":"MI","ZIP":"48438","STFIP":"26","CNTY":"26049","NMCNTY":"Genesee County","LOCALE":"41","LAT":42.9203,"LON":-83.5397,"CBSA":"22420","NMCBSA":"Flint, MI","CBSATYPE":"1","CSA":"220","NMCSA":"Detroit-Warren-Ann Arbor, MI","CD":"2608","SLDL":"26068","SLDU":"26024","SCHOOLYEAR":"2024-2025"}},{"type":"Feature","id":44665,"geometry":{"type":"Point","coordinates":[-83.62600000040511,42.92380000026864]},"properties":{"OBJECTID":44665,"NCESSCH":"261635000133","LEAID":"2616350","NAME":"Perry Learning Center","OPSTFIPS":"26","STREET":"11920 S SAGINAW ST","CITY":"GRAND BLANC","STATE":"MI","ZIP":"48439","STFIP":"26","CNTY":"26049","NMCNTY":"Genesee County","LOCALE":"21","LAT":42.9238,"LON":-83.626,"CBSA":"22420","NMCBSA":"Flint, MI","CBSATYPE":"1","CSA":"220","NMCSA":"Detroit-Warren-Ann Arbor, MI","CD":"2608","SLDL":"26068","SLDU":"26027","SCHOOLYEAR":"2024-2025"}},{"type":"Feature","id":44666,"geometry":{"type":"Point","coordinates":[-83.6156000001849,42.90270000014948]},"properties":{"OBJECTID":44666,"NCESSCH":"261635000134","LEAID":"2616350","NAME":"Cook Elementary School","OPSTFIPS":"26","STREET":"4433 E COOK RD","CITY":"GRAND BLANC","STATE":"MI","ZIP":"48439","STFIP":"26","CNTY":"26049","NMCNTY":"Genesee County","LOCALE":"21","LAT":42.9027,"LON":-83.6156,"CBSA":"22420","NMCBSA":"Flint, MI","CBSATYPE":"1","CSA":"220","NMCSA":"Detroit-Warren-Ann Arbor, MI","CD":"2608","SLDL":"26068","SLDU":"26027","SCHOOLYEAR":"2024-2025"}},{"type":"Feature","id":44667,"geometry":{"type":"Point","coordinates":[-83.66850000004888,42.95060000070646]},"properties":{"OBJECTID":44667,"NCESSCH":"261635000509","LEAID":"2616350","NAME":"Anderson Elementary School","OPSTFIPS":"26","STREET":"5290 LEROY ST","CITY":"GRAND BLANC","STATE":"MI","ZIP":"48439","STFIP":"26","CNTY":"26049","NMCNTY":"Genesee County","LOCALE":"21","LAT":42.9506,"LON":-83.6685,"CBSA":"22420","NMCBSA":"Flint, MI","CBSATYPE":"1","CSA":"220","NMCSA":"Detroit-Warren-Ann Arbor, MI","CD":"2608","SLDL":"26072","SLDU":"26027","SCHOOLYEAR":"2024-2025"}},{"type":"Feature","id":44668,"geometry":{"type":"Point","coordinates":[-83.62600000039552,42.92370000025128]},"properties":{"OBJECTID":44668,"NCESSCH":"261635001469","LEAID":"2616350","NAME":"Bobcat Innovation","OPSTFIPS":"26","STREET":"11920 S SAGINAW ST","CITY":"GRAND BLANC","STATE":"MI","ZIP":"48439","STFIP":"26","CNTY":"26049","NMCNTY":"Genesee County","LOCALE":"21","LAT":42.9237,"LON":-83.626,"CBSA":"22420","NMCBSA":"Flint, MI","CBSATYPE":"1","CSA":"220","NMCSA":"Detroit-Warren-Ann Arbor, MI","CD":"2608","SLDL":"26068","SLDU":"26027","SCHOOLYEAR":"2024-2025"}},{"type":"Feature","id":44669,"geometry":{"type":"Point","coordinates":[-83.61560000020405,42.90290000018416]},"properties":{"OBJECTID":44669,"NCESSCH":"261635001515","LEAID":"2616350","NAME":"Lillian G Mason Elementary School","OPSTFIPS":"26","STREET":"4455 E COOK RD","CITY":"GRAND BLANC","STATE":"MI","ZIP":"48439","STFIP":"26","CNTY":"26049","NMCNTY":"Genesee County","LOCALE":"21","LAT":42.9029,"LON":-83.6156,"CBSA":"22420","NMCBSA":"Flint, MI","CBSATYPE":"1","CSA":"220","NMCSA":"Detroit-Warren-Ann Arbor, MI","CD":"2608","SLDL":"26068","SLDU":"26027","SCHOOLYEAR":"2024-2025"}},{"type":"Feature","id":44670,"geometry":{"type":"Point","coordinates":[-83.58869999946889,42.92940000017028]},"properties":{"OBJECTID":44670,"NCESSCH":"261635001835","LEAID":"2616350","NAME":"Grand Blanc Middle School East","OPSTFIPS":"26","STREET":"6100 PERRY RD","CITY":"GRAND BLANC","STATE":"MI","ZIP":"48439","STFIP":"26","CNTY":"26049","NMCNTY":"Genesee County","LOCALE":"21","LAT":42.9294,"LON":-83.5887,"CBSA":"22420","NMCBSA":"Flint, MI","CBSATYPE":"1","CSA":"220","NMCSA":"Detroit-Warren-Ann Arbor, MI","CD":"2608","SLDL":"26068","SLDU":"26027","SCHOOLYEAR":"2024-2025"}},{"type":"Feature","id":44671,"geometry":{"type":"Point","coordinates":[-83.673199999706,42.93199999924232]},"properties":{"OBJECTID":44671,"NCESSCH":"261635001836","LEAID":"2616350","NAME":"Grand Blanc Middle School West","OPSTFIPS":"26","STREET":"1515 E REID RD","CITY":"GRAND BLANC","STATE":"MI","ZIP":"48439","STFIP":"26","CNTY":"26049","NMCNTY":"Genesee County","LOCALE":"21","LAT":42.932,"LON":-83.6732,"CBSA":"22420","NMCBSA":"Flint, MI","CBSATYPE":"1","CSA":"220","NMCSA":"Detroit-Warren-Ann Arbor, MI","CD":"2608","SLDL":"26072","SLDU":"26027","SCHOOLYEAR":"2024-2025"}},{"type":"Feature","id":44672,"geometry":{"type":"Point","coordinates":[-83.62949999936639,42.92259999987935]},"properties":{"OBJECTID":44672,"NCESSCH":"261635001859","LEAID":"2616350","NAME":"Brendel Elementary School","OPSTFIPS":"26","STREET":"223 BUSH ST","CITY":"GRAND BLANC","STATE":"MI","ZIP":"48439","STFIP":"26","CNTY":"26049","NMCNTY":"Genesee County","LOCALE":"21","LAT":42.9226,"LON":-83.6295,"CBSA":"22420","NMCBSA":"Flint, MI","CBSATYPE":"1","CSA":"220","NMCSA":"Detroit-Warren-Ann Arbor, MI","CD":"2608","SLDL":"26068","SLDU":"26027","SCHOOLYEAR":"2024-2025"}},{"type":"Feature","id":44673,"geometry":{"type":"Point","coordinates":[-83.62455200057624,42.91979999965041]},"properties":{"OBJECTID":44673,"NCESSCH":"261635005272","LEAID":"2616350","NAME":"Grand Blanc Community High School","OPSTFIPS":"26","STREET":"12500 HOLLY RD","CITY":"GRAND BLANC","STATE":"MI","ZIP":"48439","STFIP":"26","CNTY":"26049","NMCNTY":"Genesee County","LOCALE":"21","LAT":42.9198,"LON":-83.624552,"CBSA":"22420","NMCBSA":"Flint, MI","CBSATYPE":"1","CSA":"220","NMCSA":"Detroit-Warren-Ann Arbor, MI","CD":"2608","SLDL":"26068","SLDU":"26027","SCHOOLYEAR":"2024-2025"}},{"type":"Feature","id":44674,"geometry":{"type":"Point","coordinates":[-83.62830000010067,42.93409999993401]},"properties":{"OBJECTID":44674,"NCESSCH":"261635005273","LEAID":"2616350","NAME":"Indian Hill Elementary School","OPSTFIPS":"26","STREET":"11240 WOODBRIDGE DR","CITY":"GRAND BLANC","STATE":"MI","ZIP":"48439","STFIP":"26","CNTY":"26049","NMCNTY":"Genesee County","LOCALE":"21","LAT":42.9341,"LON":-83.6283,"CBSA":"22420","NMCBSA":"Flint, MI","CBSATYPE":"1","CSA":"220","NMCSA":"Detroit-Warren-Ann Arbor, MI","CD":"2608","SLDL":"26068","SLDU":"26027","SCHOOLYEAR":"2024-2025"}},{"type":"Feature","id":44675,"geometry":{"type":"Point","coordinates":[-83.59000000077722,42.94929999955101]},"properties":{"OBJECTID":44675,"NCESSCH":"261635005274","LEAID":"2616350","NAME":"Myers Elementary School","OPSTFIPS":"26","STREET":"6085 SUN VALLEY DR","CITY":"GRAND BLANC","STATE":"MI","ZIP":"48439","STFIP":"26","CNTY":"26049","NMCNTY":"Genesee County","LOCALE":"21","LAT":42.9493,"LON":-83.59,"CBSA":"22420","NMCBSA":"Flint, MI","CBSATYPE":"1","CSA":"220","NMCSA":"Detroit-Warren-Ann Arbor, MI","CD":"2608","SLDL":"26072","SLDU":"26027","SCHOOLYEAR":"2024-2025"}},{"type":"Feature","id":44676,"geometry":{"type":"Point","coordinates":[-83.66560000017633,42.95079999989155]},"properties":{"OBJECTID":44676,"NCESSCH":"261635005276","LEAID":"2616350","NAME":"McGrath Elementary School","OPSTFIPS":"26","STREET":"5288 TODD ST","CITY":"GRAND BLANC","STATE":"MI","ZIP":"48439","STFIP":"26","CNTY":"26049","NMCNTY":"Genesee County","LOCALE":"21","LAT":42.9508,"LON":-83.6656,"CBSA":"22420","NMCBSA":"Flint, MI","CBSATYPE":"1","CSA":"220","NMCSA":"Detroit-Warren-Ann Arbor, MI","CD":"2608","SLDL":"26072","SLDU":"26027","SCHOOLYEAR":"2024-2025"}},{"type":"Feature","id":44677,"geometry":{"type":"Point","coordinates":[-83.66830000006499,42.93060000025406]},"properties":{"OBJECTID":44677,"NCESSCH":"261635007533","LEAID":"2616350","NAME":"Reid Elementary School","OPSTFIPS":"26","STREET":"2103 E REID RD","CITY":"GRAND BLANC","STATE":"MI","ZIP":"48439","STFIP":"26","CNTY":"26049","NMCNTY":"Genesee County","LOCALE":"21","LAT":42.9306,"LON":-83.6683,"CBSA":"22420","NMCBSA":"Flint, MI","CBSATYPE":"1","CSA":"220","NMCSA":"Detroit-Warren-Ann Arbor, MI","CD":"2608","SLDL":"26072","SLDU":"26027","SCHOOLYEAR":"2024-2025"}},{"type":"Feature","id":44767,"geometry":{"type":"Point","coordinates":[-84.19610000001862,42.24960000018263]},"properties":{"OBJECTID":44767,"NCESSCH":"261683001648","LEAID":"2616830","NAME":"Grass Lake Middle School","OPSTFIPS":"26","STREET":"1000 GRASS LAKE RD","CITY":"GRASS LAKE","STATE":"MI","ZIP":"49240","STFIP":"26","CNTY":"26075","NMCNTY":"Jackson County","LOCALE":"41","LAT":42.2496,"LON":-84.1961,"CBSA":"27100","NMCBSA":"Jackson, MI","CBSATYPE":"1","CSA":"N","NMCSA":"N","CD":"2605","SLDL":"26046","SLDU":"26014","SCHOOLYEAR":"2024-2025"}},{"type":"Feature","id":44768,"geometry":{"type":"Point","coordinates":[-84.19990000007256,42.24849999979354]},"properties":{"OBJECTID":44768,"NCESSCH":"261683005390","LEAID":"2616830","NAME":"George Long Elementary School","OPSTFIPS":"26","STREET":"829 S UNION ST","CITY":"GRASS LAKE","STATE":"MI","ZIP":"49240","STFIP":"26","CNTY":"26075","NMCNTY":"Jackson County","LOCALE":"41","LAT":42.2485,"LON":-84.1999,"CBSA":"27100","NMCBSA":"Jackson, MI","CBSATYPE":"1","CSA":"N","NMCSA":"N","CD":"2605","SLDL":"26047","SLDU":"26014","SCHOOLYEAR":"2024-2025"}},{"type":"Feature","id":44769,"geometry":{"type":"Point","coordinates":[-84.2005999997347,42.24259999972115]},"properties":{"OBJECTID":44769,"NCESSCH":"261683005391","LEAID":"2616830","NAME":"Grass Lake High School","OPSTFIPS":"26","STREET":"11500 WARRIOR TRL","CITY":"GRASS LAKE","STATE":"MI","ZIP":"49240","STFIP":"26","CNTY":"26075","NMCNTY":"Jackson County","LOCALE":"41","LAT":42.2426,"LON":-84.2006,"CBSA":"27100","NMCBSA":"Jackson, MI","CBSATYPE":"1","CSA":"N","NMCSA":"N","CD":"2605","SLDL":"26047","SLDU":"26014","SCHOOLYEAR":"2024-2025"}},{"type":"Feature","id":44777,"geometry":{"type":"Point","coordinates":[-83.13989999989606,42.135700000613866]},"properties":{"OBJECTID":44777,"NCESSCH":"261722005400","LEAID":"2617220","NAME":"Grosse Ile Middle School","OPSTFIPS":"26","STREET":"23270 E RIVER RD","CITY":"GROSSE ILE","STATE":"MI","ZIP":"48138","STFIP":"26","CNTY":"26163","NMCNTY":"Wayne County","LOCALE":"21","LAT":42.1357,"LON":-83.1399,"CBSA":"19820","NMCBSA":"Detroit-Warren-Dearborn, MI","CBSATYPE":"1","CSA":"220","NMCSA":"Detroit-Warren-Ann Arbor, MI","CD":"2606","SLDL":"26027","SLDU":"26004","SCHOOLYEAR":"2024-2025"}},{"type":"Feature","id":44778,"geometry":{"type":"Point","coordinates":[-83.14300000055844,42.13249999989014]},"properties":{"OBJECTID":44778,"NCESSCH":"261722005401","LEAID":"2617220","NAME":"Grosse Ile High School","OPSTFIPS":"26","STREET":"7800 GRAYS DR","CITY":"GROSSE ILE","STATE":"MI","ZIP":"48138","STFIP":"26","CNTY":"26163","NMCNTY":"Wayne County","LOCALE":"21","LAT":42.1325,"LON":-83.143,"CBSA":"19820","NMCBSA":"Detroit-Warren-Dearborn, MI","CBSATYPE":"1","CSA":"220","NMCSA":"Detroit-Warren-Ann Arbor, MI","CD":"2606","SLDL":"26027","SLDU":"26004","SCHOOLYEAR":"2024-2025"}},{"type":"Feature","id":44779,"geometry":{"type":"Point","coordinates":[-83.14419999948463,42.149799999906406]},"properties":{"OBJECTID":44779,"NCESSCH":"261722005402","LEAID":"2617220","NAME":"Parke Lane Elementary School","OPSTFIPS":"26","STREET":"21610 PARKE LN","CITY":"GROSSE ILE","STATE":"MI","ZIP":"48138","STFIP":"26","CNTY":"26163","NMCNTY":"Wayne County","LOCALE":"21","LAT":42.1498,"LON":-83.1442,"CBSA":"19820","NMCBSA":"Detroit-Warren-Dearborn, MI","CBSATYPE":"1","CSA":"220","NMCSA":"Detroit-Warren-Ann Arbor, MI","CD":"2606","SLDL":"26027","SLDU":"26004","SCHOOLYEAR":"2024-2025"}},{"type":"Feature","id":44780,"geometry":{"type":"Point","coordinates":[-83.16139999961509,42.11489999984168]},"properties":{"OBJECTID":44780,"NCESSCH":"261722005403","LEAID":"2617220","NAME":"Meridian Elementary School","OPSTFIPS":"26","STREET":"26700 MERIDIAN RD","CITY":"GROSSE ILE","STATE":"MI","ZIP":"48138","STFIP":"26","CNTY":"26163","NMCNTY":"Wayne County","LOCALE":"21","LAT":42.1149,"LON":-83.1614,"CBSA":"19820","NMCBSA":"Detroit-Warren-Dearborn, MI","CBSATYPE":"1","CSA":"220","NMCSA":"Detroit-Warren-Ann Arbor, MI","CD":"2606","SLDL":"26027","SLDU":"26004","SCHOOLYEAR":"2024-2025"}},{"type":"Feature","id":44797,"geometry":{"type":"Point","coordinates":[-83.06020000077409,42.4042000001951]},"properties":{"OBJECTID":44797,"NCESSCH":"261752001430","LEAID":"2617520","NAME":"Early Childhood Elementary School","OPSTFIPS":"26","STREET":"11680 MCDOUGALL ST","CITY":"HAMTRAMCK","STATE":"MI","ZIP":"48212","STFIP":"26","CNTY":"26163","NMCNTY":"Wayne County","LOCALE":"21","LAT":42.4042,"LON":-83.0602,"CBSA":"19820","NMCBSA":"Detroit-Warren-Dearborn, MI","CBSATYPE":"1","CSA":"220","NMCSA":"Detroit-Warren-Ann Arbor, MI","CD":"2613","SLDL":"26007","SLDU":"26003","SCHOOLYEAR":"2024-2025"}},{"type":"Feature","id":44798,"geometry":{"type":"Point","coordinates":[-83.06510699991334,42.400154000234004]},"properties":{"OBJECTID":44798,"NCESSCH":"261752005420","LEAID":"2617520","NAME":"Dickinson West Elementary School","OPSTFIPS":"26","STREET":"2333 BURGER ST","CITY":"HAMTRAMCK","STATE":"MI","ZIP":"48212","STFIP":"26","CNTY":"26163","NMCNTY":"Wayne County","LOCALE":"21","LAT":42.400154,"LON":-83.065107,"CBSA":"19820","NMCBSA":"Detroit-Warren-Dearborn, MI","CBSATYPE":"1","CSA":"220","NMCSA":"Detroit-Warren-Ann Arbor, MI","CD":"2613","SLDL":"26007","SLDU":"26003","SCHOOLYEAR":"2024-2025"}},{"type":"Feature","id":44799,"geometry":{"type":"Point","coordinates":[-83.05769999985921,42.40260000003782]},"properties":{"OBJECTID":44799,"NCESSCH":"261752005421","LEAID":"2617520","NAME":"Hamtramck High School","OPSTFIPS":"26","STREET":"11410 CHAREST ST","CITY":"HAMTRAMCK","STATE":"MI","ZIP":"48212","STFIP":"26","CNTY":"26163","NMCNTY":"Wayne County","LOCALE":"21","LAT":42.4026,"LON":-83.0577,"CBSA":"19820","NMCBSA":"Detroit-Warren-Dearborn, MI","CBSATYPE":"1","CSA":"220","NMCSA":"Detroit-Warren-Ann Arbor, MI","CD":"2613","SLDL":"26007","SLDU":"26003","SCHOOLYEAR":"2024-2025"}},{"type":"Feature","id":44800,"geometry":{"type":"Point","coordinates":[-83.05409999935566,42.38729999951446]},"properties":{"OBJECTID":44800,"NCESSCH":"261752005422","LEAID":"2617520","NAME":"Holbrook School","OPSTFIPS":"26","STREET":"2361 ALICE ST","CITY":"HAMTRAMCK","STATE":"MI","ZIP":"48212","STFIP":"26","CNTY":"26163","NMCNTY":"Wayne County","LOCALE":"21","LAT":42.3873,"LON":-83.0541,"CBSA":"19820","NMCBSA":"Detroit-Warren-Dearborn, MI","CBSATYPE":"1","CSA":"220","NMCSA":"Detroit-Warren-Ann Arbor, MI","CD":"2613","SLDL":"26007","SLDU":"26003","SCHOOLYEAR":"2024-2025"}},{"type":"Feature","id":44801,"geometry":{"type":"Point","coordinates":[-83.065199999937,42.40010000021983]},"properties":{"OBJECTID":44801,"NCESSCH":"261752005423","LEAID":"2617520","NAME":"Kosciuszko School","OPSTFIPS":"26","STREET":"2333 BURGER ST","CITY":"HAMTRAMCK","STATE":"MI","ZIP":"48212","STFIP":"26","CNTY":"26163","NMCNTY":"Wayne County","LOCALE":"21","LAT":42.4001,"LON":-83.0652,"CBSA":"19820","NMCBSA":"Detroit-Warren-Dearborn, MI","CBSATYPE":"1","CSA":"220","NMCSA":"Detroit-Warren-Ann Arbor, MI","CD":"2613","SLDL":"26007","SLDU":"26003","SCHOOLYEAR":"2024-2025"}},{"type":"Feature","id":44802,"geometry":{"type":"Point","coordinates":[-83.05199999969558,42.39810000052858]},"properties":{"OBJECTID":44802,"NCESSCH":"261752007713","LEAID":"2617520","NAME":"Dickinson East Elementary School","OPSTFIPS":"26","STREET":"3385 NORWALK ST","CITY":"HAMTRAMCK","STATE":"MI","ZIP":"48212","STFIP":"26","CNTY":"26163","NMCNTY":"Wayne County","LOCALE":"21","LAT":42.3981,"LON":-83.052,"CBSA":"19820","NMCBSA":"Detroit-Warren-Dearborn, MI","CBSATYPE":"1","CSA":"220","NMCSA":"Detroit-Warren-Ann Arbor, MI","CD":"2613","SLDL":"26007","SLDU":"26003","SCHOOLYEAR":"2024-2025"}},{"type":"Feature","id":44803,"geometry":{"type":"Point","coordinates":[-83.0568709994737,42.40116999982672]},"properties":{"OBJECTID":44803,"NCESSCH":"261752007965","LEAID":"2617520","NAME":"Horizon High School","OPSTFIPS":"26","STREET":"3225 CANIFF ST","CITY":"HAMTRAMCK","STATE":"MI","ZIP":"48212","STFIP":"26","CNTY":"26163","NMCNTY":"Wayne County","LOCALE":"21","LAT":42.40117,"LON":-83.056871,"CBSA":"19820","NMCBSA":"Detroit-Warren-Dearborn, MI","CBSATYPE":"1","CSA":"220","NMCSA":"Detroit-Warren-Ann Arbor, MI","CD":"2613","SLDL":"26007","SLDU":"26003","SCHOOLYEAR":"2024-2025"}},{"type":"Feature","id":44804,"geometry":{"type":"Point","coordinates":[-83.0520110002581,42.39326999967442]},"properties":{"OBJECTID":44804,"NCESSCH":"261752008847","LEAID":"2617520","NAME":"Tau Beta School","OPSTFIPS":"26","STREET":"3056 HANLEY ST","CITY":"HAMTRAMCK","STATE":"MI","ZIP":"48212","STFIP":"26","CNTY":"26163","NMCNTY":"Wayne County","LOCALE":"21","LAT":42.39327,"LON":-83.052011,"CBSA":"19820","NMCBSA":"Detroit-Warren-Dearborn, MI","CBSATYPE":"1","CSA":"220","NMCSA":"Detroit-Warren-Ann Arbor, MI","CD":"2613","SLDL":"26007","SLDU":"26003","SCHOOLYEAR":"2024-2025"}},{"type":"Feature","id":44818,"geometry":{"type":"Point","coordinates":[-82.93810000004592,42.435299999808585]},"properties":{"OBJECTID":44818,"NCESSCH":"261776005440","LEAID":"2617760","NAME":"Beacon Elementary School","OPSTFIPS":"26","STREET":"19475 BEACONSFIELD ST","CITY":"HARPER WOODS","STATE":"MI","ZIP":"48225","STFIP":"26","CNTY":"26163","NMCNTY":"Wayne County","LOCALE":"21","LAT":42.4353,"LON":-82.9381,"CBSA":"19820","NMCBSA":"Detroit-Warren-Dearborn, MI","CBSATYPE":"1","CSA":"220","NMCSA":"Detroit-Warren-Ann Arbor, MI","CD":"2613","SLDL":"26010","SLDU":"26012","SCHOOLYEAR":"2024-2025"}},{"type":"Feature","id":44819,"geometry":{"type":"Point","coordinates":[-82.9348999998818,42.44430000055892]},"properties":{"OBJECTID":44819,"NCESSCH":"261776005441","LEAID":"2617760","NAME":"Harper Woods High School","OPSTFIPS":"26","STREET":"20225 BEACONSFIELD ST","CITY":"HARPER WOODS","STATE":"MI","ZIP":"48225","STFIP":"26","CNTY":"26163","NMCNTY":"Wayne County","LOCALE":"21","LAT":42.4443,"LON":-82.9349,"CBSA":"19820","NMCBSA":"Detroit-Warren-Dearborn, MI","CBSATYPE":"1","CSA":"220","NMCSA":"Detroit-Warren-Ann Arbor, MI","CD":"2613","SLDL":"26010","SLDU":"26012","SCHOOLYEAR":"2024-2025"}},{"type":"Feature","id":44820,"geometry":{"type":"Point","coordinates":[-82.92065700014021,42.42942499964291]},"properties":{"OBJECTID":44820,"NCESSCH":"261776005442","LEAID":"2617760","NAME":"Tyrone Elementary School","OPSTFIPS":"26","STREET":"19525 TYRONE ST","CITY":"HARPER WOODS","STATE":"MI","ZIP":"48225","STFIP":"26","CNTY":"26163","NMCNTY":"Wayne County","LOCALE":"21","LAT":42.429425,"LON":-82.920657,"CBSA":"19820","NMCBSA":"Detroit-Warren-Dearborn, MI","CBSATYPE":"1","CSA":"220","NMCSA":"Detroit-Warren-Ann Arbor, MI","CD":"2613","SLDL":"26010","SLDU":"26012","SCHOOLYEAR":"2024-2025"}},{"type":"Feature","id":44821,"geometry":{"type":"Point","coordinates":[-82.9255770004381,42.44897799985203]},"properties":{"OBJECTID":44821,"NCESSCH":"261776007798","LEAID":"2617760","NAME":"Harper Woods Middle School","OPSTFIPS":"26","STREET":"19800 ANITA ST","CITY":"HARPER WOODS","STATE":"MI","ZIP":"48225","STFIP":"26","CNTY":"26163","NMCNTY":"Wayne County","LOCALE":"21","LAT":42.448978,"LON":-82.925577,"CBSA":"19820","NMCBSA":"Detroit-Warren-Dearborn, MI","CBSATYPE":"1","CSA":"220","NMCSA":"Detroit-Warren-Ann Arbor, MI","CD":"2613","SLDL":"26010","SLDU":"26012","SCHOOLYEAR":"2024-2025"}},{"type":"Feature","id":44822,"geometry":{"type":"Point","coordinates":[-82.92176699985035,42.43346700030181]},"properties":{"OBJECTID":44822,"NCESSCH":"261776008223","LEAID":"2617760","NAME":"Avatar Academy of Excellence","OPSTFIPS":"26","STREET":"19748 HARPER AVE","CITY":"HARPER WOODS","STATE":"MI","ZIP":"48225","STFIP":"26","CNTY":"26163","NMCNTY":"Wayne County","LOCALE":"21","LAT":42.433467,"LON":-82.921767,"CBSA":"19820","NMCBSA":"Detroit-Warren-Dearborn, MI","CBSATYPE":"1","CSA":"220","NMCSA":"Detroit-Warren-Ann Arbor, MI","CD":"2613","SLDL":"26010","SLDU":"26012","SCHOOLYEAR":"2024-2025"}},{"type":"Feature","id":44823,"geometry":{"type":"Point","coordinates":[-82.94645399928966,42.442663999691526]},"properties":{"OBJECTID":44823,"NCESSCH":"261776008490","LEAID":"2617760","NAME":"Harper Woods Virtual Academy","OPSTFIPS":"26","STREET":"19872 KELLY RD","CITY":"HARPER WOODS","STATE":"MI","ZIP":"48225","STFIP":"26","CNTY":"26163","NMCNTY":"Wayne County","LOCALE":"21","LAT":42.442664,"LON":-82.946454,"CBSA":"19820","NMCBSA":"Detroit-Warren-Dearborn, MI","CBSATYPE":"1","CSA":"220","NMCSA":"Detroit-Warren-Ann Arbor, MI","CD":"2613","SLDL":"26010","SLDU":"26012","SCHOOLYEAR":"2024-2025"}},{"type":"Feature","id":44824,"geometry":{"type":"Point","coordinates":[-82.9402559999432,42.44881800008893]},"properties":{"OBJECTID":44824,"NCESSCH":"261776008935","LEAID":"2617760","NAME":"The Harper Woods College and Career Institute","OPSTFIPS":"26","STREET":"20570 KELLY RD","CITY":"HARPER WOODS","STATE":"MI","ZIP":"48225","STFIP":"26","CNTY":"26163","NMCNTY":"Wayne County","LOCALE":"21","LAT":42.448818,"LON":-82.940256,"CBSA":"19820","NMCBSA":"Detroit-Warren-Dearborn, MI","CBSATYPE":"1","CSA":"220","NMCSA":"Detroit-Warren-Ann Arbor, MI","CD":"2613","SLDL":"26010","SLDU":"26012","SCHOOLYEAR":"2024-2025"}},{"type":"Feature","id":44836,"geometry":{"type":"Point","coordinates":[-83.76469999940664,42.63419999974662]},"properties":{"OBJECTID":44836,"NCESSCH":"261791000090","LEAID":"2617910","NAME":"Legacy High School","OPSTFIPS":"26","STREET":"9525 E HIGHLAND RD","CITY":"HOWELL","STATE":"MI","ZIP":"48843","STFIP":"26","CNTY":"26093","NMCNTY":"Livingston County","LOCALE":"22","LAT":42.6342,"LON":-83.7647,"CBSA":"19820","NMCBSA":"Detroit-Warren-Dearborn, MI","CBSATYPE":"1","CSA":"220","NMCSA":"Detroit-Warren-Ann Arbor, MI","CD":"2607","SLDL":"26050","SLDU":"26022","SCHOOLYEAR":"2024-2025"}},{"type":"Feature","id":44837,"geometry":{"type":"Point","coordinates":[-83.75230000023323,42.65140000038621]},"properties":{"OBJECTID":44837,"NCESSCH":"261791001066","LEAID":"2617910","NAME":"Hartland MS at Ore Creek","OPSTFIPS":"26","STREET":"3250 HARTLAND RD","CITY":"HARTLAND","STATE":"MI","ZIP":"48353","STFIP":"26","CNTY":"26093","NMCNTY":"Livingston County","LOCALE":"22","LAT":42.6514,"LON":-83.7523,"CBSA":"19820","NMCBSA":"Detroit-Warren-Dearborn, MI","CBSATYPE":"1","CSA":"220","NMCSA":"Detroit-Warren-Ann Arbor, MI","CD":"2607","SLDL":"26050","SLDU":"26022","SCHOOLYEAR":"2024-2025"}},{"type":"Feature","id":44838,"geometry":{"type":"Point","coordinates":[-83.7500999998333,42.65430000000538]},"properties":{"OBJECTID":44838,"NCESSCH":"261791001470","LEAID":"2617910","NAME":"Creekside Elementary School","OPSTFIPS":"26","STREET":"3480 EAST ST","CITY":"HARTLAND","STATE":"MI","ZIP":"48353","STFIP":"26","CNTY":"26093","NMCNTY":"Livingston County","LOCALE":"41","LAT":42.6543,"LON":-83.7501,"CBSA":"19820","NMCBSA":"Detroit-Warren-Dearborn, MI","CBSATYPE":"1","CSA":"220","NMCSA":"Detroit-Warren-Ann Arbor, MI","CD":"2607","SLDL":"26050","SLDU":"26022","SCHOOLYEAR":"2024-2025"}},{"type":"Feature","id":44839,"geometry":{"type":"Point","coordinates":[-83.73143299979496,42.66152899922834]},"properties":{"OBJECTID":44839,"NCESSCH":"261791005457","LEAID":"2617910","NAME":"Hartland Round Elementary School","OPSTFIPS":"26","STREET":"11550 HIBNER RD","CITY":"HARTLAND","STATE":"MI","ZIP":"48353","STFIP":"26","CNTY":"26093","NMCNTY":"Livingston County","LOCALE":"41","LAT":42.661529,"LON":-83.731433,"CBSA":"19820","NMCBSA":"Detroit-Warren-Dearborn, MI","CBSATYPE":"1","CSA":"220","NMCSA":"Detroit-Warren-Ann Arbor, MI","CD":"2607","SLDL":"26050","SLDU":"26022","SCHOOLYEAR":"2024-2025"}},{"type":"Feature","id":44840,"geometry":{"type":"Point","coordinates":[-83.74730000054932,42.64980000036489]},"properties":{"OBJECTID":44840,"NCESSCH":"261791005458","LEAID":"2617910","NAME":"Hartland High School","OPSTFIPS":"26","STREET":"10635 DUNHAM RD","CITY":"HARTLAND","STATE":"MI","ZIP":"48353","STFIP":"26","CNTY":"26093","NMCNTY":"Livingston County","LOCALE":"22","LAT":42.6498,"LON":-83.7473,"CBSA":"19820","NMCBSA":"Detroit-Warren-Dearborn, MI","CBSATYPE":"1","CSA":"220","NMCSA":"Detroit-Warren-Ann Arbor, MI","CD":"2607","SLDL":"26050","SLDU":"26022","SCHOOLYEAR":"2024-2025"}},{"type":"Feature","id":44841,"geometry":{"type":"Point","coordinates":[-83.74749999919723,42.656000000435895]},"properties":{"OBJECTID":44841,"NCESSCH":"261791005459","LEAID":"2617910","NAME":"Hartland Village Elementary School","OPSTFIPS":"26","STREET":"10632 HIBNER RD","CITY":"HARTLAND","STATE":"MI","ZIP":"48353","STFIP":"26","CNTY":"26093","NMCNTY":"Livingston County","LOCALE":"41","LAT":42.656,"LON":-83.7475,"CBSA":"19820","NMCBSA":"Detroit-Warren-Dearborn, MI","CBSATYPE":"1","CSA":"220","NMCSA":"Detroit-Warren-Ann Arbor, MI","CD":"2607","SLDL":"26050","SLDU":"26022","SCHOOLYEAR":"2024-2025"}},{"type":"Feature","id":44842,"geometry":{"type":"Point","coordinates":[-83.74612600009316,42.59583000000476]},"properties":{"OBJECTID":44842,"NCESSCH":"261791005461","LEAID":"2617910","NAME":"Hartland Farms Intermediate School","OPSTFIPS":"26","STREET":"581 TAYLOR RD","CITY":"BRIGHTON","STATE":"MI","ZIP":"48114","STFIP":"26","CNTY":"26093","NMCNTY":"Livingston County","LOCALE":"22","LAT":42.59583,"LON":-83.746126,"CBSA":"19820","NMCBSA":"Detroit-Warren-Dearborn, MI","CBSATYPE":"1","CSA":"220","NMCSA":"Detroit-Warren-Ann Arbor, MI","CD":"2607","SLDL":"26049","SLDU":"26022","SCHOOLYEAR":"2024-2025"}},{"type":"Feature","id":44843,"geometry":{"type":"Point","coordinates":[-83.74689700017674,42.59421099968226]},"properties":{"OBJECTID":44843,"NCESSCH":"261791005462","LEAID":"2617910","NAME":"Hartland Lakes Elementary School","OPSTFIPS":"26","STREET":"687 TAYLOR RD","CITY":"BRIGHTON","STATE":"MI","ZIP":"48114","STFIP":"26","CNTY":"26093","NMCNTY":"Livingston County","LOCALE":"22","LAT":42.594211,"LON":-83.746897,"CBSA":"19820","NMCBSA":"Detroit-Warren-Dearborn, MI","CBSATYPE":"1","CSA":"220","NMCSA":"Detroit-Warren-Ann Arbor, MI","CD":"2607","SLDL":"26049","SLDU":"26022","SCHOOLYEAR":"2024-2025"}},{"type":"Feature","id":44844,"geometry":{"type":"Point","coordinates":[-83.76469999940664,42.63419999974662]},"properties":{"OBJECTID":44844,"NCESSCH":"261791008404","LEAID":"2617910","NAME":"Hartland Virtual Academy","OPSTFIPS":"26","STREET":"9525 E HIGHLAND RD","CITY":"HOWELL","STATE":"MI","ZIP":"48843","STFIP":"26","CNTY":"26093","NMCNTY":"Livingston County","LOCALE":"22","LAT":42.6342,"LON":-83.7647,"CBSA":"19820","NMCBSA":"Detroit-Warren-Dearborn, MI","CBSATYPE":"1","CSA":"220","NMCSA":"Detroit-Warren-Ann Arbor, MI","CD":"2607","SLDL":"26050","SLDU":"26022","SCHOOLYEAR":"2024-2025"}},{"type":"Feature","id":44856,"geometry":{"type":"Point","coordinates":[-83.08740000044924,42.45130000014372]},"properties":{"OBJECTID":44856,"NCESSCH":"261803000962","LEAID":"2618030","NAME":"Advantage Alternative Program","OPSTFIPS":"26","STREET":"1620 E ELZA AVE","CITY":"HAZEL PARK","STATE":"MI","ZIP":"48030","STFIP":"26","CNTY":"26125","NMCNTY":"Oakland County","LOCALE":"21","LAT":42.4513,"LON":-83.0874,"CBSA":"19820","NMCBSA":"Detroit-Warren-Dearborn, MI","CBSATYPE":"1","CSA":"220","NMCSA":"Detroit-Warren-Ann Arbor, MI","CD":"2611","SLDL":"26014","SLDU":"26003","SCHOOLYEAR":"2024-2025"}},{"type":"Feature","id":44857,"geometry":{"type":"Point","coordinates":[-83.09909999980893,42.45960000001914]},"properties":{"OBJECTID":44857,"NCESSCH":"261803001691","LEAID":"2618030","NAME":"Hazel Park Junior High School","OPSTFIPS":"26","STREET":"22770 HIGHLAND AVE","CITY":"HAZEL PARK","STATE":"MI","ZIP":"48030","STFIP":"26","CNTY":"26125","NMCNTY":"Oakland County","LOCALE":"21","LAT":42.4596,"LON":-83.0991,"CBSA":"19820","NMCBSA":"Detroit-Warren-Dearborn, MI","CBSATYPE":"1","CSA":"220","NMCSA":"Detroit-Warren-Ann Arbor, MI","CD":"2611","SLDL":"26014","SLDU":"26003","SCHOOLYEAR":"2024-2025"}},{"type":"Feature","id":44858,"geometry":{"type":"Point","coordinates":[-83.1158000006885,42.46770000060673]},"properties":{"OBJECTID":44858,"NCESSCH":"261803001697","LEAID":"2618030","NAME":"Webb Elementary School","OPSTFIPS":"26","STREET":"2100 WOODWARD HTS","CITY":"FERNDALE","STATE":"MI","ZIP":"48220","STFIP":"26","CNTY":"26125","NMCNTY":"Oakland County","LOCALE":"21","LAT":42.4677,"LON":-83.1158,"CBSA":"19820","NMCBSA":"Detroit-Warren-Dearborn, MI","CBSATYPE":"1","CSA":"220","NMCSA":"Detroit-Warren-Ann Arbor, MI","CD":"2611","SLDL":"26008","SLDU":"26008","SCHOOLYEAR":"2024-2025"}},{"type":"Feature","id":44859,"geometry":{"type":"Point","coordinates":[-83.09039999964706,42.46520000044433]},"properties":{"OBJECTID":44859,"NCESSCH":"261803005475","LEAID":"2618030","NAME":"Hazel Park High School","OPSTFIPS":"26","STREET":"23400 HUGHES AVE","CITY":"HAZEL PARK","STATE":"MI","ZIP":"48030","STFIP":"26","CNTY":"26125","NMCNTY":"Oakland County","LOCALE":"21","LAT":42.4652,"LON":-83.0904,"CBSA":"19820","NMCBSA":"Detroit-Warren-Dearborn, MI","CBSATYPE":"1","CSA":"220","NMCSA":"Detroit-Warren-Ann Arbor, MI","CD":"2611","SLDL":"26014","SLDU":"26003","SCHOOLYEAR":"2024-2025"}},{"type":"Feature","id":44860,"geometry":{"type":"Point","coordinates":[-83.09220000039346,42.4672999997241]},"properties":{"OBJECTID":44860,"NCESSCH":"261803005477","LEAID":"2618030","NAME":"Hoover Elementary School","OPSTFIPS":"26","STREET":"23720 HOOVER AVE","CITY":"HAZEL PARK","STATE":"MI","ZIP":"48030","STFIP":"26","CNTY":"26125","NMCNTY":"Oakland County","LOCALE":"21","LAT":42.4673,"LON":-83.0922,"CBSA":"19820","NMCBSA":"Detroit-Warren-Dearborn, MI","CBSATYPE":"1","CSA":"220","NMCSA":"Detroit-Warren-Ann Arbor, MI","CD":"2611","SLDL":"26014","SLDU":"26003","SCHOOLYEAR":"2024-2025"}},{"type":"Feature","id":44861,"geometry":{"type":"Point","coordinates":[-83.11430000019043,42.46729999961174]},"properties":{"OBJECTID":44861,"NCESSCH":"261803005480","LEAID":"2618030","NAME":"Jardon Vocational School","OPSTFIPS":"26","STREET":"2200 WOODWARD HTS","CITY":"FERNDALE","STATE":"MI","ZIP":"48220","STFIP":"26","CNTY":"26125","NMCNTY":"Oakland County","LOCALE":"21","LAT":42.4673,"LON":-83.1143,"CBSA":"19820","NMCBSA":"Detroit-Warren-Dearborn, MI","CBSATYPE":"1","CSA":"220","NMCSA":"Detroit-Warren-Ann Arbor, MI","CD":"2611","SLDL":"26008","SLDU":"26008","SCHOOLYEAR":"2024-2025"}},{"type":"Feature","id":44862,"geometry":{"type":"Point","coordinates":[-83.12124999979319,42.472366000154715]},"properties":{"OBJECTID":44862,"NCESSCH":"261803005482","LEAID":"2618030","NAME":"Edison","OPSTFIPS":"26","STREET":"1650 MAPLEDALE ST","CITY":"FERNDALE","STATE":"MI","ZIP":"48220","STFIP":"26","CNTY":"26125","NMCNTY":"Oakland County","LOCALE":"21","LAT":42.472366,"LON":-83.12125,"CBSA":"19820","NMCBSA":"Detroit-Warren-Dearborn, MI","CBSATYPE":"1","CSA":"220","NMCSA":"Detroit-Warren-Ann Arbor, MI","CD":"2611","SLDL":"26008","SLDU":"26008","SCHOOLYEAR":"2024-2025"}},{"type":"Feature","id":44863,"geometry":{"type":"Point","coordinates":[-83.09520000035256,42.45680000072158]},"properties":{"OBJECTID":44863,"NCESSCH":"261803005483","LEAID":"2618030","NAME":"United Oaks Elementary School","OPSTFIPS":"26","STREET":"1001 E HARRY AVE","CITY":"HAZEL PARK","STATE":"MI","ZIP":"48030","STFIP":"26","CNTY":"26125","NMCNTY":"Oakland County","LOCALE":"21","LAT":42.4568,"LON":-83.0952,"CBSA":"19820","NMCBSA":"Detroit-Warren-Dearborn, MI","CBSATYPE":"1","CSA":"220","NMCSA":"Detroit-Warren-Ann Arbor, MI","CD":"2611","SLDL":"26014","SLDU":"26003","SCHOOLYEAR":"2024-2025"}},{"type":"Feature","id":44864,"geometry":{"type":"Point","coordinates":[-83.11096400044097,42.470310000310256]},"properties":{"OBJECTID":44864,"NCESSCH":"261803008393","LEAID":"2618030","NAME":"Invest Roosevelt Alternative High School","OPSTFIPS":"26","STREET":"24131 S CHRYSLER DR","CITY":"HAZEL PARK","STATE":"MI","ZIP":"48030","STFIP":"26","CNTY":"26125","NMCNTY":"Oakland County","LOCALE":"21","LAT":42.47031,"LON":-83.110964,"CBSA":"19820","NMCBSA":"Detroit-Warren-Dearborn, MI","CBSATYPE":"1","CSA":"220","NMCSA":"Detroit-Warren-Ann Arbor, MI","CD":"2611","SLDL":"26014","SLDU":"26003","SCHOOLYEAR":"2024-2025"}},{"type":"Feature","id":44865,"geometry":{"type":"Point","coordinates":[-83.08746100014301,42.44775499951529]},"properties":{"OBJECTID":44865,"NCESSCH":"261803008563","LEAID":"2618030","NAME":"Michigan Cyber Academy","OPSTFIPS":"26","STREET":"1551 E 8 MILE RD","CITY":"HAZEL PARK","STATE":"MI","ZIP":"48030","STFIP":"26","CNTY":"26125","NMCNTY":"Oakland County","LOCALE":"21","LAT":42.447755,"LON":-83.087461,"CBSA":"19820","NMCBSA":"Detroit-Warren-Dearborn, MI","CBSATYPE":"1","CSA":"220","NMCSA":"Detroit-Warren-Ann Arbor, MI","CD":"2611","SLDL":"26014","SLDU":"26003","SCHOOLYEAR":"2024-2025"}},{"type":"Feature","id":44866,"geometry":{"type":"Point","coordinates":[-83.08740000044924,42.45130000014372]},"properties":{"OBJECTID":44866,"NCESSCH":"261803008776","LEAID":"2618030","NAME":"Viking Virtual Academy","OPSTFIPS":"26","STREET":"23400 HUGHES AVE","CITY":"HAZEL PARK","STATE":"MI","ZIP":"48030","STFIP":"26","CNTY":"26125","NMCNTY":"Oakland County","LOCALE":"21","LAT":42.4513,"LON":-83.0874,"CBSA":"19820","NMCBSA":"Detroit-Warren-Dearborn, MI","CBSATYPE":"1","CSA":"220","NMCSA":"Detroit-Warren-Ann Arbor, MI","CD":"2611","SLDL":"26014","SLDU":"26003","SCHOOLYEAR":"2024-2025"}},{"type":"Feature","id":44889,"geometry":{"type":"Point","coordinates":[-83.60389799960323,42.70313400004947]},"properties":{"OBJECTID":44889,"NCESSCH":"261845000966","LEAID":"2618450","NAME":"Rose Pioneer Elementary School","OPSTFIPS":"26","STREET":"7110 MILFORD RD","CITY":"HOLLY","STATE":"MI","ZIP":"48442","STFIP":"26","CNTY":"26125","NMCNTY":"Oakland County","LOCALE":"41","LAT":42.703134,"LON":-83.603898,"CBSA":"19820","NMCBSA":"Detroit-Warren-Dearborn, MI","CBSATYPE":"1","CSA":"220","NMCSA":"Detroit-Warren-Ann Arbor, MI","CD":"2609","SLDL":"26072","SLDU":"26023","SCHOOLYEAR":"2024-2025"}},{"type":"Feature","id":44890,"geometry":{"type":"Point","coordinates":[-83.54925400024287,42.749884000008464]},"properties":{"OBJECTID":44890,"NCESSCH":"261845005521","LEAID":"2618450","NAME":"Davisburg Elementary School","OPSTFIPS":"26","STREET":"12003 DAVISBURG RD","CITY":"DAVISBURG","STATE":"MI","ZIP":"48350","STFIP":"26","CNTY":"26125","NMCNTY":"Oakland County","LOCALE":"41","LAT":42.749884,"LON":-83.549254,"CBSA":"19820","NMCBSA":"Detroit-Warren-Dearborn, MI","CBSATYPE":"1","CSA":"220","NMCSA":"Detroit-Warren-Ann Arbor, MI","CD":"2609","SLDL":"26051","SLDU":"26023","SCHOOLYEAR":"2024-2025"}},{"type":"Feature","id":44891,"geometry":{"type":"Point","coordinates":[-83.58473000030463,42.79375999982174]},"properties":{"OBJECTID":44891,"NCESSCH":"261845005522","LEAID":"2618450","NAME":"Holly High School","OPSTFIPS":"26","STREET":"6161 E HOLLY RD","CITY":"HOLLY","STATE":"MI","ZIP":"48442","STFIP":"26","CNTY":"26125","NMCNTY":"Oakland County","LOCALE":"41","LAT":42.79376,"LON":-83.58473,"CBSA":"19820","NMCBSA":"Detroit-Warren-Dearborn, MI","CBSATYPE":"1","CSA":"220","NMCSA":"Detroit-Warren-Ann Arbor, MI","CD":"2609","SLDL":"26072","SLDU":"26022","SCHOOLYEAR":"2024-2025"}},{"type":"Feature","id":44892,"geometry":{"type":"Point","coordinates":[-83.61791299942375,42.79295799997133]},"properties":{"OBJECTID":44892,"NCESSCH":"261845005523","LEAID":"2618450","NAME":"Holly Elementary School","OPSTFIPS":"26","STREET":"801 E MAPLE ST","CITY":"HOLLY","STATE":"MI","ZIP":"48442","STFIP":"26","CNTY":"26125","NMCNTY":"Oakland County","LOCALE":"31","LAT":42.792958,"LON":-83.617913,"CBSA":"19820","NMCBSA":"Detroit-Warren-Dearborn, MI","CBSATYPE":"1","CSA":"220","NMCSA":"Detroit-Warren-Ann Arbor, MI","CD":"2609","SLDL":"26072","SLDU":"26022","SCHOOLYEAR":"2024-2025"}},{"type":"Feature","id":44893,"geometry":{"type":"Point","coordinates":[-83.63987699957009,42.807657999393825]},"properties":{"OBJECTID":44893,"NCESSCH":"261845005524","LEAID":"2618450","NAME":"Patterson Elementary School","OPSTFIPS":"26","STREET":"3231 GRANGE HALL RD","CITY":"HOLLY","STATE":"MI","ZIP":"48442","STFIP":"26","CNTY":"26125","NMCNTY":"Oakland County","LOCALE":"31","LAT":42.807658,"LON":-83.639877,"CBSA":"19820","NMCBSA":"Detroit-Warren-Dearborn, MI","CBSATYPE":"1","CSA":"220","NMCSA":"Detroit-Warren-Ann Arbor, MI","CD":"2609","SLDL":"26072","SLDU":"26022","SCHOOLYEAR":"2024-2025"}},{"type":"Feature","id":44894,"geometry":{"type":"Point","coordinates":[-83.63054999948305,42.81582899929564]},"properties":{"OBJECTID":44894,"NCESSCH":"261845005525","LEAID":"2618450","NAME":"Holly Middle School","OPSTFIPS":"26","STREET":"14470 N HOLLY RD","CITY":"HOLLY","STATE":"MI","ZIP":"48442","STFIP":"26","CNTY":"26125","NMCNTY":"Oakland County","LOCALE":"41","LAT":42.815829,"LON":-83.63055,"CBSA":"19820","NMCBSA":"Detroit-Warren-Dearborn, MI","CBSATYPE":"1","CSA":"220","NMCSA":"Detroit-Warren-Ann Arbor, MI","CD":"2609","SLDL":"26072","SLDU":"26022","SCHOOLYEAR":"2024-2025"}},{"type":"Feature","id":44918,"geometry":{"type":"Point","coordinates":[-83.9443650003894,42.612788999731755]},"properties":{"OBJECTID":44918,"NCESSCH":"261872000042","LEAID":"2618720","NAME":"Challenger Elementary School","OPSTFIPS":"26","STREET":"1066 W GRAND RIVER AVE","CITY":"HOWELL","STATE":"MI","ZIP":"48843","STFIP":"26","CNTY":"26093","NMCNTY":"Livingston County","LOCALE":"22","LAT":42.612789,"LON":-83.944365,"CBSA":"19820","NMCBSA":"Detroit-Warren-Dearborn, MI","CBSATYPE":"1","CSA":"220","NMCSA":"Detroit-Warren-Ann Arbor, MI","CD":"2607","SLDL":"26050","SLDU":"26022","SCHOOLYEAR":"2024-2025"}},{"type":"Feature","id":44919,"geometry":{"type":"Point","coordinates":[-83.94274999965296,42.62077199920656]},"properties":{"OBJECTID":44919,"NCESSCH":"261872001067","LEAID":"2618720","NAME":"Voyager Elementary School","OPSTFIPS":"26","STREET":"1450 BYRON RD","CITY":"HOWELL","STATE":"MI","ZIP":"48843","STFIP":"26","CNTY":"26093","NMCNTY":"Livingston County","LOCALE":"22","LAT":42.620772,"LON":-83.94275,"CBSA":"19820","NMCBSA":"Detroit-Warren-Dearborn, MI","CBSATYPE":"1","CSA":"220","NMCSA":"Detroit-Warren-Ann Arbor, MI","CD":"2607","SLDL":"26050","SLDU":"26022","SCHOOLYEAR":"2024-2025"}},{"type":"Feature","id":44920,"geometry":{"type":"Point","coordinates":[-83.8834529996088,42.63240400030221]},"properties":{"OBJECTID":44920,"NCESSCH":"261872001524","LEAID":"2618720","NAME":"Ruahmah J Hutchings Elementary","OPSTFIPS":"26","STREET":"3503 BIGELOW RD","CITY":"HOWELL","STATE":"MI","ZIP":"48855","STFIP":"26","CNTY":"26093","NMCNTY":"Livingston County","LOCALE":"41","LAT":42.632404,"LON":-83.883453,"CBSA":"19820","NMCBSA":"Detroit-Warren-Dearborn, MI","CBSATYPE":"1","CSA":"220","NMCSA":"Detroit-Warren-Ann Arbor, MI","CD":"2607","SLDL":"26050","SLDU":"26022","SCHOOLYEAR":"2024-2025"}},{"type":"Feature","id":44921,"geometry":{"type":"Point","coordinates":[-83.92737399970758,42.56545100035407]},"properties":{"OBJECTID":44921,"NCESSCH":"261872005549","LEAID":"2618720","NAME":"Parker Middle School","OPSTFIPS":"26","STREET":"400 WRIGHT RD","CITY":"HOWELL","STATE":"MI","ZIP":"48843","STFIP":"26","CNTY":"26093","NMCNTY":"Livingston County","LOCALE":"41","LAT":42.565451,"LON":-83.927374,"CBSA":"19820","NMCBSA":"Detroit-Warren-Dearborn, MI","CBSATYPE":"1","CSA":"220","NMCSA":"Detroit-Warren-Ann Arbor, MI","CD":"2607","SLDL":"26050","SLDU":"26022","SCHOOLYEAR":"2024-2025"}},{"type":"Feature","id":44922,"geometry":{"type":"Point","coordinates":[-83.94607200025786,42.61643700027914]},"properties":{"OBJECTID":44922,"NCESSCH":"261872005550","LEAID":"2618720","NAME":"Howell High School","OPSTFIPS":"26","STREET":"1200 W GRAND RIVER AVE","CITY":"HOWELL","STATE":"MI","ZIP":"48843","STFIP":"26","CNTY":"26093","NMCNTY":"Livingston County","LOCALE":"22","LAT":42.616437,"LON":-83.946072,"CBSA":"19820","NMCBSA":"Detroit-Warren-Dearborn, MI","CBSATYPE":"1","CSA":"220","NMCSA":"Detroit-Warren-Ann Arbor, MI","CD":"2607","SLDL":"26050","SLDU":"26022","SCHOOLYEAR":"2024-2025"}},{"type":"Feature","id":44923,"geometry":{"type":"Point","coordinates":[-83.93050999974844,42.61909300054767]},"properties":{"OBJECTID":44923,"NCESSCH":"261872005551","LEAID":"2618720","NAME":"Northwest Elementary School","OPSTFIPS":"26","STREET":"1233 BOWER ST","CITY":"HOWELL","STATE":"MI","ZIP":"48843","STFIP":"26","CNTY":"26093","NMCNTY":"Livingston County","LOCALE":"22","LAT":42.619093,"LON":-83.93051,"CBSA":"19820","NMCBSA":"Detroit-Warren-Dearborn, MI","CBSATYPE":"1","CSA":"220","NMCSA":"Detroit-Warren-Ann Arbor, MI","CD":"2607","SLDL":"26050","SLDU":"26022","SCHOOLYEAR":"2024-2025"}},{"type":"Feature","id":44924,"geometry":{"type":"Point","coordinates":[-83.8704589997311,42.55946800024772]},"properties":{"OBJECTID":44924,"NCESSCH":"261872005552","LEAID":"2618720","NAME":"Three Fires Elementary","OPSTFIPS":"26","STREET":"4125 CROOKED LAKE RD","CITY":"HOWELL","STATE":"MI","ZIP":"48843","STFIP":"26","CNTY":"26093","NMCNTY":"Livingston County","LOCALE":"41","LAT":42.559468,"LON":-83.870459,"CBSA":"19820","NMCBSA":"Detroit-Warren-Dearborn, MI","CBSATYPE":"1","CSA":"220","NMCSA":"Detroit-Warren-Ann Arbor, MI","CD":"2607","SLDL":"26048","SLDU":"26022","SCHOOLYEAR":"2024-2025"}},{"type":"Feature","id":44925,"geometry":{"type":"Point","coordinates":[-83.941658000082,42.6077379999915]},"properties":{"OBJECTID":44925,"NCESSCH":"261872005554","LEAID":"2618720","NAME":"Southwest Elementary School","OPSTFIPS":"26","STREET":"915 GAY ST","CITY":"HOWELL","STATE":"MI","ZIP":"48843","STFIP":"26","CNTY":"26093","NMCNTY":"Livingston County","LOCALE":"22","LAT":42.607738,"LON":-83.941658,"CBSA":"19820","NMCBSA":"Detroit-Warren-Dearborn, MI","CBSATYPE":"1","CSA":"220","NMCSA":"Detroit-Warren-Ann Arbor, MI","CD":"2607","SLDL":"26050","SLDU":"26022","SCHOOLYEAR":"2024-2025"}},{"type":"Feature","id":44926,"geometry":{"type":"Point","coordinates":[-83.95300100040807,42.61675699997608]},"properties":{"OBJECTID":44926,"NCESSCH":"261872005555","LEAID":"2618720","NAME":"Highlander Way Middle School","OPSTFIPS":"26","STREET":"511 N HIGHLANDER WAY","CITY":"HOWELL","STATE":"MI","ZIP":"48843","STFIP":"26","CNTY":"26093","NMCNTY":"Livingston County","LOCALE":"22","LAT":42.616757,"LON":-83.953001,"CBSA":"19820","NMCBSA":"Detroit-Warren-Dearborn, MI","CBSATYPE":"1","CSA":"220","NMCSA":"Detroit-Warren-Ann Arbor, MI","CD":"2607","SLDL":"26050","SLDU":"26022","SCHOOLYEAR":"2024-2025"}},{"type":"Feature","id":44927,"geometry":{"type":"Point","coordinates":[-83.9199529998299,42.601288999990075]},"properties":{"OBJECTID":44927,"NCESSCH":"261872008860","LEAID":"2618720","NAME":"Innovation Academy","OPSTFIPS":"26","STREET":"861 E SIBLEY ST","CITY":"HOWELL","STATE":"MI","ZIP":"48843","STFIP":"26","CNTY":"26093","NMCNTY":"Livingston County","LOCALE":"22","LAT":42.601289,"LON":-83.919953,"CBSA":"19820","NMCBSA":"Detroit-Warren-Dearborn, MI","CBSATYPE":"1","CSA":"220","NMCSA":"Detroit-Warren-Ann Arbor, MI","CD":"2607","SLDL":"26050","SLDU":"26022","SCHOOLYEAR":"2024-2025"}},{"type":"Feature","id":44946,"geometry":{"type":"Point","coordinates":[-83.34862099979392,42.124133000119116]},"properties":{"OBJECTID":44946,"NCESSCH":"261893005567","LEAID":"2618930","NAME":"Huron High School","OPSTFIPS":"26","STREET":"32044 HURON RIVER DR","CITY":"NEW BOSTON","STATE":"MI","ZIP":"48164","STFIP":"26","CNTY":"26163","NMCNTY":"Wayne County","LOCALE":"21","LAT":42.124133,"LON":-83.348621,"CBSA":"19820","NMCBSA":"Detroit-Warren-Dearborn, MI","CBSATYPE":"1","CSA":"220","NMCSA":"Detroit-Warren-Ann Arbor, MI","CD":"2606","SLDL":"26029","SLDU":"26004","SCHOOLYEAR":"2024-2025"}},{"type":"Feature","id":44947,"geometry":{"type":"Point","coordinates":[-83.32259300039544,42.11936899957779]},"properties":{"OBJECTID":44947,"NCESSCH":"261893005568","LEAID":"2618930","NAME":"Brown Elementary School","OPSTFIPS":"26","STREET":"25485 MIDDLEBELT RD","CITY":"NEW BOSTON","STATE":"MI","ZIP":"48164","STFIP":"26","CNTY":"26163","NMCNTY":"Wayne County","LOCALE":"21","LAT":42.119369,"LON":-83.322593,"CBSA":"19820","NMCBSA":"Detroit-Warren-Dearborn, MI","CBSATYPE":"1","CSA":"220","NMCSA":"Detroit-Warren-Ann Arbor, MI","CD":"2606","SLDL":"26029","SLDU":"26004","SCHOOLYEAR":"2024-2025"}},{"type":"Feature","id":44948,"geometry":{"type":"Point","coordinates":[-83.34561399984628,42.1238319992165]},"properties":{"OBJECTID":44948,"NCESSCH":"261893005569","LEAID":"2618930","NAME":"Carl T Renton Jr High School","OPSTFIPS":"26","STREET":"31578 HURON RIVER DR","CITY":"NEW BOSTON","STATE":"MI","ZIP":"48164","STFIP":"26","CNTY":"26163","NMCNTY":"Wayne County","LOCALE":"21","LAT":42.123832,"LON":-83.345614,"CBSA":"19820","NMCBSA":"Detroit-Warren-Dearborn, MI","CBSATYPE":"1","CSA":"220","NMCSA":"Detroit-Warren-Ann Arbor, MI","CD":"2606","SLDL":"26029","SLDU":"26004","SCHOOLYEAR":"2024-2025"}},{"type":"Feature","id":44949,"geometry":{"type":"Point","coordinates":[-83.40830199987451,42.166183000582365]},"properties":{"OBJECTID":44949,"NCESSCH":"261893005570","LEAID":"2618930","NAME":"William D Miller Elem School","OPSTFIPS":"26","STREET":"18955 HANNAN RD","CITY":"NEW BOSTON","STATE":"MI","ZIP":"48164","STFIP":"26","CNTY":"26163","NMCNTY":"Wayne County","LOCALE":"21","LAT":42.166183,"LON":-83.408302,"CBSA":"19820","NMCBSA":"Detroit-Warren-Dearborn, MI","CBSATYPE":"1","CSA":"220","NMCSA":"Detroit-Warren-Ann Arbor, MI","CD":"2606","SLDL":"26029","SLDU":"26004","SCHOOLYEAR":"2024-2025"}},{"type":"Feature","id":44950,"geometry":{"type":"Point","coordinates":[-83.27391499973626,42.088833999586534]},"properties":{"OBJECTID":44950,"NCESSCH":"261893007983","LEAID":"2618930","NAME":"Huron AI Center FRCS Simpson Program","OPSTFIPS":"26","STREET":"24900 MEADOWS AVE","CITY":"FLAT ROCK","STATE":"MI","ZIP":"48134","STFIP":"26","CNTY":"26163","NMCNTY":"Wayne County","LOCALE":"21","LAT":42.088834,"LON":-83.273915,"CBSA":"19820","NMCBSA":"Detroit-Warren-Dearborn, MI","CBSATYPE":"1","CSA":"220","NMCSA":"Detroit-Warren-Ann Arbor, MI","CD":"2606","SLDL":"26028","SLDU":"26004","SCHOOLYEAR":"2024-2025"}},{"type":"Feature","id":44951,"geometry":{"type":"Point","coordinates":[-83.28233500034507,42.100268000198746]},"properties":{"OBJECTID":44951,"NCESSCH":"261893008552","LEAID":"2618930","NAME":"Huron AI Center FRCS FRHS Program","OPSTFIPS":"26","STREET":"25600 SENECA ST","CITY":"FLAT ROCK","STATE":"MI","ZIP":"48134","STFIP":"26","CNTY":"26163","NMCNTY":"Wayne County","LOCALE":"21","LAT":42.100268,"LON":-83.282335,"CBSA":"19820","NMCBSA":"Detroit-Warren-Dearborn, MI","CBSATYPE":"1","CSA":"220","NMCSA":"Detroit-Warren-Ann Arbor, MI","CD":"2606","SLDL":"26028","SLDU":"26004","SCHOOLYEAR":"2024-2025"}},{"type":"Feature","id":44952,"geometry":{"type":"Point","coordinates":[-83.28321700036791,42.0975269996673]},"properties":{"OBJECTID":44952,"NCESSCH":"261893008794","LEAID":"2618930","NAME":"Huron AI Center FRCS Bobcean Program","OPSTFIPS":"26","STREET":"28300 EVERGREEN ST","CITY":"FLAT ROCK","STATE":"MI","ZIP":"48134","STFIP":"26","CNTY":"26163","NMCNTY":"Wayne County","LOCALE":"21","LAT":42.097527,"LON":-83.283217,"CBSA":"19820","NMCBSA":"Detroit-Warren-Dearborn, MI","CBSATYPE":"1","CSA":"220","NMCSA":"Detroit-Warren-Ann Arbor, MI","CD":"2606","SLDL":"26028","SLDU":"26004","SCHOOLYEAR":"2024-2025"}},{"type":"Feature","id":44953,"geometry":{"type":"Point","coordinates":[-83.34381699936253,42.12456500043673]},"properties":{"OBJECTID":44953,"NCESSCH":"261893008984","LEAID":"2618930","NAME":"Alice I Ferguson Early Childhood Center","OPSTFIPS":"26","STREET":"24678 MERRIMAN RD","CITY":"NEW BOSTON","STATE":"MI","ZIP":"48164","STFIP":"26","CNTY":"26163","NMCNTY":"Wayne County","LOCALE":"21","LAT":42.124565,"LON":-83.343817,"CBSA":"19820","NMCBSA":"Detroit-Warren-Dearborn, MI","CBSATYPE":"1","CSA":"220","NMCSA":"Detroit-Warren-Ann Arbor, MI","CD":"2606","SLDL":"26029","SLDU":"26004","SCHOOLYEAR":"2024-2025"}},{"type":"Feature","id":44954,"geometry":{"type":"Point","coordinates":[-83.55940000066266,42.59389999925068]},"properties":{"OBJECTID":44954,"NCESSCH":"261899000101","LEAID":"2618990","NAME":"Country Oaks Elementary School","OPSTFIPS":"26","STREET":"5070 S DUCK LAKE RD","CITY":"COMMERCE TOWNSHIP","STATE":"MI","ZIP":"48382","STFIP":"26","CNTY":"26125","NMCNTY":"Oakland County","LOCALE":"21","LAT":42.5939,"LON":-83.5594,"CBSA":"19820","NMCBSA":"Detroit-Warren-Dearborn, MI","CBSATYPE":"1","CSA":"220","NMCSA":"Detroit-Warren-Ann Arbor, MI","CD":"2611","SLDL":"26051","SLDU":"26023","SCHOOLYEAR":"2024-2025"}},{"type":"Feature","id":44955,"geometry":{"type":"Point","coordinates":[-83.55739999976777,42.59089999982807]},"properties":{"OBJECTID":44955,"NCESSCH":"261899000238","LEAID":"2618990","NAME":"Oak Valley Middle School","OPSTFIPS":"26","STREET":"4200 WHITE OAK TRL","CITY":"COMMERCE TOWNSHIP","STATE":"MI","ZIP":"48382","STFIP":"26","CNTY":"26125","NMCNTY":"Oakland County","LOCALE":"21","LAT":42.5909,"LON":-83.5574,"CBSA":"19820","NMCBSA":"Detroit-Warren-Dearborn, MI","CBSATYPE":"1","CSA":"220","NMCSA":"Detroit-Warren-Ann Arbor, MI","CD":"2611","SLDL":"26051","SLDU":"26023","SCHOOLYEAR":"2024-2025"}},{"type":"Feature","id":44956,"geometry":{"type":"Point","coordinates":[-83.61930000015131,42.61640000011582]},"properties":{"OBJECTID":44956,"NCESSCH":"261899001079","LEAID":"2618990","NAME":"Heritage Elementary School","OPSTFIPS":"26","STREET":"219 WATKINS BLVD","CITY":"HIGHLAND","STATE":"MI","ZIP":"48357","STFIP":"26","CNTY":"26125","NMCNTY":"Oakland County","LOCALE":"41","LAT":42.6164,"LON":-83.6193,"CBSA":"19820","NMCBSA":"Detroit-Warren-Dearborn, MI","CBSATYPE":"1","CSA":"220","NMCSA":"Detroit-Warren-Ann Arbor, MI","CD":"2609","SLDL":"26051","SLDU":"26023","SCHOOLYEAR":"2024-2025"}},{"type":"Feature","id":44957,"geometry":{"type":"Point","coordinates":[-83.53648399991465,42.65018700026702]},"properties":{"OBJECTID":44957,"NCESSCH":"261899001398","LEAID":"2618990","NAME":"Harbor High School","OPSTFIPS":"26","STREET":"1000 HILL RD","CITY":"WHITE LAKE","STATE":"MI","ZIP":"48383","STFIP":"26","CNTY":"26125","NMCNTY":"Oakland County","LOCALE":"41","LAT":42.650187,"LON":-83.536484,"CBSA":"19820","NMCBSA":"Detroit-Warren-Dearborn, MI","CBSATYPE":"1","CSA":"220","NMCSA":"Detroit-Warren-Ann Arbor, MI","CD":"2611","SLDL":"26051","SLDU":"26023","SCHOOLYEAR":"2024-2025"}},{"type":"Feature","id":44958,"geometry":{"type":"Point","coordinates":[-83.53653399992535,42.650137000255725]},"properties":{"OBJECTID":44958,"NCESSCH":"261899002042","LEAID":"2618990","NAME":"Huron Valley Adult Education","OPSTFIPS":"26","STREET":"1000 HILL RD","CITY":"WHITE LAKE","STATE":"MI","ZIP":"48383","STFIP":"26","CNTY":"26125","NMCNTY":"Oakland County","LOCALE":"41","LAT":42.650137,"LON":-83.536534,"CBSA":"19820","NMCBSA":"Detroit-Warren-Dearborn, MI","CBSATYPE":"1","CSA":"220","NMCSA":"Detroit-Warren-Ann Arbor, MI","CD":"2611","SLDL":"26051","SLDU":"26023","SCHOOLYEAR":"2024-2025"}},{"type":"Feature","id":44959,"geometry":{"type":"Point","coordinates":[-83.62270000033524,42.61790000020354]},"properties":{"OBJECTID":44959,"NCESSCH":"261899005574","LEAID":"2618990","NAME":"Milford High School","OPSTFIPS":"26","STREET":"2380 S MILFORD RD","CITY":"HIGHLAND","STATE":"MI","ZIP":"48357","STFIP":"26","CNTY":"26125","NMCNTY":"Oakland County","LOCALE":"41","LAT":42.6179,"LON":-83.6227,"CBSA":"19820","NMCBSA":"Detroit-Warren-Dearborn, MI","CBSATYPE":"1","CSA":"220","NMCSA":"Detroit-Warren-Ann Arbor, MI","CD":"2609","SLDL":"26051","SLDU":"26023","SCHOOLYEAR":"2024-2025"}},{"type":"Feature","id":44960,"geometry":{"type":"Point","coordinates":[-83.605899999979,42.58380000010205]},"properties":{"OBJECTID":44960,"NCESSCH":"261899005575","LEAID":"2618990","NAME":"Johnson Elementary School","OPSTFIPS":"26","STREET":"515 GENERAL MOTORS RD","CITY":"MILFORD","STATE":"MI","ZIP":"48381","STFIP":"26","CNTY":"26125","NMCNTY":"Oakland County","LOCALE":"21","LAT":42.5838,"LON":-83.6059,"CBSA":"19820","NMCBSA":"Detroit-Warren-Dearborn, MI","CBSATYPE":"1","CSA":"220","NMCSA":"Detroit-Warren-Ann Arbor, MI","CD":"2607","SLDL":"26051","SLDU":"26023","SCHOOLYEAR":"2024-2025"}},{"type":"Feature","id":44961,"geometry":{"type":"Point","coordinates":[-83.59719999956829,42.59719999989203]},"properties":{"OBJECTID":44961,"NCESSCH":"261899005576","LEAID":"2618990","NAME":"Muir Middle School","OPSTFIPS":"26","STREET":"425 GEORGE ST","CITY":"MILFORD","STATE":"MI","ZIP":"48381","STFIP":"26","CNTY":"26125","NMCNTY":"Oakland County","LOCALE":"21","LAT":42.5972,"LON":-83.5972,"CBSA":"19820","NMCBSA":"Detroit-Warren-Dearborn, MI","CBSATYPE":"1","CSA":"220","NMCSA":"Detroit-Warren-Ann Arbor, MI","CD":"2609","SLDL":"26051","SLDU":"26023","SCHOOLYEAR":"2024-2025"}},{"type":"Feature","id":44962,"geometry":{"type":"Point","coordinates":[-83.48900000039596,42.640199999952316]},"properties":{"OBJECTID":44962,"NCESSCH":"261899005578","LEAID":"2618990","NAME":"Oxbow Elementary School","OPSTFIPS":"26","STREET":"100 OXBOW LAKE RD","CITY":"WHITE LAKE","STATE":"MI","ZIP":"48386","STFIP":"26","CNTY":"26125","NMCNTY":"Oakland County","LOCALE":"21","LAT":42.6402,"LON":-83.489,"CBSA":"19820","NMCBSA":"Detroit-Warren-Dearborn, MI","CBSATYPE":"1","CSA":"220","NMCSA":"Detroit-Warren-Ann Arbor, MI","CD":"2611","SLDL":"26051","SLDU":"26023","SCHOOLYEAR":"2024-2025"}},{"type":"Feature","id":44963,"geometry":{"type":"Point","coordinates":[-83.58699999991401,42.59159999943499]},"properties":{"OBJECTID":44963,"NCESSCH":"261899005580","LEAID":"2618990","NAME":"Kurtz Elementary School","OPSTFIPS":"26","STREET":"1350 KURTZ DR","CITY":"MILFORD","STATE":"MI","ZIP":"48381","STFIP":"26","CNTY":"26125","NMCNTY":"Oakland County","LOCALE":"21","LAT":42.5916,"LON":-83.587,"CBSA":"19820","NMCBSA":"Detroit-Warren-Dearborn, MI","CBSATYPE":"1","CSA":"220","NMCSA":"Detroit-Warren-Ann Arbor, MI","CD":"2609","SLDL":"26051","SLDU":"26023","SCHOOLYEAR":"2024-2025"}},{"type":"Feature","id":44964,"geometry":{"type":"Point","coordinates":[-83.62169999999591,42.63879999990652]},"properties":{"OBJECTID":44964,"NCESSCH":"261899005581","LEAID":"2618990","NAME":"Highland Elementary School","OPSTFIPS":"26","STREET":"300 W LIVINGSTON RD","CITY":"HIGHLAND","STATE":"MI","ZIP":"48357","STFIP":"26","CNTY":"26125","NMCNTY":"Oakland County","LOCALE":"21","LAT":42.6388,"LON":-83.6217,"CBSA":"19820","NMCBSA":"Detroit-Warren-Dearborn, MI","CBSATYPE":"1","CSA":"220","NMCSA":"Detroit-Warren-Ann Arbor, MI","CD":"2609","SLDL":"26051","SLDU":"26023","SCHOOLYEAR":"2024-2025"}},{"type":"Feature","id":44965,"geometry":{"type":"Point","coordinates":[-83.51849999983044,42.62289999941739]},"properties":{"OBJECTID":44965,"NCESSCH":"261899005582","LEAID":"2618990","NAME":"Lakewood Elementary School","OPSTFIPS":"26","STREET":"1500 BOGIE LAKE RD","CITY":"WHITE LAKE","STATE":"MI","ZIP":"48383","STFIP":"26","CNTY":"26125","NMCNTY":"Oakland County","LOCALE":"21","LAT":42.6229,"LON":-83.5185,"CBSA":"19820","NMCBSA":"Detroit-Warren-Dearborn, MI","CBSATYPE":"1","CSA":"220","NMCSA":"Detroit-Warren-Ann Arbor, MI","CD":"2611","SLDL":"26051","SLDU":"26023","SCHOOLYEAR":"2024-2025"}},{"type":"Feature","id":44966,"geometry":{"type":"Point","coordinates":[-83.6026999999369,42.66820000001596]},"properties":{"OBJECTID":44966,"NCESSCH":"261899005583","LEAID":"2618990","NAME":"Spring Mills Elementary School","OPSTFIPS":"26","STREET":"3150 HARVEY LAKE RD","CITY":"HIGHLAND","STATE":"MI","ZIP":"48356","STFIP":"26","CNTY":"26125","NMCNTY":"Oakland County","LOCALE":"21","LAT":42.6682,"LON":-83.6027,"CBSA":"19820","NMCBSA":"Detroit-Warren-Dearborn, MI","CBSATYPE":"1","CSA":"220","NMCSA":"Detroit-Warren-Ann Arbor, MI","CD":"2609","SLDL":"26051","SLDU":"26023","SCHOOLYEAR":"2024-2025"}},{"type":"Feature","id":44967,"geometry":{"type":"Point","coordinates":[-83.5150000000187,42.62570000008621]},"properties":{"OBJECTID":44967,"NCESSCH":"261899005584","LEAID":"2618990","NAME":"Lakeland High School","OPSTFIPS":"26","STREET":"1630 BOGIE LAKE RD","CITY":"WHITE LAKE","STATE":"MI","ZIP":"48383","STFIP":"26","CNTY":"26125","NMCNTY":"Oakland County","LOCALE":"21","LAT":42.6257,"LON":-83.515,"CBSA":"19820","NMCBSA":"Detroit-Warren-Dearborn, MI","CBSATYPE":"1","CSA":"220","NMCSA":"Detroit-Warren-Ann Arbor, MI","CD":"2611","SLDL":"26051","SLDU":"26023","SCHOOLYEAR":"2024-2025"}},{"type":"Feature","id":44968,"geometry":{"type":"Point","coordinates":[-83.5195000004377,42.62609999992589]},"properties":{"OBJECTID":44968,"NCESSCH":"261899005585","LEAID":"2618990","NAME":"White Lake Middle School","OPSTFIPS":"26","STREET":"1450 BOGIE LAKE RD","CITY":"WHITE LAKE","STATE":"MI","ZIP":"48383","STFIP":"26","CNTY":"26125","NMCNTY":"Oakland County","LOCALE":"21","LAT":42.6261,"LON":-83.5195,"CBSA":"19820","NMCBSA":"Detroit-Warren-Dearborn, MI","CBSATYPE":"1","CSA":"220","NMCSA":"Detroit-Warren-Ann Arbor, MI","CD":"2611","SLDL":"26051","SLDU":"26023","SCHOOLYEAR":"2024-2025"}},{"type":"Feature","id":44969,"geometry":{"type":"Point","coordinates":[-83.61991200015993,42.65697200017171]},"properties":{"OBJECTID":44969,"NCESSCH":"261899007843","LEAID":"2618990","NAME":"Apollo Center","OPSTFIPS":"26","STREET":"2029 N MILFORD RD","CITY":"HIGHLAND","STATE":"MI","ZIP":"48357","STFIP":"26","CNTY":"26125","NMCNTY":"Oakland County","LOCALE":"21","LAT":42.656972,"LON":-83.619912,"CBSA":"19820","NMCBSA":"Detroit-Warren-Dearborn, MI","CBSATYPE":"1","CSA":"220","NMCSA":"Detroit-Warren-Ann Arbor, MI","CD":"2609","SLDL":"26051","SLDU":"26023","SCHOOLYEAR":"2024-2025"}},{"type":"Feature","id":44970,"geometry":{"type":"Point","coordinates":[-83.56790000028295,41.90769999961554]},"properties":{"OBJECTID":44970,"NCESSCH":"261905005586","LEAID":"2619050","NAME":"Ida Elementary School","OPSTFIPS":"26","STREET":"7900 IDA ST","CITY":"IDA","STATE":"MI","ZIP":"48140","STFIP":"26","CNTY":"26115","NMCNTY":"Monroe County","LOCALE":"41","LAT":41.9077,"LON":-83.5679,"CBSA":"33780","NMCBSA":"Monroe, MI","CBSATYPE":"1","CSA":"220","NMCSA":"Detroit-Warren-Ann Arbor, MI","CD":"2605","SLDL":"26030","SLDU":"26016","SCHOOLYEAR":"2024-2025"}},{"type":"Feature","id":44971,"geometry":{"type":"Point","coordinates":[-83.56960000069368,41.906500000316406]},"properties":{"OBJECTID":44971,"NCESSCH":"261905005587","LEAID":"2619050","NAME":"Ida High School","OPSTFIPS":"26","STREET":"3145 PRAIRIE ST","CITY":"IDA","STATE":"MI","ZIP":"48140","STFIP":"26","CNTY":"26115","NMCNTY":"Monroe County","LOCALE":"41","LAT":41.9065,"LON":-83.5696,"CBSA":"33780","NMCBSA":"Monroe, MI","CBSATYPE":"1","CSA":"220","NMCSA":"Detroit-Warren-Ann Arbor, MI","CD":"2605","SLDL":"26030","SLDU":"26016","SCHOOLYEAR":"2024-2025"}},{"type":"Feature","id":44972,"geometry":{"type":"Point","coordinates":[-83.57130000016727,41.90600000014206]},"properties":{"OBJECTID":44972,"NCESSCH":"261905005588","LEAID":"2619050","NAME":"Ida Middle School","OPSTFIPS":"26","STREET":"3143 PRAIRIE ST","CITY":"IDA","STATE":"MI","ZIP":"48140","STFIP":"26","CNTY":"26115","NMCNTY":"Monroe County","LOCALE":"41","LAT":41.906,"LON":-83.5713,"CBSA":"33780","NMCBSA":"Monroe, MI","CBSATYPE":"1","CSA":"220","NMCSA":"Detroit-Warren-Ann Arbor, MI","CD":"2605","SLDL":"26030","SLDU":"26016","SCHOOLYEAR":"2024-2025"}},{"type":"Feature","id":44973,"geometry":{"type":"Point","coordinates":[-83.07568899948937,43.0050139996767]},"properties":{"OBJECTID":44973,"NCESSCH":"261910000053","LEAID":"2619100","NAME":"Venture High School","OPSTFIPS":"26","STREET":"2061 S ALMONT AVE","CITY":"IMLAY CITY","STATE":"MI","ZIP":"48444","STFIP":"26","CNTY":"26087","NMCNTY":"Lapeer County","LOCALE":"42","LAT":43.005014,"LON":-83.075689,"CBSA":"19820","NMCBSA":"Detroit-Warren-Dearborn, MI","CBSATYPE":"1","CSA":"220","NMCSA":"Detroit-Warren-Ann Arbor, MI","CD":"2609","SLDL":"26065","SLDU":"26026","SCHOOLYEAR":"2024-2025"}},{"type":"Feature","id":44974,"geometry":{"type":"Point","coordinates":[-83.08350000039287,43.02070000000184]},"properties":{"OBJECTID":44974,"NCESSCH":"261910000186","LEAID":"2619100","NAME":"Imlay City Middle School","OPSTFIPS":"26","STREET":"495 W 1ST ST","CITY":"IMLAY CITY","STATE":"MI","ZIP":"48444","STFIP":"26","CNTY":"26087","NMCNTY":"Lapeer County","LOCALE":"42","LAT":43.0207,"LON":-83.0835,"CBSA":"19820","NMCBSA":"Detroit-Warren-Dearborn, MI","CBSATYPE":"1","CSA":"220","NMCSA":"Detroit-Warren-Ann Arbor, MI","CD":"2609","SLDL":"26065","SLDU":"26026","SCHOOLYEAR":"2024-2025"}},{"type":"Feature","id":44975,"geometry":{"type":"Point","coordinates":[-83.08490000042661,43.01649999920091]},"properties":{"OBJECTID":44975,"NCESSCH":"261910005589","LEAID":"2619100","NAME":"Imlay City High School","OPSTFIPS":"26","STREET":"1001 NORLIN DR","CITY":"IMLAY CITY","STATE":"MI","ZIP":"48444","STFIP":"26","CNTY":"26087","NMCNTY":"Lapeer County","LOCALE":"42","LAT":43.0165,"LON":-83.0849,"CBSA":"19820","NMCBSA":"Detroit-Warren-Dearborn, MI","CBSATYPE":"1","CSA":"220","NMCSA":"Detroit-Warren-Ann Arbor, MI","CD":"2609","SLDL":"26065","SLDU":"26026","SCHOOLYEAR":"2024-2025"}},{"type":"Feature","id":44976,"geometry":{"type":"Point","coordinates":[-83.08280000009103,43.01979999988136]},"properties":{"OBJECTID":44976,"NCESSCH":"261910005590","LEAID":"2619100","NAME":"Weston Elementary School","OPSTFIPS":"26","STREET":"275 WESTON ST","CITY":"IMLAY CITY","STATE":"MI","ZIP":"48444","STFIP":"26","CNTY":"26087","NMCNTY":"Lapeer County","LOCALE":"42","LAT":43.0198,"LON":-83.0828,"CBSA":"19820","NMCBSA":"Detroit-Warren-Dearborn, MI","CBSATYPE":"1","CSA":"220","NMCSA":"Detroit-Warren-Ann Arbor, MI","CD":"2609","SLDL":"26065","SLDU":"26026","SCHOOLYEAR":"2024-2025"}},{"type":"Feature","id":44977,"geometry":{"type":"Point","coordinates":[-83.08459999912499,43.01429999983415]},"properties":{"OBJECTID":44977,"NCESSCH":"261910005591","LEAID":"2619100","NAME":"Borland Elementary School","OPSTFIPS":"26","STREET":"500 W BORLAND RD","CITY":"IMLAY CITY","STATE":"MI","ZIP":"48444","STFIP":"26","CNTY":"26087","NMCNTY":"Lapeer County","LOCALE":"42","LAT":43.0143,"LON":-83.0846,"CBSA":"19820","NMCBSA":"Detroit-Warren-Dearborn, MI","CBSATYPE":"1","CSA":"220","NMCSA":"Detroit-Warren-Ann Arbor, MI","CD":"2609","SLDL":"26065","SLDU":"26026","SCHOOLYEAR":"2024-2025"}},{"type":"Feature","id":45016,"geometry":{"type":"Point","coordinates":[-83.32060000019791,41.945999999807356]},"properties":{"OBJECTID":45016,"NCESSCH":"261980005635","LEAID":"2619800","NAME":"Sodt Elementary School","OPSTFIPS":"26","STREET":"2888 NADEAU RD","CITY":"MONROE","STATE":"MI","ZIP":"48162","STFIP":"26","CNTY":"26115","NMCNTY":"Monroe County","LOCALE":"41","LAT":41.946,"LON":-83.3206,"CBSA":"33780","NMCBSA":"Monroe, MI","CBSATYPE":"1","CSA":"220","NMCSA":"Detroit-Warren-Ann Arbor, MI","CD":"2605","SLDL":"26028","SLDU":"26016","SCHOOLYEAR":"2024-2025"}},{"type":"Feature","id":45017,"geometry":{"type":"Point","coordinates":[-83.31169500042236,41.956588000140684]},"properties":{"OBJECTID":45017,"NCESSCH":"261980005636","LEAID":"2619800","NAME":"Jefferson High School","OPSTFIPS":"26","STREET":"5707 WILLIAMS RD","CITY":"NEWPORT","STATE":"MI","ZIP":"48166","STFIP":"26","CNTY":"26115","NMCNTY":"Monroe County","LOCALE":"23","LAT":41.956588,"LON":-83.311695,"CBSA":"33780","NMCBSA":"Monroe, MI","CBSATYPE":"1","CSA":"220","NMCSA":"Detroit-Warren-Ann Arbor, MI","CD":"2605","SLDL":"26028","SLDU":"26016","SCHOOLYEAR":"2024-2025"}},{"type":"Feature","id":45018,"geometry":{"type":"Point","coordinates":[-83.3123999994064,41.953999999643734]},"properties":{"OBJECTID":45018,"NCESSCH":"261980005637","LEAID":"2619800","NAME":"Jefferson Middle School","OPSTFIPS":"26","STREET":"5102 N STONY CREEK RD","CITY":"MONROE","STATE":"MI","ZIP":"48162","STFIP":"26","CNTY":"26115","NMCNTY":"Monroe County","LOCALE":"23","LAT":41.954,"LON":-83.3124,"CBSA":"33780","NMCBSA":"Monroe, MI","CBSATYPE":"1","CSA":"220","NMCSA":"Detroit-Warren-Ann Arbor, MI","CD":"2605","SLDL":"26028","SLDU":"26016","SCHOOLYEAR":"2024-2025"}},{"type":"Feature","id":45019,"geometry":{"type":"Point","coordinates":[-83.27870000010138,41.99870000029679]},"properties":{"OBJECTID":45019,"NCESSCH":"261980007740","LEAID":"2619800","NAME":"North Elementary School","OPSTFIPS":"26","STREET":"8281 N DIXIE HWY","CITY":"NEWPORT","STATE":"MI","ZIP":"48166","STFIP":"26","CNTY":"26115","NMCNTY":"Monroe County","LOCALE":"41","LAT":41.9987,"LON":-83.2787,"CBSA":"33780","NMCBSA":"Monroe, MI","CBSATYPE":"1","CSA":"220","NMCSA":"Detroit-Warren-Ann Arbor, MI","CD":"2605","SLDL":"26028","SLDU":"26016","SCHOOLYEAR":"2024-2025"}},{"type":"Feature","id":45080,"geometry":{"type":"Point","coordinates":[-83.62224700009149,43.04679799974081]},"properties":{"OBJECTID":45080,"NCESSCH":"262007007547","LEAID":"2620070","NAME":"Weston Elementary School","OPSTFIPS":"26","STREET":"2499 CASHIN ST","CITY":"BURTON","STATE":"MI","ZIP":"48509","STFIP":"26","CNTY":"26049","NMCNTY":"Genesee County","LOCALE":"21","LAT":43.046798,"LON":-83.622247,"CBSA":"22420","NMCBSA":"Flint, MI","CBSATYPE":"1","CSA":"220","NMCSA":"Detroit-Warren-Ann Arbor, MI","CD":"2608","SLDL":"26068","SLDU":"26027","SCHOOLYEAR":"2024-2025"}},{"type":"Feature","id":45128,"geometry":{"type":"Point","coordinates":[-83.72752600043269,42.85938199983976]},"properties":{"OBJECTID":45128,"NCESSCH":"262067001826","LEAID":"2620670","NAME":"Lake Fenton Middle School","OPSTFIPS":"26","STREET":"11425 TORREY RD","CITY":"FENTON","STATE":"MI","ZIP":"48430","STFIP":"26","CNTY":"26049","NMCNTY":"Genesee County","LOCALE":"31","LAT":42.859382,"LON":-83.727526,"CBSA":"22420","NMCBSA":"Flint, MI","CBSATYPE":"1","CSA":"220","NMCSA":"Detroit-Warren-Ann Arbor, MI","CD":"2608","SLDL":"26072","SLDU":"26022","SCHOOLYEAR":"2024-2025"}},{"type":"Feature","id":45129,"geometry":{"type":"Point","coordinates":[-83.7503999999164,42.84329999986415]},"properties":{"OBJECTID":45129,"NCESSCH":"262067005730","LEAID":"2620670","NAME":"Lake Fenton High School","OPSTFIPS":"26","STREET":"4070 LAHRING RD","CITY":"LINDEN","STATE":"MI","ZIP":"48451","STFIP":"26","CNTY":"26049","NMCNTY":"Genesee County","LOCALE":"41","LAT":42.8433,"LON":-83.7504,"CBSA":"22420","NMCBSA":"Flint, MI","CBSATYPE":"1","CSA":"220","NMCSA":"Detroit-Warren-Ann Arbor, MI","CD":"2608","SLDL":"26072","SLDU":"26022","SCHOOLYEAR":"2024-2025"}},{"type":"Feature","id":45130,"geometry":{"type":"Point","coordinates":[-83.73160000007695,42.84260000071728]},"properties":{"OBJECTID":45130,"NCESSCH":"262067005731","LEAID":"2620670","NAME":"West Shore Elementary School","OPSTFIPS":"26","STREET":"3076 LAHRING RD","CITY":"FENTON","STATE":"MI","ZIP":"48430","STFIP":"26","CNTY":"26049","NMCNTY":"Genesee County","LOCALE":"31","LAT":42.8426,"LON":-83.7316,"CBSA":"22420","NMCBSA":"Flint, MI","CBSATYPE":"1","CSA":"220","NMCSA":"Detroit-Warren-Ann Arbor, MI","CD":"2608","SLDL":"26072","SLDU":"26022","SCHOOLYEAR":"2024-2025"}},{"type":"Feature","id":45131,"geometry":{"type":"Point","coordinates":[-83.73069999998243,42.84450000009358]},"properties":{"OBJECTID":45131,"NCESSCH":"262067005732","LEAID":"2620670","NAME":"Torrey Hill Intermediate School","OPSTFIPS":"26","STREET":"12410 TORREY RD","CITY":"FENTON","STATE":"MI","ZIP":"48430","STFIP":"26","CNTY":"26049","NMCNTY":"Genesee County","LOCALE":"31","LAT":42.8445,"LON":-83.7307,"CBSA":"22420","NMCBSA":"Flint, MI","CBSATYPE":"1","CSA":"220","NMCSA":"Detroit-Warren-Ann Arbor, MI","CD":"2608","SLDL":"26072","SLDU":"26022","SCHOOLYEAR":"2024-2025"}},{"type":"Feature","id":45133,"geometry":{"type":"Point","coordinates":[-83.28880000008202,42.72799999952707]},"properties":{"OBJECTID":45133,"NCESSCH":"262073000684","LEAID":"2620730","NAME":"Carpenter Elem School","OPSTFIPS":"26","STREET":"2290 FLINTRIDGE ST","CITY":"LAKE ORION","STATE":"MI","ZIP":"48359","STFIP":"26","CNTY":"26125","NMCNTY":"Oakland County","LOCALE":"21","LAT":42.728,"LON":-83.2888,"CBSA":"19820","NMCBSA":"Detroit-Warren-Dearborn, MI","CBSATYPE":"1","CSA":"220","NMCSA":"Detroit-Warren-Ann Arbor, MI","CD":"2609","SLDL":"26054","SLDU":"26024","SCHOOLYEAR":"2024-2025"}},{"type":"Feature","id":45134,"geometry":{"type":"Point","coordinates":[-83.2818999992169,42.762699999940395]},"properties":{"OBJECTID":45134,"NCESSCH":"262073001080","LEAID":"2620730","NAME":"Orion Oaks Elementary School","OPSTFIPS":"26","STREET":"1255 JOSLYN RD","CITY":"LAKE ORION","STATE":"MI","ZIP":"48360","STFIP":"26","CNTY":"26125","NMCNTY":"Oakland County","LOCALE":"41","LAT":42.7627,"LON":-83.2819,"CBSA":"19820","NMCBSA":"Detroit-Warren-Dearborn, MI","CBSATYPE":"1","CSA":"220","NMCSA":"Detroit-Warren-Ann Arbor, MI","CD":"2609","SLDL":"26054","SLDU":"26024","SCHOOLYEAR":"2024-2025"}},{"type":"Feature","id":45135,"geometry":{"type":"Point","coordinates":[-83.30259999981216,42.78630000000188]},"properties":{"OBJECTID":45135,"NCESSCH":"262073001244","LEAID":"2620730","NAME":"Paint Creek Elementary School","OPSTFIPS":"26","STREET":"2800 INDIANWOOD RD","CITY":"LAKE ORION","STATE":"MI","ZIP":"48362","STFIP":"26","CNTY":"26125","NMCNTY":"Oakland County","LOCALE":"41","LAT":42.7863,"LON":-83.3026,"CBSA":"19820","NMCBSA":"Detroit-Warren-Dearborn, MI","CBSATYPE":"1","CSA":"220","NMCSA":"Detroit-Warren-Ann Arbor, MI","CD":"2609","SLDL":"26054","SLDU":"26024","SCHOOLYEAR":"2024-2025"}},{"type":"Feature","id":45136,"geometry":{"type":"Point","coordinates":[-83.17740000013669,42.78520000019747]},"properties":{"OBJECTID":45136,"NCESSCH":"262073001283","LEAID":"2620730","NAME":"Oakview Middle School","OPSTFIPS":"26","STREET":"917 LAKE GEORGE RD","CITY":"OAKLAND","STATE":"MI","ZIP":"48363","STFIP":"26","CNTY":"26125","NMCNTY":"Oakland County","LOCALE":"41","LAT":42.7852,"LON":-83.1774,"CBSA":"19820","NMCBSA":"Detroit-Warren-Dearborn, MI","CBSATYPE":"1","CSA":"220","NMCSA":"Detroit-Warren-Ann Arbor, MI","CD":"2609","SLDL":"26066","SLDU":"26024","SCHOOLYEAR":"2024-2025"}},{"type":"Feature","id":45137,"geometry":{"type":"Point","coordinates":[-83.23799999985201,42.75369999960767]},"properties":{"OBJECTID":45137,"NCESSCH":"262073002034","LEAID":"2620730","NAME":"Community Ed Resource Center","OPSTFIPS":"26","STREET":"455 E SCRIPPS RD","CITY":"LAKE ORION","STATE":"MI","ZIP":"48360","STFIP":"26","CNTY":"26125","NMCNTY":"Oakland County","LOCALE":"21","LAT":42.7537,"LON":-83.238,"CBSA":"19820","NMCBSA":"Detroit-Warren-Dearborn, MI","CBSATYPE":"1","CSA":"220","NMCSA":"Detroit-Warren-Ann Arbor, MI","CD":"2609","SLDL":"26054","SLDU":"26024","SCHOOLYEAR":"2024-2025"}},{"type":"Feature","id":45138,"geometry":{"type":"Point","coordinates":[-83.2332999995323,42.78700000066255]},"properties":{"OBJECTID":45138,"NCESSCH":"262073005735","LEAID":"2620730","NAME":"Blanche Sims Elementary School","OPSTFIPS":"26","STREET":"465 E JACKSON ST","CITY":"LAKE ORION","STATE":"MI","ZIP":"48362","STFIP":"26","CNTY":"26125","NMCNTY":"Oakland County","LOCALE":"21","LAT":42.787,"LON":-83.2333,"CBSA":"19820","NMCBSA":"Detroit-Warren-Dearborn, MI","CBSATYPE":"1","CSA":"220","NMCSA":"Detroit-Warren-Ann Arbor, MI","CD":"2609","SLDL":"26054","SLDU":"26024","SCHOOLYEAR":"2024-2025"}},{"type":"Feature","id":45139,"geometry":{"type":"Point","coordinates":[-83.24039999955369,42.7533000004155]},"properties":{"OBJECTID":45139,"NCESSCH":"262073005738","LEAID":"2620730","NAME":"Scripps Middle School","OPSTFIPS":"26","STREET":"385 E SCRIPPS RD","CITY":"LAKE ORION","STATE":"MI","ZIP":"48360","STFIP":"26","CNTY":"26125","NMCNTY":"Oakland County","LOCALE":"21","LAT":42.7533,"LON":-83.2404,"CBSA":"19820","NMCBSA":"Detroit-Warren-Dearborn, MI","CBSATYPE":"1","CSA":"220","NMCSA":"Detroit-Warren-Ann Arbor, MI","CD":"2609","SLDL":"26054","SLDU":"26024","SCHOOLYEAR":"2024-2025"}},{"type":"Feature","id":45140,"geometry":{"type":"Point","coordinates":[-83.23349999953163,42.754399999959304]},"properties":{"OBJECTID":45140,"NCESSCH":"262073005739","LEAID":"2620730","NAME":"Lake Orion Community High School","OPSTFIPS":"26","STREET":"495 E SCRIPPS RD","CITY":"LAKE ORION","STATE":"MI","ZIP":"48360","STFIP":"26","CNTY":"26125","NMCNTY":"Oakland County","LOCALE":"41","LAT":42.7544,"LON":-83.2335,"CBSA":"19820","NMCBSA":"Detroit-Warren-Dearborn, MI","CBSATYPE":"1","CSA":"220","NMCSA":"Detroit-Warren-Ann Arbor, MI","CD":"2609","SLDL":"26054","SLDU":"26024","SCHOOLYEAR":"2024-2025"}},{"type":"Feature","id":45141,"geometry":{"type":"Point","coordinates":[-83.30869999960953,42.76419999983369]},"properties":{"OBJECTID":45141,"NCESSCH":"262073005740","LEAID":"2620730","NAME":"Webber School","OPSTFIPS":"26","STREET":"3191 W CLARKSTON RD","CITY":"LAKE ORION","STATE":"MI","ZIP":"48362","STFIP":"26","CNTY":"26125","NMCNTY":"Oakland County","LOCALE":"41","LAT":42.7642,"LON":-83.3087,"CBSA":"19820","NMCBSA":"Detroit-Warren-Dearborn, MI","CBSATYPE":"1","CSA":"220","NMCSA":"Detroit-Warren-Ann Arbor, MI","CD":"2609","SLDL":"26054","SLDU":"26024","SCHOOLYEAR":"2024-2025"}},{"type":"Feature","id":45142,"geometry":{"type":"Point","coordinates":[-83.24129999994346,42.75449999957926]},"properties":{"OBJECTID":45142,"NCESSCH":"262073005742","LEAID":"2620730","NAME":"Stadium Drive Elementary School","OPSTFIPS":"26","STREET":"244 STADIUM DR","CITY":"LAKE ORION","STATE":"MI","ZIP":"48360","STFIP":"26","CNTY":"26125","NMCNTY":"Oakland County","LOCALE":"21","LAT":42.7545,"LON":-83.2413,"CBSA":"19820","NMCBSA":"Detroit-Warren-Dearborn, MI","CBSATYPE":"1","CSA":"220","NMCSA":"Detroit-Warren-Ann Arbor, MI","CD":"2609","SLDL":"26054","SLDU":"26024","SCHOOLYEAR":"2024-2025"}},{"type":"Feature","id":45143,"geometry":{"type":"Point","coordinates":[-83.29259999996503,42.735599999661204]},"properties":{"OBJECTID":45143,"NCESSCH":"262073005743","LEAID":"2620730","NAME":"Waldon Middle School","OPSTFIPS":"26","STREET":"2509 WALDON RD","CITY":"LAKE ORION","STATE":"MI","ZIP":"48360","STFIP":"26","CNTY":"26125","NMCNTY":"Oakland County","LOCALE":"21","LAT":42.7356,"LON":-83.2926,"CBSA":"19820","NMCBSA":"Detroit-Warren-Dearborn, MI","CBSATYPE":"1","CSA":"220","NMCSA":"Detroit-Warren-Ann Arbor, MI","CD":"2609","SLDL":"26054","SLDU":"26024","SCHOOLYEAR":"2024-2025"}},{"type":"Feature","id":45144,"geometry":{"type":"Point","coordinates":[-83.23804299986685,42.753716999608464]},"properties":{"OBJECTID":45144,"NCESSCH":"262073008778","LEAID":"2620730","NAME":"Learning Options High School","OPSTFIPS":"26","STREET":"455 E SCRIPPS RD","CITY":"LAKE ORION","STATE":"MI","ZIP":"48360","STFIP":"26","CNTY":"26125","NMCNTY":"Oakland County","LOCALE":"21","LAT":42.753717,"LON":-83.238043,"CBSA":"19820","NMCBSA":"Detroit-Warren-Dearborn, MI","CBSATYPE":"1","CSA":"220","NMCSA":"Detroit-Warren-Ann Arbor, MI","CD":"2609","SLDL":"26054","SLDU":"26024","SCHOOLYEAR":"2024-2025"}},{"type":"Feature","id":45145,"geometry":{"type":"Point","coordinates":[-83.26575099940973,42.77509999992944]},"properties":{"OBJECTID":45145,"NCESSCH":"262073008850","LEAID":"2620730","NAME":"Pine Tree Center","OPSTFIPS":"26","STREET":"590 PINE TREE RD","CITY":"LAKE ORION","STATE":"MI","ZIP":"48362","STFIP":"26","CNTY":"26125","NMCNTY":"Oakland County","LOCALE":"21","LAT":42.7751,"LON":-83.265751,"CBSA":"19820","NMCBSA":"Detroit-Warren-Dearborn, MI","CBSATYPE":"1","CSA":"220","NMCSA":"Detroit-Warren-Ann Arbor, MI","CD":"2609","SLDL":"26054","SLDU":"26024","SCHOOLYEAR":"2024-2025"}},{"type":"Feature","id":45158,"geometry":{"type":"Point","coordinates":[-82.89289999916518,42.490499999819875]},"properties":{"OBJECTID":45158,"NCESSCH":"262088005755","LEAID":"2620880","NAME":"Ardmore Elementary School","OPSTFIPS":"26","STREET":"27001 GREATER MACK AVE","CITY":"SAINT CLAIR SHORES","STATE":"MI","ZIP":"48081","STFIP":"26","CNTY":"26099","NMCNTY":"Macomb County","LOCALE":"21","LAT":42.4905,"LON":-82.8929,"CBSA":"19820","NMCBSA":"Detroit-Warren-Dearborn, MI","CBSATYPE":"1","CSA":"220","NMCSA":"Detroit-Warren-Ann Arbor, MI","CD":"2610","SLDL":"26013","SLDU":"26012","SCHOOLYEAR":"2024-2025"}},{"type":"Feature","id":45159,"geometry":{"type":"Point","coordinates":[-82.90866399964351,42.49729600022977]},"properties":{"OBJECTID":45159,"NCESSCH":"262088005756","LEAID":"2620880","NAME":"Jefferson Middle School","OPSTFIPS":"26","STREET":"27900 ROCKWOOD ST","CITY":"SAINT CLAIR SHORES","STATE":"MI","ZIP":"48081","STFIP":"26","CNTY":"26099","NMCNTY":"Macomb County","LOCALE":"21","LAT":42.497296,"LON":-82.908664,"CBSA":"19820","NMCBSA":"Detroit-Warren-Dearborn, MI","CBSATYPE":"1","CSA":"220","NMCSA":"Detroit-Warren-Ann Arbor, MI","CD":"2610","SLDL":"26013","SLDU":"26012","SCHOOLYEAR":"2024-2025"}},{"type":"Feature","id":45160,"geometry":{"type":"Point","coordinates":[-82.91140000055081,42.4980000002169]},"properties":{"OBJECTID":45160,"NCESSCH":"262088005757","LEAID":"2620880","NAME":"Greenwood Elementary School","OPSTFIPS":"26","STREET":"27900 JOAN ST","CITY":"SAINT CLAIR SHORES","STATE":"MI","ZIP":"48081","STFIP":"26","CNTY":"26099","NMCNTY":"Macomb County","LOCALE":"21","LAT":42.498,"LON":-82.9114,"CBSA":"19820","NMCBSA":"Detroit-Warren-Dearborn, MI","CBSATYPE":"1","CSA":"220","NMCSA":"Detroit-Warren-Ann Arbor, MI","CD":"2610","SLDL":"26013","SLDU":"26012","SCHOOLYEAR":"2024-2025"}},{"type":"Feature","id":45161,"geometry":{"type":"Point","coordinates":[-82.90899999997367,42.47790000078954]},"properties":{"OBJECTID":45161,"NCESSCH":"262088005758","LEAID":"2620880","NAME":"Harmon Elementary School","OPSTFIPS":"26","STREET":"24800 HARMON ST","CITY":"SAINT CLAIR SHORES","STATE":"MI","ZIP":"48080","STFIP":"26","CNTY":"26099","NMCNTY":"Macomb County","LOCALE":"21","LAT":42.4779,"LON":-82.909,"CBSA":"19820","NMCBSA":"Detroit-Warren-Dearborn, MI","CBSATYPE":"1","CSA":"220","NMCSA":"Detroit-Warren-Ann Arbor, MI","CD":"2610","SLDL":"26012","SLDU":"26012","SCHOOLYEAR":"2024-2025"}},{"type":"Feature","id":45162,"geometry":{"type":"Point","coordinates":[-82.9028000006177,42.49490000010072]},"properties":{"OBJECTID":45162,"NCESSCH":"262088005759","LEAID":"2620880","NAME":"Lakeview High School","OPSTFIPS":"26","STREET":"21100 E 11 MILE RD","CITY":"SAINT CLAIR SHORES","STATE":"MI","ZIP":"48081","STFIP":"26","CNTY":"26099","NMCNTY":"Macomb County","LOCALE":"21","LAT":42.4949,"LON":-82.9028,"CBSA":"19820","NMCBSA":"Detroit-Warren-Dearborn, MI","CBSATYPE":"1","CSA":"220","NMCSA":"Detroit-Warren-Ann Arbor, MI","CD":"2610","SLDL":"26013","SLDU":"26012","SCHOOLYEAR":"2024-2025"}},{"type":"Feature","id":45163,"geometry":{"type":"Point","coordinates":[-82.91200000042787,42.48369999966322]},"properties":{"OBJECTID":45163,"NCESSCH":"262088005760","LEAID":"2620880","NAME":"Princeton Elementary School","OPSTFIPS":"26","STREET":"20300 STATLER ST","CITY":"SAINT CLAIR SHORES","STATE":"MI","ZIP":"48081","STFIP":"26","CNTY":"26099","NMCNTY":"Macomb County","LOCALE":"21","LAT":42.4837,"LON":-82.912,"CBSA":"19820","NMCBSA":"Detroit-Warren-Dearborn, MI","CBSATYPE":"1","CSA":"220","NMCSA":"Detroit-Warren-Ann Arbor, MI","CD":"2610","SLDL":"26012","SLDU":"26012","SCHOOLYEAR":"2024-2025"}},{"type":"Feature","id":45164,"geometry":{"type":"Point","coordinates":[-82.8988669993753,42.49456500023857]},"properties":{"OBJECTID":45164,"NCESSCH":"262088008895","LEAID":"2620880","NAME":"Lakeview Virtual School","OPSTFIPS":"26","STREET":"27575 HARPER AVE","CITY":"ST CLR SHORES","STATE":"MI","ZIP":"48081","STFIP":"26","CNTY":"26099","NMCNTY":"Macomb County","LOCALE":"21","LAT":42.494565,"LON":-82.898867,"CBSA":"19820","NMCBSA":"Detroit-Warren-Dearborn, MI","CBSATYPE":"1","CSA":"220","NMCSA":"Detroit-Warren-Ann Arbor, MI","CD":"2610","SLDL":"26013","SLDU":"26012","SCHOOLYEAR":"2024-2025"}},{"type":"Feature","id":45175,"geometry":{"type":"Point","coordinates":[-83.10099999941843,42.50339999964269]},"properties":{"OBJECTID":45175,"NCESSCH":"262112005778","LEAID":"2621120","NAME":"Edmonson Elementary School","OPSTFIPS":"26","STREET":"621 E KATHERINE AVE","CITY":"MADISON HEIGHTS","STATE":"MI","ZIP":"48071","STFIP":"26","CNTY":"26125","NMCNTY":"Oakland County","LOCALE":"21","LAT":42.5034,"LON":-83.101,"CBSA":"19820","NMCBSA":"Detroit-Warren-Dearborn, MI","CBSATYPE":"1","CSA":"220","NMCSA":"Detroit-Warren-Ann Arbor, MI","CD":"2611","SLDL":"26014","SLDU":"26003","SCHOOLYEAR":"2024-2025"}},{"type":"Feature","id":45176,"geometry":{"type":"Point","coordinates":[-83.10210000002742,42.517200000017354]},"properties":{"OBJECTID":45176,"NCESSCH":"262112005779","LEAID":"2621120","NAME":"Hiller Elementary School","OPSTFIPS":"26","STREET":"400 E LA SALLE AVE","CITY":"MADISON HEIGHTS","STATE":"MI","ZIP":"48071","STFIP":"26","CNTY":"26125","NMCNTY":"Oakland County","LOCALE":"21","LAT":42.5172,"LON":-83.1021,"CBSA":"19820","NMCBSA":"Detroit-Warren-Dearborn, MI","CBSATYPE":"1","CSA":"220","NMCSA":"Detroit-Warren-Ann Arbor, MI","CD":"2611","SLDL":"26014","SLDU":"26003","SCHOOLYEAR":"2024-2025"}},{"type":"Feature","id":45177,"geometry":{"type":"Point","coordinates":[-83.10020000084425,42.510699999968615]},"properties":{"OBJECTID":45177,"NCESSCH":"262112005780","LEAID":"2621120","NAME":"Page Middle School","OPSTFIPS":"26","STREET":"29615 TAWAS ST","CITY":"MADISON HEIGHTS","STATE":"MI","ZIP":"48071","STFIP":"26","CNTY":"26125","NMCNTY":"Oakland County","LOCALE":"21","LAT":42.5107,"LON":-83.1002,"CBSA":"19820","NMCBSA":"Detroit-Warren-Dearborn, MI","CBSATYPE":"1","CSA":"220","NMCSA":"Detroit-Warren-Ann Arbor, MI","CD":"2611","SLDL":"26014","SLDU":"26003","SCHOOLYEAR":"2024-2025"}},{"type":"Feature","id":45178,"geometry":{"type":"Point","coordinates":[-83.11249999968801,42.5222000003732]},"properties":{"OBJECTID":45178,"NCESSCH":"262112005781","LEAID":"2621120","NAME":"Lamphere High School","OPSTFIPS":"26","STREET":"610 W 13 MILE RD","CITY":"MADISON HEIGHTS","STATE":"MI","ZIP":"48071","STFIP":"26","CNTY":"26125","NMCNTY":"Oakland County","LOCALE":"21","LAT":42.5222,"LON":-83.1125,"CBSA":"19820","NMCBSA":"Detroit-Warren-Dearborn, MI","CBSATYPE":"1","CSA":"220","NMCSA":"Detroit-Warren-Ann Arbor, MI","CD":"2611","SLDL":"26014","SLDU":"26003","SCHOOLYEAR":"2024-2025"}},{"type":"Feature","id":45179,"geometry":{"type":"Point","coordinates":[-83.12479999968882,42.51370000025661]},"properties":{"OBJECTID":45179,"NCESSCH":"262112005782","LEAID":"2621120","NAME":"Lessenger Elementary School","OPSTFIPS":"26","STREET":"30150 CAMPBELL RD","CITY":"MADISON HEIGHTS","STATE":"MI","ZIP":"48071","STFIP":"26","CNTY":"26125","NMCNTY":"Oakland County","LOCALE":"21","LAT":42.5137,"LON":-83.1248,"CBSA":"19820","NMCBSA":"Detroit-Warren-Dearborn, MI","CBSATYPE":"1","CSA":"220","NMCSA":"Detroit-Warren-Ann Arbor, MI","CD":"2611","SLDL":"26057","SLDU":"26003","SCHOOLYEAR":"2024-2025"}},{"type":"Feature","id":45180,"geometry":{"type":"Point","coordinates":[-83.09060000011137,42.51309999987498]},"properties":{"OBJECTID":45180,"NCESSCH":"262112005784","LEAID":"2621120","NAME":"Simonds Elementary School","OPSTFIPS":"26","STREET":"30000 ROSE ST","CITY":"MADISON HEIGHTS","STATE":"MI","ZIP":"48071","STFIP":"26","CNTY":"26125","NMCNTY":"Oakland County","LOCALE":"21","LAT":42.5131,"LON":-83.0906,"CBSA":"19820","NMCBSA":"Detroit-Warren-Dearborn, MI","CBSATYPE":"1","CSA":"220","NMCSA":"Detroit-Warren-Ann Arbor, MI","CD":"2611","SLDL":"26014","SLDU":"26003","SCHOOLYEAR":"2024-2025"}},{"type":"Feature","id":45181,"geometry":{"type":"Point","coordinates":[-83.09969999972722,42.51110000006427]},"properties":{"OBJECTID":45181,"NCESSCH":"262112007673","LEAID":"2621120","NAME":"Lamphere Center","OPSTFIPS":"26","STREET":"29685 TAWAS ST","CITY":"MADISON HEIGHTS","STATE":"MI","ZIP":"48071","STFIP":"26","CNTY":"26125","NMCNTY":"Oakland County","LOCALE":"21","LAT":42.5111,"LON":-83.0997,"CBSA":"19820","NMCBSA":"Detroit-Warren-Dearborn, MI","CBSATYPE":"1","CSA":"220","NMCSA":"Detroit-Warren-Ann Arbor, MI","CD":"2611","SLDL":"26014","SLDU":"26003","SCHOOLYEAR":"2024-2025"}},{"type":"Feature","id":45208,"geometry":{"type":"Point","coordinates":[-83.31629999963046,43.04520000029903]},"properties":{"OBJECTID":45208,"NCESSCH":"262118005837","LEAID":"2621180","NAME":"Turrill Elementary School","OPSTFIPS":"26","STREET":"785 S ELM ST","CITY":"LAPEER","STATE":"MI","ZIP":"48446","STFIP":"26","CNTY":"26087","NMCNTY":"Lapeer County","LOCALE":"31","LAT":43.0452,"LON":-83.3163,"CBSA":"19820","NMCBSA":"Detroit-Warren-Dearborn, MI","CBSATYPE":"1","CSA":"220","NMCSA":"Detroit-Warren-Ann Arbor, MI","CD":"2609","SLDL":"26067","SLDU":"26026","SCHOOLYEAR":"2024-2025"}},{"type":"Feature","id":45210,"geometry":{"type":"Point","coordinates":[-83.3019000005066,43.03809999981111]},"properties":{"OBJECTID":45210,"NCESSCH":"262118005840","LEAID":"2621180","NAME":"Lapeer High School","OPSTFIPS":"26","STREET":"933 S SAGINAW ST","CITY":"LAPEER","STATE":"MI","ZIP":"48446","STFIP":"26","CNTY":"26087","NMCNTY":"Lapeer County","LOCALE":"31","LAT":43.0381,"LON":-83.3019,"CBSA":"19820","NMCBSA":"Detroit-Warren-Dearborn, MI","CBSATYPE":"1","CSA":"220","NMCSA":"Detroit-Warren-Ann Arbor, MI","CD":"2609","SLDL":"26067","SLDU":"26026","SCHOOLYEAR":"2024-2025"}},{"type":"Feature","id":45212,"geometry":{"type":"Point","coordinates":[-83.31789999968906,42.956900000906586]},"properties":{"OBJECTID":45212,"NCESSCH":"262118005842","LEAID":"2621180","NAME":"Emma Murphy Elementary School","OPSTFIPS":"26","STREET":"1100 PRATT RD","CITY":"METAMORA","STATE":"MI","ZIP":"48455","STFIP":"26","CNTY":"26087","NMCNTY":"Lapeer County","LOCALE":"41","LAT":42.9569,"LON":-83.3179,"CBSA":"19820","NMCBSA":"Detroit-Warren-Dearborn, MI","CBSATYPE":"1","CSA":"220","NMCSA":"Detroit-Warren-Ann Arbor, MI","CD":"2609","SLDL":"26067","SLDU":"26024","SCHOOLYEAR":"2024-2025"}},{"type":"Feature","id":45214,"geometry":{"type":"Point","coordinates":[-83.34716900042025,43.04795800018517]},"properties":{"OBJECTID":45214,"NCESSCH":"262118008063","LEAID":"2621180","NAME":"Rolland Warner Campus 67","OPSTFIPS":"26","STREET":"3145 W GENESEE ST","CITY":"LAPEER","STATE":"MI","ZIP":"48446","STFIP":"26","CNTY":"26087","NMCNTY":"Lapeer County","LOCALE":"31","LAT":43.047958,"LON":-83.347169,"CBSA":"19820","NMCBSA":"Detroit-Warren-Dearborn, MI","CBSATYPE":"1","CSA":"220","NMCSA":"Detroit-Warren-Ann Arbor, MI","CD":"2609","SLDL":"26067","SLDU":"26026","SCHOOLYEAR":"2024-2025"}},{"type":"Feature","id":45228,"geometry":{"type":"Point","coordinates":[-83.60319999985109,42.15930000053317]},"properties":{"OBJECTID":45228,"NCESSCH":"262157001000","LEAID":"2621570","NAME":"Bishop Elementary School","OPSTFIPS":"26","STREET":"8888 WHITTAKER RD","CITY":"YPSILANTI","STATE":"MI","ZIP":"48197","STFIP":"26","CNTY":"26161","NMCNTY":"Washtenaw County","LOCALE":"21","LAT":42.1593,"LON":-83.6032,"CBSA":"11460","NMCBSA":"Ann Arbor, MI","CBSATYPE":"1","CSA":"220","NMCSA":"Detroit-Warren-Ann Arbor, MI","CD":"2606","SLDL":"26031","SLDU":"26015","SCHOOLYEAR":"2024-2025"}},{"type":"Feature","id":45229,"geometry":{"type":"Point","coordinates":[-83.61449999941922,42.17150000012066]},"properties":{"OBJECTID":45229,"NCESSCH":"262157001479","LEAID":"2621570","NAME":"Childs Elementary School","OPSTFIPS":"26","STREET":"7300 BEMIS RD","CITY":"YPSILANTI","STATE":"MI","ZIP":"48197","STFIP":"26","CNTY":"26161","NMCNTY":"Washtenaw County","LOCALE":"41","LAT":42.1715,"LON":-83.6145,"CBSA":"11460","NMCBSA":"Ann Arbor, MI","CBSATYPE":"1","CSA":"220","NMCSA":"Detroit-Warren-Ann Arbor, MI","CD":"2606","SLDL":"26031","SLDU":"26015","SCHOOLYEAR":"2024-2025"}},{"type":"Feature","id":45230,"geometry":{"type":"Point","coordinates":[-83.60199999934738,42.15780000032837]},"properties":{"OBJECTID":45230,"NCESSCH":"262157005854","LEAID":"2621570","NAME":"Brick Elementary School","OPSTFIPS":"26","STREET":"8970 WHITTAKER RD","CITY":"YPSILANTI","STATE":"MI","ZIP":"48197","STFIP":"26","CNTY":"26161","NMCNTY":"Washtenaw County","LOCALE":"21","LAT":42.1578,"LON":-83.602,"CBSA":"11460","NMCBSA":"Ann Arbor, MI","CBSATYPE":"1","CSA":"220","NMCSA":"Detroit-Warren-Ann Arbor, MI","CD":"2606","SLDL":"26031","SLDU":"26015","SCHOOLYEAR":"2024-2025"}},{"type":"Feature","id":45231,"geometry":{"type":"Point","coordinates":[-83.61129400026662,42.158668000011986]},"properties":{"OBJECTID":45231,"NCESSCH":"262157005855","LEAID":"2621570","NAME":"Lincoln Senior High School","OPSTFIPS":"26","STREET":"7425 WILLIS RD","CITY":"YPSILANTI","STATE":"MI","ZIP":"48197","STFIP":"26","CNTY":"26161","NMCNTY":"Washtenaw County","LOCALE":"41","LAT":42.158668,"LON":-83.611294,"CBSA":"11460","NMCBSA":"Ann Arbor, MI","CBSATYPE":"1","CSA":"220","NMCSA":"Detroit-Warren-Ann Arbor, MI","CD":"2606","SLDL":"26031","SLDU":"26015","SCHOOLYEAR":"2024-2025"}},{"type":"Feature","id":45232,"geometry":{"type":"Point","coordinates":[-83.60909999980018,42.16090000051807]},"properties":{"OBJECTID":45232,"NCESSCH":"262157005856","LEAID":"2621570","NAME":"Lincoln Middle School","OPSTFIPS":"26","STREET":"8744 WHITTAKER RD","CITY":"YPSILANTI","STATE":"MI","ZIP":"48197","STFIP":"26","CNTY":"26161","NMCNTY":"Washtenaw County","LOCALE":"41","LAT":42.1609,"LON":-83.6091,"CBSA":"11460","NMCBSA":"Ann Arbor, MI","CBSATYPE":"1","CSA":"220","NMCSA":"Detroit-Warren-Ann Arbor, MI","CD":"2606","SLDL":"26031","SLDU":"26015","SCHOOLYEAR":"2024-2025"}},{"type":"Feature","id":45233,"geometry":{"type":"Point","coordinates":[-83.61129400026662,42.158668000011986]},"properties":{"OBJECTID":45233,"NCESSCH":"262157009005","LEAID":"2621570","NAME":"LCS Virtual Academy","OPSTFIPS":"26","STREET":"7525 WILLIS RD","CITY":"YPSILANTI","STATE":"MI","ZIP":"48197","STFIP":"26","CNTY":"26161","NMCNTY":"Washtenaw County","LOCALE":"41","LAT":42.158668,"LON":-83.611294,"CBSA":"11460","NMCBSA":"Ann Arbor, MI","CBSATYPE":"1","CSA":"220","NMCSA":"Detroit-Warren-Ann Arbor, MI","CD":"2606","SLDL":"26031","SLDU":"26015","SCHOOLYEAR":"2024-2025"}},{"type":"Feature","id":45234,"geometry":{"type":"Point","coordinates":[-83.18569999976884,42.2443999996237]},"properties":{"OBJECTID":45234,"NCESSCH":"262160001186","LEAID":"2621600","NAME":"Lincoln Park Middle School","OPSTFIPS":"26","STREET":"2800 LAFAYETTE BLVD","CITY":"LINCOLN PARK","STATE":"MI","ZIP":"48146","STFIP":"26","CNTY":"26163","NMCNTY":"Wayne County","LOCALE":"21","LAT":42.2444,"LON":-83.1857,"CBSA":"19820","NMCBSA":"Detroit-Warren-Dearborn, MI","CBSATYPE":"1","CSA":"220","NMCSA":"Detroit-Warren-Ann Arbor, MI","CD":"2613","SLDL":"26002","SLDU":"26001","SCHOOLYEAR":"2024-2025"}},{"type":"Feature","id":45235,"geometry":{"type":"Point","coordinates":[-83.20919000054369,42.2176139996977]},"properties":{"OBJECTID":45235,"NCESSCH":"262160001188","LEAID":"2621600","NAME":"Beacon Day Treatment Center","OPSTFIPS":"26","STREET":"12601 MCCANN ST","CITY":"SOUTHGATE","STATE":"MI","ZIP":"48195","STFIP":"26","CNTY":"26163","NMCNTY":"Wayne County","LOCALE":"21","LAT":42.217614,"LON":-83.20919,"CBSA":"19820","NMCBSA":"Detroit-Warren-Dearborn, MI","CBSATYPE":"1","CSA":"220","NMCSA":"Detroit-Warren-Ann Arbor, MI","CD":"2613","SLDL":"26002","SLDU":"26004","SCHOOLYEAR":"2024-2025"}},{"type":"Feature","id":45236,"geometry":{"type":"Point","coordinates":[-83.17639999943738,42.22810000019961]},"properties":{"OBJECTID":45236,"NCESSCH":"262160005858","LEAID":"2621600","NAME":"Earl F Carr School","OPSTFIPS":"26","STREET":"3901 FERRIS AVE","CITY":"LINCOLN PARK","STATE":"MI","ZIP":"48146","STFIP":"26","CNTY":"26163","NMCNTY":"Wayne County","LOCALE":"21","LAT":42.2281,"LON":-83.1764,"CBSA":"19820","NMCBSA":"Detroit-Warren-Dearborn, MI","CBSATYPE":"1","CSA":"220","NMCSA":"Detroit-Warren-Ann Arbor, MI","CD":"2613","SLDL":"26002","SLDU":"26001","SCHOOLYEAR":"2024-2025"}},{"type":"Feature","id":45237,"geometry":{"type":"Point","coordinates":[-83.18729999999854,42.23050000007935]},"properties":{"OBJECTID":45237,"NCESSCH":"262160005860","LEAID":"2621600","NAME":"Hoover School","OPSTFIPS":"26","STREET":"3750 HOWARD ST","CITY":"LINCOLN PARK","STATE":"MI","ZIP":"48146","STFIP":"26","CNTY":"26163","NMCNTY":"Wayne County","LOCALE":"21","LAT":42.2305,"LON":-83.1873,"CBSA":"19820","NMCBSA":"Detroit-Warren-Dearborn, MI","CBSATYPE":"1","CSA":"220","NMCSA":"Detroit-Warren-Ann Arbor, MI","CD":"2613","SLDL":"26002","SLDU":"26001","SCHOOLYEAR":"2024-2025"}},{"type":"Feature","id":45238,"geometry":{"type":"Point","coordinates":[-83.19049999966052,42.2380000002487]},"properties":{"OBJECTID":45238,"NCESSCH":"262160005862","LEAID":"2621600","NAME":"James Foote School","OPSTFIPS":"26","STREET":"3250 ABBOTT AVE","CITY":"LINCOLN PARK","STATE":"MI","ZIP":"48146","STFIP":"26","CNTY":"26163","NMCNTY":"Wayne County","LOCALE":"21","LAT":42.238,"LON":-83.1905,"CBSA":"19820","NMCBSA":"Detroit-Warren-Dearborn, MI","CBSATYPE":"1","CSA":"220","NMCSA":"Detroit-Warren-Ann Arbor, MI","CD":"2613","SLDL":"26002","SLDU":"26001","SCHOOLYEAR":"2024-2025"}},{"type":"Feature","id":45239,"geometry":{"type":"Point","coordinates":[-83.16739999987313,42.24129999999091]},"properties":{"OBJECTID":45239,"NCESSCH":"262160005863","LEAID":"2621600","NAME":"Keppen School","OPSTFIPS":"26","STREET":"661 MILL ST","CITY":"LINCOLN PARK","STATE":"MI","ZIP":"48146","STFIP":"26","CNTY":"26163","NMCNTY":"Wayne County","LOCALE":"21","LAT":42.2413,"LON":-83.1674,"CBSA":"19820","NMCBSA":"Detroit-Warren-Dearborn, MI","CBSATYPE":"1","CSA":"220","NMCSA":"Detroit-Warren-Ann Arbor, MI","CD":"2613","SLDL":"26002","SLDU":"26001","SCHOOLYEAR":"2024-2025"}},{"type":"Feature","id":45240,"geometry":{"type":"Point","coordinates":[-83.17809999968092,42.25809999943254]},"properties":{"OBJECTID":45240,"NCESSCH":"262160005864","LEAID":"2621600","NAME":"Lafayette School","OPSTFIPS":"26","STREET":"1360 LAFAYETTE BLVD","CITY":"LINCOLN PARK","STATE":"MI","ZIP":"48146","STFIP":"26","CNTY":"26163","NMCNTY":"Wayne County","LOCALE":"21","LAT":42.2581,"LON":-83.1781,"CBSA":"19820","NMCBSA":"Detroit-Warren-Dearborn, MI","CBSATYPE":"1","CSA":"220","NMCSA":"Detroit-Warren-Ann Arbor, MI","CD":"2613","SLDL":"26002","SLDU":"26001","SCHOOLYEAR":"2024-2025"}},{"type":"Feature","id":45241,"geometry":{"type":"Point","coordinates":[-83.18980000014464,42.24569999964868]},"properties":{"OBJECTID":45241,"NCESSCH":"262160005866","LEAID":"2621600","NAME":"Lincoln Park High School","OPSTFIPS":"26","STREET":"1701 CHAMPAIGN RD","CITY":"LINCOLN PARK","STATE":"MI","ZIP":"48146","STFIP":"26","CNTY":"26163","NMCNTY":"Wayne County","LOCALE":"21","LAT":42.2457,"LON":-83.1898,"CBSA":"19820","NMCBSA":"Detroit-Warren-Dearborn, MI","CBSATYPE":"1","CSA":"220","NMCSA":"Detroit-Warren-Ann Arbor, MI","CD":"2613","SLDL":"26002","SLDU":"26001","SCHOOLYEAR":"2024-2025"}},{"type":"Feature","id":45242,"geometry":{"type":"Point","coordinates":[-83.19640000012393,42.245200000229275]},"properties":{"OBJECTID":45242,"NCESSCH":"262160005867","LEAID":"2621600","NAME":"Max Paun School","OPSTFIPS":"26","STREET":"2821 BAILEY AVE","CITY":"LINCOLN PARK","STATE":"MI","ZIP":"48146","STFIP":"26","CNTY":"26163","NMCNTY":"Wayne County","LOCALE":"21","LAT":42.2452,"LON":-83.1964,"CBSA":"19820","NMCBSA":"Detroit-Warren-Dearborn, MI","CBSATYPE":"1","CSA":"220","NMCSA":"Detroit-Warren-Ann Arbor, MI","CD":"2613","SLDL":"26002","SLDU":"26001","SCHOOLYEAR":"2024-2025"}},{"type":"Feature","id":45243,"geometry":{"type":"Point","coordinates":[-83.16530000013603,42.251299999868756]},"properties":{"OBJECTID":45243,"NCESSCH":"262160005868","LEAID":"2621600","NAME":"Raupp School","OPSTFIPS":"26","STREET":"1351 ETHEL AVE","CITY":"LINCOLN PARK","STATE":"MI","ZIP":"48146","STFIP":"26","CNTY":"26163","NMCNTY":"Wayne County","LOCALE":"21","LAT":42.2513,"LON":-83.1653,"CBSA":"19820","NMCBSA":"Detroit-Warren-Dearborn, MI","CBSATYPE":"1","CSA":"220","NMCSA":"Detroit-Warren-Ann Arbor, MI","CD":"2613","SLDL":"26002","SLDU":"26001","SCHOOLYEAR":"2024-2025"}},{"type":"Feature","id":45244,"geometry":{"type":"Point","coordinates":[-83.16956300010325,42.23652000003508]},"properties":{"OBJECTID":45244,"NCESSCH":"262160008337","LEAID":"2621600","NAME":"Mixter School","OPSTFIPS":"26","STREET":"3301 ELECTRIC AVE","CITY":"LINCOLN PARK","STATE":"MI","ZIP":"48146","STFIP":"26","CNTY":"26163","NMCNTY":"Wayne County","LOCALE":"21","LAT":42.23652,"LON":-83.169563,"CBSA":"19820","NMCBSA":"Detroit-Warren-Dearborn, MI","CBSATYPE":"1","CSA":"220","NMCSA":"Detroit-Warren-Ann Arbor, MI","CD":"2613","SLDL":"26002","SLDU":"26001","SCHOOLYEAR":"2024-2025"}},{"type":"Feature","id":45245,"geometry":{"type":"Point","coordinates":[-83.78640000075993,42.809799999184015]},"properties":{"OBJECTID":45245,"NCESSCH":"262169001685","LEAID":"2621690","NAME":"Hyatt Elementary","OPSTFIPS":"26","STREET":"325 STAN EATON DR","CITY":"LINDEN","STATE":"MI","ZIP":"48451","STFIP":"26","CNTY":"26049","NMCNTY":"Genesee County","LOCALE":"31","LAT":42.8098,"LON":-83.7864,"CBSA":"22420","NMCBSA":"Flint, MI","CBSATYPE":"1","CSA":"220","NMCSA":"Detroit-Warren-Ann Arbor, MI","CD":"2608","SLDL":"26072","SLDU":"26022","SCHOOLYEAR":"2024-2025"}},{"type":"Feature","id":45246,"geometry":{"type":"Point","coordinates":[-83.78370000008447,42.81139999960176]},"properties":{"OBJECTID":45246,"NCESSCH":"262169005869","LEAID":"2621690","NAME":"Linden Elementary School","OPSTFIPS":"26","STREET":"400 S BRIDGE ST","CITY":"LINDEN","STATE":"MI","ZIP":"48451","STFIP":"26","CNTY":"26049","NMCNTY":"Genesee County","LOCALE":"31","LAT":42.8114,"LON":-83.7837,"CBSA":"22420","NMCBSA":"Flint, MI","CBSATYPE":"1","CSA":"220","NMCSA":"Detroit-Warren-Ann Arbor, MI","CD":"2608","SLDL":"26072","SLDU":"26022","SCHOOLYEAR":"2024-2025"}},{"type":"Feature","id":45247,"geometry":{"type":"Point","coordinates":[-83.81530000049275,42.808399999441924]},"properties":{"OBJECTID":45247,"NCESSCH":"262169005870","LEAID":"2621690","NAME":"Linden High School","OPSTFIPS":"26","STREET":"7201 SILVER LAKE RD","CITY":"LINDEN","STATE":"MI","ZIP":"48451","STFIP":"26","CNTY":"26049","NMCNTY":"Genesee County","LOCALE":"31","LAT":42.8084,"LON":-83.8153,"CBSA":"22420","NMCBSA":"Flint, MI","CBSATYPE":"1","CSA":"220","NMCSA":"Detroit-Warren-Ann Arbor, MI","CD":"2608","SLDL":"26071","SLDU":"26022","SCHOOLYEAR":"2024-2025"}},{"type":"Feature","id":45248,"geometry":{"type":"Point","coordinates":[-83.81429999970742,42.803400000626]},"properties":{"OBJECTID":45248,"NCESSCH":"262169005871","LEAID":"2621690","NAME":"Linden Middle School","OPSTFIPS":"26","STREET":"15425 LOBDELL RD","CITY":"LINDEN","STATE":"MI","ZIP":"48451","STFIP":"26","CNTY":"26049","NMCNTY":"Genesee County","LOCALE":"31","LAT":42.8034,"LON":-83.8143,"CBSA":"22420","NMCBSA":"Flint, MI","CBSATYPE":"1","CSA":"220","NMCSA":"Detroit-Warren-Ann Arbor, MI","CD":"2608","SLDL":"26071","SLDU":"26022","SCHOOLYEAR":"2024-2025"}},{"type":"Feature","id":45249,"geometry":{"type":"Point","coordinates":[-83.81249999968159,42.80890000067399]},"properties":{"OBJECTID":45249,"NCESSCH":"262169005872","LEAID":"2621690","NAME":"Central Elementary School","OPSTFIPS":"26","STREET":"7199 SILVER LAKE RD","CITY":"LINDEN","STATE":"MI","ZIP":"48451","STFIP":"26","CNTY":"26049","NMCNTY":"Genesee County","LOCALE":"41","LAT":42.8089,"LON":-83.8125,"CBSA":"22420","NMCBSA":"Flint, MI","CBSATYPE":"1","CSA":"220","NMCSA":"Detroit-Warren-Ann Arbor, MI","CD":"2608","SLDL":"26071","SLDU":"26022","SCHOOLYEAR":"2024-2025"}},{"type":"Feature","id":45253,"geometry":{"type":"Point","coordinates":[-83.36612799937106,42.43278499981284]},"properties":{"OBJECTID":45253,"NCESSCH":"262184000763","LEAID":"2621840","NAME":"NW Wayne Trainable Center","OPSTFIPS":"26","STREET":"32401 PEMBROKE ST","CITY":"LIVONIA","STATE":"MI","ZIP":"48152","STFIP":"26","CNTY":"26163","NMCNTY":"Wayne County","LOCALE":"13","LAT":42.432785,"LON":-83.366128,"CBSA":"19820","NMCBSA":"Detroit-Warren-Dearborn, MI","CBSATYPE":"1","CSA":"220","NMCSA":"Detroit-Warren-Ann Arbor, MI","CD":"2612","SLDL":"26017","SLDU":"26006","SCHOOLYEAR":"2024-2025"}},{"type":"Feature","id":45254,"geometry":{"type":"Point","coordinates":[-83.41355899980864,42.3556399998174]},"properties":{"OBJECTID":45254,"NCESSCH":"262184000764","LEAID":"2621840","NAME":"Livonia Career Technical Center","OPSTFIPS":"26","STREET":"8985 NEWBURGH RD","CITY":"LIVONIA","STATE":"MI","ZIP":"48150","STFIP":"26","CNTY":"26163","NMCNTY":"Wayne County","LOCALE":"13","LAT":42.35564,"LON":-83.413559,"CBSA":"19820","NMCBSA":"Detroit-Warren-Dearborn, MI","CBSATYPE":"1","CSA":"220","NMCSA":"Detroit-Warren-Ann Arbor, MI","CD":"2612","SLDL":"26022","SLDU":"26005","SCHOOLYEAR":"2024-2025"}},{"type":"Feature","id":45255,"geometry":{"type":"Point","coordinates":[-83.40660000004885,42.359699999885585]},"properties":{"OBJECTID":45255,"NCESSCH":"262184001958","LEAID":"2621840","NAME":"Rosedale Elementary","OPSTFIPS":"26","STREET":"36651 ANN ARBOR TRL","CITY":"LIVONIA","STATE":"MI","ZIP":"48150","STFIP":"26","CNTY":"26163","NMCNTY":"Wayne County","LOCALE":"13","LAT":42.3597,"LON":-83.4066,"CBSA":"19820","NMCBSA":"Detroit-Warren-Dearborn, MI","CBSATYPE":"1","CSA":"220","NMCSA":"Detroit-Warren-Ann Arbor, MI","CD":"2612","SLDL":"26022","SLDU":"26005","SCHOOLYEAR":"2024-2025"}},{"type":"Feature","id":45256,"geometry":{"type":"Point","coordinates":[-83.3827000006297,42.41300000048928]},"properties":{"OBJECTID":45256,"NCESSCH":"262184005877","LEAID":"2621840","NAME":"Stevenson High School","OPSTFIPS":"26","STREET":"33500 6 MILE RD","CITY":"LIVONIA","STATE":"MI","ZIP":"48152","STFIP":"26","CNTY":"26163","NMCNTY":"Wayne County","LOCALE":"13","LAT":42.413,"LON":-83.3827,"CBSA":"19820","NMCBSA":"Detroit-Warren-Dearborn, MI","CBSATYPE":"1","CSA":"220","NMCSA":"Detroit-Warren-Ann Arbor, MI","CD":"2612","SLDL":"26017","SLDU":"26006","SCHOOLYEAR":"2024-2025"}},{"type":"Feature","id":45257,"geometry":{"type":"Point","coordinates":[-83.31910000026147,42.36020000039603]},"properties":{"OBJECTID":45257,"NCESSCH":"262184005878","LEAID":"2621840","NAME":"Cleveland Elementary School","OPSTFIPS":"26","STREET":"28030 CATHEDRAL ST","CITY":"LIVONIA","STATE":"MI","ZIP":"48150","STFIP":"26","CNTY":"26163","NMCNTY":"Wayne County","LOCALE":"13","LAT":42.3602,"LON":-83.3191,"CBSA":"19820","NMCBSA":"Detroit-Warren-Dearborn, MI","CBSATYPE":"1","CSA":"220","NMCSA":"Detroit-Warren-Ann Arbor, MI","CD":"2612","SLDL":"26016","SLDU":"26006","SCHOOLYEAR":"2024-2025"}},{"type":"Feature","id":45258,"geometry":{"type":"Point","coordinates":[-83.34590000003067,42.42049999967359]},"properties":{"OBJECTID":45258,"NCESSCH":"262184005879","LEAID":"2621840","NAME":"Coolidge Elementary School","OPSTFIPS":"26","STREET":"30500 CURTIS RD","CITY":"LIVONIA","STATE":"MI","ZIP":"48152","STFIP":"26","CNTY":"26163","NMCNTY":"Wayne County","LOCALE":"13","LAT":42.4205,"LON":-83.3459,"CBSA":"19820","NMCBSA":"Detroit-Warren-Dearborn, MI","CBSATYPE":"1","CSA":"220","NMCSA":"Detroit-Warren-Ann Arbor, MI","CD":"2612","SLDL":"26017","SLDU":"26006","SCHOOLYEAR":"2024-2025"}},{"type":"Feature","id":45259,"geometry":{"type":"Point","coordinates":[-83.32359999977024,42.35069999949212]},"properties":{"OBJECTID":45259,"NCESSCH":"262184005880","LEAID":"2621840","NAME":"Cooper Upper Elementary School","OPSTFIPS":"26","STREET":"28550 ANN ARBOR TRL","CITY":"WESTLAND","STATE":"MI","ZIP":"48185","STFIP":"26","CNTY":"26163","NMCNTY":"Wayne County","LOCALE":"21","LAT":42.3507,"LON":-83.3236,"CBSA":"19820","NMCBSA":"Detroit-Warren-Dearborn, MI","CBSATYPE":"1","CSA":"220","NMCSA":"Detroit-Warren-Ann Arbor, MI","CD":"2612","SLDL":"26025","SLDU":"26005","SCHOOLYEAR":"2024-2025"}},{"type":"Feature","id":45260,"geometry":{"type":"Point","coordinates":[-83.33090000012913,42.362900000276746]},"properties":{"OBJECTID":45260,"NCESSCH":"262184005881","LEAID":"2621840","NAME":"Emerson Middle School","OPSTFIPS":"26","STREET":"29100 W CHICAGO ST","CITY":"LIVONIA","STATE":"MI","ZIP":"48150","STFIP":"26","CNTY":"26163","NMCNTY":"Wayne County","LOCALE":"13","LAT":42.3629,"LON":-83.3309,"CBSA":"19820","NMCBSA":"Detroit-Warren-Dearborn, MI","CBSATYPE":"1","CSA":"220","NMCSA":"Detroit-Warren-Ann Arbor, MI","CD":"2612","SLDL":"26016","SLDU":"26006","SCHOOLYEAR":"2024-2025"}},{"type":"Feature","id":45261,"geometry":{"type":"Point","coordinates":[-83.34519999987252,42.35589999931934]},"properties":{"OBJECTID":45261,"NCESSCH":"262184005882","LEAID":"2621840","NAME":"Franklin High School","OPSTFIPS":"26","STREET":"31000 JOY RD","CITY":"LIVONIA","STATE":"MI","ZIP":"48150","STFIP":"26","CNTY":"26163","NMCNTY":"Wayne County","LOCALE":"13","LAT":42.3559,"LON":-83.3452,"CBSA":"19820","NMCBSA":"Detroit-Warren-Dearborn, MI","CBSATYPE":"1","CSA":"220","NMCSA":"Detroit-Warren-Ann Arbor, MI","CD":"2612","SLDL":"26016","SLDU":"26006","SCHOOLYEAR":"2024-2025"}},{"type":"Feature","id":45262,"geometry":{"type":"Point","coordinates":[-83.36089999992625,42.35849999998487]},"properties":{"OBJECTID":45262,"NCESSCH":"262184005884","LEAID":"2621840","NAME":"Grant Elementary School","OPSTFIPS":"26","STREET":"9300 HUBBARD ST","CITY":"LIVONIA","STATE":"MI","ZIP":"48150","STFIP":"26","CNTY":"26163","NMCNTY":"Wayne County","LOCALE":"13","LAT":42.3585,"LON":-83.3609,"CBSA":"19820","NMCBSA":"Detroit-Warren-Dearborn, MI","CBSATYPE":"1","CSA":"220","NMCSA":"Detroit-Warren-Ann Arbor, MI","CD":"2612","SLDL":"26022","SLDU":"26006","SCHOOLYEAR":"2024-2025"}},{"type":"Feature","id":45263,"geometry":{"type":"Point","coordinates":[-83.34479999984119,42.34599999959226]},"properties":{"OBJECTID":45263,"NCESSCH":"262184005885","LEAID":"2621840","NAME":"Hayes Elementary School","OPSTFIPS":"26","STREET":"30600 LOUISE ST","CITY":"WESTLAND","STATE":"MI","ZIP":"48185","STFIP":"26","CNTY":"26163","NMCNTY":"Wayne County","LOCALE":"21","LAT":42.346,"LON":-83.3448,"CBSA":"19820","NMCBSA":"Detroit-Warren-Dearborn, MI","CBSATYPE":"1","CSA":"220","NMCSA":"Detroit-Warren-Ann Arbor, MI","CD":"2612","SLDL":"26025","SLDU":"26005","SCHOOLYEAR":"2024-2025"}},{"type":"Feature","id":45264,"geometry":{"type":"Point","coordinates":[-83.41109999960231,42.40500000064138]},"properties":{"OBJECTID":45264,"NCESSCH":"262184005886","LEAID":"2621840","NAME":"Holmes Middle School","OPSTFIPS":"26","STREET":"16200 NEWBURGH RD","CITY":"LIVONIA","STATE":"MI","ZIP":"48154","STFIP":"26","CNTY":"26163","NMCNTY":"Wayne County","LOCALE":"13","LAT":42.405,"LON":-83.4111,"CBSA":"19820","NMCBSA":"Detroit-Warren-Dearborn, MI","CBSATYPE":"1","CSA":"220","NMCSA":"Detroit-Warren-Ann Arbor, MI","CD":"2612","SLDL":"26017","SLDU":"26006","SCHOOLYEAR":"2024-2025"}},{"type":"Feature","id":45265,"geometry":{"type":"Point","coordinates":[-83.40220000066067,42.402700000687204]},"properties":{"OBJECTID":45265,"NCESSCH":"262184005887","LEAID":"2621840","NAME":"Hoover Elementary School","OPSTFIPS":"26","STREET":"15900 LEVAN RD","CITY":"LIVONIA","STATE":"MI","ZIP":"48154","STFIP":"26","CNTY":"26163","NMCNTY":"Wayne County","LOCALE":"13","LAT":42.4027,"LON":-83.4022,"CBSA":"19820","NMCBSA":"Detroit-Warren-Dearborn, MI","CBSATYPE":"1","CSA":"220","NMCSA":"Detroit-Warren-Ann Arbor, MI","CD":"2612","SLDL":"26022","SLDU":"26006","SCHOOLYEAR":"2024-2025"}},{"type":"Feature","id":45266,"geometry":{"type":"Point","coordinates":[-83.36479999970638,42.386599999743375]},"properties":{"OBJECTID":45266,"NCESSCH":"262184005889","LEAID":"2621840","NAME":"Kennedy Elementary School","OPSTFIPS":"26","STREET":"14201 HUBBARD ST","CITY":"LIVONIA","STATE":"MI","ZIP":"48154","STFIP":"26","CNTY":"26163","NMCNTY":"Wayne County","LOCALE":"13","LAT":42.3866,"LON":-83.3648,"CBSA":"19820","NMCBSA":"Detroit-Warren-Dearborn, MI","CBSATYPE":"1","CSA":"220","NMCSA":"Detroit-Warren-Ann Arbor, MI","CD":"2612","SLDL":"26016","SLDU":"26006","SCHOOLYEAR":"2024-2025"}},{"type":"Feature","id":45267,"geometry":{"type":"Point","coordinates":[-83.41819999967565,42.34960000051727]},"properties":{"OBJECTID":45267,"NCESSCH":"262184005890","LEAID":"2621840","NAME":"Johnson Upper Elementary School","OPSTFIPS":"26","STREET":"8400 N HIX RD","CITY":"WESTLAND","STATE":"MI","ZIP":"48185","STFIP":"26","CNTY":"26163","NMCNTY":"Wayne County","LOCALE":"21","LAT":42.3496,"LON":-83.4182,"CBSA":"19820","NMCBSA":"Detroit-Warren-Dearborn, MI","CBSATYPE":"1","CSA":"220","NMCSA":"Detroit-Warren-Ann Arbor, MI","CD":"2612","SLDL":"26025","SLDU":"26005","SCHOOLYEAR":"2024-2025"}},{"type":"Feature","id":45268,"geometry":{"type":"Point","coordinates":[-83.42410000001125,42.3878999999703]},"properties":{"OBJECTID":45268,"NCESSCH":"262184005896","LEAID":"2621840","NAME":"Randolph Elementary School","OPSTFIPS":"26","STREET":"14470 NORMAN ST","CITY":"LIVONIA","STATE":"MI","ZIP":"48154","STFIP":"26","CNTY":"26163","NMCNTY":"Wayne County","LOCALE":"13","LAT":42.3879,"LON":-83.4241,"CBSA":"19820","NMCBSA":"Detroit-Warren-Dearborn, MI","CBSATYPE":"1","CSA":"220","NMCSA":"Detroit-Warren-Ann Arbor, MI","CD":"2612","SLDL":"26022","SLDU":"26005","SCHOOLYEAR":"2024-2025"}},{"type":"Feature","id":45269,"geometry":{"type":"Point","coordinates":[-83.34590000017884,42.40040000013193]},"properties":{"OBJECTID":45269,"NCESSCH":"262184005897","LEAID":"2621840","NAME":"Riley Upper Elementary School","OPSTFIPS":"26","STREET":"15555 HENRY RUFF ST","CITY":"LIVONIA","STATE":"MI","ZIP":"48154","STFIP":"26","CNTY":"26163","NMCNTY":"Wayne County","LOCALE":"13","LAT":42.4004,"LON":-83.3459,"CBSA":"19820","NMCBSA":"Detroit-Warren-Dearborn, MI","CBSATYPE":"1","CSA":"220","NMCSA":"Detroit-Warren-Ann Arbor, MI","CD":"2612","SLDL":"26017","SLDU":"26006","SCHOOLYEAR":"2024-2025"}},{"type":"Feature","id":45270,"geometry":{"type":"Point","coordinates":[-83.38020000025477,42.3847000006293]},"properties":{"OBJECTID":45270,"NCESSCH":"262184005898","LEAID":"2621840","NAME":"Frost Middle School","OPSTFIPS":"26","STREET":"14041 STARK RD","CITY":"LIVONIA","STATE":"MI","ZIP":"48154","STFIP":"26","CNTY":"26163","NMCNTY":"Wayne County","LOCALE":"13","LAT":42.3847,"LON":-83.3802,"CBSA":"19820","NMCBSA":"Detroit-Warren-Dearborn, MI","CBSATYPE":"1","CSA":"220","NMCSA":"Detroit-Warren-Ann Arbor, MI","CD":"2612","SLDL":"26022","SLDU":"26006","SCHOOLYEAR":"2024-2025"}},{"type":"Feature","id":45271,"geometry":{"type":"Point","coordinates":[-83.3425000002981,42.39129999969976]},"properties":{"OBJECTID":45271,"NCESSCH":"262184005899","LEAID":"2621840","NAME":"Roosevelt Elementary School","OPSTFIPS":"26","STREET":"30200 LYNDON ST","CITY":"LIVONIA","STATE":"MI","ZIP":"48154","STFIP":"26","CNTY":"26163","NMCNTY":"Wayne County","LOCALE":"13","LAT":42.3913,"LON":-83.3425,"CBSA":"19820","NMCBSA":"Detroit-Warren-Dearborn, MI","CBSATYPE":"1","CSA":"220","NMCSA":"Detroit-Warren-Ann Arbor, MI","CD":"2612","SLDL":"26016","SLDU":"26006","SCHOOLYEAR":"2024-2025"}},{"type":"Feature","id":45272,"geometry":{"type":"Point","coordinates":[-83.40840000019593,42.35530000001851]},"properties":{"OBJECTID":45272,"NCESSCH":"262184005903","LEAID":"2621840","NAME":"Churchill High School","OPSTFIPS":"26","STREET":"8900 NEWBURGH RD","CITY":"LIVONIA","STATE":"MI","ZIP":"48150","STFIP":"26","CNTY":"26163","NMCNTY":"Wayne County","LOCALE":"13","LAT":42.3553,"LON":-83.4084,"CBSA":"19820","NMCBSA":"Detroit-Warren-Dearborn, MI","CBSATYPE":"1","CSA":"220","NMCSA":"Detroit-Warren-Ann Arbor, MI","CD":"2612","SLDL":"26022","SLDU":"26005","SCHOOLYEAR":"2024-2025"}},{"type":"Feature","id":45273,"geometry":{"type":"Point","coordinates":[-83.35879999968925,42.406400000536614]},"properties":{"OBJECTID":45273,"NCESSCH":"262184005905","LEAID":"2621840","NAME":"Buchanan Elementary School","OPSTFIPS":"26","STREET":"16400 HUBBARD ST","CITY":"LIVONIA","STATE":"MI","ZIP":"48154","STFIP":"26","CNTY":"26163","NMCNTY":"Wayne County","LOCALE":"13","LAT":42.4064,"LON":-83.3588,"CBSA":"19820","NMCBSA":"Detroit-Warren-Dearborn, MI","CBSATYPE":"1","CSA":"220","NMCSA":"Detroit-Warren-Ann Arbor, MI","CD":"2612","SLDL":"26017","SLDU":"26006","SCHOOLYEAR":"2024-2025"}},{"type":"Feature","id":45274,"geometry":{"type":"Point","coordinates":[-83.36612799937106,42.43278499981284]},"properties":{"OBJECTID":45274,"NCESSCH":"262184007549","LEAID":"2621840","NAME":"Webster Elementary School","OPSTFIPS":"26","STREET":"32401 PEMBROKE ST","CITY":"LIVONIA","STATE":"MI","ZIP":"48152","STFIP":"26","CNTY":"26163","NMCNTY":"Wayne County","LOCALE":"13","LAT":42.432785,"LON":-83.366128,"CBSA":"19820","NMCBSA":"Detroit-Warren-Dearborn, MI","CBSATYPE":"1","CSA":"220","NMCSA":"Detroit-Warren-Ann Arbor, MI","CD":"2612","SLDL":"26017","SLDU":"26006","SCHOOLYEAR":"2024-2025"}},{"type":"Feature","id":45275,"geometry":{"type":"Point","coordinates":[-83.40662900038723,42.4175260000738]},"properties":{"OBJECTID":45275,"NCESSCH":"262184008662","LEAID":"2621840","NAME":"NijiIro Japanese Immersion Elementary School","OPSTFIPS":"26","STREET":"36611 CURTIS RD","CITY":"LIVONIA","STATE":"MI","ZIP":"48152","STFIP":"26","CNTY":"26163","NMCNTY":"Wayne County","LOCALE":"13","LAT":42.417526,"LON":-83.406629,"CBSA":"19820","NMCBSA":"Detroit-Warren-Dearborn, MI","CBSATYPE":"1","CSA":"220","NMCSA":"Detroit-Warren-Ann Arbor, MI","CD":"2612","SLDL":"26022","SLDU":"26006","SCHOOLYEAR":"2024-2025"}},{"type":"Feature","id":45276,"geometry":{"type":"Point","coordinates":[-83.43196000074924,42.423946999919536]},"properties":{"OBJECTID":45276,"NCESSCH":"262184008708","LEAID":"2621840","NAME":"Livonia Transition Program","OPSTFIPS":"26","STREET":"18600 HAGGERTY RD","CITY":"LIVONIA","STATE":"MI","ZIP":"48152","STFIP":"26","CNTY":"26163","NMCNTY":"Wayne County","LOCALE":"13","LAT":42.423947,"LON":-83.43196,"CBSA":"19820","NMCBSA":"Detroit-Warren-Dearborn, MI","CBSATYPE":"1","CSA":"220","NMCSA":"Detroit-Warren-Ann Arbor, MI","CD":"2612","SLDL":"26022","SLDU":"26006","SCHOOLYEAR":"2024-2025"}},{"type":"Feature","id":45277,"geometry":{"type":"Point","coordinates":[-83.39522499985135,42.3628510000168]},"properties":{"OBJECTID":45277,"NCESSCH":"262184008810","LEAID":"2621840","NAME":"Garfield Community School","OPSTFIPS":"26","STREET":"10218 ARTHUR ST","CITY":"LIVONIA","STATE":"MI","ZIP":"48150","STFIP":"26","CNTY":"26163","NMCNTY":"Wayne County","LOCALE":"13","LAT":42.362851,"LON":-83.395225,"CBSA":"19820","NMCBSA":"Detroit-Warren-Dearborn, MI","CBSATYPE":"1","CSA":"220","NMCSA":"Detroit-Warren-Ann Arbor, MI","CD":"2612","SLDL":"26022","SLDU":"26005","SCHOOLYEAR":"2024-2025"}},{"type":"Feature","id":45278,"geometry":{"type":"Point","coordinates":[-82.89357399986575,42.61574599985513]},"properties":{"OBJECTID":45278,"NCESSCH":"262187000202","LEAID":"2621870","NAME":"Macomb County Juvenile Justice Center School","OPSTFIPS":"26","STREET":"400 N ROSE ST","CITY":"MOUNT CLEMENS","STATE":"MI","ZIP":"48043","STFIP":"26","CNTY":"26099","NMCNTY":"Macomb County","LOCALE":"21","LAT":42.615746,"LON":-82.893574,"CBSA":"19820","NMCBSA":"Detroit-Warren-Dearborn, MI","CBSATYPE":"1","CSA":"220","NMCSA":"Detroit-Warren-Ann Arbor, MI","CD":"2610","SLDL":"26061","SLDU":"26012","SCHOOLYEAR":"2024-2025"}},{"type":"Feature","id":45279,"geometry":{"type":"Point","coordinates":[-82.83189999961091,42.59149999968317]},"properties":{"OBJECTID":45279,"NCESSCH":"262187000627","LEAID":"2621870","NAME":"South River Elementary School","OPSTFIPS":"26","STREET":"27733 S RIVER RD","CITY":"HARRISON TOWNSHIP","STATE":"MI","ZIP":"48045","STFIP":"26","CNTY":"26099","NMCNTY":"Macomb County","LOCALE":"21","LAT":42.5915,"LON":-82.8319,"CBSA":"19820","NMCBSA":"Detroit-Warren-Dearborn, MI","CBSATYPE":"1","CSA":"220","NMCSA":"Detroit-Warren-Ann Arbor, MI","CD":"2610","SLDL":"26062","SLDU":"26012","SCHOOLYEAR":"2024-2025"}},{"type":"Feature","id":45280,"geometry":{"type":"Point","coordinates":[-82.85889099961071,42.62056800044565]},"properties":{"OBJECTID":45280,"NCESSCH":"262187000628","LEAID":"2621870","NAME":"Frederick V Pankow Center","OPSTFIPS":"26","STREET":"24600 F V PANKOW","CITY":"CLINTON TOWNSHIP","STATE":"MI","ZIP":"48036","STFIP":"26","CNTY":"26099","NMCNTY":"Macomb County","LOCALE":"21","LAT":42.620568,"LON":-82.858891,"CBSA":"19820","NMCBSA":"Detroit-Warren-Dearborn, MI","CBSATYPE":"1","CSA":"220","NMCSA":"Detroit-Warren-Ann Arbor, MI","CD":"2610","SLDL":"26062","SLDU":"26012","SCHOOLYEAR":"2024-2025"}},{"type":"Feature","id":45281,"geometry":{"type":"Point","coordinates":[-82.80890000072803,42.69160000044378]},"properties":{"OBJECTID":45281,"NCESSCH":"262187000630","LEAID":"2621870","NAME":"Francis A Higgins Elem School","OPSTFIPS":"26","STREET":"29901 24 MILE RD","CITY":"CHESTERFIELD","STATE":"MI","ZIP":"48051","STFIP":"26","CNTY":"26099","NMCNTY":"Macomb County","LOCALE":"21","LAT":42.6916,"LON":-82.8089,"CBSA":"19820","NMCBSA":"Detroit-Warren-Dearborn, MI","CBSATYPE":"1","CSA":"220","NMCSA":"Detroit-Warren-Ann Arbor, MI","CD":"2609","SLDL":"26063","SLDU":"26012","SCHOOLYEAR":"2024-2025"}},{"type":"Feature","id":45282,"geometry":{"type":"Point","coordinates":[-82.80679999934726,42.694500000058724]},"properties":{"OBJECTID":45282,"NCESSCH":"262187001236","LEAID":"2621870","NAME":"Middle School  East","OPSTFIPS":"26","STREET":"30300 HICKEY RD","CITY":"CHESTERFIELD","STATE":"MI","ZIP":"48051","STFIP":"26","CNTY":"26099","NMCNTY":"Macomb County","LOCALE":"21","LAT":42.6945,"LON":-82.8068,"CBSA":"19820","NMCBSA":"Detroit-Warren-Dearborn, MI","CBSATYPE":"1","CSA":"220","NMCSA":"Detroit-Warren-Ann Arbor, MI","CD":"2609","SLDL":"26063","SLDU":"26012","SCHOOLYEAR":"2024-2025"}},{"type":"Feature","id":45283,"geometry":{"type":"Point","coordinates":[-82.83700000008201,42.688100000416604]},"properties":{"OBJECTID":45283,"NCESSCH":"262187001379","LEAID":"2621870","NAME":"Joseph M Carkenord Elementary School","OPSTFIPS":"26","STREET":"27100 24 MILE RD","CITY":"CHESTERFIELD","STATE":"MI","ZIP":"48051","STFIP":"26","CNTY":"26099","NMCNTY":"Macomb County","LOCALE":"21","LAT":42.6881,"LON":-82.837,"CBSA":"19820","NMCBSA":"Detroit-Warren-Dearborn, MI","CBSATYPE":"1","CSA":"220","NMCSA":"Detroit-Warren-Ann Arbor, MI","CD":"2609","SLDL":"26063","SLDU":"26012","SCHOOLYEAR":"2024-2025"}},{"type":"Feature","id":45284,"geometry":{"type":"Point","coordinates":[-82.86415899936588,42.621979000429356]},"properties":{"OBJECTID":45284,"NCESSCH":"262187002057","LEAID":"2621870","NAME":"Mount Clemens Center for Lifelong Learning","OPSTFIPS":"26","STREET":"24001 FREDERICK PANKOW BLVD","CITY":"CLINTON TWP","STATE":"MI","ZIP":"48036","STFIP":"26","CNTY":"26099","NMCNTY":"Macomb County","LOCALE":"21","LAT":42.621979,"LON":-82.864159,"CBSA":"19820","NMCBSA":"Detroit-Warren-Dearborn, MI","CBSATYPE":"1","CSA":"220","NMCSA":"Detroit-Warren-Ann Arbor, MI","CD":"2610","SLDL":"26061","SLDU":"26012","SCHOOLYEAR":"2024-2025"}},{"type":"Feature","id":45285,"geometry":{"type":"Point","coordinates":[-82.87360000042302,42.63440000013964]},"properties":{"OBJECTID":45285,"NCESSCH":"262187005908","LEAID":"2621870","NAME":"Atwood Elementary School","OPSTFIPS":"26","STREET":"45690 NORTH AVE","CITY":"MACOMB","STATE":"MI","ZIP":"48042","STFIP":"26","CNTY":"26099","NMCNTY":"Macomb County","LOCALE":"21","LAT":42.6344,"LON":-82.8736,"CBSA":"19820","NMCBSA":"Detroit-Warren-Dearborn, MI","CBSATYPE":"1","CSA":"220","NMCSA":"Detroit-Warren-Ann Arbor, MI","CD":"2609","SLDL":"26060","SLDU":"26011","SCHOOLYEAR":"2024-2025"}},{"type":"Feature","id":45286,"geometry":{"type":"Point","coordinates":[-82.86569999947403,42.639700000468544]},"properties":{"OBJECTID":45286,"NCESSCH":"262187005910","LEAID":"2621870","NAME":"Middle School  North","OPSTFIPS":"26","STREET":"46201 FAIRCHILD RD","CITY":"MACOMB","STATE":"MI","ZIP":"48042","STFIP":"26","CNTY":"26099","NMCNTY":"Macomb County","LOCALE":"21","LAT":42.6397,"LON":-82.8657,"CBSA":"19820","NMCBSA":"Detroit-Warren-Dearborn, MI","CBSATYPE":"1","CSA":"220","NMCSA":"Detroit-Warren-Ann Arbor, MI","CD":"2609","SLDL":"26060","SLDU":"26011","SCHOOLYEAR":"2024-2025"}},{"type":"Feature","id":45287,"geometry":{"type":"Point","coordinates":[-82.85940000017568,42.5487999997815]},"properties":{"OBJECTID":45287,"NCESSCH":"262187005911","LEAID":"2621870","NAME":"Middle School  South","OPSTFIPS":"26","STREET":"34641 JEFFERSON AVE","CITY":"HARRISON TOWNSHIP","STATE":"MI","ZIP":"48045","STFIP":"26","CNTY":"26099","NMCNTY":"Macomb County","LOCALE":"21","LAT":42.5488,"LON":-82.8594,"CBSA":"19820","NMCBSA":"Detroit-Warren-Dearborn, MI","CBSATYPE":"1","CSA":"220","NMCSA":"Detroit-Warren-Ann Arbor, MI","CD":"2610","SLDL":"26062","SLDU":"26012","SCHOOLYEAR":"2024-2025"}},{"type":"Feature","id":45288,"geometry":{"type":"Point","coordinates":[-82.85360000035915,42.58120000078121]},"properties":{"OBJECTID":45288,"NCESSCH":"262187005912","LEAID":"2621870","NAME":"High School","OPSTFIPS":"26","STREET":"38495 LANSE CREUSE ST","CITY":"HARRISON TOWNSHIP","STATE":"MI","ZIP":"48045","STFIP":"26","CNTY":"26099","NMCNTY":"Macomb County","LOCALE":"21","LAT":42.5812,"LON":-82.8536,"CBSA":"19820","NMCBSA":"Detroit-Warren-Dearborn, MI","CBSATYPE":"1","CSA":"220","NMCSA":"Detroit-Warren-Ann Arbor, MI","CD":"2610","SLDL":"26062","SLDU":"26012","SCHOOLYEAR":"2024-2025"}},{"type":"Feature","id":45289,"geometry":{"type":"Point","coordinates":[-82.85409999997171,42.57529999971688]},"properties":{"OBJECTID":45289,"NCESSCH":"262187005913","LEAID":"2621870","NAME":"Marie C Graham Elem School","OPSTFIPS":"26","STREET":"25555 CROCKER BLVD","CITY":"HARRISON TOWNSHIP","STATE":"MI","ZIP":"48045","STFIP":"26","CNTY":"26099","NMCNTY":"Macomb County","LOCALE":"21","LAT":42.5753,"LON":-82.8541,"CBSA":"19820","NMCBSA":"Detroit-Warren-Dearborn, MI","CBSATYPE":"1","CSA":"220","NMCSA":"Detroit-Warren-Ann Arbor, MI","CD":"2610","SLDL":"26062","SLDU":"26012","SCHOOLYEAR":"2024-2025"}},{"type":"Feature","id":45290,"geometry":{"type":"Point","coordinates":[-82.82010000000882,42.646299999919286]},"properties":{"OBJECTID":45290,"NCESSCH":"262187005915","LEAID":"2621870","NAME":"Green Elementary School","OPSTFIPS":"26","STREET":"47260 SUGARBUSH RD","CITY":"CHESTERFIELD","STATE":"MI","ZIP":"48047","STFIP":"26","CNTY":"26099","NMCNTY":"Macomb County","LOCALE":"21","LAT":42.6463,"LON":-82.8201,"CBSA":"19820","NMCBSA":"Detroit-Warren-Dearborn, MI","CBSATYPE":"1","CSA":"220","NMCSA":"Detroit-Warren-Ann Arbor, MI","CD":"2609","SLDL":"26062","SLDU":"26012","SCHOOLYEAR":"2024-2025"}},{"type":"Feature","id":45291,"geometry":{"type":"Point","coordinates":[-82.81649999961186,42.57790000005912]},"properties":{"OBJECTID":45291,"NCESSCH":"262187005917","LEAID":"2621870","NAME":"Emma V Lobbestael Elem School","OPSTFIPS":"26","STREET":"38495 PRENTISS ST","CITY":"HARRISON TOWNSHIP","STATE":"MI","ZIP":"48045","STFIP":"26","CNTY":"26099","NMCNTY":"Macomb County","LOCALE":"21","LAT":42.5779,"LON":-82.8165,"CBSA":"19820","NMCBSA":"Detroit-Warren-Dearborn, MI","CBSATYPE":"1","CSA":"220","NMCSA":"Detroit-Warren-Ann Arbor, MI","CD":"2610","SLDL":"26062","SLDU":"26012","SCHOOLYEAR":"2024-2025"}},{"type":"Feature","id":45292,"geometry":{"type":"Point","coordinates":[-82.87019999980724,42.63910000013694]},"properties":{"OBJECTID":45292,"NCESSCH":"262187005918","LEAID":"2621870","NAME":"High School  North","OPSTFIPS":"26","STREET":"23700 21 MILE RD","CITY":"MACOMB","STATE":"MI","ZIP":"48042","STFIP":"26","CNTY":"26099","NMCNTY":"Macomb County","LOCALE":"21","LAT":42.6391,"LON":-82.8702,"CBSA":"19820","NMCBSA":"Detroit-Warren-Dearborn, MI","CBSATYPE":"1","CSA":"220","NMCSA":"Detroit-Warren-Ann Arbor, MI","CD":"2609","SLDL":"26060","SLDU":"26011","SCHOOLYEAR":"2024-2025"}},{"type":"Feature","id":45293,"geometry":{"type":"Point","coordinates":[-82.8764999994477,42.55969999984536]},"properties":{"OBJECTID":45293,"NCESSCH":"262187005919","LEAID":"2621870","NAME":"Tenniswood Elementary School","OPSTFIPS":"26","STREET":"23450 GLENWOOD ST","CITY":"CLINTON TOWNSHIP","STATE":"MI","ZIP":"48035","STFIP":"26","CNTY":"26099","NMCNTY":"Macomb County","LOCALE":"21","LAT":42.5597,"LON":-82.8765,"CBSA":"19820","NMCBSA":"Detroit-Warren-Dearborn, MI","CBSATYPE":"1","CSA":"220","NMCSA":"Detroit-Warren-Ann Arbor, MI","CD":"2610","SLDL":"26062","SLDU":"26012","SCHOOLYEAR":"2024-2025"}},{"type":"Feature","id":45294,"geometry":{"type":"Point","coordinates":[-82.8638999997648,42.55099999994375]},"properties":{"OBJECTID":45294,"NCESSCH":"262187005921","LEAID":"2621870","NAME":"Donald J Yacks Elem School","OPSTFIPS":"26","STREET":"34700 UNION LAKE RD","CITY":"HARRISON TOWNSHIP","STATE":"MI","ZIP":"48045","STFIP":"26","CNTY":"26099","NMCNTY":"Macomb County","LOCALE":"21","LAT":42.551,"LON":-82.8639,"CBSA":"19820","NMCBSA":"Detroit-Warren-Dearborn, MI","CBSATYPE":"1","CSA":"220","NMCSA":"Detroit-Warren-Ann Arbor, MI","CD":"2610","SLDL":"26062","SLDU":"26012","SCHOOLYEAR":"2024-2025"}},{"type":"Feature","id":45295,"geometry":{"type":"Point","coordinates":[-82.85420000014939,42.576899999993714]},"properties":{"OBJECTID":45295,"NCESSCH":"262187007736","LEAID":"2621870","NAME":"Middle School  Central","OPSTFIPS":"26","STREET":"38000 REIMOLD ST","CITY":"HARRISON TOWNSHIP","STATE":"MI","ZIP":"48045","STFIP":"26","CNTY":"26099","NMCNTY":"Macomb County","LOCALE":"21","LAT":42.5769,"LON":-82.8542,"CBSA":"19820","NMCBSA":"Detroit-Warren-Dearborn, MI","CBSATYPE":"1","CSA":"220","NMCSA":"Detroit-Warren-Ann Arbor, MI","CD":"2610","SLDL":"26062","SLDU":"26012","SCHOOLYEAR":"2024-2025"}},{"type":"Feature","id":45296,"geometry":{"type":"Point","coordinates":[-82.86415899936588,42.621979000429356]},"properties":{"OBJECTID":45296,"NCESSCH":"262187008075","LEAID":"2621870","NAME":"DiAnne M Pellerin Center","OPSTFIPS":"26","STREET":"24001 F V PANKOW BLVD","CITY":"CLINTON TOWNSHIP","STATE":"MI","ZIP":"48038","STFIP":"26","CNTY":"26099","NMCNTY":"Macomb County","LOCALE":"21","LAT":42.621979,"LON":-82.864159,"CBSA":"19820","NMCBSA":"Detroit-Warren-Dearborn, MI","CBSATYPE":"1","CSA":"220","NMCSA":"Detroit-Warren-Ann Arbor, MI","CD":"2610","SLDL":"26061","SLDU":"26012","SCHOOLYEAR":"2024-2025"}},{"type":"Feature","id":45309,"geometry":{"type":"Point","coordinates":[-83.09647199996043,42.49182199983116]},"properties":{"OBJECTID":45309,"NCESSCH":"262229001280","LEAID":"2622290","NAME":"Madison Preparatory High School","OPSTFIPS":"26","STREET":"915 E 11 MILE RD","CITY":"MADISON HTS","STATE":"MI","ZIP":"48071","STFIP":"26","CNTY":"26125","NMCNTY":"Oakland County","LOCALE":"21","LAT":42.491822,"LON":-83.096472,"CBSA":"19820","NMCBSA":"Detroit-Warren-Dearborn, MI","CBSATYPE":"1","CSA":"220","NMCSA":"Detroit-Warren-Ann Arbor, MI","CD":"2611","SLDL":"26014","SLDU":"26003","SCHOOLYEAR":"2024-2025"}},{"type":"Feature","id":45310,"geometry":{"type":"Point","coordinates":[-83.09730000020389,42.491699999767995]},"properties":{"OBJECTID":45310,"NCESSCH":"262229005943","LEAID":"2622290","NAME":"Madison High School","OPSTFIPS":"26","STREET":"915 E 11 MILE RD","CITY":"MADISON HEIGHTS","STATE":"MI","ZIP":"48071","STFIP":"26","CNTY":"26125","NMCNTY":"Oakland County","LOCALE":"21","LAT":42.4917,"LON":-83.0973,"CBSA":"19820","NMCBSA":"Detroit-Warren-Dearborn, MI","CBSATYPE":"1","CSA":"220","NMCSA":"Detroit-Warren-Ann Arbor, MI","CD":"2611","SLDL":"26014","SLDU":"26003","SCHOOLYEAR":"2024-2025"}},{"type":"Feature","id":45311,"geometry":{"type":"Point","coordinates":[-83.10330000070945,42.48799999981384]},"properties":{"OBJECTID":45311,"NCESSCH":"262229005945","LEAID":"2622290","NAME":"Wilkinson Middle School","OPSTFIPS":"26","STREET":"26524 JOHN R RD","CITY":"MADISON HEIGHTS","STATE":"MI","ZIP":"48071","STFIP":"26","CNTY":"26125","NMCNTY":"Oakland County","LOCALE":"21","LAT":42.488,"LON":-83.1033,"CBSA":"19820","NMCBSA":"Detroit-Warren-Dearborn, MI","CBSATYPE":"1","CSA":"220","NMCSA":"Detroit-Warren-Ann Arbor, MI","CD":"2611","SLDL":"26014","SLDU":"26003","SCHOOLYEAR":"2024-2025"}},{"type":"Feature","id":45312,"geometry":{"type":"Point","coordinates":[-83.09553700069468,42.481181000003104]},"properties":{"OBJECTID":45312,"NCESSCH":"262229007787","LEAID":"2622290","NAME":"Madison District Early Childhood Education Center","OPSTFIPS":"26","STREET":"25601 COUZENS AVE","CITY":"MADISON HEIGHTS","STATE":"MI","ZIP":"48071","STFIP":"26","CNTY":"26125","NMCNTY":"Oakland County","LOCALE":"21","LAT":42.481181,"LON":-83.095537,"CBSA":"19820","NMCBSA":"Detroit-Warren-Dearborn, MI","CBSATYPE":"1","CSA":"220","NMCSA":"Detroit-Warren-Ann Arbor, MI","CD":"2611","SLDL":"26014","SLDU":"26003","SCHOOLYEAR":"2024-2025"}},{"type":"Feature","id":45313,"geometry":{"type":"Point","coordinates":[-83.09356100015296,42.492780000146524]},"properties":{"OBJECTID":45313,"NCESSCH":"262229008591","LEAID":"2622290","NAME":"Madison Elementary School","OPSTFIPS":"26","STREET":"27107 HALES ST","CITY":"MADISON HEIGHTS","STATE":"MI","ZIP":"48071","STFIP":"26","CNTY":"26125","NMCNTY":"Oakland County","LOCALE":"21","LAT":42.49278,"LON":-83.093561,"CBSA":"19820","NMCBSA":"Detroit-Warren-Dearborn, MI","CBSATYPE":"1","CSA":"220","NMCSA":"Detroit-Warren-Ann Arbor, MI","CD":"2611","SLDL":"26014","SLDU":"26003","SCHOOLYEAR":"2024-2025"}},{"type":"Feature","id":45314,"geometry":{"type":"Point","coordinates":[-84.01964599924027,41.868114999798635]},"properties":{"OBJECTID":45314,"NCESSCH":"262232005946","LEAID":"2622320","NAME":"Madison Elementary School","OPSTFIPS":"26","STREET":"3498 TREAT HWY","CITY":"ADRIAN","STATE":"MI","ZIP":"49221","STFIP":"26","CNTY":"26091","NMCNTY":"Lenawee County","LOCALE":"32","LAT":41.868115,"LON":-84.019646,"CBSA":"10300","NMCBSA":"Adrian, MI","CBSATYPE":"2","CSA":"220","NMCSA":"Detroit-Warren-Ann Arbor, MI","CD":"2605","SLDL":"26034","SLDU":"26016","SCHOOLYEAR":"2024-2025"}},{"type":"Feature","id":45315,"geometry":{"type":"Point","coordinates":[-84.01964599924027,41.868114999798635]},"properties":{"OBJECTID":45315,"NCESSCH":"262232005947","LEAID":"2622320","NAME":"Madison High School","OPSTFIPS":"26","STREET":"3498 TREAT HWY","CITY":"ADRIAN","STATE":"MI","ZIP":"49221","STFIP":"26","CNTY":"26091","NMCNTY":"Lenawee County","LOCALE":"32","LAT":41.868115,"LON":-84.019646,"CBSA":"10300","NMCBSA":"Adrian, MI","CBSATYPE":"2","CSA":"220","NMCSA":"Detroit-Warren-Ann Arbor, MI","CD":"2605","SLDL":"26034","SLDU":"26016","SCHOOLYEAR":"2024-2025"}},{"type":"Feature","id":45316,"geometry":{"type":"Point","coordinates":[-84.01964599924027,41.868114999798635]},"properties":{"OBJECTID":45316,"NCESSCH":"262232007551","LEAID":"2622320","NAME":"Madison Middle School","OPSTFIPS":"26","STREET":"3498 TREAT HWY","CITY":"ADRIAN","STATE":"MI","ZIP":"49221","STFIP":"26","CNTY":"26091","NMCNTY":"Lenawee County","LOCALE":"32","LAT":41.868115,"LON":-84.019646,"CBSA":"10300","NMCBSA":"Adrian, MI","CBSATYPE":"2","CSA":"220","NMCSA":"Detroit-Warren-Ann Arbor, MI","CD":"2605","SLDL":"26034","SLDU":"26016","SCHOOLYEAR":"2024-2025"}},{"type":"Feature","id":45320,"geometry":{"type":"Point","coordinates":[-84.03569999972694,42.15860000040704]},"properties":{"OBJECTID":45320,"NCESSCH":"262238005952","LEAID":"2622380","NAME":"Manchester JuniorSenior High School","OPSTFIPS":"26","STREET":"20500 DUTCH DR","CITY":"MANCHESTER","STATE":"MI","ZIP":"48158","STFIP":"26","CNTY":"26161","NMCNTY":"Washtenaw County","LOCALE":"42","LAT":42.1586,"LON":-84.0357,"CBSA":"11460","NMCBSA":"Ann Arbor, MI","CBSATYPE":"1","CSA":"220","NMCSA":"Detroit-Warren-Ann Arbor, MI","CD":"2606","SLDL":"26047","SLDU":"26015","SCHOOLYEAR":"2024-2025"}},{"type":"Feature","id":45321,"geometry":{"type":"Point","coordinates":[-84.03859999918487,42.1539999994475]},"properties":{"OBJECTID":45321,"NCESSCH":"262238005953","LEAID":"2622380","NAME":"Luther C Klager Elem School","OPSTFIPS":"26","STREET":"405 ANN ARBOR ST","CITY":"MANCHESTER","STATE":"MI","ZIP":"48158","STFIP":"26","CNTY":"26161","NMCNTY":"Washtenaw County","LOCALE":"42","LAT":42.154,"LON":-84.0386,"CBSA":"11460","NMCBSA":"Ann Arbor, MI","CBSATYPE":"1","CSA":"220","NMCSA":"Detroit-Warren-Ann Arbor, MI","CD":"2606","SLDL":"26047","SLDU":"26015","SCHOOLYEAR":"2024-2025"}},{"type":"Feature","id":45322,"geometry":{"type":"Point","coordinates":[-84.02934800041989,42.154569000021226]},"properties":{"OBJECTID":45322,"NCESSCH":"262238008851","LEAID":"2622380","NAME":"Riverside Intermediate School","OPSTFIPS":"26","STREET":"710 E MAIN ST","CITY":"MANCHESTER","STATE":"MI","ZIP":"48158","STFIP":"26","CNTY":"26161","NMCNTY":"Washtenaw County","LOCALE":"42","LAT":42.154569,"LON":-84.029348,"CBSA":"11460","NMCBSA":"Ann Arbor, MI","CBSATYPE":"1","CSA":"220","NMCSA":"Detroit-Warren-Ann Arbor, MI","CD":"2606","SLDL":"26047","SLDU":"26015","SCHOOLYEAR":"2024-2025"}},{"type":"Feature","id":45366,"geometry":{"type":"Point","coordinates":[-83.49090000012995,41.81080000016182]},"properties":{"OBJECTID":45366,"NCESSCH":"262310005998","LEAID":"2623100","NAME":"Mason Central School","OPSTFIPS":"26","STREET":"2410 LAKESIDE DR","CITY":"ERIE","STATE":"MI","ZIP":"48133","STFIP":"26","CNTY":"26115","NMCNTY":"Monroe County","LOCALE":"41","LAT":41.8108,"LON":-83.4909,"CBSA":"33780","NMCBSA":"Monroe, MI","CBSATYPE":"1","CSA":"220","NMCSA":"Detroit-Warren-Ann Arbor, MI","CD":"2605","SLDL":"26030","SLDU":"26016","SCHOOLYEAR":"2024-2025"}},{"type":"Feature","id":45367,"geometry":{"type":"Point","coordinates":[-83.4934999998872,41.810399999960595]},"properties":{"OBJECTID":45367,"NCESSCH":"262310005999","LEAID":"2623100","NAME":"Mason Middle School","OPSTFIPS":"26","STREET":"2260 LAKESIDE RD","CITY":"ERIE","STATE":"MI","ZIP":"48133","STFIP":"26","CNTY":"26115","NMCNTY":"Monroe County","LOCALE":"41","LAT":41.8104,"LON":-83.4935,"CBSA":"33780","NMCBSA":"Monroe, MI","CBSATYPE":"1","CSA":"220","NMCSA":"Detroit-Warren-Ann Arbor, MI","CD":"2605","SLDL":"26030","SLDU":"26016","SCHOOLYEAR":"2024-2025"}},{"type":"Feature","id":45368,"geometry":{"type":"Point","coordinates":[-83.49157800056844,41.81340100059317]},"properties":{"OBJECTID":45368,"NCESSCH":"262310006001","LEAID":"2623100","NAME":"Mason Senior High School","OPSTFIPS":"26","STREET":"2400 MASON EAGLE DR","CITY":"ERIE","STATE":"MI","ZIP":"48133","STFIP":"26","CNTY":"26115","NMCNTY":"Monroe County","LOCALE":"41","LAT":41.813401,"LON":-83.491578,"CBSA":"33780","NMCBSA":"Monroe, MI","CBSATYPE":"1","CSA":"220","NMCSA":"Detroit-Warren-Ann Arbor, MI","CD":"2605","SLDL":"26030","SLDU":"26016","SCHOOLYEAR":"2024-2025"}},{"type":"Feature","id":45369,"geometry":{"type":"Point","coordinates":[-83.49157800056844,41.81340100059317]},"properties":{"OBJECTID":45369,"NCESSCH":"262310008771","LEAID":"2623100","NAME":"Mason Virtual Academy","OPSTFIPS":"26","STREET":"2400 MASON EAGLE DR","CITY":"ERIE","STATE":"MI","ZIP":"48133","STFIP":"26","CNTY":"26115","NMCNTY":"Monroe County","LOCALE":"41","LAT":41.813401,"LON":-83.491578,"CBSA":"33780","NMCBSA":"Monroe, MI","CBSATYPE":"1","CSA":"220","NMCSA":"Detroit-Warren-Ann Arbor, MI","CD":"2605","SLDL":"26030","SLDU":"26016","SCHOOLYEAR":"2024-2025"}},{"type":"Feature","id":45387,"geometry":{"type":"Point","coordinates":[-83.17699999933372,42.27999999936717]},"properties":{"OBJECTID":45387,"NCESSCH":"262346001838","LEAID":"2623460","NAME":"Allendale Elementary School","OPSTFIPS":"26","STREET":"3201 OAKWOOD BLVD","CITY":"MELVINDALE","STATE":"MI","ZIP":"48122","STFIP":"26","CNTY":"26163","NMCNTY":"Wayne County","LOCALE":"21","LAT":42.28,"LON":-83.177,"CBSA":"19820","NMCBSA":"Detroit-Warren-Dearborn, MI","CBSATYPE":"1","CSA":"220","NMCSA":"Detroit-Warren-Ann Arbor, MI","CD":"2613","SLDL":"26002","SLDU":"26001","SCHOOLYEAR":"2024-2025"}},{"type":"Feature","id":45388,"geometry":{"type":"Point","coordinates":[-83.1859959999499,42.27841099963457]},"properties":{"OBJECTID":45388,"NCESSCH":"262346006020","LEAID":"2623460","NAME":"Julian O Strong Middle School","OPSTFIPS":"26","STREET":"18656 PROSPECT ST","CITY":"MELVINDALE","STATE":"MI","ZIP":"48122","STFIP":"26","CNTY":"26163","NMCNTY":"Wayne County","LOCALE":"21","LAT":42.278411,"LON":-83.185996,"CBSA":"19820","NMCBSA":"Detroit-Warren-Dearborn, MI","CBSATYPE":"1","CSA":"220","NMCSA":"Detroit-Warren-Ann Arbor, MI","CD":"2613","SLDL":"26002","SLDU":"26001","SCHOOLYEAR":"2024-2025"}},{"type":"Feature","id":45389,"geometry":{"type":"Point","coordinates":[-83.20350599994413,42.27424900001904]},"properties":{"OBJECTID":45389,"NCESSCH":"262346006021","LEAID":"2623460","NAME":"Melvindale High School","OPSTFIPS":"26","STREET":"4500 ENTERPRISE DR","CITY":"ALLEN PARK","STATE":"MI","ZIP":"48101","STFIP":"26","CNTY":"26163","NMCNTY":"Wayne County","LOCALE":"21","LAT":42.274249,"LON":-83.203506,"CBSA":"19820","NMCBSA":"Detroit-Warren-Dearborn, MI","CBSATYPE":"1","CSA":"220","NMCSA":"Detroit-Warren-Ann Arbor, MI","CD":"2613","SLDL":"26002","SLDU":"26001","SCHOOLYEAR":"2024-2025"}},{"type":"Feature","id":45390,"geometry":{"type":"Point","coordinates":[-83.2129999996614,42.27210000016208]},"properties":{"OBJECTID":45390,"NCESSCH":"262346007556","LEAID":"2623460","NAME":"Rogers Early Elementary School","OPSTFIPS":"26","STREET":"5000 SHENANDOAH AVE","CITY":"ALLEN PARK","STATE":"MI","ZIP":"48101","STFIP":"26","CNTY":"26163","NMCNTY":"Wayne County","LOCALE":"21","LAT":42.2721,"LON":-83.213,"CBSA":"19820","NMCBSA":"Detroit-Warren-Dearborn, MI","CBSATYPE":"1","CSA":"220","NMCSA":"Detroit-Warren-Ann Arbor, MI","CD":"2613","SLDL":"26002","SLDU":"26002","SCHOOLYEAR":"2024-2025"}},{"type":"Feature","id":45391,"geometry":{"type":"Point","coordinates":[-82.7785000001,42.8936999993818]},"properties":{"OBJECTID":45391,"NCESSCH":"262349006025","LEAID":"2623490","NAME":"Memphis JuniorSenior High School","OPSTFIPS":"26","STREET":"34130 BORDMAN RD","CITY":"MEMPHIS","STATE":"MI","ZIP":"48041","STFIP":"26","CNTY":"26099","NMCNTY":"Macomb County","LOCALE":"42","LAT":42.8937,"LON":-82.7785,"CBSA":"19820","NMCBSA":"Detroit-Warren-Dearborn, MI","CBSATYPE":"1","CSA":"220","NMCSA":"Detroit-Warren-Ann Arbor, MI","CD":"2609","SLDL":"26065","SLDU":"26025","SCHOOLYEAR":"2024-2025"}},{"type":"Feature","id":45392,"geometry":{"type":"Point","coordinates":[-82.77750000010822,42.89710000002636]},"properties":{"OBJECTID":45392,"NCESSCH":"262349006026","LEAID":"2623490","NAME":"Memphis Elementary School","OPSTFIPS":"26","STREET":"34165 BORDMAN RD","CITY":"MEMPHIS","STATE":"MI","ZIP":"48041","STFIP":"26","CNTY":"26147","NMCNTY":"St. Clair County","LOCALE":"42","LAT":42.8971,"LON":-82.7775,"CBSA":"19820","NMCBSA":"Detroit-Warren-Dearborn, MI","CBSATYPE":"1","CSA":"220","NMCSA":"Detroit-Warren-Ann Arbor, MI","CD":"2609","SLDL":"26065","SLDU":"26025","SCHOOLYEAR":"2024-2025"}},{"type":"Feature","id":45424,"geometry":{"type":"Point","coordinates":[-83.6968000002439,42.080499999842125]},"properties":{"OBJECTID":45424,"NCESSCH":"262385001504","LEAID":"2623850","NAME":"Clayton H Symons Elementary School","OPSTFIPS":"26","STREET":"432 S PLATT RD","CITY":"MILAN","STATE":"MI","ZIP":"48160","STFIP":"26","CNTY":"26115","NMCNTY":"Monroe County","LOCALE":"41","LAT":42.0805,"LON":-83.6968,"CBSA":"33780","NMCBSA":"Monroe, MI","CBSATYPE":"1","CSA":"220","NMCSA":"Detroit-Warren-Ann Arbor, MI","CD":"2606","SLDL":"26031","SLDU":"26015","SCHOOLYEAR":"2024-2025"}},{"type":"Feature","id":45425,"geometry":{"type":"Point","coordinates":[-83.70239999977954,42.07860000022215]},"properties":{"OBJECTID":45425,"NCESSCH":"262385006072","LEAID":"2623850","NAME":"Milan High School","OPSTFIPS":"26","STREET":"200 BIG RED DR","CITY":"MILAN","STATE":"MI","ZIP":"48160","STFIP":"26","CNTY":"26115","NMCNTY":"Monroe County","LOCALE":"41","LAT":42.0786,"LON":-83.7024,"CBSA":"33780","NMCBSA":"Monroe, MI","CBSATYPE":"1","CSA":"220","NMCSA":"Detroit-Warren-Ann Arbor, MI","CD":"2606","SLDL":"26031","SLDU":"26015","SCHOOLYEAR":"2024-2025"}},{"type":"Feature","id":45426,"geometry":{"type":"Point","coordinates":[-83.68070000025084,42.09059999944636]},"properties":{"OBJECTID":45426,"NCESSCH":"262385006073","LEAID":"2623850","NAME":"Paddock Elementary School","OPSTFIPS":"26","STREET":"707 MARVIN ST","CITY":"MILAN","STATE":"MI","ZIP":"48160","STFIP":"26","CNTY":"26161","NMCNTY":"Washtenaw County","LOCALE":"31","LAT":42.0906,"LON":-83.6807,"CBSA":"11460","NMCBSA":"Ann Arbor, MI","CBSATYPE":"1","CSA":"220","NMCSA":"Detroit-Warren-Ann Arbor, MI","CD":"2606","SLDL":"26031","SLDU":"26015","SCHOOLYEAR":"2024-2025"}},{"type":"Feature","id":45427,"geometry":{"type":"Point","coordinates":[-83.68160000069874,42.09249999973753]},"properties":{"OBJECTID":45427,"NCESSCH":"262385006074","LEAID":"2623850","NAME":"Milan Middle School","OPSTFIPS":"26","STREET":"920 NORTH ST","CITY":"MILAN","STATE":"MI","ZIP":"48160","STFIP":"26","CNTY":"26161","NMCNTY":"Washtenaw County","LOCALE":"31","LAT":42.0925,"LON":-83.6816,"CBSA":"11460","NMCBSA":"Ann Arbor, MI","CBSATYPE":"1","CSA":"220","NMCSA":"Detroit-Warren-Ann Arbor, MI","CD":"2606","SLDL":"26031","SLDU":"26015","SCHOOLYEAR":"2024-2025"}},{"type":"Feature","id":45428,"geometry":{"type":"Point","coordinates":[-83.70239999977954,42.07860000022215]},"properties":{"OBJECTID":45428,"NCESSCH":"262385008718","LEAID":"2623850","NAME":"Milan Alternative Education","OPSTFIPS":"26","STREET":"200 BIG RED DR","CITY":"MILAN","STATE":"MI","ZIP":"48160","STFIP":"26","CNTY":"26115","NMCNTY":"Monroe County","LOCALE":"41","LAT":42.0786,"LON":-83.7024,"CBSA":"33780","NMCBSA":"Monroe, MI","CBSATYPE":"1","CSA":"220","NMCSA":"Detroit-Warren-Ann Arbor, MI","CD":"2606","SLDL":"26031","SLDU":"26015","SCHOOLYEAR":"2024-2025"}},{"type":"Feature","id":45429,"geometry":{"type":"Point","coordinates":[-83.68160000069874,42.09249999973753]},"properties":{"OBJECTID":45429,"NCESSCH":"262385008950","LEAID":"2623850","NAME":"Young Adult Program","OPSTFIPS":"26","STREET":"920 NORTH ST","CITY":"MILAN","STATE":"MI","ZIP":"48160","STFIP":"26","CNTY":"26161","NMCNTY":"Washtenaw County","LOCALE":"31","LAT":42.0925,"LON":-83.6816,"CBSA":"11460","NMCBSA":"Ann Arbor, MI","CBSATYPE":"1","CSA":"220","NMCSA":"Detroit-Warren-Ann Arbor, MI","CD":"2606","SLDL":"26031","SLDU":"26015","SCHOOLYEAR":"2024-2025"}},{"type":"Feature","id":45443,"geometry":{"type":"Point","coordinates":[-83.37859999991804,41.90119999991787]},"properties":{"OBJECTID":45443,"NCESSCH":"262415000652","LEAID":"2624150","NAME":"Orchard Center High School","OPSTFIPS":"26","STREET":"1750 OAK ST","CITY":"MONROE","STATE":"MI","ZIP":"48161","STFIP":"26","CNTY":"26115","NMCNTY":"Monroe County","LOCALE":"13","LAT":41.9012,"LON":-83.3786,"CBSA":"33780","NMCBSA":"Monroe, MI","CBSATYPE":"1","CSA":"220","NMCSA":"Detroit-Warren-Ann Arbor, MI","CD":"2605","SLDL":"26030","SLDU":"26016","SCHOOLYEAR":"2024-2025"}},{"type":"Feature","id":45444,"geometry":{"type":"Point","coordinates":[-83.4322999997712,41.88390000014996]},"properties":{"OBJECTID":45444,"NCESSCH":"262415006090","LEAID":"2624150","NAME":"Custer Elementary School","OPSTFIPS":"26","STREET":"5003 W ALBAIN RD","CITY":"MONROE","STATE":"MI","ZIP":"48161","STFIP":"26","CNTY":"26115","NMCNTY":"Monroe County","LOCALE":"23","LAT":41.8839,"LON":-83.4323,"CBSA":"33780","NMCBSA":"Monroe, MI","CBSATYPE":"1","CSA":"220","NMCSA":"Detroit-Warren-Ann Arbor, MI","CD":"2605","SLDL":"26030","SLDU":"26016","SCHOOLYEAR":"2024-2025"}},{"type":"Feature","id":45445,"geometry":{"type":"Point","coordinates":[-83.38271500050031,41.927211000356614]},"properties":{"OBJECTID":45445,"NCESSCH":"262415006091","LEAID":"2624150","NAME":"Arborwood Elementary School","OPSTFIPS":"26","STREET":"1135 RIVERVIEW AVE","CITY":"MONROE","STATE":"MI","ZIP":"48162","STFIP":"26","CNTY":"26115","NMCNTY":"Monroe County","LOCALE":"13","LAT":41.927211,"LON":-83.382715,"CBSA":"33780","NMCBSA":"Monroe, MI","CBSATYPE":"1","CSA":"220","NMCSA":"Detroit-Warren-Ann Arbor, MI","CD":"2605","SLDL":"26030","SLDU":"26016","SCHOOLYEAR":"2024-2025"}},{"type":"Feature","id":45446,"geometry":{"type":"Point","coordinates":[-83.4179999997258,41.932200000485246]},"properties":{"OBJECTID":45446,"NCESSCH":"262415006093","LEAID":"2624150","NAME":"Manor Elementary School","OPSTFIPS":"26","STREET":"1731 W LORAIN ST","CITY":"MONROE","STATE":"MI","ZIP":"48162","STFIP":"26","CNTY":"26115","NMCNTY":"Monroe County","LOCALE":"13","LAT":41.9322,"LON":-83.418,"CBSA":"33780","NMCBSA":"Monroe, MI","CBSATYPE":"1","CSA":"220","NMCSA":"Detroit-Warren-Ann Arbor, MI","CD":"2605","SLDL":"26029","SLDU":"26016","SCHOOLYEAR":"2024-2025"}},{"type":"Feature","id":45447,"geometry":{"type":"Point","coordinates":[-83.39980000026932,41.910999999610524]},"properties":{"OBJECTID":45447,"NCESSCH":"262415006094","LEAID":"2624150","NAME":"Monroe Middle School","OPSTFIPS":"26","STREET":"503 WASHINGTON ST","CITY":"MONROE","STATE":"MI","ZIP":"48161","STFIP":"26","CNTY":"26115","NMCNTY":"Monroe County","LOCALE":"13","LAT":41.911,"LON":-83.3998,"CBSA":"33780","NMCBSA":"Monroe, MI","CBSATYPE":"1","CSA":"220","NMCSA":"Detroit-Warren-Ann Arbor, MI","CD":"2605","SLDL":"26030","SLDU":"26016","SCHOOLYEAR":"2024-2025"}},{"type":"Feature","id":45448,"geometry":{"type":"Point","coordinates":[-83.446499999868,41.97049999988824]},"properties":{"OBJECTID":45448,"NCESSCH":"262415006095","LEAID":"2624150","NAME":"Raisinville School","OPSTFIPS":"26","STREET":"2300 N RAISINVILLE RD","CITY":"MONROE","STATE":"MI","ZIP":"48162","STFIP":"26","CNTY":"26115","NMCNTY":"Monroe County","LOCALE":"41","LAT":41.9705,"LON":-83.4465,"CBSA":"33780","NMCBSA":"Monroe, MI","CBSATYPE":"1","CSA":"220","NMCSA":"Detroit-Warren-Ann Arbor, MI","CD":"2605","SLDL":"26031","SLDU":"26016","SCHOOLYEAR":"2024-2025"}},{"type":"Feature","id":45449,"geometry":{"type":"Point","coordinates":[-83.42600000012123,41.92049999999823]},"properties":{"OBJECTID":45449,"NCESSCH":"262415006098","LEAID":"2624150","NAME":"Waterloo Elementary School","OPSTFIPS":"26","STREET":"1933 S CUSTER RD","CITY":"MONROE","STATE":"MI","ZIP":"48161","STFIP":"26","CNTY":"26115","NMCNTY":"Monroe County","LOCALE":"23","LAT":41.9205,"LON":-83.426,"CBSA":"33780","NMCBSA":"Monroe, MI","CBSATYPE":"1","CSA":"220","NMCSA":"Detroit-Warren-Ann Arbor, MI","CD":"2605","SLDL":"26030","SLDU":"26016","SCHOOLYEAR":"2024-2025"}},{"type":"Feature","id":45450,"geometry":{"type":"Point","coordinates":[-83.4367000002366,41.91880000016044]},"properties":{"OBJECTID":45450,"NCESSCH":"262415006099","LEAID":"2624150","NAME":"Monroe High School","OPSTFIPS":"26","STREET":"901 HERR RD","CITY":"MONROE","STATE":"MI","ZIP":"48161","STFIP":"26","CNTY":"26115","NMCNTY":"Monroe County","LOCALE":"23","LAT":41.9188,"LON":-83.4367,"CBSA":"33780","NMCBSA":"Monroe, MI","CBSATYPE":"1","CSA":"220","NMCSA":"Detroit-Warren-Ann Arbor, MI","CD":"2605","SLDL":"26030","SLDU":"26016","SCHOOLYEAR":"2024-2025"}},{"type":"Feature","id":45460,"geometry":{"type":"Point","coordinates":[-84.20910000039197,41.72079999997991]},"properties":{"OBJECTID":45460,"NCESSCH":"262457006108","LEAID":"2624570","NAME":"Morenci Elementary School","OPSTFIPS":"26","STREET":"517 E LOCUST ST","CITY":"MORENCI","STATE":"MI","ZIP":"49256","STFIP":"26","CNTY":"26091","NMCNTY":"Lenawee County","LOCALE":"42","LAT":41.7208,"LON":-84.2091,"CBSA":"10300","NMCBSA":"Adrian, MI","CBSATYPE":"2","CSA":"220","NMCSA":"Detroit-Warren-Ann Arbor, MI","CD":"2605","SLDL":"26034","SLDU":"26016","SCHOOLYEAR":"2024-2025"}},{"type":"Feature","id":45461,"geometry":{"type":"Point","coordinates":[-84.20774400025167,41.723794999582196]},"properties":{"OBJECTID":45461,"NCESSCH":"262457006109","LEAID":"2624570","NAME":"Morenci Middle and High School","OPSTFIPS":"26","STREET":"788 COOMER ST","CITY":"MORENCI","STATE":"MI","ZIP":"49256","STFIP":"26","CNTY":"26091","NMCNTY":"Lenawee County","LOCALE":"42","LAT":41.723795,"LON":-84.207744,"CBSA":"10300","NMCBSA":"Adrian, MI","CBSATYPE":"2","CSA":"220","NMCSA":"Detroit-Warren-Ann Arbor, MI","CD":"2605","SLDL":"26034","SLDU":"26016","SCHOOLYEAR":"2024-2025"}},{"type":"Feature","id":45465,"geometry":{"type":"Point","coordinates":[-84.17739999964914,42.84180000033071]},"properties":{"OBJECTID":45465,"NCESSCH":"262463006113","LEAID":"2624630","NAME":"Morrice Area Elementary School","OPSTFIPS":"26","STREET":"111 E MASON","CITY":"MORRICE","STATE":"MI","ZIP":"48857","STFIP":"26","CNTY":"26155","NMCNTY":"Shiawassee County","LOCALE":"42","LAT":42.8418,"LON":-84.1774,"CBSA":"37020","NMCBSA":"Owosso, MI","CBSATYPE":"2","CSA":"330","NMCSA":"Lansing-East Lansing-Owosso, MI","CD":"2607","SLDL":"26071","SLDU":"26028","SCHOOLYEAR":"2024-2025"}},{"type":"Feature","id":45466,"geometry":{"type":"Point","coordinates":[-84.17780000004286,42.844599999793566]},"properties":{"OBJECTID":45466,"NCESSCH":"262463006114","LEAID":"2624630","NAME":"Morrice Area High School","OPSTFIPS":"26","STREET":"691 PURDY LN","CITY":"MORRICE","STATE":"MI","ZIP":"48857","STFIP":"26","CNTY":"26155","NMCNTY":"Shiawassee County","LOCALE":"42","LAT":42.8446,"LON":-84.1778,"CBSA":"37020","NMCBSA":"Owosso, MI","CBSATYPE":"2","CSA":"330","NMCSA":"Lansing-East Lansing-Owosso, MI","CD":"2607","SLDL":"26071","SLDU":"26028","SCHOOLYEAR":"2024-2025"}},{"type":"Feature","id":45467,"geometry":{"type":"Point","coordinates":[-82.90048699976161,42.58058400032003]},"properties":{"OBJECTID":45467,"NCESSCH":"262469001673","LEAID":"2624690","NAME":"Seminole Academy","OPSTFIPS":"26","STREET":"1500 MULBERRY ST","CITY":"MOUNT CLEMENS","STATE":"MI","ZIP":"48043","STFIP":"26","CNTY":"26099","NMCNTY":"Macomb County","LOCALE":"21","LAT":42.580584,"LON":-82.900487,"CBSA":"19820","NMCBSA":"Detroit-Warren-Dearborn, MI","CBSATYPE":"1","CSA":"220","NMCSA":"Detroit-Warren-Ann Arbor, MI","CD":"2610","SLDL":"26061","SLDU":"26012","SCHOOLYEAR":"2024-2025"}},{"type":"Feature","id":45468,"geometry":{"type":"Point","coordinates":[-82.88407200020778,42.59698200003085]},"properties":{"OBJECTID":45468,"NCESSCH":"262469006118","LEAID":"2624690","NAME":"Mount Clemens High School","OPSTFIPS":"26","STREET":"155 CASS AVE","CITY":"MOUNT CLEMENS","STATE":"MI","ZIP":"48043","STFIP":"26","CNTY":"26099","NMCNTY":"Macomb County","LOCALE":"21","LAT":42.596982,"LON":-82.884072,"CBSA":"19820","NMCBSA":"Detroit-Warren-Dearborn, MI","CBSATYPE":"1","CSA":"220","NMCSA":"Detroit-Warren-Ann Arbor, MI","CD":"2610","SLDL":"26061","SLDU":"26012","SCHOOLYEAR":"2024-2025"}},{"type":"Feature","id":45469,"geometry":{"type":"Point","coordinates":[-82.88407200020778,42.59698200003085]},"properties":{"OBJECTID":45469,"NCESSCH":"262469007557","LEAID":"2624690","NAME":"Mount Clemens Middle School","OPSTFIPS":"26","STREET":"161 CASS AVE","CITY":"MOUNT CLEMENS","STATE":"MI","ZIP":"48043","STFIP":"26","CNTY":"26099","NMCNTY":"Macomb County","LOCALE":"21","LAT":42.596982,"LON":-82.884072,"CBSA":"19820","NMCBSA":"Detroit-Warren-Dearborn, MI","CBSATYPE":"1","CSA":"220","NMCSA":"Detroit-Warren-Ann Arbor, MI","CD":"2610","SLDL":"26061","SLDU":"26012","SCHOOLYEAR":"2024-2025"}},{"type":"Feature","id":45476,"geometry":{"type":"Point","coordinates":[-83.76435599965681,43.045114000048194]},"properties":{"OBJECTID":45476,"NCESSCH":"262472008659","LEAID":"2624720","NAME":"Genesee County Juvenile Justice Center","OPSTFIPS":"26","STREET":"4287 W PASADENA AVE","CITY":"FLINT","STATE":"MI","ZIP":"48504","STFIP":"26","CNTY":"26049","NMCNTY":"Genesee County","LOCALE":"21","LAT":43.045114,"LON":-83.764356,"CBSA":"22420","NMCBSA":"Flint, MI","CBSATYPE":"1","CSA":"220","NMCSA":"Detroit-Warren-Ann Arbor, MI","CD":"2608","SLDL":"26069","SLDU":"26027","SCHOOLYEAR":"2024-2025"}},{"type":"Feature","id":45477,"geometry":{"type":"Point","coordinates":[-83.68735500065073,43.01079900013684]},"properties":{"OBJECTID":45477,"NCESSCH":"262472008665","LEAID":"2624720","NAME":"Genesee County Jail","OPSTFIPS":"26","STREET":"1002 S SAGINAW ST","CITY":"FLINT","STATE":"MI","ZIP":"48502","STFIP":"26","CNTY":"26049","NMCNTY":"Genesee County","LOCALE":"13","LAT":43.010799,"LON":-83.687355,"CBSA":"22420","NMCBSA":"Flint, MI","CBSATYPE":"1","CSA":"220","NMCSA":"Detroit-Warren-Ann Arbor, MI","CD":"2608","SLDL":"26070","SLDU":"26027","SCHOOLYEAR":"2024-2025"}},{"type":"Feature","id":45478,"geometry":{"type":"Point","coordinates":[-83.73078799963693,43.02761499977935]},"properties":{"OBJECTID":45478,"NCESSCH":"262472008971","LEAID":"2624720","NAME":"The Learning CoOp","OPSTFIPS":"26","STREET":"1309 N BALLENGER HWY","CITY":"FLINT","STATE":"MI","ZIP":"48504","STFIP":"26","CNTY":"26049","NMCNTY":"Genesee County","LOCALE":"13","LAT":43.027615,"LON":-83.730788,"CBSA":"22420","NMCBSA":"Flint, MI","CBSATYPE":"1","CSA":"220","NMCSA":"Detroit-Warren-Ann Arbor, MI","CD":"2608","SLDL":"26070","SLDU":"26027","SCHOOLYEAR":"2024-2025"}},{"type":"Feature","id":45499,"geometry":{"type":"Point","coordinates":[-84.25018700034198,42.16236300006017]},"properties":{"OBJECTID":45499,"NCESSCH":"262496001591","LEAID":"2624960","NAME":"Ackerson High School","OPSTFIPS":"26","STREET":"121 W BROOKLYN RD","CITY":"NAPOLEON","STATE":"MI","ZIP":"49261","STFIP":"26","CNTY":"26075","NMCNTY":"Jackson County","LOCALE":"41","LAT":42.162363,"LON":-84.250187,"CBSA":"27100","NMCBSA":"Jackson, MI","CBSATYPE":"1","CSA":"N","NMCSA":"N","CD":"2605","SLDL":"26047","SLDU":"26014","SCHOOLYEAR":"2024-2025"}},{"type":"Feature","id":45500,"geometry":{"type":"Point","coordinates":[-84.24929999936414,42.16550000065784]},"properties":{"OBJECTID":45500,"NCESSCH":"262496006173","LEAID":"2624960","NAME":"Ezra Eby Elementary School","OPSTFIPS":"26","STREET":"220 WEST","CITY":"NAPOLEON","STATE":"MI","ZIP":"49261","STFIP":"26","CNTY":"26075","NMCNTY":"Jackson County","LOCALE":"41","LAT":42.1655,"LON":-84.2493,"CBSA":"27100","NMCBSA":"Jackson, MI","CBSATYPE":"1","CSA":"N","NMCSA":"N","CD":"2605","SLDL":"26047","SLDU":"26014","SCHOOLYEAR":"2024-2025"}},{"type":"Feature","id":45501,"geometry":{"type":"Point","coordinates":[-84.24789999989196,42.16499999964193]},"properties":{"OBJECTID":45501,"NCESSCH":"262496006174","LEAID":"2624960","NAME":"Napoleon High School","OPSTFIPS":"26","STREET":"201 WEST","CITY":"NAPOLEON","STATE":"MI","ZIP":"49261","STFIP":"26","CNTY":"26075","NMCNTY":"Jackson County","LOCALE":"41","LAT":42.165,"LON":-84.2479,"CBSA":"27100","NMCBSA":"Jackson, MI","CBSATYPE":"1","CSA":"N","NMCSA":"N","CD":"2605","SLDL":"26047","SLDU":"26014","SCHOOLYEAR":"2024-2025"}},{"type":"Feature","id":45502,"geometry":{"type":"Point","coordinates":[-84.24980000043242,42.16460000047374]},"properties":{"OBJECTID":45502,"NCESSCH":"262496006175","LEAID":"2624960","NAME":"Napoleon Middle School","OPSTFIPS":"26","STREET":"204 WEST","CITY":"NAPOLEON","STATE":"MI","ZIP":"49261","STFIP":"26","CNTY":"26075","NMCNTY":"Jackson County","LOCALE":"41","LAT":42.1646,"LON":-84.2498,"CBSA":"27100","NMCBSA":"Jackson, MI","CBSATYPE":"1","CSA":"N","NMCSA":"N","CD":"2605","SLDL":"26047","SLDU":"26014","SCHOOLYEAR":"2024-2025"}},{"type":"Feature","id":45509,"geometry":{"type":"Point","coordinates":[-82.78450000025816,42.72479999949984]},"properties":{"OBJECTID":45509,"NCESSCH":"262523001751","LEAID":"2625230","NAME":"New Haven Elementary School","OPSTFIPS":"26","STREET":"57701 RIVER OAKS DR","CITY":"NEW HAVEN","STATE":"MI","ZIP":"48048","STFIP":"26","CNTY":"26099","NMCNTY":"Macomb County","LOCALE":"21","LAT":42.7248,"LON":-82.7845,"CBSA":"19820","NMCBSA":"Detroit-Warren-Dearborn, MI","CBSATYPE":"1","CSA":"220","NMCSA":"Detroit-Warren-Ann Arbor, MI","CD":"2609","SLDL":"26065","SLDU":"26025","SCHOOLYEAR":"2024-2025"}},{"type":"Feature","id":45510,"geometry":{"type":"Point","coordinates":[-82.79100000028497,42.72500000020823]},"properties":{"OBJECTID":45510,"NCESSCH":"262523006184","LEAID":"2625230","NAME":"New Haven High School","OPSTFIPS":"26","STREET":"57700 GRATIOT AVE","CITY":"NEW HAVEN","STATE":"MI","ZIP":"48048","STFIP":"26","CNTY":"26099","NMCNTY":"Macomb County","LOCALE":"21","LAT":42.725,"LON":-82.791,"CBSA":"19820","NMCBSA":"Detroit-Warren-Dearborn, MI","CBSATYPE":"1","CSA":"220","NMCSA":"Detroit-Warren-Ann Arbor, MI","CD":"2609","SLDL":"26065","SLDU":"26025","SCHOOLYEAR":"2024-2025"}},{"type":"Feature","id":45511,"geometry":{"type":"Point","coordinates":[-82.79139999942707,42.725200000223225]},"properties":{"OBJECTID":45511,"NCESSCH":"262523008215","LEAID":"2625230","NAME":"Lake Huron Virtual  Hybrid High School","OPSTFIPS":"26","STREET":"57700 GRATIOT AVE","CITY":"NEW HAVEN","STATE":"MI","ZIP":"48048","STFIP":"26","CNTY":"26099","NMCNTY":"Macomb County","LOCALE":"21","LAT":42.7252,"LON":-82.7914,"CBSA":"19820","NMCBSA":"Detroit-Warren-Dearborn, MI","CBSATYPE":"1","CSA":"220","NMCSA":"Detroit-Warren-Ann Arbor, MI","CD":"2609","SLDL":"26065","SLDU":"26025","SCHOOLYEAR":"2024-2025"}},{"type":"Feature","id":45512,"geometry":{"type":"Point","coordinates":[-82.8886359999609,42.71983000038635]},"properties":{"OBJECTID":45512,"NCESSCH":"262523008768","LEAID":"2625230","NAME":"Endeavour Elementary and Middle School","OPSTFIPS":"26","STREET":"22505 26 MILE RD","CITY":"RAY","STATE":"MI","ZIP":"48096","STFIP":"26","CNTY":"26099","NMCNTY":"Macomb County","LOCALE":"41","LAT":42.71983,"LON":-82.888636,"CBSA":"19820","NMCBSA":"Detroit-Warren-Dearborn, MI","CBSATYPE":"1","CSA":"220","NMCSA":"Detroit-Warren-Ann Arbor, MI","CD":"2609","SLDL":"26065","SLDU":"26024","SCHOOLYEAR":"2024-2025"}},{"type":"Feature","id":45538,"geometry":{"type":"Point","coordinates":[-82.90789999934387,42.40890000065132]},"properties":{"OBJECTID":45538,"NCESSCH":"262574006217","LEAID":"2625740","NAME":"Brownell Middle School","OPSTFIPS":"26","STREET":"260 CHALFONTE AVE","CITY":"GROSSE POINTE FARMS","STATE":"MI","ZIP":"48236","STFIP":"26","CNTY":"26163","NMCNTY":"Wayne County","LOCALE":"21","LAT":42.4089,"LON":-82.9079,"CBSA":"19820","NMCBSA":"Detroit-Warren-Dearborn, MI","CBSATYPE":"1","CSA":"220","NMCSA":"Detroit-Warren-Ann Arbor, MI","CD":"2613","SLDL":"26010","SLDU":"26012","SCHOOLYEAR":"2024-2025"}},{"type":"Feature","id":45539,"geometry":{"type":"Point","coordinates":[-82.8846000003557,42.44390000000419]},"properties":{"OBJECTID":45539,"NCESSCH":"262574006218","LEAID":"2625740","NAME":"Ferry Elementary School","OPSTFIPS":"26","STREET":"748 ROSLYN RD","CITY":"GROSSE POINTE WOODS","STATE":"MI","ZIP":"48236","STFIP":"26","CNTY":"26163","NMCNTY":"Wayne County","LOCALE":"21","LAT":42.4439,"LON":-82.8846,"CBSA":"19820","NMCBSA":"Detroit-Warren-Dearborn, MI","CBSATYPE":"1","CSA":"220","NMCSA":"Detroit-Warren-Ann Arbor, MI","CD":"2613","SLDL":"26010","SLDU":"26012","SCHOOLYEAR":"2024-2025"}},{"type":"Feature","id":45540,"geometry":{"type":"Point","coordinates":[-82.93720000002484,42.38320000064053]},"properties":{"OBJECTID":45540,"NCESSCH":"262574006219","LEAID":"2625740","NAME":"George Defer Elementary School","OPSTFIPS":"26","STREET":"15425 KERCHEVAL AVE","CITY":"GROSSE POINTE PARK","STATE":"MI","ZIP":"48230","STFIP":"26","CNTY":"26163","NMCNTY":"Wayne County","LOCALE":"21","LAT":42.3832,"LON":-82.9372,"CBSA":"19820","NMCBSA":"Detroit-Warren-Dearborn, MI","CBSATYPE":"1","CSA":"220","NMCSA":"Detroit-Warren-Ann Arbor, MI","CD":"2613","SLDL":"26010","SLDU":"26012","SCHOOLYEAR":"2024-2025"}},{"type":"Feature","id":45541,"geometry":{"type":"Point","coordinates":[-82.90248600005538,42.391061999765654]},"properties":{"OBJECTID":45541,"NCESSCH":"262574006220","LEAID":"2625740","NAME":"Grosse Pointe South High School","OPSTFIPS":"26","STREET":"11 GROSSE POINTE BLVD","CITY":"GROSSE POINTE FARMS","STATE":"MI","ZIP":"48236","STFIP":"26","CNTY":"26163","NMCNTY":"Wayne County","LOCALE":"21","LAT":42.391062,"LON":-82.902486,"CBSA":"19820","NMCBSA":"Detroit-Warren-Dearborn, MI","CBSATYPE":"1","CSA":"220","NMCSA":"Detroit-Warren-Ann Arbor, MI","CD":"2613","SLDL":"26010","SLDU":"26012","SCHOOLYEAR":"2024-2025"}},{"type":"Feature","id":45542,"geometry":{"type":"Point","coordinates":[-82.90159999945892,42.40950000007216]},"properties":{"OBJECTID":45542,"NCESSCH":"262574006221","LEAID":"2625740","NAME":"Kerby Elementary School","OPSTFIPS":"26","STREET":"285 KERBY RD","CITY":"GROSSE POINTE FARMS","STATE":"MI","ZIP":"48236","STFIP":"26","CNTY":"26163","NMCNTY":"Wayne County","LOCALE":"21","LAT":42.4095,"LON":-82.9016,"CBSA":"19820","NMCBSA":"Detroit-Warren-Dearborn, MI","CBSATYPE":"1","CSA":"220","NMCSA":"Detroit-Warren-Ann Arbor, MI","CD":"2613","SLDL":"26010","SLDU":"26012","SCHOOLYEAR":"2024-2025"}},{"type":"Feature","id":45543,"geometry":{"type":"Point","coordinates":[-82.91890000004756,42.390399999828816]},"properties":{"OBJECTID":45543,"NCESSCH":"262574006222","LEAID":"2625740","NAME":"Lewis Maire Elementary School","OPSTFIPS":"26","STREET":"740 CADIEUX RD","CITY":"GROSSE POINTE","STATE":"MI","ZIP":"48230","STFIP":"26","CNTY":"26163","NMCNTY":"Wayne County","LOCALE":"21","LAT":42.3904,"LON":-82.9189,"CBSA":"19820","NMCBSA":"Detroit-Warren-Dearborn, MI","CBSATYPE":"1","CSA":"220","NMCSA":"Detroit-Warren-Ann Arbor, MI","CD":"2613","SLDL":"26010","SLDU":"26012","SCHOOLYEAR":"2024-2025"}},{"type":"Feature","id":45544,"geometry":{"type":"Point","coordinates":[-82.90169999953109,42.44289999997256]},"properties":{"OBJECTID":45544,"NCESSCH":"262574006223","LEAID":"2625740","NAME":"Stevens T Mason Elementary School","OPSTFIPS":"26","STREET":"1640 VERNIER RD","CITY":"GROSSE POINTE WOODS","STATE":"MI","ZIP":"48236","STFIP":"26","CNTY":"26163","NMCNTY":"Wayne County","LOCALE":"21","LAT":42.4429,"LON":-82.9017,"CBSA":"19820","NMCBSA":"Detroit-Warren-Dearborn, MI","CBSATYPE":"1","CSA":"220","NMCSA":"Detroit-Warren-Ann Arbor, MI","CD":"2613","SLDL":"26010","SLDU":"26012","SCHOOLYEAR":"2024-2025"}},{"type":"Feature","id":45545,"geometry":{"type":"Point","coordinates":[-82.904400000759,42.4252999997265]},"properties":{"OBJECTID":45545,"NCESSCH":"262574006224","LEAID":"2625740","NAME":"John Monteith Elementary School","OPSTFIPS":"26","STREET":"1275 COOK RD","CITY":"GROSSE POINTE WOODS","STATE":"MI","ZIP":"48236","STFIP":"26","CNTY":"26163","NMCNTY":"Wayne County","LOCALE":"21","LAT":42.4253,"LON":-82.9044,"CBSA":"19820","NMCBSA":"Detroit-Warren-Dearborn, MI","CBSATYPE":"1","CSA":"220","NMCSA":"Detroit-Warren-Ann Arbor, MI","CD":"2613","SLDL":"26010","SLDU":"26012","SCHOOLYEAR":"2024-2025"}},{"type":"Feature","id":45546,"geometry":{"type":"Point","coordinates":[-82.90614299986413,42.44251399968218]},"properties":{"OBJECTID":45546,"NCESSCH":"262574006225","LEAID":"2625740","NAME":"Parcells Middle School","OPSTFIPS":"26","STREET":"20600 MACK AVE","CITY":"GROSSE POINTE WOODS","STATE":"MI","ZIP":"48236","STFIP":"26","CNTY":"26163","NMCNTY":"Wayne County","LOCALE":"21","LAT":42.442514,"LON":-82.906143,"CBSA":"19820","NMCBSA":"Detroit-Warren-Dearborn, MI","CBSATYPE":"1","CSA":"220","NMCSA":"Detroit-Warren-Ann Arbor, MI","CD":"2613","SLDL":"26010","SLDU":"26012","SCHOOLYEAR":"2024-2025"}},{"type":"Feature","id":45547,"geometry":{"type":"Point","coordinates":[-82.905200000276,42.395300000380104]},"properties":{"OBJECTID":45547,"NCESSCH":"262574006226","LEAID":"2625740","NAME":"Richard Elementary School","OPSTFIPS":"26","STREET":"176 MCKINLEY AVE","CITY":"GROSSE POINTE FARMS","STATE":"MI","ZIP":"48236","STFIP":"26","CNTY":"26163","NMCNTY":"Wayne County","LOCALE":"21","LAT":42.3953,"LON":-82.9052,"CBSA":"19820","NMCBSA":"Detroit-Warren-Dearborn, MI","CBSATYPE":"1","CSA":"220","NMCSA":"Detroit-Warren-Ann Arbor, MI","CD":"2613","SLDL":"26010","SLDU":"26012","SCHOOLYEAR":"2024-2025"}},{"type":"Feature","id":45548,"geometry":{"type":"Point","coordinates":[-82.9362999996479,42.382100000490816]},"properties":{"OBJECTID":45548,"NCESSCH":"262574006227","LEAID":"2625740","NAME":"Pierce Middle School","OPSTFIPS":"26","STREET":"15430 KERCHEVAL AVE","CITY":"GROSSE POINTE PARK","STATE":"MI","ZIP":"48230","STFIP":"26","CNTY":"26163","NMCNTY":"Wayne County","LOCALE":"21","LAT":42.3821,"LON":-82.9363,"CBSA":"19820","NMCBSA":"Detroit-Warren-Dearborn, MI","CBSATYPE":"1","CSA":"220","NMCSA":"Detroit-Warren-Ann Arbor, MI","CD":"2613","SLDL":"26010","SLDU":"26012","SCHOOLYEAR":"2024-2025"}},{"type":"Feature","id":45549,"geometry":{"type":"Point","coordinates":[-82.88920000010741,42.43659999948391]},"properties":{"OBJECTID":45549,"NCESSCH":"262574006230","LEAID":"2625740","NAME":"Grosse Pointe North High School","OPSTFIPS":"26","STREET":"707 VERNIER RD","CITY":"GROSSE POINTE WOODS","STATE":"MI","ZIP":"48236","STFIP":"26","CNTY":"26163","NMCNTY":"Wayne County","LOCALE":"21","LAT":42.4366,"LON":-82.8892,"CBSA":"19820","NMCBSA":"Detroit-Warren-Dearborn, MI","CBSATYPE":"1","CSA":"220","NMCSA":"Detroit-Warren-Ann Arbor, MI","CD":"2613","SLDL":"26010","SLDU":"26012","SCHOOLYEAR":"2024-2025"}},{"type":"Feature","id":45563,"geometry":{"type":"Point","coordinates":[-83.50429999964884,42.45330000040616]},"properties":{"OBJECTID":45563,"NCESSCH":"262598000294","LEAID":"2625980","NAME":"Thornton Creek Elementary School","OPSTFIPS":"26","STREET":"46180 W 9 MILE RD","CITY":"NOVI","STATE":"MI","ZIP":"48374","STFIP":"26","CNTY":"26125","NMCNTY":"Oakland County","LOCALE":"13","LAT":42.4533,"LON":-83.5043,"CBSA":"19820","NMCBSA":"Detroit-Warren-Dearborn, MI","CBSATYPE":"1","CSA":"220","NMCSA":"Detroit-Warren-Ann Arbor, MI","CD":"2606","SLDL":"26021","SLDU":"26013","SCHOOLYEAR":"2024-2025"}},{"type":"Feature","id":45564,"geometry":{"type":"Point","coordinates":[-83.48600000063831,42.4381999996824]},"properties":{"OBJECTID":45564,"NCESSCH":"262598001266","LEAID":"2625980","NAME":"Hillside Middle School","OPSTFIPS":"26","STREET":"775 N CENTER ST","CITY":"NORTHVILLE","STATE":"MI","ZIP":"48167","STFIP":"26","CNTY":"26125","NMCNTY":"Oakland County","LOCALE":"21","LAT":42.4382,"LON":-83.486,"CBSA":"19820","NMCBSA":"Detroit-Warren-Dearborn, MI","CBSATYPE":"1","CSA":"220","NMCSA":"Detroit-Warren-Ann Arbor, MI","CD":"2606","SLDL":"26021","SLDU":"26013","SCHOOLYEAR":"2024-2025"}},{"type":"Feature","id":45565,"geometry":{"type":"Point","coordinates":[-83.53413299946209,42.40658999967502]},"properties":{"OBJECTID":45565,"NCESSCH":"262598001505","LEAID":"2625980","NAME":"Ridge Wood Elementary School","OPSTFIPS":"26","STREET":"49775 6 MILE RD","CITY":"NORTHVILLE","STATE":"MI","ZIP":"48168","STFIP":"26","CNTY":"26163","NMCNTY":"Wayne County","LOCALE":"21","LAT":42.40659,"LON":-83.534133,"CBSA":"19820","NMCBSA":"Detroit-Warren-Dearborn, MI","CBSATYPE":"1","CSA":"220","NMCSA":"Detroit-Warren-Ann Arbor, MI","CD":"2606","SLDL":"26023","SLDU":"26013","SCHOOLYEAR":"2024-2025"}},{"type":"Feature","id":45566,"geometry":{"type":"Point","coordinates":[-83.48420000027178,42.44020000012557]},"properties":{"OBJECTID":45566,"NCESSCH":"262598006244","LEAID":"2625980","NAME":"Amerman Elementary School","OPSTFIPS":"26","STREET":"847 N CENTER ST","CITY":"NORTHVILLE","STATE":"MI","ZIP":"48167","STFIP":"26","CNTY":"26125","NMCNTY":"Oakland County","LOCALE":"21","LAT":42.4402,"LON":-83.4842,"CBSA":"19820","NMCBSA":"Detroit-Warren-Dearborn, MI","CBSATYPE":"1","CSA":"220","NMCSA":"Detroit-Warren-Ann Arbor, MI","CD":"2606","SLDL":"26021","SLDU":"26013","SCHOOLYEAR":"2024-2025"}},{"type":"Feature","id":45567,"geometry":{"type":"Point","coordinates":[-83.49520000000466,42.411699999553264]},"properties":{"OBJECTID":45567,"NCESSCH":"262598006245","LEAID":"2625980","NAME":"Northville High School","OPSTFIPS":"26","STREET":"45700 6 MILE RD","CITY":"NORTHVILLE","STATE":"MI","ZIP":"48168","STFIP":"26","CNTY":"26163","NMCNTY":"Wayne County","LOCALE":"21","LAT":42.4117,"LON":-83.4952,"CBSA":"19820","NMCBSA":"Detroit-Warren-Dearborn, MI","CBSATYPE":"1","CSA":"220","NMCSA":"Detroit-Warren-Ann Arbor, MI","CD":"2606","SLDL":"26022","SLDU":"26013","SCHOOLYEAR":"2024-2025"}},{"type":"Feature","id":45568,"geometry":{"type":"Point","coordinates":[-83.46460000031074,42.40830000050893]},"properties":{"OBJECTID":45568,"NCESSCH":"262598006248","LEAID":"2625980","NAME":"Meads Mill Middle School","OPSTFIPS":"26","STREET":"16700 FRANKLIN RD","CITY":"NORTHVILLE","STATE":"MI","ZIP":"48168","STFIP":"26","CNTY":"26163","NMCNTY":"Wayne County","LOCALE":"21","LAT":42.4083,"LON":-83.4646,"CBSA":"19820","NMCBSA":"Detroit-Warren-Dearborn, MI","CBSATYPE":"1","CSA":"220","NMCSA":"Detroit-Warren-Ann Arbor, MI","CD":"2606","SLDL":"26022","SLDU":"26013","SCHOOLYEAR":"2024-2025"}},{"type":"Feature","id":45569,"geometry":{"type":"Point","coordinates":[-83.46809999961312,42.432400000571974]},"properties":{"OBJECTID":45569,"NCESSCH":"262598006249","LEAID":"2625980","NAME":"Silver Springs Elementary School","OPSTFIPS":"26","STREET":"19801 SILVER SPRING DR","CITY":"NORTHVILLE","STATE":"MI","ZIP":"48167","STFIP":"26","CNTY":"26163","NMCNTY":"Wayne County","LOCALE":"21","LAT":42.4324,"LON":-83.4681,"CBSA":"19820","NMCBSA":"Detroit-Warren-Dearborn, MI","CBSATYPE":"1","CSA":"220","NMCSA":"Detroit-Warren-Ann Arbor, MI","CD":"2606","SLDL":"26022","SLDU":"26013","SCHOOLYEAR":"2024-2025"}},{"type":"Feature","id":45570,"geometry":{"type":"Point","coordinates":[-83.45390000066091,42.40430000034775]},"properties":{"OBJECTID":45570,"NCESSCH":"262598006250","LEAID":"2625980","NAME":"Winchester Elementary School","OPSTFIPS":"26","STREET":"16141 WINCHESTER DR","CITY":"NORTHVILLE","STATE":"MI","ZIP":"48168","STFIP":"26","CNTY":"26163","NMCNTY":"Wayne County","LOCALE":"21","LAT":42.4043,"LON":-83.4539,"CBSA":"19820","NMCBSA":"Detroit-Warren-Dearborn, MI","CBSATYPE":"1","CSA":"220","NMCSA":"Detroit-Warren-Ann Arbor, MI","CD":"2606","SLDL":"26022","SLDU":"26013","SCHOOLYEAR":"2024-2025"}},{"type":"Feature","id":45571,"geometry":{"type":"Point","coordinates":[-83.50610000054974,42.43550000018551]},"properties":{"OBJECTID":45571,"NCESSCH":"262598007560","LEAID":"2625980","NAME":"Moraine Elementary School","OPSTFIPS":"26","STREET":"46811 8 MILE RD","CITY":"NORTHVILLE","STATE":"MI","ZIP":"48167","STFIP":"26","CNTY":"26163","NMCNTY":"Wayne County","LOCALE":"21","LAT":42.4355,"LON":-83.5061,"CBSA":"19820","NMCBSA":"Detroit-Warren-Dearborn, MI","CBSATYPE":"1","CSA":"220","NMCSA":"Detroit-Warren-Ann Arbor, MI","CD":"2606","SLDL":"26022","SLDU":"26013","SCHOOLYEAR":"2024-2025"}},{"type":"Feature","id":45572,"geometry":{"type":"Point","coordinates":[-83.49140000060889,42.44160000000569]},"properties":{"OBJECTID":45572,"NCESSCH":"262598007714","LEAID":"2625980","NAME":"Cooke School","OPSTFIPS":"26","STREET":"21200 TAFT RD","CITY":"NORTHVILLE","STATE":"MI","ZIP":"48167","STFIP":"26","CNTY":"26125","NMCNTY":"Oakland County","LOCALE":"21","LAT":42.4416,"LON":-83.4914,"CBSA":"19820","NMCBSA":"Detroit-Warren-Dearborn, MI","CBSATYPE":"1","CSA":"220","NMCSA":"Detroit-Warren-Ann Arbor, MI","CD":"2606","SLDL":"26021","SLDU":"26013","SCHOOLYEAR":"2024-2025"}},{"type":"Feature","id":45582,"geometry":{"type":"Point","coordinates":[-83.53350000037,42.483100000153485]},"properties":{"OBJECTID":45582,"NCESSCH":"262613001243","LEAID":"2626130","NAME":"Deerfield Elementary School","OPSTFIPS":"26","STREET":"26500 WIXOM RD","CITY":"NOVI","STATE":"MI","ZIP":"48374","STFIP":"26","CNTY":"26125","NMCNTY":"Oakland County","LOCALE":"13","LAT":42.4831,"LON":-83.5335,"CBSA":"19820","NMCBSA":"Detroit-Warren-Dearborn, MI","CBSATYPE":"1","CSA":"220","NMCSA":"Detroit-Warren-Ann Arbor, MI","CD":"2606","SLDL":"26021","SLDU":"26013","SCHOOLYEAR":"2024-2025"}},{"type":"Feature","id":45583,"geometry":{"type":"Point","coordinates":[-83.49789999960849,42.47400000036902]},"properties":{"OBJECTID":45583,"NCESSCH":"262613006261","LEAID":"2626130","NAME":"Novi Woods Elementary School","OPSTFIPS":"26","STREET":"25195 TAFT RD","CITY":"NOVI","STATE":"MI","ZIP":"48374","STFIP":"26","CNTY":"26125","NMCNTY":"Oakland County","LOCALE":"13","LAT":42.474,"LON":-83.4979,"CBSA":"19820","NMCBSA":"Detroit-Warren-Dearborn, MI","CBSATYPE":"1","CSA":"220","NMCSA":"Detroit-Warren-Ann Arbor, MI","CD":"2606","SLDL":"26021","SLDU":"26013","SCHOOLYEAR":"2024-2025"}},{"type":"Feature","id":45584,"geometry":{"type":"Point","coordinates":[-83.46150000061002,42.46499999963958]},"properties":{"OBJECTID":45584,"NCESSCH":"262613006262","LEAID":"2626130","NAME":"Orchard Hills Elementary School","OPSTFIPS":"26","STREET":"41900 QUINCE DR","CITY":"NOVI","STATE":"MI","ZIP":"48375","STFIP":"26","CNTY":"26125","NMCNTY":"Oakland County","LOCALE":"13","LAT":42.465,"LON":-83.4615,"CBSA":"19820","NMCBSA":"Detroit-Warren-Dearborn, MI","CBSATYPE":"1","CSA":"220","NMCSA":"Detroit-Warren-Ann Arbor, MI","CD":"2606","SLDL":"26021","SLDU":"26013","SCHOOLYEAR":"2024-2025"}},{"type":"Feature","id":45585,"geometry":{"type":"Point","coordinates":[-83.4909999995455,42.463799999928185]},"properties":{"OBJECTID":45585,"NCESSCH":"262613006263","LEAID":"2626130","NAME":"Novi High School","OPSTFIPS":"26","STREET":"24062 TAFT RD","CITY":"NOVI","STATE":"MI","ZIP":"48375","STFIP":"26","CNTY":"26125","NMCNTY":"Oakland County","LOCALE":"13","LAT":42.4638,"LON":-83.491,"CBSA":"19820","NMCBSA":"Detroit-Warren-Dearborn, MI","CBSATYPE":"1","CSA":"220","NMCSA":"Detroit-Warren-Ann Arbor, MI","CD":"2606","SLDL":"26021","SLDU":"26013","SCHOOLYEAR":"2024-2025"}},{"type":"Feature","id":45586,"geometry":{"type":"Point","coordinates":[-83.53140000051218,42.48079999985671]},"properties":{"OBJECTID":45586,"NCESSCH":"262613006264","LEAID":"2626130","NAME":"Novi Middle School","OPSTFIPS":"26","STREET":"49000 W 11 MILE RD","CITY":"NOVI","STATE":"MI","ZIP":"48374","STFIP":"26","CNTY":"26125","NMCNTY":"Oakland County","LOCALE":"13","LAT":42.4808,"LON":-83.5314,"CBSA":"19820","NMCBSA":"Detroit-Warren-Dearborn, MI","CBSATYPE":"1","CSA":"220","NMCSA":"Detroit-Warren-Ann Arbor, MI","CD":"2606","SLDL":"26021","SLDU":"26013","SCHOOLYEAR":"2024-2025"}},{"type":"Feature","id":45587,"geometry":{"type":"Point","coordinates":[-83.44580000046999,42.46150000082241]},"properties":{"OBJECTID":45587,"NCESSCH":"262613006265","LEAID":"2626130","NAME":"Village Oaks Elementary School","OPSTFIPS":"26","STREET":"23333 WILLOWBROOK","CITY":"NOVI","STATE":"MI","ZIP":"48375","STFIP":"26","CNTY":"26125","NMCNTY":"Oakland County","LOCALE":"13","LAT":42.4615,"LON":-83.4458,"CBSA":"19820","NMCBSA":"Detroit-Warren-Dearborn, MI","CBSATYPE":"1","CSA":"220","NMCSA":"Detroit-Warren-Ann Arbor, MI","CD":"2606","SLDL":"26021","SLDU":"26013","SCHOOLYEAR":"2024-2025"}},{"type":"Feature","id":45588,"geometry":{"type":"Point","coordinates":[-83.49699999957404,42.47659999987154]},"properties":{"OBJECTID":45588,"NCESSCH":"262613006266","LEAID":"2626130","NAME":"Novi Meadows School","OPSTFIPS":"26","STREET":"25549 TAFT RD","CITY":"NOVI","STATE":"MI","ZIP":"48374","STFIP":"26","CNTY":"26125","NMCNTY":"Oakland County","LOCALE":"13","LAT":42.4766,"LON":-83.497,"CBSA":"19820","NMCBSA":"Detroit-Warren-Dearborn, MI","CBSATYPE":"1","CSA":"220","NMCSA":"Detroit-Warren-Ann Arbor, MI","CD":"2606","SLDL":"26021","SLDU":"26013","SCHOOLYEAR":"2024-2025"}},{"type":"Feature","id":45589,"geometry":{"type":"Point","coordinates":[-83.49969999961576,42.47890000013802]},"properties":{"OBJECTID":45589,"NCESSCH":"262613007562","LEAID":"2626130","NAME":"Parkview Elementary School","OPSTFIPS":"26","STREET":"45825 W 11 MILE RD","CITY":"NOVI","STATE":"MI","ZIP":"48374","STFIP":"26","CNTY":"26125","NMCNTY":"Oakland County","LOCALE":"13","LAT":42.4789,"LON":-83.4997,"CBSA":"19820","NMCBSA":"Detroit-Warren-Dearborn, MI","CBSATYPE":"1","CSA":"220","NMCSA":"Detroit-Warren-Ann Arbor, MI","CD":"2606","SLDL":"26021","SLDU":"26013","SCHOOLYEAR":"2024-2025"}},{"type":"Feature","id":45590,"geometry":{"type":"Point","coordinates":[-83.4576450002621,42.48476799930916]},"properties":{"OBJECTID":45590,"NCESSCH":"262613008494","LEAID":"2626130","NAME":"Career Preparation","OPSTFIPS":"26","STREET":"41500 GARDENBROOK RD","CITY":"NOVI","STATE":"MI","ZIP":"48375","STFIP":"26","CNTY":"26125","NMCNTY":"Oakland County","LOCALE":"13","LAT":42.484768,"LON":-83.457645,"CBSA":"19820","NMCBSA":"Detroit-Warren-Dearborn, MI","CBSATYPE":"1","CSA":"220","NMCSA":"Detroit-Warren-Ann Arbor, MI","CD":"2606","SLDL":"26021","SLDU":"26013","SCHOOLYEAR":"2024-2025"}},{"type":"Feature","id":45591,"geometry":{"type":"Point","coordinates":[-83.4576450002621,42.48476799930916]},"properties":{"OBJECTID":45591,"NCESSCH":"262613008676","LEAID":"2626130","NAME":"Novi Adult Transition Center","OPSTFIPS":"26","STREET":"41500 GARDENBROOK RD","CITY":"NOVI","STATE":"MI","ZIP":"48375","STFIP":"26","CNTY":"26125","NMCNTY":"Oakland County","LOCALE":"13","LAT":42.484768,"LON":-83.457645,"CBSA":"19820","NMCBSA":"Detroit-Warren-Dearborn, MI","CBSATYPE":"1","CSA":"220","NMCSA":"Detroit-Warren-Ann Arbor, MI","CD":"2606","SLDL":"26021","SLDU":"26013","SCHOOLYEAR":"2024-2025"}},{"type":"Feature","id":45592,"geometry":{"type":"Point","coordinates":[-83.1755999996512,42.463099999782585]},"properties":{"OBJECTID":45592,"NCESSCH":"262619000240","LEAID":"2626190","NAME":"Key Elementary School","OPSTFIPS":"26","STREET":"23400 JEROME ST","CITY":"OAK PARK","STATE":"MI","ZIP":"48237","STFIP":"26","CNTY":"26125","NMCNTY":"Oakland County","LOCALE":"21","LAT":42.4631,"LON":-83.1756,"CBSA":"19820","NMCBSA":"Detroit-Warren-Dearborn, MI","CBSATYPE":"1","CSA":"220","NMCSA":"Detroit-Warren-Ann Arbor, MI","CD":"2611","SLDL":"26005","SLDU":"26008","SCHOOLYEAR":"2024-2025"}},{"type":"Feature","id":45593,"geometry":{"type":"Point","coordinates":[-83.18720000017714,42.451800000206234]},"properties":{"OBJECTID":45593,"NCESSCH":"262619006267","LEAID":"2626190","NAME":"Einstein Elementary School","OPSTFIPS":"26","STREET":"14001 NORTHEND AVE","CITY":"OAK PARK","STATE":"MI","ZIP":"48237","STFIP":"26","CNTY":"26125","NMCNTY":"Oakland County","LOCALE":"21","LAT":42.4518,"LON":-83.1872,"CBSA":"19820","NMCBSA":"Detroit-Warren-Dearborn, MI","CBSATYPE":"1","CSA":"220","NMCSA":"Detroit-Warren-Ann Arbor, MI","CD":"2611","SLDL":"26005","SLDU":"26008","SCHOOLYEAR":"2024-2025"}},{"type":"Feature","id":45594,"geometry":{"type":"Point","coordinates":[-83.1753000004762,42.46220000063913]},"properties":{"OBJECTID":45594,"NCESSCH":"262619006268","LEAID":"2626190","NAME":"Oak Park Preparatory Academy","OPSTFIPS":"26","STREET":"23261 SCOTIA RD","CITY":"OAK PARK","STATE":"MI","ZIP":"48237","STFIP":"26","CNTY":"26125","NMCNTY":"Oakland County","LOCALE":"21","LAT":42.4622,"LON":-83.1753,"CBSA":"19820","NMCBSA":"Detroit-Warren-Dearborn, MI","CBSATYPE":"1","CSA":"220","NMCSA":"Detroit-Warren-Ann Arbor, MI","CD":"2611","SLDL":"26005","SLDU":"26008","SCHOOLYEAR":"2024-2025"}},{"type":"Feature","id":45595,"geometry":{"type":"Point","coordinates":[-83.18429999950934,42.46509999969617]},"properties":{"OBJECTID":45595,"NCESSCH":"262619006271","LEAID":"2626190","NAME":"Oak Park High School","OPSTFIPS":"26","STREET":"13701 OAK PARK BLVD","CITY":"OAK PARK","STATE":"MI","ZIP":"48237","STFIP":"26","CNTY":"26125","NMCNTY":"Oakland County","LOCALE":"21","LAT":42.4651,"LON":-83.1843,"CBSA":"19820","NMCBSA":"Detroit-Warren-Dearborn, MI","CBSATYPE":"1","CSA":"220","NMCSA":"Detroit-Warren-Ann Arbor, MI","CD":"2611","SLDL":"26005","SLDU":"26008","SCHOOLYEAR":"2024-2025"}},{"type":"Feature","id":45596,"geometry":{"type":"Point","coordinates":[-83.19299999971724,42.470900000278945]},"properties":{"OBJECTID":45596,"NCESSCH":"262619006272","LEAID":"2626190","NAME":"Pepper Elementary School","OPSTFIPS":"26","STREET":"24301 CHURCH ST","CITY":"OAK PARK","STATE":"MI","ZIP":"48237","STFIP":"26","CNTY":"26125","NMCNTY":"Oakland County","LOCALE":"21","LAT":42.4709,"LON":-83.193,"CBSA":"19820","NMCBSA":"Detroit-Warren-Dearborn, MI","CBSATYPE":"1","CSA":"220","NMCSA":"Detroit-Warren-Ann Arbor, MI","CD":"2611","SLDL":"26005","SLDU":"26008","SCHOOLYEAR":"2024-2025"}},{"type":"Feature","id":45597,"geometry":{"type":"Point","coordinates":[-83.18605199943366,42.458424999431614]},"properties":{"OBJECTID":45597,"NCESSCH":"262619008212","LEAID":"2626190","NAME":"NOVA Discipline Academy","OPSTFIPS":"26","STREET":"13900 GRANZON ST","CITY":"OAK PARK","STATE":"MI","ZIP":"48237","STFIP":"26","CNTY":"26125","NMCNTY":"Oakland County","LOCALE":"21","LAT":42.458425,"LON":-83.186052,"CBSA":"19820","NMCBSA":"Detroit-Warren-Dearborn, MI","CBSATYPE":"1","CSA":"220","NMCSA":"Detroit-Warren-Ann Arbor, MI","CD":"2611","SLDL":"26005","SLDU":"26008","SCHOOLYEAR":"2024-2025"}},{"type":"Feature","id":45598,"geometry":{"type":"Point","coordinates":[-83.17401200052603,42.45617300064194]},"properties":{"OBJECTID":45598,"NCESSCH":"262619009029","LEAID":"2626190","NAME":"Lessenger Early Childhood Center","OPSTFIPS":"26","STREET":"12901 ALBANY ST","CITY":"OAK PARK","STATE":"MI","ZIP":"48237","STFIP":"26","CNTY":"26125","NMCNTY":"Oakland County","LOCALE":"21","LAT":42.456173,"LON":-83.174012,"CBSA":"19820","NMCBSA":"Detroit-Warren-Dearborn, MI","CBSATYPE":"1","CSA":"220","NMCSA":"Detroit-Warren-Ann Arbor, MI","CD":"2611","SLDL":"26005","SLDU":"26008","SCHOOLYEAR":"2024-2025"}},{"type":"Feature","id":45619,"geometry":{"type":"Point","coordinates":[-84.19138900054416,42.000905000596546]},"properties":{"OBJECTID":45619,"NCESSCH":"262652001139","LEAID":"2626520","NAME":"Onsted Elementary","OPSTFIPS":"26","STREET":"10109 SLEE RD","CITY":"ONSTED","STATE":"MI","ZIP":"49265","STFIP":"26","CNTY":"26091","NMCNTY":"Lenawee County","LOCALE":"42","LAT":42.000905,"LON":-84.191389,"CBSA":"10300","NMCBSA":"Adrian, MI","CBSATYPE":"2","CSA":"220","NMCSA":"Detroit-Warren-Ann Arbor, MI","CD":"2605","SLDL":"26034","SLDU":"26016","SCHOOLYEAR":"2024-2025"}},{"type":"Feature","id":45620,"geometry":{"type":"Point","coordinates":[-84.19032900011491,41.99973800044437]},"properties":{"OBJECTID":45620,"NCESSCH":"262652006295","LEAID":"2626520","NAME":"Onsted Community High School","OPSTFIPS":"26","STREET":"10109 SLEE RD","CITY":"ONSTED","STATE":"MI","ZIP":"49265","STFIP":"26","CNTY":"26091","NMCNTY":"Lenawee County","LOCALE":"42","LAT":41.999738,"LON":-84.190329,"CBSA":"10300","NMCBSA":"Adrian, MI","CBSATYPE":"2","CSA":"220","NMCSA":"Detroit-Warren-Ann Arbor, MI","CD":"2605","SLDL":"26034","SLDU":"26016","SCHOOLYEAR":"2024-2025"}},{"type":"Feature","id":45621,"geometry":{"type":"Point","coordinates":[-84.19289499991777,41.999993000358224]},"properties":{"OBJECTID":45621,"NCESSCH":"262652006297","LEAID":"2626520","NAME":"Onsted Middle School","OPSTFIPS":"26","STREET":"10109 SLEE RD","CITY":"ONSTED","STATE":"MI","ZIP":"49265","STFIP":"26","CNTY":"26091","NMCNTY":"Lenawee County","LOCALE":"42","LAT":41.999993,"LON":-84.192895,"CBSA":"10300","NMCBSA":"Adrian, MI","CBSATYPE":"2","CSA":"220","NMCSA":"Detroit-Warren-Ann Arbor, MI","CD":"2605","SLDL":"26034","SLDU":"26016","SCHOOLYEAR":"2024-2025"}},{"type":"Feature","id":45644,"geometry":{"type":"Point","coordinates":[-84.16051700060709,42.98696900025649]},"properties":{"OBJECTID":45644,"NCESSCH":"262721001832","LEAID":"2627210","NAME":"Lincoln Alternative High School","OPSTFIPS":"26","STREET":"645 ALGER AVE","CITY":"OWOSSO","STATE":"MI","ZIP":"48867","STFIP":"26","CNTY":"26155","NMCNTY":"Shiawassee County","LOCALE":"32","LAT":42.986969,"LON":-84.160517,"CBSA":"37020","NMCBSA":"Owosso, MI","CBSATYPE":"2","CSA":"330","NMCSA":"Lansing-East Lansing-Owosso, MI","CD":"2607","SLDL":"26071","SLDU":"26028","SCHOOLYEAR":"2024-2025"}},{"type":"Feature","id":45645,"geometry":{"type":"Point","coordinates":[-84.1836999996544,42.98639999993692]},"properties":{"OBJECTID":45645,"NCESSCH":"262721006328","LEAID":"2627210","NAME":"Bryant School","OPSTFIPS":"26","STREET":"925 HAMPTON ST","CITY":"OWOSSO","STATE":"MI","ZIP":"48867","STFIP":"26","CNTY":"26155","NMCNTY":"Shiawassee County","LOCALE":"32","LAT":42.9864,"LON":-84.1837,"CBSA":"37020","NMCBSA":"Owosso, MI","CBSATYPE":"2","CSA":"330","NMCSA":"Lansing-East Lansing-Owosso, MI","CD":"2607","SLDL":"26071","SLDU":"26028","SCHOOLYEAR":"2024-2025"}},{"type":"Feature","id":45646,"geometry":{"type":"Point","coordinates":[-84.17819999956413,43.0027000000316]},"properties":{"OBJECTID":45646,"NCESSCH":"262721006329","LEAID":"2627210","NAME":"Central School","OPSTFIPS":"26","STREET":"600 W OLIVER ST","CITY":"OWOSSO","STATE":"MI","ZIP":"48867","STFIP":"26","CNTY":"26155","NMCNTY":"Shiawassee County","LOCALE":"32","LAT":43.0027,"LON":-84.1782,"CBSA":"37020","NMCBSA":"Owosso, MI","CBSATYPE":"2","CSA":"330","NMCSA":"Lansing-East Lansing-Owosso, MI","CD":"2607","SLDL":"26071","SLDU":"26028","SCHOOLYEAR":"2024-2025"}},{"type":"Feature","id":45647,"geometry":{"type":"Point","coordinates":[-84.1639000001528,43.00239999973384]},"properties":{"OBJECTID":45647,"NCESSCH":"262721006330","LEAID":"2627210","NAME":"Emerson School","OPSTFIPS":"26","STREET":"515 E OLIVER ST","CITY":"OWOSSO","STATE":"MI","ZIP":"48867","STFIP":"26","CNTY":"26155","NMCNTY":"Shiawassee County","LOCALE":"32","LAT":43.0024,"LON":-84.1639,"CBSA":"37020","NMCBSA":"Owosso, MI","CBSATYPE":"2","CSA":"330","NMCSA":"Lansing-East Lansing-Owosso, MI","CD":"2607","SLDL":"26071","SLDU":"26028","SCHOOLYEAR":"2024-2025"}},{"type":"Feature","id":45648,"geometry":{"type":"Point","coordinates":[-84.16090300037071,43.01401099988935]},"properties":{"OBJECTID":45648,"NCESSCH":"262721006331","LEAID":"2627210","NAME":"Owosso Middle School","OPSTFIPS":"26","STREET":"765 E NORTH ST","CITY":"OWOSSO","STATE":"MI","ZIP":"48867","STFIP":"26","CNTY":"26155","NMCNTY":"Shiawassee County","LOCALE":"32","LAT":43.014011,"LON":-84.160903,"CBSA":"37020","NMCBSA":"Owosso, MI","CBSATYPE":"2","CSA":"330","NMCSA":"Lansing-East Lansing-Owosso, MI","CD":"2607","SLDL":"26071","SLDU":"26028","SCHOOLYEAR":"2024-2025"}},{"type":"Feature","id":45649,"geometry":{"type":"Point","coordinates":[-84.16090300037071,43.01401099988935]},"properties":{"OBJECTID":45649,"NCESSCH":"262721006332","LEAID":"2627210","NAME":"Owosso High School","OPSTFIPS":"26","STREET":"765 E NORTH ST","CITY":"OWOSSO","STATE":"MI","ZIP":"48867","STFIP":"26","CNTY":"26155","NMCNTY":"Shiawassee County","LOCALE":"32","LAT":43.014011,"LON":-84.160903,"CBSA":"37020","NMCBSA":"Owosso, MI","CBSATYPE":"2","CSA":"330","NMCSA":"Lansing-East Lansing-Owosso, MI","CD":"2607","SLDL":"26071","SLDU":"26028","SCHOOLYEAR":"2024-2025"}},{"type":"Feature","id":45650,"geometry":{"type":"Point","coordinates":[-83.2685710003413,42.81824100031164]},"properties":{"OBJECTID":45650,"NCESSCH":"262724000232","LEAID":"2627240","NAME":"Oxford Elementary School","OPSTFIPS":"26","STREET":"109 PONTIAC ST","CITY":"OXFORD","STATE":"MI","ZIP":"48371","STFIP":"26","CNTY":"26125","NMCNTY":"Oakland County","LOCALE":"21","LAT":42.818241,"LON":-83.268571,"CBSA":"19820","NMCBSA":"Detroit-Warren-Dearborn, MI","CBSATYPE":"1","CSA":"220","NMCSA":"Detroit-Warren-Ann Arbor, MI","CD":"2609","SLDL":"26066","SLDU":"26024","SCHOOLYEAR":"2024-2025"}},{"type":"Feature","id":45651,"geometry":{"type":"Point","coordinates":[-83.23598699989842,42.82458199908202]},"properties":{"OBJECTID":45651,"NCESSCH":"262724001159","LEAID":"2627240","NAME":"Lakeville Elementary School","OPSTFIPS":"26","STREET":"1400 E LAKEVILLE RD","CITY":"OXFORD","STATE":"MI","ZIP":"48371","STFIP":"26","CNTY":"26125","NMCNTY":"Oakland County","LOCALE":"41","LAT":42.824582,"LON":-83.235987,"CBSA":"19820","NMCBSA":"Detroit-Warren-Dearborn, MI","CBSATYPE":"1","CSA":"220","NMCSA":"Detroit-Warren-Ann Arbor, MI","CD":"2609","SLDL":"26066","SLDU":"26024","SCHOOLYEAR":"2024-2025"}},{"type":"Feature","id":45652,"geometry":{"type":"Point","coordinates":[-83.29971900000201,42.808332999991734]},"properties":{"OBJECTID":45652,"NCESSCH":"262724006335","LEAID":"2627240","NAME":"Clear Lake Elementary School","OPSTFIPS":"26","STREET":"2085 W DRAHNER RD","CITY":"OXFORD","STATE":"MI","ZIP":"48371","STFIP":"26","CNTY":"26125","NMCNTY":"Oakland County","LOCALE":"21","LAT":42.808333,"LON":-83.299719,"CBSA":"19820","NMCBSA":"Detroit-Warren-Dearborn, MI","CBSATYPE":"1","CSA":"220","NMCSA":"Detroit-Warren-Ann Arbor, MI","CD":"2609","SLDL":"26066","SLDU":"26024","SCHOOLYEAR":"2024-2025"}},{"type":"Feature","id":45653,"geometry":{"type":"Point","coordinates":[-83.2640589999647,42.81838499956733]},"properties":{"OBJECTID":45653,"NCESSCH":"262724006336","LEAID":"2627240","NAME":"Daniel Axford Elementary School","OPSTFIPS":"26","STREET":"74 MECHANIC ST","CITY":"OXFORD","STATE":"MI","ZIP":"48371","STFIP":"26","CNTY":"26125","NMCNTY":"Oakland County","LOCALE":"21","LAT":42.818385,"LON":-83.264059,"CBSA":"19820","NMCBSA":"Detroit-Warren-Dearborn, MI","CBSATYPE":"1","CSA":"220","NMCSA":"Detroit-Warren-Ann Arbor, MI","CD":"2609","SLDL":"26066","SLDU":"26024","SCHOOLYEAR":"2024-2025"}},{"type":"Feature","id":45654,"geometry":{"type":"Point","coordinates":[-83.13666100023534,42.86666500048765]},"properties":{"OBJECTID":45654,"NCESSCH":"262724006337","LEAID":"2627240","NAME":"Leonard Elementary School","OPSTFIPS":"26","STREET":"335 E ELMWOOD","CITY":"LEONARD","STATE":"MI","ZIP":"48367","STFIP":"26","CNTY":"26125","NMCNTY":"Oakland County","LOCALE":"42","LAT":42.866665,"LON":-83.136661,"CBSA":"19820","NMCBSA":"Detroit-Warren-Dearborn, MI","CBSATYPE":"1","CSA":"220","NMCSA":"Detroit-Warren-Ann Arbor, MI","CD":"2609","SLDL":"26066","SLDU":"26024","SCHOOLYEAR":"2024-2025"}},{"type":"Feature","id":45655,"geometry":{"type":"Point","coordinates":[-83.26078199982852,42.8382430001963]},"properties":{"OBJECTID":45655,"NCESSCH":"262724006338","LEAID":"2627240","NAME":"Oxford High School","OPSTFIPS":"26","STREET":"745 N OXFORD RD","CITY":"OXFORD","STATE":"MI","ZIP":"48371","STFIP":"26","CNTY":"26125","NMCNTY":"Oakland County","LOCALE":"21","LAT":42.838243,"LON":-83.260782,"CBSA":"19820","NMCBSA":"Detroit-Warren-Dearborn, MI","CBSATYPE":"1","CSA":"220","NMCSA":"Detroit-Warren-Ann Arbor, MI","CD":"2609","SLDL":"26066","SLDU":"26024","SCHOOLYEAR":"2024-2025"}},{"type":"Feature","id":45656,"geometry":{"type":"Point","coordinates":[-83.23610799951629,42.82013200029985]},"properties":{"OBJECTID":45656,"NCESSCH":"262724006340","LEAID":"2627240","NAME":"Oxford Middle School","OPSTFIPS":"26","STREET":"1420 E LAKEVILLE RD","CITY":"OXFORD","STATE":"MI","ZIP":"48371","STFIP":"26","CNTY":"26125","NMCNTY":"Oakland County","LOCALE":"41","LAT":42.820132,"LON":-83.236108,"CBSA":"19820","NMCBSA":"Detroit-Warren-Dearborn, MI","CBSATYPE":"1","CSA":"220","NMCSA":"Detroit-Warren-Ann Arbor, MI","CD":"2609","SLDL":"26066","SLDU":"26024","SCHOOLYEAR":"2024-2025"}},{"type":"Feature","id":45657,"geometry":{"type":"Point","coordinates":[-83.23610799951629,42.82013200029985]},"properties":{"OBJECTID":45657,"NCESSCH":"262724008184","LEAID":"2627240","NAME":"Oxford Bridges High School","OPSTFIPS":"26","STREET":"1420 E LAKEVILLE RD","CITY":"OXFORD","STATE":"MI","ZIP":"48371","STFIP":"26","CNTY":"26125","NMCNTY":"Oakland County","LOCALE":"41","LAT":42.820132,"LON":-83.236108,"CBSA":"19820","NMCBSA":"Detroit-Warren-Dearborn, MI","CBSATYPE":"1","CSA":"220","NMCSA":"Detroit-Warren-Ann Arbor, MI","CD":"2609","SLDL":"26066","SLDU":"26024","SCHOOLYEAR":"2024-2025"}},{"type":"Feature","id":45658,"geometry":{"type":"Point","coordinates":[-83.27040499990794,42.8076510003713]},"properties":{"OBJECTID":45658,"NCESSCH":"262724008274","LEAID":"2627240","NAME":"Oxford Virtual Academy","OPSTFIPS":"26","STREET":"775 W DRAHNER RD","CITY":"OXFORD","STATE":"MI","ZIP":"48371","STFIP":"26","CNTY":"26125","NMCNTY":"Oakland County","LOCALE":"21","LAT":42.807651,"LON":-83.270405,"CBSA":"19820","NMCBSA":"Detroit-Warren-Dearborn, MI","CBSATYPE":"1","CSA":"220","NMCSA":"Detroit-Warren-Ann Arbor, MI","CD":"2609","SLDL":"26066","SLDU":"26024","SCHOOLYEAR":"2024-2025"}},{"type":"Feature","id":45659,"geometry":{"type":"Point","coordinates":[-83.23073500034604,42.814672000621954]},"properties":{"OBJECTID":45659,"NCESSCH":"262724008586","LEAID":"2627240","NAME":"Oxford Crossroads Day School","OPSTFIPS":"26","STREET":"810 JAMES HUNT DR","CITY":"OXFORD","STATE":"MI","ZIP":"48371","STFIP":"26","CNTY":"26125","NMCNTY":"Oakland County","LOCALE":"41","LAT":42.814672,"LON":-83.230735,"CBSA":"19820","NMCBSA":"Detroit-Warren-Dearborn, MI","CBSATYPE":"1","CSA":"220","NMCSA":"Detroit-Warren-Ann Arbor, MI","CD":"2609","SLDL":"26066","SLDU":"26024","SCHOOLYEAR":"2024-2025"}},{"type":"Feature","id":45681,"geometry":{"type":"Point","coordinates":[-84.21729999961474,42.82900000002431]},"properties":{"OBJECTID":45681,"NCESSCH":"262790006364","LEAID":"2627900","NAME":"Perry Elementary  Early Learning Center","OPSTFIPS":"26","STREET":"401 N WATKINS","CITY":"PERRY","STATE":"MI","ZIP":"48872","STFIP":"26","CNTY":"26155","NMCNTY":"Shiawassee County","LOCALE":"42","LAT":42.829,"LON":-84.2173,"CBSA":"37020","NMCBSA":"Owosso, MI","CBSATYPE":"2","CSA":"330","NMCSA":"Lansing-East Lansing-Owosso, MI","CD":"2607","SLDL":"26071","SLDU":"26028","SCHOOLYEAR":"2024-2025"}},{"type":"Feature","id":45682,"geometry":{"type":"Point","coordinates":[-84.21108800009394,42.832912000026475]},"properties":{"OBJECTID":45682,"NCESSCH":"262790006365","LEAID":"2627900","NAME":"Perry Secondary Campus Home to Perry Middle  Perry High Sc","OPSTFIPS":"26","STREET":"2555 W BRITTON RD","CITY":"PERRY","STATE":"MI","ZIP":"48872","STFIP":"26","CNTY":"26155","NMCNTY":"Shiawassee County","LOCALE":"42","LAT":42.832912,"LON":-84.211088,"CBSA":"37020","NMCBSA":"Owosso, MI","CBSATYPE":"2","CSA":"330","NMCSA":"Lansing-East Lansing-Owosso, MI","CD":"2607","SLDL":"26071","SLDU":"26028","SCHOOLYEAR":"2024-2025"}},{"type":"Feature","id":45683,"geometry":{"type":"Point","coordinates":[-84.21337799981985,42.833174999951694]},"properties":{"OBJECTID":45683,"NCESSCH":"262790006369","LEAID":"2627900","NAME":"Perry Upper Elementary","OPSTFIPS":"26","STREET":"2775 W BRITTON RD","CITY":"PERRY","STATE":"MI","ZIP":"48872","STFIP":"26","CNTY":"26155","NMCNTY":"Shiawassee County","LOCALE":"42","LAT":42.833175,"LON":-84.213378,"CBSA":"37020","NMCBSA":"Owosso, MI","CBSATYPE":"2","CSA":"330","NMCSA":"Lansing-East Lansing-Owosso, MI","CD":"2607","SLDL":"26071","SLDU":"26028","SCHOOLYEAR":"2024-2025"}},{"type":"Feature","id":45694,"geometry":{"type":"Point","coordinates":[-83.91689999971057,42.48279999945116]},"properties":{"OBJECTID":45694,"NCESSCH":"262814000012","LEAID":"2628140","NAME":"Farley Hill Elementary School","OPSTFIPS":"26","STREET":"8110 FARLEY RD","CITY":"PINCKNEY","STATE":"MI","ZIP":"48169","STFIP":"26","CNTY":"26093","NMCNTY":"Livingston County","LOCALE":"41","LAT":42.4828,"LON":-83.9169,"CBSA":"19820","NMCBSA":"Detroit-Warren-Dearborn, MI","CBSATYPE":"1","CSA":"220","NMCSA":"Detroit-Warren-Ann Arbor, MI","CD":"2607","SLDL":"26050","SLDU":"26022","SCHOOLYEAR":"2024-2025"}},{"type":"Feature","id":45695,"geometry":{"type":"Point","coordinates":[-83.90509999998031,42.46020000010335]},"properties":{"OBJECTID":45695,"NCESSCH":"262814001141","LEAID":"2628140","NAME":"Pathfinder School","OPSTFIPS":"26","STREET":"2100 E M 36","CITY":"PINCKNEY","STATE":"MI","ZIP":"48169","STFIP":"26","CNTY":"26093","NMCNTY":"Livingston County","LOCALE":"22","LAT":42.4602,"LON":-83.9051,"CBSA":"19820","NMCBSA":"Detroit-Warren-Dearborn, MI","CBSATYPE":"1","CSA":"220","NMCSA":"Detroit-Warren-Ann Arbor, MI","CD":"2607","SLDL":"26048","SLDU":"26022","SCHOOLYEAR":"2024-2025"}},{"type":"Feature","id":45696,"geometry":{"type":"Point","coordinates":[-83.88919999941137,42.463299999464375]},"properties":{"OBJECTID":45696,"NCESSCH":"262814006382","LEAID":"2628140","NAME":"Country Elementary School","OPSTFIPS":"26","STREET":"2939 E M 36","CITY":"PINCKNEY","STATE":"MI","ZIP":"48169","STFIP":"26","CNTY":"26093","NMCNTY":"Livingston County","LOCALE":"22","LAT":42.4633,"LON":-83.8892,"CBSA":"19820","NMCBSA":"Detroit-Warren-Dearborn, MI","CBSATYPE":"1","CSA":"220","NMCSA":"Detroit-Warren-Ann Arbor, MI","CD":"2607","SLDL":"26048","SLDU":"26022","SCHOOLYEAR":"2024-2025"}},{"type":"Feature","id":45697,"geometry":{"type":"Point","coordinates":[-83.9302999997142,42.44990000000253]},"properties":{"OBJECTID":45697,"NCESSCH":"262814006385","LEAID":"2628140","NAME":"Pinckney Community High School","OPSTFIPS":"26","STREET":"10255 DEXTER PINCKNEY RD","CITY":"PINCKNEY","STATE":"MI","ZIP":"48169","STFIP":"26","CNTY":"26093","NMCNTY":"Livingston County","LOCALE":"41","LAT":42.4499,"LON":-83.9303,"CBSA":"19820","NMCBSA":"Detroit-Warren-Dearborn, MI","CBSATYPE":"1","CSA":"220","NMCSA":"Detroit-Warren-Ann Arbor, MI","CD":"2607","SLDL":"26048","SLDU":"26022","SCHOOLYEAR":"2024-2025"}},{"type":"Feature","id":45698,"geometry":{"type":"Point","coordinates":[-83.90290000030792,42.460200000216595]},"properties":{"OBJECTID":45698,"NCESSCH":"262814006387","LEAID":"2628140","NAME":"Navigator Upper Elementary School","OPSTFIPS":"26","STREET":"2150 E M 36","CITY":"PINCKNEY","STATE":"MI","ZIP":"48169","STFIP":"26","CNTY":"26093","NMCNTY":"Livingston County","LOCALE":"22","LAT":42.4602,"LON":-83.9029,"CBSA":"19820","NMCBSA":"Detroit-Warren-Dearborn, MI","CBSATYPE":"1","CSA":"220","NMCSA":"Detroit-Warren-Ann Arbor, MI","CD":"2607","SLDL":"26048","SLDU":"26022","SCHOOLYEAR":"2024-2025"}},{"type":"Feature","id":45699,"geometry":{"type":"Point","coordinates":[-83.90361199949089,42.459831000115365]},"properties":{"OBJECTID":45699,"NCESSCH":"262814008973","LEAID":"2628140","NAME":"The LINK  A Pathway to Success","OPSTFIPS":"26","STREET":"2130 E M 36","CITY":"PINCKNEY","STATE":"MI","ZIP":"48169","STFIP":"26","CNTY":"26093","NMCNTY":"Livingston County","LOCALE":"22","LAT":42.459831,"LON":-83.903612,"CBSA":"19820","NMCBSA":"Detroit-Warren-Dearborn, MI","CBSATYPE":"1","CSA":"220","NMCSA":"Detroit-Warren-Ann Arbor, MI","CD":"2607","SLDL":"26048","SLDU":"26022","SCHOOLYEAR":"2024-2025"}},{"type":"Feature","id":45715,"geometry":{"type":"Point","coordinates":[-83.47880000063746,42.29950000060991]},"properties":{"OBJECTID":45715,"NCESSCH":"262856000292","LEAID":"2628560","NAME":"Bentley Elementary School","OPSTFIPS":"26","STREET":"1100 S SHELDON RD","CITY":"CANTON","STATE":"MI","ZIP":"48188","STFIP":"26","CNTY":"26163","NMCNTY":"Wayne County","LOCALE":"21","LAT":42.2995,"LON":-83.4788,"CBSA":"19820","NMCBSA":"Detroit-Warren-Dearborn, MI","CBSATYPE":"1","CSA":"220","NMCSA":"Detroit-Warren-Ann Arbor, MI","CD":"2606","SLDL":"26024","SLDU":"26005","SCHOOLYEAR":"2024-2025"}},{"type":"Feature","id":45716,"geometry":{"type":"Point","coordinates":[-83.49930000013444,42.33449999974658]},"properties":{"OBJECTID":45716,"NCESSCH":"262856000293","LEAID":"2628560","NAME":"Tonda Elementary School","OPSTFIPS":"26","STREET":"46501 WARREN RD","CITY":"CANTON","STATE":"MI","ZIP":"48187","STFIP":"26","CNTY":"26163","NMCNTY":"Wayne County","LOCALE":"21","LAT":42.3345,"LON":-83.4993,"CBSA":"19820","NMCBSA":"Detroit-Warren-Dearborn, MI","CBSATYPE":"1","CSA":"220","NMCSA":"Detroit-Warren-Ann Arbor, MI","CD":"2606","SLDL":"26024","SLDU":"26005","SCHOOLYEAR":"2024-2025"}},{"type":"Feature","id":45717,"geometry":{"type":"Point","coordinates":[-83.48439999999086,42.3282000003907]},"properties":{"OBJECTID":45717,"NCESSCH":"262856000765","LEAID":"2628560","NAME":"Discovery Middle School","OPSTFIPS":"26","STREET":"45083 HANFORD RD","CITY":"CANTON","STATE":"MI","ZIP":"48187","STFIP":"26","CNTY":"26163","NMCNTY":"Wayne County","LOCALE":"21","LAT":42.3282,"LON":-83.4844,"CBSA":"19820","NMCBSA":"Detroit-Warren-Dearborn, MI","CBSATYPE":"1","CSA":"220","NMCSA":"Detroit-Warren-Ann Arbor, MI","CD":"2606","SLDL":"26024","SLDU":"26005","SCHOOLYEAR":"2024-2025"}},{"type":"Feature","id":45718,"geometry":{"type":"Point","coordinates":[-83.50879999962332,42.30819999962616]},"properties":{"OBJECTID":45718,"NCESSCH":"262856001431","LEAID":"2628560","NAME":"Dodson Elementary School","OPSTFIPS":"26","STREET":"205 N BECK RD","CITY":"CANTON","STATE":"MI","ZIP":"48187","STFIP":"26","CNTY":"26163","NMCNTY":"Wayne County","LOCALE":"21","LAT":42.3082,"LON":-83.5088,"CBSA":"19820","NMCBSA":"Detroit-Warren-Dearborn, MI","CBSATYPE":"1","CSA":"220","NMCSA":"Detroit-Warren-Ann Arbor, MI","CD":"2606","SLDL":"26024","SLDU":"26005","SCHOOLYEAR":"2024-2025"}},{"type":"Feature","id":45719,"geometry":{"type":"Point","coordinates":[-83.49900000017574,42.346799999930305]},"properties":{"OBJECTID":45719,"NCESSCH":"262856001464","LEAID":"2628560","NAME":"Plymouth High School","OPSTFIPS":"26","STREET":"8400 N BECK RD","CITY":"CANTON","STATE":"MI","ZIP":"48187","STFIP":"26","CNTY":"26163","NMCNTY":"Wayne County","LOCALE":"21","LAT":42.3468,"LON":-83.499,"CBSA":"19820","NMCBSA":"Detroit-Warren-Dearborn, MI","CBSATYPE":"1","CSA":"220","NMCSA":"Detroit-Warren-Ann Arbor, MI","CD":"2606","SLDL":"26024","SLDU":"26005","SCHOOLYEAR":"2024-2025"}},{"type":"Feature","id":45720,"geometry":{"type":"Point","coordinates":[-83.52500000053725,42.30769999971694]},"properties":{"OBJECTID":45720,"NCESSCH":"262856001929","LEAID":"2628560","NAME":"Workman Elementary School","OPSTFIPS":"26","STREET":"250 N DENTON RD","CITY":"CANTON","STATE":"MI","ZIP":"48187","STFIP":"26","CNTY":"26163","NMCNTY":"Wayne County","LOCALE":"21","LAT":42.3077,"LON":-83.525,"CBSA":"19820","NMCBSA":"Detroit-Warren-Dearborn, MI","CBSATYPE":"1","CSA":"220","NMCSA":"Detroit-Warren-Ann Arbor, MI","CD":"2606","SLDL":"26024","SLDU":"26005","SCHOOLYEAR":"2024-2025"}},{"type":"Feature","id":45721,"geometry":{"type":"Point","coordinates":[-83.43314900060126,42.353337000419664]},"properties":{"OBJECTID":45721,"NCESSCH":"262856002047","LEAID":"2628560","NAME":"Starkweather Academy  Fiegel","OPSTFIPS":"26","STREET":"39750 JOY RD","CITY":"PLYMOUTH","STATE":"MI","ZIP":"48170","STFIP":"26","CNTY":"26163","NMCNTY":"Wayne County","LOCALE":"21","LAT":42.353337,"LON":-83.433149,"CBSA":"19820","NMCBSA":"Detroit-Warren-Dearborn, MI","CBSATYPE":"1","CSA":"220","NMCSA":"Detroit-Warren-Ann Arbor, MI","CD":"2606","SLDL":"26022","SLDU":"26013","SCHOOLYEAR":"2024-2025"}},{"type":"Feature","id":45722,"geometry":{"type":"Point","coordinates":[-83.4812000000831,42.37239999934446]},"properties":{"OBJECTID":45722,"NCESSCH":"262856006406","LEAID":"2628560","NAME":"Bird Elementary School","OPSTFIPS":"26","STREET":"220 N SHELDON RD","CITY":"PLYMOUTH","STATE":"MI","ZIP":"48170","STFIP":"26","CNTY":"26163","NMCNTY":"Wayne County","LOCALE":"21","LAT":42.3724,"LON":-83.4812,"CBSA":"19820","NMCBSA":"Detroit-Warren-Dearborn, MI","CBSATYPE":"1","CSA":"220","NMCSA":"Detroit-Warren-Ann Arbor, MI","CD":"2606","SLDL":"26022","SLDU":"26013","SCHOOLYEAR":"2024-2025"}},{"type":"Feature","id":45723,"geometry":{"type":"Point","coordinates":[-83.45080000046407,42.39080000012767]},"properties":{"OBJECTID":45723,"NCESSCH":"262856006407","LEAID":"2628560","NAME":"Farrand Elementary School","OPSTFIPS":"26","STREET":"41400 GREENBRIAR LN","CITY":"PLYMOUTH","STATE":"MI","ZIP":"48170","STFIP":"26","CNTY":"26163","NMCNTY":"Wayne County","LOCALE":"21","LAT":42.3908,"LON":-83.4508,"CBSA":"19820","NMCBSA":"Detroit-Warren-Dearborn, MI","CBSATYPE":"1","CSA":"220","NMCSA":"Detroit-Warren-Ann Arbor, MI","CD":"2606","SLDL":"26022","SLDU":"26013","SCHOOLYEAR":"2024-2025"}},{"type":"Feature","id":45724,"geometry":{"type":"Point","coordinates":[-83.48059999957609,42.347199999933736]},"properties":{"OBJECTID":45724,"NCESSCH":"262856006408","LEAID":"2628560","NAME":"Gallimore Elementary School","OPSTFIPS":"26","STREET":"8375 N SHELDON RD","CITY":"CANTON","STATE":"MI","ZIP":"48187","STFIP":"26","CNTY":"26163","NMCNTY":"Wayne County","LOCALE":"21","LAT":42.3472,"LON":-83.4806,"CBSA":"19820","NMCBSA":"Detroit-Warren-Dearborn, MI","CBSATYPE":"1","CSA":"220","NMCSA":"Detroit-Warren-Ann Arbor, MI","CD":"2606","SLDL":"26024","SLDU":"26005","SCHOOLYEAR":"2024-2025"}},{"type":"Feature","id":45725,"geometry":{"type":"Point","coordinates":[-83.4817000000887,42.37080000003721]},"properties":{"OBJECTID":45725,"NCESSCH":"262856006410","LEAID":"2628560","NAME":"West Middle School","OPSTFIPS":"26","STREET":"44401 W ANN ARBOR TRL","CITY":"PLYMOUTH","STATE":"MI","ZIP":"48170","STFIP":"26","CNTY":"26163","NMCNTY":"Wayne County","LOCALE":"21","LAT":42.3708,"LON":-83.4817,"CBSA":"19820","NMCBSA":"Detroit-Warren-Dearborn, MI","CBSATYPE":"1","CSA":"220","NMCSA":"Detroit-Warren-Ann Arbor, MI","CD":"2606","SLDL":"26022","SLDU":"26013","SCHOOLYEAR":"2024-2025"}},{"type":"Feature","id":45726,"geometry":{"type":"Point","coordinates":[-83.46200000027756,42.36239999955589]},"properties":{"OBJECTID":45726,"NCESSCH":"262856006411","LEAID":"2628560","NAME":"East Middle School","OPSTFIPS":"26","STREET":"1042 S MILL ST","CITY":"PLYMOUTH","STATE":"MI","ZIP":"48170","STFIP":"26","CNTY":"26163","NMCNTY":"Wayne County","LOCALE":"21","LAT":42.3624,"LON":-83.462,"CBSA":"19820","NMCBSA":"Detroit-Warren-Dearborn, MI","CBSATYPE":"1","CSA":"220","NMCSA":"Detroit-Warren-Ann Arbor, MI","CD":"2606","SLDL":"26022","SLDU":"26013","SCHOOLYEAR":"2024-2025"}},{"type":"Feature","id":45727,"geometry":{"type":"Point","coordinates":[-83.475600000279,42.36059999954919]},"properties":{"OBJECTID":45727,"NCESSCH":"262856006413","LEAID":"2628560","NAME":"Smith Elementary School","OPSTFIPS":"26","STREET":"1298 MCKINLEY ST","CITY":"PLYMOUTH","STATE":"MI","ZIP":"48170","STFIP":"26","CNTY":"26163","NMCNTY":"Wayne County","LOCALE":"21","LAT":42.3606,"LON":-83.4756,"CBSA":"19820","NMCBSA":"Detroit-Warren-Dearborn, MI","CBSATYPE":"1","CSA":"220","NMCSA":"Detroit-Warren-Ann Arbor, MI","CD":"2606","SLDL":"26022","SLDU":"26013","SCHOOLYEAR":"2024-2025"}},{"type":"Feature","id":45728,"geometry":{"type":"Point","coordinates":[-83.49499999984462,42.356499999842846]},"properties":{"OBJECTID":45728,"NCESSCH":"262856006415","LEAID":"2628560","NAME":"Pioneer Middle School","OPSTFIPS":"26","STREET":"46081 ANN ARBOR RD W","CITY":"PLYMOUTH","STATE":"MI","ZIP":"48170","STFIP":"26","CNTY":"26163","NMCNTY":"Wayne County","LOCALE":"21","LAT":42.3565,"LON":-83.495,"CBSA":"19820","NMCBSA":"Detroit-Warren-Dearborn, MI","CBSATYPE":"1","CSA":"220","NMCSA":"Detroit-Warren-Ann Arbor, MI","CD":"2606","SLDL":"26022","SLDU":"26013","SCHOOLYEAR":"2024-2025"}},{"type":"Feature","id":45729,"geometry":{"type":"Point","coordinates":[-83.48769999958056,42.35620000016017]},"properties":{"OBJECTID":45729,"NCESSCH":"262856006416","LEAID":"2628560","NAME":"Isbister Elementary School","OPSTFIPS":"26","STREET":"9300 N CANTON CENTER RD","CITY":"PLYMOUTH","STATE":"MI","ZIP":"48170","STFIP":"26","CNTY":"26163","NMCNTY":"Wayne County","LOCALE":"21","LAT":42.3562,"LON":-83.4877,"CBSA":"19820","NMCBSA":"Detroit-Warren-Dearborn, MI","CBSATYPE":"1","CSA":"220","NMCSA":"Detroit-Warren-Ann Arbor, MI","CD":"2606","SLDL":"26022","SLDU":"26013","SCHOOLYEAR":"2024-2025"}},{"type":"Feature","id":45730,"geometry":{"type":"Point","coordinates":[-83.4958000004628,42.349699999603764]},"properties":{"OBJECTID":45730,"NCESSCH":"262856006419","LEAID":"2628560","NAME":"Salem High School","OPSTFIPS":"26","STREET":"46181 JOY RD","CITY":"CANTON","STATE":"MI","ZIP":"48187","STFIP":"26","CNTY":"26163","NMCNTY":"Wayne County","LOCALE":"21","LAT":42.3497,"LON":-83.4958,"CBSA":"19820","NMCBSA":"Detroit-Warren-Dearborn, MI","CBSATYPE":"1","CSA":"220","NMCSA":"Detroit-Warren-Ann Arbor, MI","CD":"2606","SLDL":"26024","SLDU":"26005","SCHOOLYEAR":"2024-2025"}},{"type":"Feature","id":45731,"geometry":{"type":"Point","coordinates":[-83.47199999915576,42.32779999994825]},"properties":{"OBJECTID":45731,"NCESSCH":"262856006420","LEAID":"2628560","NAME":"Miller Elementary School","OPSTFIPS":"26","STREET":"43721 HANFORD RD","CITY":"CANTON","STATE":"MI","ZIP":"48187","STFIP":"26","CNTY":"26163","NMCNTY":"Wayne County","LOCALE":"21","LAT":42.3278,"LON":-83.472,"CBSA":"19820","NMCBSA":"Detroit-Warren-Dearborn, MI","CBSATYPE":"1","CSA":"220","NMCSA":"Detroit-Warren-Ann Arbor, MI","CD":"2606","SLDL":"26024","SLDU":"26005","SCHOOLYEAR":"2024-2025"}},{"type":"Feature","id":45732,"geometry":{"type":"Point","coordinates":[-83.49239999916325,42.34690000028263]},"properties":{"OBJECTID":45732,"NCESSCH":"262856006421","LEAID":"2628560","NAME":"Canton High School","OPSTFIPS":"26","STREET":"8415 N CANTON CENTER RD","CITY":"CANTON","STATE":"MI","ZIP":"48187","STFIP":"26","CNTY":"26163","NMCNTY":"Wayne County","LOCALE":"21","LAT":42.3469,"LON":-83.4924,"CBSA":"19820","NMCBSA":"Detroit-Warren-Dearborn, MI","CBSATYPE":"1","CSA":"220","NMCSA":"Detroit-Warren-Ann Arbor, MI","CD":"2606","SLDL":"26024","SLDU":"26005","SCHOOLYEAR":"2024-2025"}},{"type":"Feature","id":45733,"geometry":{"type":"Point","coordinates":[-83.45050000052167,42.31640000002512]},"properties":{"OBJECTID":45733,"NCESSCH":"262856006422","LEAID":"2628560","NAME":"Eriksson Elementary School","OPSTFIPS":"26","STREET":"1275 N HAGGERTY RD","CITY":"CANTON","STATE":"MI","ZIP":"48187","STFIP":"26","CNTY":"26163","NMCNTY":"Wayne County","LOCALE":"21","LAT":42.3164,"LON":-83.4505,"CBSA":"19820","NMCBSA":"Detroit-Warren-Dearborn, MI","CBSATYPE":"1","CSA":"220","NMCSA":"Detroit-Warren-Ann Arbor, MI","CD":"2606","SLDL":"26024","SLDU":"26005","SCHOOLYEAR":"2024-2025"}},{"type":"Feature","id":45734,"geometry":{"type":"Point","coordinates":[-83.44949999985644,42.30160000046305]},"properties":{"OBJECTID":45734,"NCESSCH":"262856006423","LEAID":"2628560","NAME":"Field Elementary School","OPSTFIPS":"26","STREET":"1000 S HAGGERTY RD","CITY":"CANTON","STATE":"MI","ZIP":"48188","STFIP":"26","CNTY":"26163","NMCNTY":"Wayne County","LOCALE":"21","LAT":42.3016,"LON":-83.4495,"CBSA":"19820","NMCBSA":"Detroit-Warren-Dearborn, MI","CBSATYPE":"1","CSA":"220","NMCSA":"Detroit-Warren-Ann Arbor, MI","CD":"2606","SLDL":"26024","SLDU":"26005","SCHOOLYEAR":"2024-2025"}},{"type":"Feature","id":45735,"geometry":{"type":"Point","coordinates":[-83.46509999964314,42.34520000036656]},"properties":{"OBJECTID":45735,"NCESSCH":"262856006424","LEAID":"2628560","NAME":"Hulsing Elementary School","OPSTFIPS":"26","STREET":"8055 FLEET ST","CITY":"CANTON","STATE":"MI","ZIP":"48187","STFIP":"26","CNTY":"26163","NMCNTY":"Wayne County","LOCALE":"21","LAT":42.3452,"LON":-83.4651,"CBSA":"19820","NMCBSA":"Detroit-Warren-Dearborn, MI","CBSATYPE":"1","CSA":"220","NMCSA":"Detroit-Warren-Ann Arbor, MI","CD":"2606","SLDL":"26024","SLDU":"26005","SCHOOLYEAR":"2024-2025"}},{"type":"Feature","id":45736,"geometry":{"type":"Point","coordinates":[-83.48030000058536,42.315700000393136]},"properties":{"OBJECTID":45736,"NCESSCH":"262856007568","LEAID":"2628560","NAME":"Hoben Elementary School","OPSTFIPS":"26","STREET":"44680 SALTZ RD","CITY":"CANTON","STATE":"MI","ZIP":"48187","STFIP":"26","CNTY":"26163","NMCNTY":"Wayne County","LOCALE":"21","LAT":42.3157,"LON":-83.4803,"CBSA":"19820","NMCBSA":"Detroit-Warren-Dearborn, MI","CBSATYPE":"1","CSA":"220","NMCSA":"Detroit-Warren-Ann Arbor, MI","CD":"2606","SLDL":"26024","SLDU":"26005","SCHOOLYEAR":"2024-2025"}},{"type":"Feature","id":45737,"geometry":{"type":"Point","coordinates":[-83.49510400047683,42.30871400041068]},"properties":{"OBJECTID":45737,"NCESSCH":"262856008704","LEAID":"2628560","NAME":"Liberty Middle School","OPSTFIPS":"26","STREET":"46250 CHERRY HILL RD","CITY":"CANTON","STATE":"MI","ZIP":"48187","STFIP":"26","CNTY":"26163","NMCNTY":"Wayne County","LOCALE":"21","LAT":42.308714,"LON":-83.495104,"CBSA":"19820","NMCBSA":"Detroit-Warren-Dearborn, MI","CBSATYPE":"1","CSA":"220","NMCSA":"Detroit-Warren-Ann Arbor, MI","CD":"2606","SLDL":"26024","SLDU":"26005","SCHOOLYEAR":"2024-2025"}},{"type":"Feature","id":45738,"geometry":{"type":"Point","coordinates":[-83.47238100012395,42.369616000301285]},"properties":{"OBJECTID":45738,"NCESSCH":"262856008981","LEAID":"2628560","NAME":"PCCS Elementary Virtual Academy","OPSTFIPS":"26","STREET":"454 S HARVEY ST","CITY":"PLYMOUTH","STATE":"MI","ZIP":"48170","STFIP":"26","CNTY":"26163","NMCNTY":"Wayne County","LOCALE":"21","LAT":42.369616,"LON":-83.472381,"CBSA":"19820","NMCBSA":"Detroit-Warren-Dearborn, MI","CBSATYPE":"1","CSA":"220","NMCSA":"Detroit-Warren-Ann Arbor, MI","CD":"2606","SLDL":"26022","SLDU":"26013","SCHOOLYEAR":"2024-2025"}},{"type":"Feature","id":45739,"geometry":{"type":"Point","coordinates":[-83.47238100012395,42.369616000301285]},"properties":{"OBJECTID":45739,"NCESSCH":"262856008986","LEAID":"2628560","NAME":"PCCS Middle Virtual Academy","OPSTFIPS":"26","STREET":"454 S HARVEY ST","CITY":"PLYMOUTH","STATE":"MI","ZIP":"48170","STFIP":"26","CNTY":"26163","NMCNTY":"Wayne County","LOCALE":"21","LAT":42.369616,"LON":-83.472381,"CBSA":"19820","NMCBSA":"Detroit-Warren-Dearborn, MI","CBSATYPE":"1","CSA":"220","NMCSA":"Detroit-Warren-Ann Arbor, MI","CD":"2606","SLDL":"26022","SLDU":"26013","SCHOOLYEAR":"2024-2025"}},{"type":"Feature","id":45740,"geometry":{"type":"Point","coordinates":[-83.30341699987031,42.65635000024937]},"properties":{"OBJECTID":45740,"NCESSCH":"262874000662","LEAID":"2628740","NAME":"Whitman Elementary School","OPSTFIPS":"26","STREET":"125 W MONTCALM ST","CITY":"PONTIAC","STATE":"MI","ZIP":"48342","STFIP":"26","CNTY":"26125","NMCNTY":"Oakland County","LOCALE":"13","LAT":42.65635,"LON":-83.303417,"CBSA":"19820","NMCBSA":"Detroit-Warren-Dearborn, MI","CBSATYPE":"1","CSA":"220","NMCSA":"Detroit-Warren-Ann Arbor, MI","CD":"2611","SLDL":"26053","SLDU":"26007","SCHOOLYEAR":"2024-2025"}},{"type":"Feature","id":45741,"geometry":{"type":"Point","coordinates":[-83.30032000042938,42.683207000107544]},"properties":{"OBJECTID":45741,"NCESSCH":"262874001156","LEAID":"2628740","NAME":"Kennedy Center","OPSTFIPS":"26","STREET":"1700 BALDWIN AVE","CITY":"PONTIAC","STATE":"MI","ZIP":"48340","STFIP":"26","CNTY":"26125","NMCNTY":"Oakland County","LOCALE":"13","LAT":42.683207,"LON":-83.30032,"CBSA":"19820","NMCBSA":"Detroit-Warren-Dearborn, MI","CBSATYPE":"1","CSA":"220","NMCSA":"Detroit-Warren-Ann Arbor, MI","CD":"2611","SLDL":"26053","SLDU":"26007","SCHOOLYEAR":"2024-2025"}},{"type":"Feature","id":45742,"geometry":{"type":"Point","coordinates":[-83.31760000012565,42.66589999919873]},"properties":{"OBJECTID":45742,"NCESSCH":"262874006426","LEAID":"2628740","NAME":"Alcott School","OPSTFIPS":"26","STREET":"460 W KENNETT RD","CITY":"PONTIAC","STATE":"MI","ZIP":"48340","STFIP":"26","CNTY":"26125","NMCNTY":"Oakland County","LOCALE":"13","LAT":42.6659,"LON":-83.3176,"CBSA":"19820","NMCBSA":"Detroit-Warren-Dearborn, MI","CBSATYPE":"1","CSA":"220","NMCSA":"Detroit-Warren-Ann Arbor, MI","CD":"2611","SLDL":"26053","SLDU":"26007","SCHOOLYEAR":"2024-2025"}},{"type":"Feature","id":45743,"geometry":{"type":"Point","coordinates":[-83.25630000011851,42.65360000016496]},"properties":{"OBJECTID":45743,"NCESSCH":"262874006434","LEAID":"2628740","NAME":"Herrington School","OPSTFIPS":"26","STREET":"541 BAY ST","CITY":"PONTIAC","STATE":"MI","ZIP":"48342","STFIP":"26","CNTY":"26125","NMCNTY":"Oakland County","LOCALE":"13","LAT":42.6536,"LON":-83.2563,"CBSA":"19820","NMCBSA":"Detroit-Warren-Dearborn, MI","CBSATYPE":"1","CSA":"220","NMCSA":"Detroit-Warren-Ann Arbor, MI","CD":"2611","SLDL":"26053","SLDU":"26007","SCHOOLYEAR":"2024-2025"}},{"type":"Feature","id":45744,"geometry":{"type":"Point","coordinates":[-83.26760000073442,42.665799999726794]},"properties":{"OBJECTID":45744,"NCESSCH":"262874006435","LEAID":"2628740","NAME":"Pontiac Middle School","OPSTFIPS":"26","STREET":"1275 N PERRY ST","CITY":"PONTIAC","STATE":"MI","ZIP":"48340","STFIP":"26","CNTY":"26125","NMCNTY":"Oakland County","LOCALE":"13","LAT":42.6658,"LON":-83.2676,"CBSA":"19820","NMCBSA":"Detroit-Warren-Dearborn, MI","CBSATYPE":"1","CSA":"220","NMCSA":"Detroit-Warren-Ann Arbor, MI","CD":"2611","SLDL":"26053","SLDU":"26007","SCHOOLYEAR":"2024-2025"}},{"type":"Feature","id":45745,"geometry":{"type":"Point","coordinates":[-83.26933400044399,42.667683999968446]},"properties":{"OBJECTID":45745,"NCESSCH":"262874006444","LEAID":"2628740","NAME":"Pontiac High School","OPSTFIPS":"26","STREET":"1051 ARLENE AVE","CITY":"PONTIAC","STATE":"MI","ZIP":"48340","STFIP":"26","CNTY":"26125","NMCNTY":"Oakland County","LOCALE":"13","LAT":42.667684,"LON":-83.269334,"CBSA":"19820","NMCBSA":"Detroit-Warren-Dearborn, MI","CBSATYPE":"1","CSA":"220","NMCSA":"Detroit-Warren-Ann Arbor, MI","CD":"2611","SLDL":"26053","SLDU":"26007","SCHOOLYEAR":"2024-2025"}},{"type":"Feature","id":45746,"geometry":{"type":"Point","coordinates":[-83.30032000042938,42.683207000107544]},"properties":{"OBJECTID":45746,"NCESSCH":"262874006445","LEAID":"2628740","NAME":"Owen Elementary School","OPSTFIPS":"26","STREET":"1700 BALDWIN AVE","CITY":"PONTIAC","STATE":"MI","ZIP":"48340","STFIP":"26","CNTY":"26125","NMCNTY":"Oakland County","LOCALE":"13","LAT":42.683207,"LON":-83.30032,"CBSA":"19820","NMCBSA":"Detroit-Warren-Dearborn, MI","CBSATYPE":"1","CSA":"220","NMCSA":"Detroit-Warren-Ann Arbor, MI","CD":"2611","SLDL":"26053","SLDU":"26007","SCHOOLYEAR":"2024-2025"}},{"type":"Feature","id":45747,"geometry":{"type":"Point","coordinates":[-83.22949999935372,42.680200000185714]},"properties":{"OBJECTID":45747,"NCESSCH":"262874006452","LEAID":"2628740","NAME":"Rogers School","OPSTFIPS":"26","STREET":"2600 DEXTER RD","CITY":"AUBURN HILLS","STATE":"MI","ZIP":"48326","STFIP":"26","CNTY":"26125","NMCNTY":"Oakland County","LOCALE":"21","LAT":42.6802,"LON":-83.2295,"CBSA":"19820","NMCBSA":"Detroit-Warren-Dearborn, MI","CBSATYPE":"1","CSA":"220","NMCSA":"Detroit-Warren-Ann Arbor, MI","CD":"2611","SLDL":"26054","SLDU":"26007","SCHOOLYEAR":"2024-2025"}},{"type":"Feature","id":45748,"geometry":{"type":"Point","coordinates":[-83.26933400044399,42.667683999968446]},"properties":{"OBJECTID":45748,"NCESSCH":"262874008163","LEAID":"2628740","NAME":"Bethune Adult Education","OPSTFIPS":"26","STREET":"1051 ARLENE AVE","CITY":"PONTIAC","STATE":"MI","ZIP":"48340","STFIP":"26","CNTY":"26125","NMCNTY":"Oakland County","LOCALE":"13","LAT":42.667684,"LON":-83.269334,"CBSA":"19820","NMCBSA":"Detroit-Warren-Dearborn, MI","CBSATYPE":"1","CSA":"220","NMCSA":"Detroit-Warren-Ann Arbor, MI","CD":"2611","SLDL":"26053","SLDU":"26007","SCHOOLYEAR":"2024-2025"}},{"type":"Feature","id":45749,"geometry":{"type":"Point","coordinates":[-83.26933400044399,42.667683999968446]},"properties":{"OBJECTID":45749,"NCESSCH":"262874008773","LEAID":"2628740","NAME":"Pontiac Academy for Student Success","OPSTFIPS":"26","STREET":"1051 ARLENE AVE","CITY":"PONTIAC","STATE":"MI","ZIP":"48340","STFIP":"26","CNTY":"26125","NMCNTY":"Oakland County","LOCALE":"13","LAT":42.667684,"LON":-83.269334,"CBSA":"19820","NMCBSA":"Detroit-Warren-Dearborn, MI","CBSATYPE":"1","CSA":"220","NMCSA":"Detroit-Warren-Ann Arbor, MI","CD":"2611","SLDL":"26053","SLDU":"26007","SCHOOLYEAR":"2024-2025"}},{"type":"Feature","id":45805,"geometry":{"type":"Point","coordinates":[-83.31282600072524,42.418818000050294]},"properties":{"OBJECTID":45805,"NCESSCH":"262946001566","LEAID":"2629460","NAME":"B Beck Education Center","OPSTFIPS":"26","STREET":"27100 BENNETT","CITY":"REDFORD","STATE":"MI","ZIP":"48240","STFIP":"26","CNTY":"26163","NMCNTY":"Wayne County","LOCALE":"21","LAT":42.418818,"LON":-83.312826,"CBSA":"19820","NMCBSA":"Detroit-Warren-Dearborn, MI","CBSATYPE":"1","CSA":"220","NMCSA":"Detroit-Warren-Ann Arbor, MI","CD":"2612","SLDL":"26017","SLDU":"26006","SCHOOLYEAR":"2024-2025"}},{"type":"Feature","id":45806,"geometry":{"type":"Point","coordinates":[-83.30246600067427,42.420218999820904]},"properties":{"OBJECTID":45806,"NCESSCH":"262946006525","LEAID":"2629460","NAME":"Redford Union High School","OPSTFIPS":"26","STREET":"26365 Curtis","CITY":"REDFORD","STATE":"MI","ZIP":"48240","STFIP":"26","CNTY":"26163","NMCNTY":"Wayne County","LOCALE":"21","LAT":42.420219,"LON":-83.302466,"CBSA":"19820","NMCBSA":"Detroit-Warren-Dearborn, MI","CBSATYPE":"1","CSA":"220","NMCSA":"Detroit-Warren-Ann Arbor, MI","CD":"2612","SLDL":"26017","SLDU":"26006","SCHOOLYEAR":"2024-2025"}},{"type":"Feature","id":45807,"geometry":{"type":"Point","coordinates":[-83.30246600067427,42.420218999820904]},"properties":{"OBJECTID":45807,"NCESSCH":"262946006529","LEAID":"2629460","NAME":"Redford Union Jr High","OPSTFIPS":"26","STREET":"17711 KINLOCH","CITY":"REDFORD","STATE":"MI","ZIP":"48240","STFIP":"26","CNTY":"26163","NMCNTY":"Wayne County","LOCALE":"21","LAT":42.420219,"LON":-83.302466,"CBSA":"19820","NMCBSA":"Detroit-Warren-Dearborn, MI","CBSATYPE":"1","CSA":"220","NMCSA":"Detroit-Warren-Ann Arbor, MI","CD":"2612","SLDL":"26017","SLDU":"26006","SCHOOLYEAR":"2024-2025"}},{"type":"Feature","id":45808,"geometry":{"type":"Point","coordinates":[-83.29589999912139,42.43609999995092]},"properties":{"OBJECTID":45808,"NCESSCH":"262946008208","LEAID":"2629460","NAME":"Beech Elementary","OPSTFIPS":"26","STREET":"19990 BEECH DALY RD","CITY":"REDFORD","STATE":"MI","ZIP":"48240","STFIP":"26","CNTY":"26163","NMCNTY":"Wayne County","LOCALE":"21","LAT":42.4361,"LON":-83.2959,"CBSA":"19820","NMCBSA":"Detroit-Warren-Dearborn, MI","CBSATYPE":"1","CSA":"220","NMCSA":"Detroit-Warren-Ann Arbor, MI","CD":"2612","SLDL":"26017","SLDU":"26006","SCHOOLYEAR":"2024-2025"}},{"type":"Feature","id":45809,"geometry":{"type":"Point","coordinates":[-83.28881200044894,42.419851999446216]},"properties":{"OBJECTID":45809,"NCESSCH":"262946008210","LEAID":"2629460","NAME":"Keeler School","OPSTFIPS":"26","STREET":"17715 BRADY","CITY":"REDFORD","STATE":"MI","ZIP":"48240","STFIP":"26","CNTY":"26163","NMCNTY":"Wayne County","LOCALE":"21","LAT":42.419852,"LON":-83.288812,"CBSA":"19820","NMCBSA":"Detroit-Warren-Dearborn, MI","CBSATYPE":"1","CSA":"220","NMCSA":"Detroit-Warren-Ann Arbor, MI","CD":"2612","SLDL":"26017","SLDU":"26006","SCHOOLYEAR":"2024-2025"}},{"type":"Feature","id":45810,"geometry":{"type":"Point","coordinates":[-83.30228199974795,42.42163300007939]},"properties":{"OBJECTID":45810,"NCESSCH":"262946008560","LEAID":"2629460","NAME":"Veritas","OPSTFIPS":"26","STREET":"18255 KINLOCH","CITY":"REDFORD","STATE":"MI","ZIP":"48240","STFIP":"26","CNTY":"26163","NMCNTY":"Wayne County","LOCALE":"21","LAT":42.421633,"LON":-83.302282,"CBSA":"19820","NMCBSA":"Detroit-Warren-Dearborn, MI","CBSATYPE":"1","CSA":"220","NMCSA":"Detroit-Warren-Ann Arbor, MI","CD":"2612","SLDL":"26017","SLDU":"26006","SCHOOLYEAR":"2024-2025"}},{"type":"Feature","id":45811,"geometry":{"type":"Point","coordinates":[-83.30228199974795,42.42163300007939]},"properties":{"OBJECTID":45811,"NCESSCH":"262946008900","LEAID":"2629460","NAME":"Redford Union Virtual Learning","OPSTFIPS":"26","STREET":"18255 KINLOCH","CITY":"REDFORD","STATE":"MI","ZIP":"48240","STFIP":"26","CNTY":"26163","NMCNTY":"Wayne County","LOCALE":"21","LAT":42.421633,"LON":-83.302282,"CBSA":"19820","NMCBSA":"Detroit-Warren-Dearborn, MI","CBSATYPE":"1","CSA":"220","NMCSA":"Detroit-Warren-Ann Arbor, MI","CD":"2612","SLDL":"26017","SLDU":"26006","SCHOOLYEAR":"2024-2025"}},{"type":"Feature","id":45812,"geometry":{"type":"Point","coordinates":[-83.30420000003585,42.40750000049154]},"properties":{"OBJECTID":45812,"NCESSCH":"262946009054","LEAID":"2629460","NAME":"Hilbert Elementary School","OPSTFIPS":"26","STREET":"26440 PURITAN","CITY":"REDFORD","STATE":"MI","ZIP":"48239","STFIP":"26","CNTY":"26163","NMCNTY":"Wayne County","LOCALE":"21","LAT":42.4075,"LON":-83.3042,"CBSA":"19820","NMCBSA":"Detroit-Warren-Dearborn, MI","CBSATYPE":"1","CSA":"220","NMCSA":"Detroit-Warren-Ann Arbor, MI","CD":"2612","SLDL":"26017","SLDU":"26006","SCHOOLYEAR":"2024-2025"}},{"type":"Feature","id":45828,"geometry":{"type":"Point","coordinates":[-82.76059999937556,42.8057999999061]},"properties":{"OBJECTID":45828,"NCESSCH":"262967000051","LEAID":"2629670","NAME":"Richmond Middle School","OPSTFIPS":"26","STREET":"35250 DIVISION RD","CITY":"RICHMOND","STATE":"MI","ZIP":"48062","STFIP":"26","CNTY":"26099","NMCNTY":"Macomb County","LOCALE":"31","LAT":42.8058,"LON":-82.7606,"CBSA":"19820","NMCBSA":"Detroit-Warren-Dearborn, MI","CBSATYPE":"1","CSA":"220","NMCSA":"Detroit-Warren-Ann Arbor, MI","CD":"2609","SLDL":"26065","SLDU":"26025","SCHOOLYEAR":"2024-2025"}},{"type":"Feature","id":45829,"geometry":{"type":"Point","coordinates":[-82.75999999937576,42.80780000028667]},"properties":{"OBJECTID":45829,"NCESSCH":"262967006549","LEAID":"2629670","NAME":"Richmond Community High School","OPSTFIPS":"26","STREET":"35320 DIVISION RD","CITY":"RICHMOND","STATE":"MI","ZIP":"48062","STFIP":"26","CNTY":"26099","NMCNTY":"Macomb County","LOCALE":"31","LAT":42.8078,"LON":-82.76,"CBSA":"19820","NMCBSA":"Detroit-Warren-Dearborn, MI","CBSATYPE":"1","CSA":"220","NMCSA":"Detroit-Warren-Ann Arbor, MI","CD":"2609","SLDL":"26065","SLDU":"26025","SCHOOLYEAR":"2024-2025"}},{"type":"Feature","id":45830,"geometry":{"type":"Point","coordinates":[-82.75619999998693,42.80550000007508]},"properties":{"OBJECTID":45830,"NCESSCH":"262967006550","LEAID":"2629670","NAME":"Will L Lee School","OPSTFIPS":"26","STREET":"68399 S FOREST AVE","CITY":"RICHMOND","STATE":"MI","ZIP":"48062","STFIP":"26","CNTY":"26099","NMCNTY":"Macomb County","LOCALE":"31","LAT":42.8055,"LON":-82.7562,"CBSA":"19820","NMCBSA":"Detroit-Warren-Dearborn, MI","CBSATYPE":"1","CSA":"220","NMCSA":"Detroit-Warren-Ann Arbor, MI","CD":"2609","SLDL":"26065","SLDU":"26025","SCHOOLYEAR":"2024-2025"}},{"type":"Feature","id":45831,"geometry":{"type":"Point","coordinates":[-83.13649999948618,42.26439999963295]},"properties":{"OBJECTID":45831,"NCESSCH":"262976006552","LEAID":"2629760","NAME":"Ann Visger K5 Preparatory Academy","OPSTFIPS":"26","STREET":"11121 W JEFFERSON AVE","CITY":"RIVER ROUGE","STATE":"MI","ZIP":"48218","STFIP":"26","CNTY":"26163","NMCNTY":"Wayne County","LOCALE":"21","LAT":42.2644,"LON":-83.1365,"CBSA":"19820","NMCBSA":"Detroit-Warren-Dearborn, MI","CBSATYPE":"1","CSA":"220","NMCSA":"Detroit-Warren-Ann Arbor, MI","CD":"2613","SLDL":"26001","SLDU":"26001","SCHOOLYEAR":"2024-2025"}},{"type":"Feature","id":45832,"geometry":{"type":"Point","coordinates":[-83.13682799959726,42.27553000058878]},"properties":{"OBJECTID":45832,"NCESSCH":"262976006555","LEAID":"2629760","NAME":"River Rouge High School","OPSTFIPS":"26","STREET":"1460 COOLIDGE HWY","CITY":"RIVER ROUGE","STATE":"MI","ZIP":"48218","STFIP":"26","CNTY":"26163","NMCNTY":"Wayne County","LOCALE":"21","LAT":42.27553,"LON":-83.136828,"CBSA":"19820","NMCBSA":"Detroit-Warren-Dearborn, MI","CBSATYPE":"1","CSA":"220","NMCSA":"Detroit-Warren-Ann Arbor, MI","CD":"2613","SLDL":"26001","SLDU":"26001","SCHOOLYEAR":"2024-2025"}},{"type":"Feature","id":45833,"geometry":{"type":"Point","coordinates":[-83.14690000026849,42.27090000026391]},"properties":{"OBJECTID":45833,"NCESSCH":"262976008160","LEAID":"2629760","NAME":"CB Sabbath 68 Preparatory Academy","OPSTFIPS":"26","STREET":"340 FRAZIER ST","CITY":"RIVER ROUGE","STATE":"MI","ZIP":"48218","STFIP":"26","CNTY":"26163","NMCNTY":"Wayne County","LOCALE":"21","LAT":42.2709,"LON":-83.1469,"CBSA":"19820","NMCBSA":"Detroit-Warren-Dearborn, MI","CBSATYPE":"1","CSA":"220","NMCSA":"Detroit-Warren-Ann Arbor, MI","CD":"2613","SLDL":"26001","SLDU":"26001","SCHOOLYEAR":"2024-2025"}},{"type":"Feature","id":45834,"geometry":{"type":"Point","coordinates":[-83.13082199964694,42.274355999681525]},"properties":{"OBJECTID":45834,"NCESSCH":"262976008698","LEAID":"2629760","NAME":"River Rouge Stem Academy at Dunn","OPSTFIPS":"26","STREET":"163 BURKE ST","CITY":"RIVER ROUGE","STATE":"MI","ZIP":"48218","STFIP":"26","CNTY":"26163","NMCNTY":"Wayne County","LOCALE":"21","LAT":42.274356,"LON":-83.130822,"CBSA":"19820","NMCBSA":"Detroit-Warren-Dearborn, MI","CBSATYPE":"1","CSA":"220","NMCSA":"Detroit-Warren-Ann Arbor, MI","CD":"2613","SLDL":"26001","SLDU":"26001","SCHOOLYEAR":"2024-2025"}},{"type":"Feature","id":45835,"geometry":{"type":"Point","coordinates":[-83.13682799959726,42.27553000058878]},"properties":{"OBJECTID":45835,"NCESSCH":"262976008952","LEAID":"2629760","NAME":"River Rouge Alternative Virtual Academy","OPSTFIPS":"26","STREET":"1460 COOLIDGE HWY","CITY":"RIVER ROUGE","STATE":"MI","ZIP":"48218","STFIP":"26","CNTY":"26163","NMCNTY":"Wayne County","LOCALE":"21","LAT":42.27553,"LON":-83.136828,"CBSA":"19820","NMCBSA":"Detroit-Warren-Dearborn, MI","CBSATYPE":"1","CSA":"220","NMCSA":"Detroit-Warren-Ann Arbor, MI","CD":"2613","SLDL":"26001","SLDU":"26001","SCHOOLYEAR":"2024-2025"}},{"type":"Feature","id":45838,"geometry":{"type":"Point","coordinates":[-83.20439999957827,42.17900000008581]},"properties":{"OBJECTID":45838,"NCESSCH":"262991006562","LEAID":"2629910","NAME":"Huntington Elementary School","OPSTFIPS":"26","STREET":"17752 KENNEBEC ST","CITY":"RIVERVIEW","STATE":"MI","ZIP":"48193","STFIP":"26","CNTY":"26163","NMCNTY":"Wayne County","LOCALE":"21","LAT":42.179,"LON":-83.2044,"CBSA":"19820","NMCBSA":"Detroit-Warren-Dearborn, MI","CBSATYPE":"1","CSA":"220","NMCSA":"Detroit-Warren-Ann Arbor, MI","CD":"2606","SLDL":"26027","SLDU":"26004","SCHOOLYEAR":"2024-2025"}},{"type":"Feature","id":45839,"geometry":{"type":"Point","coordinates":[-83.18780000049793,42.179099999933925]},"properties":{"OBJECTID":45839,"NCESSCH":"262991006563","LEAID":"2629910","NAME":"Memorial Elementary School","OPSTFIPS":"26","STREET":"13425 COLVIN ST","CITY":"RIVERVIEW","STATE":"MI","ZIP":"48193","STFIP":"26","CNTY":"26163","NMCNTY":"Wayne County","LOCALE":"21","LAT":42.1791,"LON":-83.1878,"CBSA":"19820","NMCBSA":"Detroit-Warren-Dearborn, MI","CBSATYPE":"1","CSA":"220","NMCSA":"Detroit-Warren-Ann Arbor, MI","CD":"2606","SLDL":"26027","SLDU":"26004","SCHOOLYEAR":"2024-2025"}},{"type":"Feature","id":45840,"geometry":{"type":"Point","coordinates":[-83.17750000014092,42.176900000058325]},"properties":{"OBJECTID":45840,"NCESSCH":"262991006564","LEAID":"2629910","NAME":"Riverview Community High School","OPSTFIPS":"26","STREET":"12431 LONGSDORF ST","CITY":"RIVERVIEW","STATE":"MI","ZIP":"48193","STFIP":"26","CNTY":"26163","NMCNTY":"Wayne County","LOCALE":"21","LAT":42.1769,"LON":-83.1775,"CBSA":"19820","NMCBSA":"Detroit-Warren-Dearborn, MI","CBSATYPE":"1","CSA":"220","NMCSA":"Detroit-Warren-Ann Arbor, MI","CD":"2606","SLDL":"26027","SLDU":"26004","SCHOOLYEAR":"2024-2025"}},{"type":"Feature","id":45841,"geometry":{"type":"Point","coordinates":[-83.20480000059239,42.177799999852745]},"properties":{"OBJECTID":45841,"NCESSCH":"262991006565","LEAID":"2629910","NAME":"Seitz Middle School","OPSTFIPS":"26","STREET":"17800 KENNEBEC ST","CITY":"RIVERVIEW","STATE":"MI","ZIP":"48193","STFIP":"26","CNTY":"26163","NMCNTY":"Wayne County","LOCALE":"21","LAT":42.1778,"LON":-83.2048,"CBSA":"19820","NMCBSA":"Detroit-Warren-Dearborn, MI","CBSATYPE":"1","CSA":"220","NMCSA":"Detroit-Warren-Ann Arbor, MI","CD":"2606","SLDL":"26027","SLDU":"26004","SCHOOLYEAR":"2024-2025"}},{"type":"Feature","id":45842,"geometry":{"type":"Point","coordinates":[-83.19429999933404,42.166300000335745]},"properties":{"OBJECTID":45842,"NCESSCH":"262991007574","LEAID":"2629910","NAME":"Forest Elementary School","OPSTFIPS":"26","STREET":"19400 HAMPTON ST","CITY":"RIVERVIEW","STATE":"MI","ZIP":"48193","STFIP":"26","CNTY":"26163","NMCNTY":"Wayne County","LOCALE":"21","LAT":42.1663,"LON":-83.1943,"CBSA":"19820","NMCBSA":"Detroit-Warren-Dearborn, MI","CBSATYPE":"1","CSA":"220","NMCSA":"Detroit-Warren-Ann Arbor, MI","CD":"2606","SLDL":"26027","SLDU":"26004","SCHOOLYEAR":"2024-2025"}},{"type":"Feature","id":45843,"geometry":{"type":"Point","coordinates":[-83.19434500034347,42.16625200032498]},"properties":{"OBJECTID":45843,"NCESSCH":"262991008827","LEAID":"2629910","NAME":"Riverview Early Childhood Center","OPSTFIPS":"26","STREET":"19400 HAMPTON ST","CITY":"RIVERVIEW","STATE":"MI","ZIP":"48193","STFIP":"26","CNTY":"26163","NMCNTY":"Wayne County","LOCALE":"21","LAT":42.166252,"LON":-83.194345,"CBSA":"19820","NMCBSA":"Detroit-Warren-Dearborn, MI","CBSATYPE":"1","CSA":"220","NMCSA":"Detroit-Warren-Ann Arbor, MI","CD":"2606","SLDL":"26027","SLDU":"26004","SCHOOLYEAR":"2024-2025"}},{"type":"Feature","id":45844,"geometry":{"type":"Point","coordinates":[-83.18525900019807,42.18440100000224]},"properties":{"OBJECTID":45844,"NCESSCH":"262991008829","LEAID":"2629910","NAME":"Riverview Virtual Academy","OPSTFIPS":"26","STREET":"13249 PENNSYLVANIA RD","CITY":"RIVERVIEW","STATE":"MI","ZIP":"48193","STFIP":"26","CNTY":"26163","NMCNTY":"Wayne County","LOCALE":"21","LAT":42.184401,"LON":-83.185259,"CBSA":"19820","NMCBSA":"Detroit-Warren-Dearborn, MI","CBSATYPE":"1","CSA":"220","NMCSA":"Detroit-Warren-Ann Arbor, MI","CD":"2606","SLDL":"26027","SLDU":"26004","SCHOOLYEAR":"2024-2025"}},{"type":"Feature","id":45845,"geometry":{"type":"Point","coordinates":[-83.18502900066285,42.179261000101086]},"properties":{"OBJECTID":45845,"NCESSCH":"262991009023","LEAID":"2629910","NAME":"Riverview Transition Center","OPSTFIPS":"26","STREET":"13199 COLVIN ST","CITY":"RIVERVIEW","STATE":"MI","ZIP":"48193","STFIP":"26","CNTY":"26163","NMCNTY":"Wayne County","LOCALE":"21","LAT":42.179261,"LON":-83.185029,"CBSA":"19820","NMCBSA":"Detroit-Warren-Dearborn, MI","CBSATYPE":"1","CSA":"220","NMCSA":"Detroit-Warren-Ann Arbor, MI","CD":"2606","SLDL":"26027","SLDU":"26004","SCHOOLYEAR":"2024-2025"}},{"type":"Feature","id":45846,"geometry":{"type":"Point","coordinates":[-83.13829999973885,42.653000000048735]},"properties":{"OBJECTID":45846,"NCESSCH":"262994000241","LEAID":"2629940","NAME":"Hamlin Elementary School","OPSTFIPS":"26","STREET":"270 W HAMLIN RD","CITY":"ROCHESTER HILLS","STATE":"MI","ZIP":"48307","STFIP":"26","CNTY":"26125","NMCNTY":"Oakland County","LOCALE":"21","LAT":42.653,"LON":-83.1383,"CBSA":"19820","NMCBSA":"Detroit-Warren-Dearborn, MI","CBSATYPE":"1","CSA":"220","NMCSA":"Detroit-Warren-Ann Arbor, MI","CD":"2610","SLDL":"26055","SLDU":"26009","SCHOOLYEAR":"2024-2025"}},{"type":"Feature","id":45847,"geometry":{"type":"Point","coordinates":[-83.12510000012344,42.70080000009452]},"properties":{"OBJECTID":45847,"NCESSCH":"262994000242","LEAID":"2629940","NAME":"Hart Middle School","OPSTFIPS":"26","STREET":"6500 SHELDON RD","CITY":"ROCHESTER HILLS","STATE":"MI","ZIP":"48306","STFIP":"26","CNTY":"26125","NMCNTY":"Oakland County","LOCALE":"21","LAT":42.7008,"LON":-83.1251,"CBSA":"19820","NMCBSA":"Detroit-Warren-Dearborn, MI","CBSATYPE":"1","CSA":"220","NMCSA":"Detroit-Warren-Ann Arbor, MI","CD":"2610","SLDL":"26055","SLDU":"26009","SCHOOLYEAR":"2024-2025"}},{"type":"Feature","id":45848,"geometry":{"type":"Point","coordinates":[-83.12259999967117,42.650500000405586]},"properties":{"OBJECTID":45848,"NCESSCH":"262994000243","LEAID":"2629940","NAME":"Hampton Elementary School","OPSTFIPS":"26","STREET":"530 HAMPTON CIR","CITY":"ROCHESTER HILLS","STATE":"MI","ZIP":"48307","STFIP":"26","CNTY":"26125","NMCNTY":"Oakland County","LOCALE":"21","LAT":42.6505,"LON":-83.1226,"CBSA":"19820","NMCBSA":"Detroit-Warren-Dearborn, MI","CBSATYPE":"1","CSA":"220","NMCSA":"Detroit-Warren-Ann Arbor, MI","CD":"2610","SLDL":"26055","SLDU":"26009","SCHOOLYEAR":"2024-2025"}},{"type":"Feature","id":45849,"geometry":{"type":"Point","coordinates":[-83.19889999966415,42.74150000046688]},"properties":{"OBJECTID":45849,"NCESSCH":"262994001285","LEAID":"2629940","NAME":"Delta Kelly Elementary School","OPSTFIPS":"26","STREET":"3880 ADAMS RD","CITY":"OAKLAND","STATE":"MI","ZIP":"48363","STFIP":"26","CNTY":"26125","NMCNTY":"Oakland County","LOCALE":"21","LAT":42.7415,"LON":-83.1989,"CBSA":"19820","NMCBSA":"Detroit-Warren-Dearborn, MI","CBSATYPE":"1","CSA":"220","NMCSA":"Detroit-Warren-Ann Arbor, MI","CD":"2609","SLDL":"26066","SLDU":"26024","SCHOOLYEAR":"2024-2025"}},{"type":"Feature","id":45850,"geometry":{"type":"Point","coordinates":[-83.12156699989356,42.69928500000838]},"properties":{"OBJECTID":45850,"NCESSCH":"262994001286","LEAID":"2629940","NAME":"Stoney Creek High School","OPSTFIPS":"26","STREET":"6755 SHELDON RD","CITY":"ROCHESTER HILLS","STATE":"MI","ZIP":"48306","STFIP":"26","CNTY":"26125","NMCNTY":"Oakland County","LOCALE":"21","LAT":42.699285,"LON":-83.121567,"CBSA":"19820","NMCBSA":"Detroit-Warren-Dearborn, MI","CBSATYPE":"1","CSA":"220","NMCSA":"Detroit-Warren-Ann Arbor, MI","CD":"2610","SLDL":"26055","SLDU":"26009","SCHOOLYEAR":"2024-2025"}},{"type":"Feature","id":45851,"geometry":{"type":"Point","coordinates":[-83.16360000032967,42.73660000040543]},"properties":{"OBJECTID":45851,"NCESSCH":"262994006567","LEAID":"2629940","NAME":"Baldwin Elementary School","OPSTFIPS":"26","STREET":"4325 BANNISTER RD","CITY":"ROCHESTER","STATE":"MI","ZIP":"48306","STFIP":"26","CNTY":"26125","NMCNTY":"Oakland County","LOCALE":"41","LAT":42.7366,"LON":-83.1636,"CBSA":"19820","NMCBSA":"Detroit-Warren-Dearborn, MI","CBSATYPE":"1","CSA":"220","NMCSA":"Detroit-Warren-Ann Arbor, MI","CD":"2609","SLDL":"26066","SLDU":"26009","SCHOOLYEAR":"2024-2025"}},{"type":"Feature","id":45852,"geometry":{"type":"Point","coordinates":[-83.121599999942,42.635200000772244]},"properties":{"OBJECTID":45852,"NCESSCH":"262994006568","LEAID":"2629940","NAME":"Brooklands Elementary School","OPSTFIPS":"26","STREET":"490 E AUBURN RD","CITY":"ROCHESTER HILLS","STATE":"MI","ZIP":"48307","STFIP":"26","CNTY":"26125","NMCNTY":"Oakland County","LOCALE":"21","LAT":42.6352,"LON":-83.1216,"CBSA":"19820","NMCBSA":"Detroit-Warren-Dearborn, MI","CBSATYPE":"1","CSA":"220","NMCSA":"Detroit-Warren-Ann Arbor, MI","CD":"2610","SLDL":"26055","SLDU":"26009","SCHOOLYEAR":"2024-2025"}},{"type":"Feature","id":45853,"geometry":{"type":"Point","coordinates":[-83.18559999995684,42.70290000039082]},"properties":{"OBJECTID":45853,"NCESSCH":"262994006569","LEAID":"2629940","NAME":"Brewster Elementary School","OPSTFIPS":"26","STREET":"1535 BREWSTER RD","CITY":"ROCHESTER HILLS","STATE":"MI","ZIP":"48306","STFIP":"26","CNTY":"26125","NMCNTY":"Oakland County","LOCALE":"21","LAT":42.7029,"LON":-83.1856,"CBSA":"19820","NMCBSA":"Detroit-Warren-Dearborn, MI","CBSATYPE":"1","CSA":"220","NMCSA":"Detroit-Warren-Ann Arbor, MI","CD":"2610","SLDL":"26055","SLDU":"26009","SCHOOLYEAR":"2024-2025"}},{"type":"Feature","id":45854,"geometry":{"type":"Point","coordinates":[-83.14829999991275,42.675499999485794]},"properties":{"OBJECTID":45854,"NCESSCH":"262994006570","LEAID":"2629940","NAME":"McGregor Elementary School","OPSTFIPS":"26","STREET":"1101 1ST ST","CITY":"ROCHESTER","STATE":"MI","ZIP":"48307","STFIP":"26","CNTY":"26125","NMCNTY":"Oakland County","LOCALE":"21","LAT":42.6755,"LON":-83.1483,"CBSA":"19820","NMCBSA":"Detroit-Warren-Dearborn, MI","CBSATYPE":"1","CSA":"220","NMCSA":"Detroit-Warren-Ann Arbor, MI","CD":"2610","SLDL":"26055","SLDU":"26009","SCHOOLYEAR":"2024-2025"}},{"type":"Feature","id":45855,"geometry":{"type":"Point","coordinates":[-83.18140000064959,42.67059999994789]},"properties":{"OBJECTID":45855,"NCESSCH":"262994006571","LEAID":"2629940","NAME":"Meadow Brook Elementary School","OPSTFIPS":"26","STREET":"2350 MUNSTER RD","CITY":"ROCHESTER HILLS","STATE":"MI","ZIP":"48309","STFIP":"26","CNTY":"26125","NMCNTY":"Oakland County","LOCALE":"21","LAT":42.6706,"LON":-83.1814,"CBSA":"19820","NMCBSA":"Detroit-Warren-Dearborn, MI","CBSATYPE":"1","CSA":"220","NMCSA":"Detroit-Warren-Ann Arbor, MI","CD":"2610","SLDL":"26055","SLDU":"26009","SCHOOLYEAR":"2024-2025"}},{"type":"Feature","id":45856,"geometry":{"type":"Point","coordinates":[-83.13239999969208,42.69349999944568]},"properties":{"OBJECTID":45856,"NCESSCH":"262994006572","LEAID":"2629940","NAME":"North Hill Elementary School","OPSTFIPS":"26","STREET":"1385 MAHAFFY AVE","CITY":"ROCHESTER HILLS","STATE":"MI","ZIP":"48307","STFIP":"26","CNTY":"26125","NMCNTY":"Oakland County","LOCALE":"21","LAT":42.6935,"LON":-83.1324,"CBSA":"19820","NMCBSA":"Detroit-Warren-Dearborn, MI","CBSATYPE":"1","CSA":"220","NMCSA":"Detroit-Warren-Ann Arbor, MI","CD":"2610","SLDL":"26055","SLDU":"26009","SCHOOLYEAR":"2024-2025"}},{"type":"Feature","id":45857,"geometry":{"type":"Point","coordinates":[-83.15540000044427,42.67919999977392]},"properties":{"OBJECTID":45857,"NCESSCH":"262994006573","LEAID":"2629940","NAME":"Rochester High School","OPSTFIPS":"26","STREET":"180 S LIVERNOIS RD","CITY":"ROCHESTER HILLS","STATE":"MI","ZIP":"48307","STFIP":"26","CNTY":"26125","NMCNTY":"Oakland County","LOCALE":"21","LAT":42.6792,"LON":-83.1554,"CBSA":"19820","NMCBSA":"Detroit-Warren-Dearborn, MI","CBSATYPE":"1","CSA":"220","NMCSA":"Detroit-Warren-Ann Arbor, MI","CD":"2610","SLDL":"26055","SLDU":"26009","SCHOOLYEAR":"2024-2025"}},{"type":"Feature","id":45858,"geometry":{"type":"Point","coordinates":[-83.17340000049376,42.67389999993204]},"properties":{"OBJECTID":45858,"NCESSCH":"262994006574","LEAID":"2629940","NAME":"West Middle School","OPSTFIPS":"26","STREET":"500 OLD PERCH RD","CITY":"ROCHESTER HILLS","STATE":"MI","ZIP":"48309","STFIP":"26","CNTY":"26125","NMCNTY":"Oakland County","LOCALE":"21","LAT":42.6739,"LON":-83.1734,"CBSA":"19820","NMCBSA":"Detroit-Warren-Dearborn, MI","CBSATYPE":"1","CSA":"220","NMCSA":"Detroit-Warren-Ann Arbor, MI","CD":"2610","SLDL":"26055","SLDU":"26009","SCHOOLYEAR":"2024-2025"}},{"type":"Feature","id":45859,"geometry":{"type":"Point","coordinates":[-83.16099999992419,42.687299999908674]},"properties":{"OBJECTID":45859,"NCESSCH":"262994006575","LEAID":"2629940","NAME":"Long Meadow Elementary School","OPSTFIPS":"26","STREET":"450 ALLSTON DR","CITY":"ROCHESTER HILLS","STATE":"MI","ZIP":"48309","STFIP":"26","CNTY":"26125","NMCNTY":"Oakland County","LOCALE":"21","LAT":42.6873,"LON":-83.161,"CBSA":"19820","NMCBSA":"Detroit-Warren-Dearborn, MI","CBSATYPE":"1","CSA":"220","NMCSA":"Detroit-Warren-Ann Arbor, MI","CD":"2610","SLDL":"26055","SLDU":"26009","SCHOOLYEAR":"2024-2025"}},{"type":"Feature","id":45860,"geometry":{"type":"Point","coordinates":[-83.19709999983529,42.69579999956363]},"properties":{"OBJECTID":45860,"NCESSCH":"262994006577","LEAID":"2629940","NAME":"Rochester Adams High School","OPSTFIPS":"26","STREET":"3200 W TIENKEN RD","CITY":"ROCHESTER HILLS","STATE":"MI","ZIP":"48306","STFIP":"26","CNTY":"26125","NMCNTY":"Oakland County","LOCALE":"21","LAT":42.6958,"LON":-83.1971,"CBSA":"19820","NMCBSA":"Detroit-Warren-Dearborn, MI","CBSATYPE":"1","CSA":"220","NMCSA":"Detroit-Warren-Ann Arbor, MI","CD":"2610","SLDL":"26055","SLDU":"26009","SCHOOLYEAR":"2024-2025"}},{"type":"Feature","id":45861,"geometry":{"type":"Point","coordinates":[-83.1635199999662,42.66869399952118]},"properties":{"OBJECTID":45861,"NCESSCH":"262994006578","LEAID":"2629940","NAME":"University Hills Elem School","OPSTFIPS":"26","STREET":"600 CROYDON RD","CITY":"ROCHESTER HILLS","STATE":"MI","ZIP":"48309","STFIP":"26","CNTY":"26125","NMCNTY":"Oakland County","LOCALE":"21","LAT":42.668694,"LON":-83.16352,"CBSA":"19820","NMCBSA":"Detroit-Warren-Dearborn, MI","CBSATYPE":"1","CSA":"220","NMCSA":"Detroit-Warren-Ann Arbor, MI","CD":"2610","SLDL":"26055","SLDU":"26009","SCHOOLYEAR":"2024-2025"}},{"type":"Feature","id":45862,"geometry":{"type":"Point","coordinates":[-83.10320000034015,42.635899999826215]},"properties":{"OBJECTID":45862,"NCESSCH":"262994006579","LEAID":"2629940","NAME":"Reuther Middle School","OPSTFIPS":"26","STREET":"1430 E AUBURN RD","CITY":"ROCHESTER HILLS","STATE":"MI","ZIP":"48307","STFIP":"26","CNTY":"26125","NMCNTY":"Oakland County","LOCALE":"21","LAT":42.6359,"LON":-83.1032,"CBSA":"19820","NMCBSA":"Detroit-Warren-Dearborn, MI","CBSATYPE":"1","CSA":"220","NMCSA":"Detroit-Warren-Ann Arbor, MI","CD":"2610","SLDL":"26055","SLDU":"26009","SCHOOLYEAR":"2024-2025"}},{"type":"Feature","id":45863,"geometry":{"type":"Point","coordinates":[-83.19800000033659,42.69819999993801]},"properties":{"OBJECTID":45863,"NCESSCH":"262994006580","LEAID":"2629940","NAME":"Van Hoosen Middle School","OPSTFIPS":"26","STREET":"1339 N ADAMS RD","CITY":"ROCHESTER HILLS","STATE":"MI","ZIP":"48306","STFIP":"26","CNTY":"26125","NMCNTY":"Oakland County","LOCALE":"21","LAT":42.6982,"LON":-83.198,"CBSA":"19820","NMCBSA":"Detroit-Warren-Dearborn, MI","CBSATYPE":"1","CSA":"220","NMCSA":"Detroit-Warren-Ann Arbor, MI","CD":"2610","SLDL":"26055","SLDU":"26009","SCHOOLYEAR":"2024-2025"}},{"type":"Feature","id":45864,"geometry":{"type":"Point","coordinates":[-83.11371899981255,42.65993399950977]},"properties":{"OBJECTID":45864,"NCESSCH":"262994006581","LEAID":"2629940","NAME":"John M Schultz Educational Campus","OPSTFIPS":"26","STREET":"1440 JOHN R RD","CITY":"ROCHESTER HILLS","STATE":"MI","ZIP":"48307","STFIP":"26","CNTY":"26125","NMCNTY":"Oakland County","LOCALE":"21","LAT":42.659934,"LON":-83.113719,"CBSA":"19820","NMCBSA":"Detroit-Warren-Dearborn, MI","CBSATYPE":"1","CSA":"220","NMCSA":"Detroit-Warren-Ann Arbor, MI","CD":"2610","SLDL":"26055","SLDU":"26009","SCHOOLYEAR":"2024-2025"}},{"type":"Feature","id":45865,"geometry":{"type":"Point","coordinates":[-83.12830000056373,42.72709999953656]},"properties":{"OBJECTID":45865,"NCESSCH":"262994007575","LEAID":"2629940","NAME":"Hugger Elementary School","OPSTFIPS":"26","STREET":"5050 SHELDON RD","CITY":"ROCHESTER","STATE":"MI","ZIP":"48306","STFIP":"26","CNTY":"26125","NMCNTY":"Oakland County","LOCALE":"21","LAT":42.7271,"LON":-83.1283,"CBSA":"19820","NMCBSA":"Detroit-Warren-Dearborn, MI","CBSATYPE":"1","CSA":"220","NMCSA":"Detroit-Warren-Ann Arbor, MI","CD":"2609","SLDL":"26055","SLDU":"26009","SCHOOLYEAR":"2024-2025"}},{"type":"Feature","id":45866,"geometry":{"type":"Point","coordinates":[-83.20500000067922,42.71089999980464]},"properties":{"OBJECTID":45866,"NCESSCH":"262994007576","LEAID":"2629940","NAME":"Musson Elementary School","OPSTFIPS":"26","STREET":"3500 DUTTON RD","CITY":"ROCHESTER HILLS","STATE":"MI","ZIP":"48306","STFIP":"26","CNTY":"26125","NMCNTY":"Oakland County","LOCALE":"21","LAT":42.7109,"LON":-83.205,"CBSA":"19820","NMCBSA":"Detroit-Warren-Dearborn, MI","CBSATYPE":"1","CSA":"220","NMCSA":"Detroit-Warren-Ann Arbor, MI","CD":"2609","SLDL":"26054","SLDU":"26009","SCHOOLYEAR":"2024-2025"}},{"type":"Feature","id":45867,"geometry":{"type":"Point","coordinates":[-83.11371899981255,42.65993399950977]},"properties":{"OBJECTID":45867,"NCESSCH":"262994009024","LEAID":"2629940","NAME":"Rochester Community Schools Virtual Campus","OPSTFIPS":"26","STREET":"1440 JOHN R RD","CITY":"ROCHESTER HLS","STATE":"MI","ZIP":"48307","STFIP":"26","CNTY":"26125","NMCNTY":"Oakland County","LOCALE":"21","LAT":42.659934,"LON":-83.113719,"CBSA":"19820","NMCBSA":"Detroit-Warren-Dearborn, MI","CBSATYPE":"1","CSA":"220","NMCSA":"Detroit-Warren-Ann Arbor, MI","CD":"2610","SLDL":"26055","SLDU":"26009","SCHOOLYEAR":"2024-2025"}},{"type":"Feature","id":45885,"geometry":{"type":"Point","coordinates":[-83.00639999955847,42.75480000056502]},"properties":{"OBJECTID":45885,"NCESSCH":"263009001310","LEAID":"2630090","NAME":"Hevel Elementary","OPSTFIPS":"26","STREET":"12700 29 MILE RD","CITY":"WASHINGTON","STATE":"MI","ZIP":"48094","STFIP":"26","CNTY":"26099","NMCNTY":"Macomb County","LOCALE":"41","LAT":42.7548,"LON":-83.0064,"CBSA":"19820","NMCBSA":"Detroit-Warren-Dearborn, MI","CBSATYPE":"1","CSA":"220","NMCSA":"Detroit-Warren-Ann Arbor, MI","CD":"2609","SLDL":"26066","SLDU":"26024","SCHOOLYEAR":"2024-2025"}},{"type":"Feature","id":45886,"geometry":{"type":"Point","coordinates":[-83.03389999933185,42.75789999971469]},"properties":{"OBJECTID":45886,"NCESSCH":"263009006596","LEAID":"2630090","NAME":"Indian Hills Elementary School","OPSTFIPS":"26","STREET":"8401 29 MILE RD","CITY":"WASHINGTON","STATE":"MI","ZIP":"48095","STFIP":"26","CNTY":"26099","NMCNTY":"Macomb County","LOCALE":"21","LAT":42.7579,"LON":-83.0339,"CBSA":"19820","NMCBSA":"Detroit-Warren-Dearborn, MI","CBSATYPE":"1","CSA":"220","NMCSA":"Detroit-Warren-Ann Arbor, MI","CD":"2609","SLDL":"26066","SLDU":"26024","SCHOOLYEAR":"2024-2025"}},{"type":"Feature","id":45887,"geometry":{"type":"Point","coordinates":[-83.01220700031216,42.75439300019974]},"properties":{"OBJECTID":45887,"NCESSCH":"263009006597","LEAID":"2630090","NAME":"Romeo High School","OPSTFIPS":"26","STREET":"62300 JEWELL RD","CITY":"WASHINGTON","STATE":"MI","ZIP":"48094","STFIP":"26","CNTY":"26099","NMCNTY":"Macomb County","LOCALE":"41","LAT":42.754393,"LON":-83.012207,"CBSA":"19820","NMCBSA":"Detroit-Warren-Dearborn, MI","CBSATYPE":"1","CSA":"220","NMCSA":"Detroit-Warren-Ann Arbor, MI","CD":"2609","SLDL":"26066","SLDU":"26024","SCHOOLYEAR":"2024-2025"}},{"type":"Feature","id":45888,"geometry":{"type":"Point","coordinates":[-83.02645600027273,42.803251000023806]},"properties":{"OBJECTID":45888,"NCESSCH":"263009006598","LEAID":"2630090","NAME":"Romeo Middle School","OPSTFIPS":"26","STREET":"11091 32 MILE RD","CITY":"BRUCE TWP","STATE":"MI","ZIP":"48065","STFIP":"26","CNTY":"26099","NMCNTY":"Macomb County","LOCALE":"21","LAT":42.803251,"LON":-83.026456,"CBSA":"19820","NMCBSA":"Detroit-Warren-Dearborn, MI","CBSATYPE":"1","CSA":"220","NMCSA":"Detroit-Warren-Ann Arbor, MI","CD":"2609","SLDL":"26066","SLDU":"26024","SCHOOLYEAR":"2024-2025"}},{"type":"Feature","id":45889,"geometry":{"type":"Point","coordinates":[-83.03440000021406,42.72280000054386]},"properties":{"OBJECTID":45889,"NCESSCH":"263009006599","LEAID":"2630090","NAME":"Washington Elementary School","OPSTFIPS":"26","STREET":"58230 VAN DYKE RD","CITY":"WASHINGTON","STATE":"MI","ZIP":"48094","STFIP":"26","CNTY":"26099","NMCNTY":"Macomb County","LOCALE":"21","LAT":42.7228,"LON":-83.0344,"CBSA":"19820","NMCBSA":"Detroit-Warren-Dearborn, MI","CBSATYPE":"1","CSA":"220","NMCSA":"Detroit-Warren-Ann Arbor, MI","CD":"2609","SLDL":"26066","SLDU":"26024","SCHOOLYEAR":"2024-2025"}},{"type":"Feature","id":45890,"geometry":{"type":"Point","coordinates":[-83.00870000001198,42.80560000033502]},"properties":{"OBJECTID":45890,"NCESSCH":"263009006600","LEAID":"2630090","NAME":"Amanda Moore Elementary School","OPSTFIPS":"26","STREET":"209 DICKENSON ST","CITY":"ROMEO","STATE":"MI","ZIP":"48065","STFIP":"26","CNTY":"26099","NMCNTY":"Macomb County","LOCALE":"21","LAT":42.8056,"LON":-83.0087,"CBSA":"19820","NMCBSA":"Detroit-Warren-Dearborn, MI","CBSATYPE":"1","CSA":"220","NMCSA":"Detroit-Warren-Ann Arbor, MI","CD":"2609","SLDL":"26066","SLDU":"26024","SCHOOLYEAR":"2024-2025"}},{"type":"Feature","id":45891,"geometry":{"type":"Point","coordinates":[-83.1038000003943,42.805999999575654]},"properties":{"OBJECTID":45891,"NCESSCH":"263009006602","LEAID":"2630090","NAME":"HamiltonParsons Elementary School","OPSTFIPS":"26","STREET":"69875 DEQUINDRE RD","CITY":"LEONARD","STATE":"MI","ZIP":"48367","STFIP":"26","CNTY":"26125","NMCNTY":"Oakland County","LOCALE":"41","LAT":42.806,"LON":-83.1038,"CBSA":"19820","NMCBSA":"Detroit-Warren-Dearborn, MI","CBSATYPE":"1","CSA":"220","NMCSA":"Detroit-Warren-Ann Arbor, MI","CD":"2609","SLDL":"26066","SLDU":"26024","SCHOOLYEAR":"2024-2025"}},{"type":"Feature","id":45892,"geometry":{"type":"Point","coordinates":[-83.35631400062968,42.2614250000663]},"properties":{"OBJECTID":45892,"NCESSCH":"263012001433","LEAID":"2630120","NAME":"Romulus Elementary School","OPSTFIPS":"26","STREET":"32200 BEVERLY RD","CITY":"ROMULUS","STATE":"MI","ZIP":"48174","STFIP":"26","CNTY":"26163","NMCNTY":"Wayne County","LOCALE":"21","LAT":42.261425,"LON":-83.356314,"CBSA":"19820","NMCBSA":"Detroit-Warren-Dearborn, MI","CBSATYPE":"1","CSA":"220","NMCSA":"Detroit-Warren-Ann Arbor, MI","CD":"2613","SLDL":"26026","SLDU":"26004","SCHOOLYEAR":"2024-2025"}},{"type":"Feature","id":45893,"geometry":{"type":"Point","coordinates":[-83.38940000013498,42.2326000002989]},"properties":{"OBJECTID":45893,"NCESSCH":"263012006606","LEAID":"2630120","NAME":"Romulus Senior High School","OPSTFIPS":"26","STREET":"9650 WAYNE RD","CITY":"ROMULUS","STATE":"MI","ZIP":"48174","STFIP":"26","CNTY":"26163","NMCNTY":"Wayne County","LOCALE":"21","LAT":42.2326,"LON":-83.3894,"CBSA":"19820","NMCBSA":"Detroit-Warren-Dearborn, MI","CBSATYPE":"1","CSA":"220","NMCSA":"Detroit-Warren-Ann Arbor, MI","CD":"2613","SLDL":"26026","SLDU":"26004","SCHOOLYEAR":"2024-2025"}},{"type":"Feature","id":45894,"geometry":{"type":"Point","coordinates":[-83.40179999952586,42.23909999982429]},"properties":{"OBJECTID":45894,"NCESSCH":"263012006609","LEAID":"2630120","NAME":"Wick Elementary School","OPSTFIPS":"26","STREET":"36900 WICK RD","CITY":"ROMULUS","STATE":"MI","ZIP":"48174","STFIP":"26","CNTY":"26163","NMCNTY":"Wayne County","LOCALE":"21","LAT":42.2391,"LON":-83.4018,"CBSA":"19820","NMCBSA":"Detroit-Warren-Dearborn, MI","CBSATYPE":"1","CSA":"220","NMCSA":"Detroit-Warren-Ann Arbor, MI","CD":"2613","SLDL":"26026","SLDU":"26004","SCHOOLYEAR":"2024-2025"}},{"type":"Feature","id":45895,"geometry":{"type":"Point","coordinates":[-83.40450000034365,42.2389999996705]},"properties":{"OBJECTID":45895,"NCESSCH":"263012006610","LEAID":"2630120","NAME":"Romulus Middle School","OPSTFIPS":"26","STREET":"37300 WICK RD","CITY":"ROMULUS","STATE":"MI","ZIP":"48174","STFIP":"26","CNTY":"26163","NMCNTY":"Wayne County","LOCALE":"21","LAT":42.239,"LON":-83.4045,"CBSA":"19820","NMCBSA":"Detroit-Warren-Dearborn, MI","CBSATYPE":"1","CSA":"220","NMCSA":"Detroit-Warren-Ann Arbor, MI","CD":"2613","SLDL":"26026","SLDU":"26004","SCHOOLYEAR":"2024-2025"}},{"type":"Feature","id":45896,"geometry":{"type":"Point","coordinates":[-83.4123000002283,42.18960000053119]},"properties":{"OBJECTID":45896,"NCESSCH":"263012006611","LEAID":"2630120","NAME":"Barth Elementary School","OPSTFIPS":"26","STREET":"38207 BARTH ST","CITY":"ROMULUS","STATE":"MI","ZIP":"48174","STFIP":"26","CNTY":"26163","NMCNTY":"Wayne County","LOCALE":"41","LAT":42.1896,"LON":-83.4123,"CBSA":"19820","NMCBSA":"Detroit-Warren-Dearborn, MI","CBSATYPE":"1","CSA":"220","NMCSA":"Detroit-Warren-Ann Arbor, MI","CD":"2613","SLDL":"26031","SLDU":"26004","SCHOOLYEAR":"2024-2025"}},{"type":"Feature","id":45897,"geometry":{"type":"Point","coordinates":[-83.3177999999273,42.18559999957327]},"properties":{"OBJECTID":45897,"NCESSCH":"263012006612","LEAID":"2630120","NAME":"Hale Creek Elementary School","OPSTFIPS":"26","STREET":"16200 HARRISON","CITY":"ROMULUS","STATE":"MI","ZIP":"48174","STFIP":"26","CNTY":"26163","NMCNTY":"Wayne County","LOCALE":"21","LAT":42.1856,"LON":-83.3178,"CBSA":"19820","NMCBSA":"Detroit-Warren-Dearborn, MI","CBSATYPE":"1","CSA":"220","NMCSA":"Detroit-Warren-Ann Arbor, MI","CD":"2613","SLDL":"26029","SLDU":"26004","SCHOOLYEAR":"2024-2025"}},{"type":"Feature","id":45898,"geometry":{"type":"Point","coordinates":[-83.38958100020409,42.23274999931632]},"properties":{"OBJECTID":45898,"NCESSCH":"263012008080","LEAID":"2630120","NAME":"Romulus Adult Education","OPSTFIPS":"26","STREET":"9650 WAYNE RD","CITY":"ROMULUS","STATE":"MI","ZIP":"48174","STFIP":"26","CNTY":"26163","NMCNTY":"Wayne County","LOCALE":"21","LAT":42.23275,"LON":-83.389581,"CBSA":"19820","NMCBSA":"Detroit-Warren-Dearborn, MI","CBSATYPE":"1","CSA":"220","NMCSA":"Detroit-Warren-Ann Arbor, MI","CD":"2613","SLDL":"26026","SLDU":"26004","SCHOOLYEAR":"2024-2025"}},{"type":"Feature","id":45899,"geometry":{"type":"Point","coordinates":[-83.38941700013756,42.232570999292896]},"properties":{"OBJECTID":45899,"NCESSCH":"263012008721","LEAID":"2630120","NAME":"Romulus Virtual Learning Center","OPSTFIPS":"26","STREET":"9650 WAYNE RD","CITY":"ROMULUS","STATE":"MI","ZIP":"48174","STFIP":"26","CNTY":"26163","NMCNTY":"Wayne County","LOCALE":"21","LAT":42.232571,"LON":-83.389417,"CBSA":"19820","NMCBSA":"Detroit-Warren-Dearborn, MI","CBSATYPE":"1","CSA":"220","NMCSA":"Detroit-Warren-Ann Arbor, MI","CD":"2613","SLDL":"26026","SLDU":"26004","SCHOOLYEAR":"2024-2025"}},{"type":"Feature","id":45900,"geometry":{"type":"Point","coordinates":[-82.9546999997623,42.4856999998763]},"properties":{"OBJECTID":45900,"NCESSCH":"263021006615","LEAID":"2630210","NAME":"Dort Elementary School","OPSTFIPS":"26","STREET":"16225 DORT ST","CITY":"ROSEVILLE","STATE":"MI","ZIP":"48066","STFIP":"26","CNTY":"26099","NMCNTY":"Macomb County","LOCALE":"21","LAT":42.4857,"LON":-82.9547,"CBSA":"19820","NMCBSA":"Detroit-Warren-Dearborn, MI","CBSATYPE":"1","CSA":"220","NMCSA":"Detroit-Warren-Ann Arbor, MI","CD":"2610","SLDL":"26013","SLDU":"26011","SCHOOLYEAR":"2024-2025"}},{"type":"Feature","id":45901,"geometry":{"type":"Point","coordinates":[-82.91579999942616,42.51459999992467]},"properties":{"OBJECTID":45901,"NCESSCH":"263021006616","LEAID":"2630210","NAME":"John R Kment Elementary School","OPSTFIPS":"26","STREET":"20033 WASHINGTON ST","CITY":"ROSEVILLE","STATE":"MI","ZIP":"48066","STFIP":"26","CNTY":"26099","NMCNTY":"Macomb County","LOCALE":"21","LAT":42.5146,"LON":-82.9158,"CBSA":"19820","NMCBSA":"Detroit-Warren-Dearborn, MI","CBSATYPE":"1","CSA":"220","NMCSA":"Detroit-Warren-Ann Arbor, MI","CD":"2610","SLDL":"26062","SLDU":"26011","SCHOOLYEAR":"2024-2025"}},{"type":"Feature","id":45902,"geometry":{"type":"Point","coordinates":[-82.92910000001882,42.520000000209905]},"properties":{"OBJECTID":45902,"NCESSCH":"263021006617","LEAID":"2630210","NAME":"Eastland Middle School","OPSTFIPS":"26","STREET":"18700 FRANK ST","CITY":"ROSEVILLE","STATE":"MI","ZIP":"48066","STFIP":"26","CNTY":"26099","NMCNTY":"Macomb County","LOCALE":"21","LAT":42.52,"LON":-82.9291,"CBSA":"19820","NMCBSA":"Detroit-Warren-Dearborn, MI","CBSATYPE":"1","CSA":"220","NMCSA":"Detroit-Warren-Ann Arbor, MI","CD":"2610","SLDL":"26013","SLDU":"26011","SCHOOLYEAR":"2024-2025"}},{"type":"Feature","id":45903,"geometry":{"type":"Point","coordinates":[-82.9513000005928,42.5061999996629]},"properties":{"OBJECTID":45903,"NCESSCH":"263021006619","LEAID":"2630210","NAME":"Fountain Elementary School","OPSTFIPS":"26","STREET":"16850 WELLINGTON AVE","CITY":"ROSEVILLE","STATE":"MI","ZIP":"48066","STFIP":"26","CNTY":"26099","NMCNTY":"Macomb County","LOCALE":"21","LAT":42.5062,"LON":-82.9513,"CBSA":"19820","NMCBSA":"Detroit-Warren-Dearborn, MI","CBSATYPE":"1","CSA":"220","NMCSA":"Detroit-Warren-Ann Arbor, MI","CD":"2610","SLDL":"26013","SLDU":"26011","SCHOOLYEAR":"2024-2025"}},{"type":"Feature","id":45904,"geometry":{"type":"Point","coordinates":[-82.92880000017897,42.48999999993344]},"properties":{"OBJECTID":45904,"NCESSCH":"263021006621","LEAID":"2630210","NAME":"Ruth H Green Elementary School","OPSTFIPS":"26","STREET":"18530 MARQUETTE ST","CITY":"ROSEVILLE","STATE":"MI","ZIP":"48066","STFIP":"26","CNTY":"26099","NMCNTY":"Macomb County","LOCALE":"21","LAT":42.49,"LON":-82.9288,"CBSA":"19820","NMCBSA":"Detroit-Warren-Dearborn, MI","CBSATYPE":"1","CSA":"220","NMCSA":"Detroit-Warren-Ann Arbor, MI","CD":"2610","SLDL":"26013","SLDU":"26011","SCHOOLYEAR":"2024-2025"}},{"type":"Feature","id":45905,"geometry":{"type":"Point","coordinates":[-82.94869999951875,42.4923000003416]},"properties":{"OBJECTID":45905,"NCESSCH":"263021006622","LEAID":"2630210","NAME":"Kaiser Elementary School","OPSTFIPS":"26","STREET":"16700 WILDWOOD ST","CITY":"ROSEVILLE","STATE":"MI","ZIP":"48066","STFIP":"26","CNTY":"26099","NMCNTY":"Macomb County","LOCALE":"21","LAT":42.4923,"LON":-82.9487,"CBSA":"19820","NMCBSA":"Detroit-Warren-Dearborn, MI","CBSATYPE":"1","CSA":"220","NMCSA":"Detroit-Warren-Ann Arbor, MI","CD":"2610","SLDL":"26013","SLDU":"26011","SCHOOLYEAR":"2024-2025"}},{"type":"Feature","id":45906,"geometry":{"type":"Point","coordinates":[-82.92710000031033,42.52990000005549]},"properties":{"OBJECTID":45906,"NCESSCH":"263021006624","LEAID":"2630210","NAME":"Lucile S Patton Elem School","OPSTFIPS":"26","STREET":"18851 MCKINNON ST","CITY":"ROSEVILLE","STATE":"MI","ZIP":"48066","STFIP":"26","CNTY":"26099","NMCNTY":"Macomb County","LOCALE":"21","LAT":42.5299,"LON":-82.9271,"CBSA":"19820","NMCBSA":"Detroit-Warren-Dearborn, MI","CBSATYPE":"1","CSA":"220","NMCSA":"Detroit-Warren-Ann Arbor, MI","CD":"2610","SLDL":"26062","SLDU":"26011","SCHOOLYEAR":"2024-2025"}},{"type":"Feature","id":45907,"geometry":{"type":"Point","coordinates":[-82.95380000082217,42.50030000049694]},"properties":{"OBJECTID":45907,"NCESSCH":"263021006627","LEAID":"2630210","NAME":"Roseville Middle School","OPSTFIPS":"26","STREET":"16250 MARTIN RD","CITY":"ROSEVILLE","STATE":"MI","ZIP":"48066","STFIP":"26","CNTY":"26099","NMCNTY":"Macomb County","LOCALE":"21","LAT":42.5003,"LON":-82.9538,"CBSA":"19820","NMCBSA":"Detroit-Warren-Dearborn, MI","CBSATYPE":"1","CSA":"220","NMCSA":"Detroit-Warren-Ann Arbor, MI","CD":"2610","SLDL":"26013","SLDU":"26011","SCHOOLYEAR":"2024-2025"}},{"type":"Feature","id":45908,"geometry":{"type":"Point","coordinates":[-82.93679999929941,42.51899999964736]},"properties":{"OBJECTID":45908,"NCESSCH":"263021006628","LEAID":"2630210","NAME":"Roseville High School","OPSTFIPS":"26","STREET":"17855 COMMON RD","CITY":"ROSEVILLE","STATE":"MI","ZIP":"48066","STFIP":"26","CNTY":"26099","NMCNTY":"Macomb County","LOCALE":"21","LAT":42.519,"LON":-82.9368,"CBSA":"19820","NMCBSA":"Detroit-Warren-Dearborn, MI","CBSATYPE":"1","CSA":"220","NMCSA":"Detroit-Warren-Ann Arbor, MI","CD":"2610","SLDL":"26013","SLDU":"26011","SCHOOLYEAR":"2024-2025"}},{"type":"Feature","id":45909,"geometry":{"type":"Point","coordinates":[-82.95250000023854,42.4983000002094]},"properties":{"OBJECTID":45909,"NCESSCH":"263021008000","LEAID":"2630210","NAME":"Joseph G Steenland Elementary School","OPSTFIPS":"26","STREET":"16335 CHESTNUT ST","CITY":"ROSEVILLE","STATE":"MI","ZIP":"48066","STFIP":"26","CNTY":"26099","NMCNTY":"Macomb County","LOCALE":"21","LAT":42.4983,"LON":-82.9525,"CBSA":"19820","NMCBSA":"Detroit-Warren-Dearborn, MI","CBSATYPE":"1","CSA":"220","NMCSA":"Detroit-Warren-Ann Arbor, MI","CD":"2610","SLDL":"26013","SLDU":"26011","SCHOOLYEAR":"2024-2025"}},{"type":"Feature","id":45910,"geometry":{"type":"Point","coordinates":[-83.13480399981941,42.514276999853564]},"properties":{"OBJECTID":45910,"NCESSCH":"263030002040","LEAID":"2630300","NAME":"Churchill Community Ed Center","OPSTFIPS":"26","STREET":"707 GIRARD AVE","CITY":"ROYAL OAK","STATE":"MI","ZIP":"48073","STFIP":"26","CNTY":"26125","NMCNTY":"Oakland County","LOCALE":"21","LAT":42.514277,"LON":-83.134804,"CBSA":"19820","NMCBSA":"Detroit-Warren-Dearborn, MI","CBSATYPE":"1","CSA":"220","NMCSA":"Detroit-Warren-Ann Arbor, MI","CD":"2611","SLDL":"26056","SLDU":"26008","SCHOOLYEAR":"2024-2025"}},{"type":"Feature","id":45911,"geometry":{"type":"Point","coordinates":[-83.12569999993396,42.502500000239245]},"properties":{"OBJECTID":45911,"NCESSCH":"263030002068","LEAID":"2630300","NAME":"Keller Elementary","OPSTFIPS":"26","STREET":"1505 N CAMPBELL RD","CITY":"ROYAL OAK","STATE":"MI","ZIP":"48067","STFIP":"26","CNTY":"26125","NMCNTY":"Oakland County","LOCALE":"21","LAT":42.5025,"LON":-83.1257,"CBSA":"19820","NMCBSA":"Detroit-Warren-Dearborn, MI","CBSATYPE":"1","CSA":"220","NMCSA":"Detroit-Warren-Ann Arbor, MI","CD":"2611","SLDL":"26006","SLDU":"26008","SCHOOLYEAR":"2024-2025"}},{"type":"Feature","id":45912,"geometry":{"type":"Point","coordinates":[-83.1478000000311,42.49489999978641]},"properties":{"OBJECTID":45912,"NCESSCH":"263030002069","LEAID":"2630300","NAME":"Royal Oak Middle School","OPSTFIPS":"26","STREET":"709 N WASHINGTON AVE","CITY":"ROYAL OAK","STATE":"MI","ZIP":"48067","STFIP":"26","CNTY":"26125","NMCNTY":"Oakland County","LOCALE":"21","LAT":42.4949,"LON":-83.1478,"CBSA":"19820","NMCBSA":"Detroit-Warren-Dearborn, MI","CBSATYPE":"1","CSA":"220","NMCSA":"Detroit-Warren-Ann Arbor, MI","CD":"2611","SLDL":"26006","SLDU":"26008","SCHOOLYEAR":"2024-2025"}},{"type":"Feature","id":45913,"geometry":{"type":"Point","coordinates":[-83.1711719997359,42.51136200050486]},"properties":{"OBJECTID":45913,"NCESSCH":"263030002070","LEAID":"2630300","NAME":"Addams Elementary and ECC","OPSTFIPS":"26","STREET":"2222 W WEBSTER RD","CITY":"ROYAL OAK","STATE":"MI","ZIP":"48073","STFIP":"26","CNTY":"26125","NMCNTY":"Oakland County","LOCALE":"21","LAT":42.511362,"LON":-83.171172,"CBSA":"19820","NMCBSA":"Detroit-Warren-Dearborn, MI","CBSATYPE":"1","CSA":"220","NMCSA":"Detroit-Warren-Ann Arbor, MI","CD":"2611","SLDL":"26006","SLDU":"26008","SCHOOLYEAR":"2024-2025"}},{"type":"Feature","id":45914,"geometry":{"type":"Point","coordinates":[-83.16099999973687,42.523600000171975]},"properties":{"OBJECTID":45914,"NCESSCH":"263030006637","LEAID":"2630300","NAME":"Royal Oak High School","OPSTFIPS":"26","STREET":"1500 LEXINGTON BLVD","CITY":"ROYAL OAK","STATE":"MI","ZIP":"48073","STFIP":"26","CNTY":"26125","NMCNTY":"Oakland County","LOCALE":"21","LAT":42.5236,"LON":-83.161,"CBSA":"19820","NMCBSA":"Detroit-Warren-Dearborn, MI","CBSATYPE":"1","CSA":"220","NMCSA":"Detroit-Warren-Ann Arbor, MI","CD":"2611","SLDL":"26056","SLDU":"26008","SCHOOLYEAR":"2024-2025"}},{"type":"Feature","id":45915,"geometry":{"type":"Point","coordinates":[-83.15469500013523,42.50557599931827]},"properties":{"OBJECTID":45915,"NCESSCH":"263030006642","LEAID":"2630300","NAME":"Northwood Elementary School","OPSTFIPS":"26","STREET":"926 W 12 MILE RD","CITY":"ROYAL OAK","STATE":"MI","ZIP":"48073","STFIP":"26","CNTY":"26125","NMCNTY":"Oakland County","LOCALE":"21","LAT":42.505576,"LON":-83.154695,"CBSA":"19820","NMCBSA":"Detroit-Warren-Dearborn, MI","CBSATYPE":"1","CSA":"220","NMCSA":"Detroit-Warren-Ann Arbor, MI","CD":"2611","SLDL":"26006","SLDU":"26008","SCHOOLYEAR":"2024-2025"}},{"type":"Feature","id":45916,"geometry":{"type":"Point","coordinates":[-83.13760000007804,42.51860000047341]},"properties":{"OBJECTID":45916,"NCESSCH":"263030006643","LEAID":"2630300","NAME":"Oak Ridge Elementary School","OPSTFIPS":"26","STREET":"506 E 13 MILE RD","CITY":"ROYAL OAK","STATE":"MI","ZIP":"48073","STFIP":"26","CNTY":"26125","NMCNTY":"Oakland County","LOCALE":"21","LAT":42.5186,"LON":-83.1376,"CBSA":"19820","NMCBSA":"Detroit-Warren-Dearborn, MI","CBSATYPE":"1","CSA":"220","NMCSA":"Detroit-Warren-Ann Arbor, MI","CD":"2611","SLDL":"26056","SLDU":"26008","SCHOOLYEAR":"2024-2025"}},{"type":"Feature","id":45917,"geometry":{"type":"Point","coordinates":[-83.11579999991069,42.48099999995082]},"properties":{"OBJECTID":45917,"NCESSCH":"263030006644","LEAID":"2630300","NAME":"Oakland Elementary School","OPSTFIPS":"26","STREET":"2415 BROCKTON AVE","CITY":"ROYAL OAK","STATE":"MI","ZIP":"48067","STFIP":"26","CNTY":"26125","NMCNTY":"Oakland County","LOCALE":"21","LAT":42.481,"LON":-83.1158,"CBSA":"19820","NMCBSA":"Detroit-Warren-Dearborn, MI","CBSATYPE":"1","CSA":"220","NMCSA":"Detroit-Warren-Ann Arbor, MI","CD":"2611","SLDL":"26006","SLDU":"26008","SCHOOLYEAR":"2024-2025"}},{"type":"Feature","id":45918,"geometry":{"type":"Point","coordinates":[-83.18589999992123,42.52929999991659]},"properties":{"OBJECTID":45918,"NCESSCH":"263030006647","LEAID":"2630300","NAME":"Alfred E Upton Elementary School","OPSTFIPS":"26","STREET":"4400 MANDALAY AVE","CITY":"ROYAL OAK","STATE":"MI","ZIP":"48073","STFIP":"26","CNTY":"26125","NMCNTY":"Oakland County","LOCALE":"21","LAT":42.5293,"LON":-83.1859,"CBSA":"19820","NMCBSA":"Detroit-Warren-Dearborn, MI","CBSATYPE":"1","CSA":"220","NMCSA":"Detroit-Warren-Ann Arbor, MI","CD":"2611","SLDL":"26006","SLDU":"26008","SCHOOLYEAR":"2024-2025"}},{"type":"Feature","id":45946,"geometry":{"type":"Point","coordinates":[-83.78150000045731,42.182800000646225]},"properties":{"OBJECTID":45946,"NCESSCH":"263066001002","LEAID":"2630660","NAME":"Woodland Meadows Elementary School","OPSTFIPS":"26","STREET":"350 WOODLAND DR","CITY":"SALINE","STATE":"MI","ZIP":"48176","STFIP":"26","CNTY":"26161","NMCNTY":"Washtenaw County","LOCALE":"21","LAT":42.1828,"LON":-83.7815,"CBSA":"11460","NMCBSA":"Ann Arbor, MI","CBSATYPE":"1","CSA":"220","NMCSA":"Detroit-Warren-Ann Arbor, MI","CD":"2606","SLDL":"26033","SLDU":"26015","SCHOOLYEAR":"2024-2025"}},{"type":"Feature","id":45947,"geometry":{"type":"Point","coordinates":[-83.78340000001883,42.18260000051427]},"properties":{"OBJECTID":45947,"NCESSCH":"263066001003","LEAID":"2630660","NAME":"Heritage School","OPSTFIPS":"26","STREET":"290 WOODLAND DR","CITY":"SALINE","STATE":"MI","ZIP":"48176","STFIP":"26","CNTY":"26161","NMCNTY":"Washtenaw County","LOCALE":"21","LAT":42.1826,"LON":-83.7834,"CBSA":"11460","NMCBSA":"Ann Arbor, MI","CBSATYPE":"1","CSA":"220","NMCSA":"Detroit-Warren-Ann Arbor, MI","CD":"2606","SLDL":"26033","SLDU":"26015","SCHOOLYEAR":"2024-2025"}},{"type":"Feature","id":45948,"geometry":{"type":"Point","coordinates":[-83.74430000063442,42.18859999956178]},"properties":{"OBJECTID":45948,"NCESSCH":"263066001466","LEAID":"2630660","NAME":"Harvest Elementary School","OPSTFIPS":"26","STREET":"1155 CAMPUS PKWY","CITY":"SALINE","STATE":"MI","ZIP":"48176","STFIP":"26","CNTY":"26161","NMCNTY":"Washtenaw County","LOCALE":"21","LAT":42.1886,"LON":-83.7443,"CBSA":"11460","NMCBSA":"Ann Arbor, MI","CBSATYPE":"1","CSA":"220","NMCSA":"Detroit-Warren-Ann Arbor, MI","CD":"2606","SLDL":"26033","SLDU":"26015","SCHOOLYEAR":"2024-2025"}},{"type":"Feature","id":45949,"geometry":{"type":"Point","coordinates":[-83.7763999996709,42.180300000463994]},"properties":{"OBJECTID":45949,"NCESSCH":"263066006707","LEAID":"2630660","NAME":"Saline Middle School","OPSTFIPS":"26","STREET":"7190 N MAPLE RD","CITY":"SALINE","STATE":"MI","ZIP":"48176","STFIP":"26","CNTY":"26161","NMCNTY":"Washtenaw County","LOCALE":"21","LAT":42.1803,"LON":-83.7764,"CBSA":"11460","NMCBSA":"Ann Arbor, MI","CBSATYPE":"1","CSA":"220","NMCSA":"Detroit-Warren-Ann Arbor, MI","CD":"2606","SLDL":"26033","SLDU":"26015","SCHOOLYEAR":"2024-2025"}},{"type":"Feature","id":45950,"geometry":{"type":"Point","coordinates":[-83.74879999999912,42.18849999931544]},"properties":{"OBJECTID":45950,"NCESSCH":"263066006709","LEAID":"2630660","NAME":"Saline High School","OPSTFIPS":"26","STREET":"1300 CAMPUS PKWY","CITY":"SALINE","STATE":"MI","ZIP":"48176","STFIP":"26","CNTY":"26161","NMCNTY":"Washtenaw County","LOCALE":"21","LAT":42.1885,"LON":-83.7488,"CBSA":"11460","NMCBSA":"Ann Arbor, MI","CBSATYPE":"1","CSA":"220","NMCSA":"Detroit-Warren-Ann Arbor, MI","CD":"2606","SLDL":"26033","SLDU":"26015","SCHOOLYEAR":"2024-2025"}},{"type":"Feature","id":45951,"geometry":{"type":"Point","coordinates":[-83.77549999990802,42.164100000647615]},"properties":{"OBJECTID":45951,"NCESSCH":"263066007724","LEAID":"2630660","NAME":"Pleasant Ridge Elementary School","OPSTFIPS":"26","STREET":"229 PLEASANT RIDGE DR","CITY":"SALINE","STATE":"MI","ZIP":"48176","STFIP":"26","CNTY":"26161","NMCNTY":"Washtenaw County","LOCALE":"21","LAT":42.1641,"LON":-83.7755,"CBSA":"11460","NMCBSA":"Ann Arbor, MI","CBSATYPE":"1","CSA":"220","NMCSA":"Detroit-Warren-Ann Arbor, MI","CD":"2606","SLDL":"26033","SLDU":"26015","SCHOOLYEAR":"2024-2025"}},{"type":"Feature","id":45952,"geometry":{"type":"Point","coordinates":[-83.78599999958071,42.180079999936936]},"properties":{"OBJECTID":45952,"NCESSCH":"263066007868","LEAID":"2630660","NAME":"Saline Alternative High School","OPSTFIPS":"26","STREET":"7265 N ANN ARBOR ST","CITY":"SALINE","STATE":"MI","ZIP":"48176","STFIP":"26","CNTY":"26161","NMCNTY":"Washtenaw County","LOCALE":"21","LAT":42.18008,"LON":-83.786,"CBSA":"11460","NMCBSA":"Ann Arbor, MI","CBSATYPE":"1","CSA":"220","NMCSA":"Detroit-Warren-Ann Arbor, MI","CD":"2606","SLDL":"26033","SLDU":"26015","SCHOOLYEAR":"2024-2025"}},{"type":"Feature","id":45953,"geometry":{"type":"Point","coordinates":[-83.78166599916679,42.16820500005955]},"properties":{"OBJECTID":45953,"NCESSCH":"263066008201","LEAID":"2630660","NAME":"Young Adult Program","OPSTFIPS":"26","STREET":"7265 N ANN ARBOR ST","CITY":"SALINE","STATE":"MI","ZIP":"48176","STFIP":"26","CNTY":"26161","NMCNTY":"Washtenaw County","LOCALE":"21","LAT":42.168205,"LON":-83.781666,"CBSA":"11460","NMCBSA":"Ann Arbor, MI","CBSATYPE":"1","CSA":"220","NMCSA":"Detroit-Warren-Ann Arbor, MI","CD":"2606","SLDL":"26033","SLDU":"26015","SCHOOLYEAR":"2024-2025"}},{"type":"Feature","id":45954,"geometry":{"type":"Point","coordinates":[-84.10260000026896,41.82219999942913]},"properties":{"OBJECTID":45954,"NCESSCH":"263078006711","LEAID":"2630780","NAME":"Sand Creek High School","OPSTFIPS":"26","STREET":"6518 SAND CREEK HWY","CITY":"SAND CREEK","STATE":"MI","ZIP":"49279","STFIP":"26","CNTY":"26091","NMCNTY":"Lenawee County","LOCALE":"42","LAT":41.8222,"LON":-84.1026,"CBSA":"10300","NMCBSA":"Adrian, MI","CBSATYPE":"2","CSA":"220","NMCSA":"Detroit-Warren-Ann Arbor, MI","CD":"2605","SLDL":"26034","SLDU":"26016","SCHOOLYEAR":"2024-2025"}},{"type":"Feature","id":45955,"geometry":{"type":"Point","coordinates":[-84.1025999999245,41.81839999975336]},"properties":{"OBJECTID":45955,"NCESSCH":"263078006712","LEAID":"2630780","NAME":"Ruth McGregor Elementary School","OPSTFIPS":"26","STREET":"6850 SAND CREEK HWY","CITY":"SAND CREEK","STATE":"MI","ZIP":"49279","STFIP":"26","CNTY":"26091","NMCNTY":"Lenawee County","LOCALE":"42","LAT":41.8184,"LON":-84.1026,"CBSA":"10300","NMCBSA":"Adrian, MI","CBSATYPE":"2","CSA":"220","NMCSA":"Detroit-Warren-Ann Arbor, MI","CD":"2605","SLDL":"26034","SLDU":"26016","SCHOOLYEAR":"2024-2025"}},{"type":"Feature","id":45981,"geometry":{"type":"Point","coordinates":[-82.91979999951906,42.458399999805486]},"properties":{"OBJECTID":45981,"NCESSCH":"263222000205","LEAID":"2632220","NAME":"Avalon Elementary School","OPSTFIPS":"26","STREET":"20000 AVALON ST","CITY":"SAINT CLAIR SHORES","STATE":"MI","ZIP":"48080","STFIP":"26","CNTY":"26099","NMCNTY":"Macomb County","LOCALE":"21","LAT":42.4584,"LON":-82.9198,"CBSA":"19820","NMCBSA":"Detroit-Warren-Dearborn, MI","CBSATYPE":"1","CSA":"220","NMCSA":"Detroit-Warren-Ann Arbor, MI","CD":"2610","SLDL":"26012","SLDU":"26012","SCHOOLYEAR":"2024-2025"}},{"type":"Feature","id":45982,"geometry":{"type":"Point","coordinates":[-82.89490000063125,42.45600000062739]},"properties":{"OBJECTID":45982,"NCESSCH":"263222006748","LEAID":"2632220","NAME":"Elmwood Elementary School","OPSTFIPS":"26","STREET":"22700 CALIFORNIA ST","CITY":"SAINT CLAIR SHORES","STATE":"MI","ZIP":"48080","STFIP":"26","CNTY":"26099","NMCNTY":"Macomb County","LOCALE":"21","LAT":42.456,"LON":-82.8949,"CBSA":"19820","NMCBSA":"Detroit-Warren-Dearborn, MI","CBSATYPE":"1","CSA":"220","NMCSA":"Detroit-Warren-Ann Arbor, MI","CD":"2610","SLDL":"26012","SLDU":"26012","SCHOOLYEAR":"2024-2025"}},{"type":"Feature","id":45983,"geometry":{"type":"Point","coordinates":[-82.90849999918503,42.45999999965363]},"properties":{"OBJECTID":45983,"NCESSCH":"263222006749","LEAID":"2632220","NAME":"South Lake Middle School","OPSTFIPS":"26","STREET":"21621 CALIFORNIA ST","CITY":"SAINT CLAIR SHORES","STATE":"MI","ZIP":"48080","STFIP":"26","CNTY":"26099","NMCNTY":"Macomb County","LOCALE":"21","LAT":42.46,"LON":-82.9085,"CBSA":"19820","NMCBSA":"Detroit-Warren-Dearborn, MI","CBSATYPE":"1","CSA":"220","NMCSA":"Detroit-Warren-Ann Arbor, MI","CD":"2610","SLDL":"26012","SLDU":"26012","SCHOOLYEAR":"2024-2025"}},{"type":"Feature","id":45984,"geometry":{"type":"Point","coordinates":[-82.90200000069416,42.465599999967985]},"properties":{"OBJECTID":45984,"NCESSCH":"263222006751","LEAID":"2632220","NAME":"South Lake High School","OPSTFIPS":"26","STREET":"21900 E 9 MILE RD","CITY":"ST CLR SHORES","STATE":"MI","ZIP":"48080","STFIP":"26","CNTY":"26099","NMCNTY":"Macomb County","LOCALE":"21","LAT":42.4656,"LON":-82.902,"CBSA":"19820","NMCBSA":"Detroit-Warren-Dearborn, MI","CBSATYPE":"1","CSA":"220","NMCSA":"Detroit-Warren-Ann Arbor, MI","CD":"2610","SLDL":"26012","SLDU":"26012","SCHOOLYEAR":"2024-2025"}},{"type":"Feature","id":45985,"geometry":{"type":"Point","coordinates":[-83.69490000068275,42.46019999989135]},"properties":{"OBJECTID":45985,"NCESSCH":"263225001245","LEAID":"2632250","NAME":"William A Brummer Elementary School","OPSTFIPS":"26","STREET":"9919 N RUSHTON RD","CITY":"SOUTH LYON","STATE":"MI","ZIP":"48178","STFIP":"26","CNTY":"26093","NMCNTY":"Livingston County","LOCALE":"22","LAT":42.4602,"LON":-83.6949,"CBSA":"19820","NMCBSA":"Detroit-Warren-Dearborn, MI","CBSATYPE":"1","CSA":"220","NMCSA":"Detroit-Warren-Ann Arbor, MI","CD":"2607","SLDL":"26049","SLDU":"26022","SCHOOLYEAR":"2024-2025"}},{"type":"Feature","id":45986,"geometry":{"type":"Point","coordinates":[-83.6612999999899,42.50939999923724]},"properties":{"OBJECTID":45986,"NCESSCH":"263225001401","LEAID":"2632250","NAME":"Kent Lake Elementary School","OPSTFIPS":"26","STREET":"30181 KENT LAKE RD","CITY":"SOUTH LYON","STATE":"MI","ZIP":"48178","STFIP":"26","CNTY":"26125","NMCNTY":"Oakland County","LOCALE":"41","LAT":42.5094,"LON":-83.6613,"CBSA":"19820","NMCBSA":"Detroit-Warren-Dearborn, MI","CBSATYPE":"1","CSA":"220","NMCSA":"Detroit-Warren-Ann Arbor, MI","CD":"2607","SLDL":"26049","SLDU":"26023","SCHOOLYEAR":"2024-2025"}},{"type":"Feature","id":45987,"geometry":{"type":"Point","coordinates":[-83.65890000039265,42.44660000034572]},"properties":{"OBJECTID":45987,"NCESSCH":"263225001599","LEAID":"2632250","NAME":"Centennial Middle School","OPSTFIPS":"26","STREET":"62500 9 MILE RD","CITY":"SOUTH LYON","STATE":"MI","ZIP":"48178","STFIP":"26","CNTY":"26125","NMCNTY":"Oakland County","LOCALE":"22","LAT":42.4466,"LON":-83.6589,"CBSA":"19820","NMCBSA":"Detroit-Warren-Dearborn, MI","CBSATYPE":"1","CSA":"220","NMCSA":"Detroit-Warren-Ann Arbor, MI","CD":"2607","SLDL":"26023","SLDU":"26023","SCHOOLYEAR":"2024-2025"}},{"type":"Feature","id":45988,"geometry":{"type":"Point","coordinates":[-83.58370000031397,42.46759999987207]},"properties":{"OBJECTID":45988,"NCESSCH":"263225001687","LEAID":"2632250","NAME":"Sharon J Hardy Elementary School","OPSTFIPS":"26","STREET":"24650 COLLINGWOOD DR","CITY":"SOUTH LYON","STATE":"MI","ZIP":"48178","STFIP":"26","CNTY":"26125","NMCNTY":"Oakland County","LOCALE":"22","LAT":42.4676,"LON":-83.5837,"CBSA":"19820","NMCBSA":"Detroit-Warren-Dearborn, MI","CBSATYPE":"1","CSA":"220","NMCSA":"Detroit-Warren-Ann Arbor, MI","CD":"2607","SLDL":"26021","SLDU":"26023","SCHOOLYEAR":"2024-2025"}},{"type":"Feature","id":45989,"geometry":{"type":"Point","coordinates":[-83.56580000058669,42.465000000328665]},"properties":{"OBJECTID":45989,"NCESSCH":"263225001837","LEAID":"2632250","NAME":"South Lyon East High School","OPSTFIPS":"26","STREET":"52000 10 MILE RD","CITY":"SOUTH LYON","STATE":"MI","ZIP":"48178","STFIP":"26","CNTY":"26125","NMCNTY":"Oakland County","LOCALE":"22","LAT":42.465,"LON":-83.5658,"CBSA":"19820","NMCBSA":"Detroit-Warren-Dearborn, MI","CBSATYPE":"1","CSA":"220","NMCSA":"Detroit-Warren-Ann Arbor, MI","CD":"2607","SLDL":"26021","SLDU":"26023","SCHOOLYEAR":"2024-2025"}},{"type":"Feature","id":45990,"geometry":{"type":"Point","coordinates":[-83.61360000038374,42.509499999695436]},"properties":{"OBJECTID":45990,"NCESSCH":"263225006752","LEAID":"2632250","NAME":"Ann L Dolsen Elementary School","OPSTFIPS":"26","STREET":"56775 RICE ST","CITY":"NEW HUDSON","STATE":"MI","ZIP":"48165","STFIP":"26","CNTY":"26125","NMCNTY":"Oakland County","LOCALE":"21","LAT":42.5095,"LON":-83.6136,"CBSA":"19820","NMCBSA":"Detroit-Warren-Dearborn, MI","CBSATYPE":"1","CSA":"220","NMCSA":"Detroit-Warren-Ann Arbor, MI","CD":"2607","SLDL":"26049","SLDU":"26023","SCHOOLYEAR":"2024-2025"}},{"type":"Feature","id":45991,"geometry":{"type":"Point","coordinates":[-83.5783000006775,42.40319999983121]},"properties":{"OBJECTID":45991,"NCESSCH":"263225006753","LEAID":"2632250","NAME":"Salem Elementary School","OPSTFIPS":"26","STREET":"7806 SALEM RD","CITY":"NORTHVILLE","STATE":"MI","ZIP":"48168","STFIP":"26","CNTY":"26161","NMCNTY":"Washtenaw County","LOCALE":"41","LAT":42.4032,"LON":-83.5783,"CBSA":"11460","NMCBSA":"Ann Arbor, MI","CBSATYPE":"1","CSA":"220","NMCSA":"Detroit-Warren-Ann Arbor, MI","CD":"2606","SLDL":"26023","SLDU":"26014","SCHOOLYEAR":"2024-2025"}},{"type":"Feature","id":45992,"geometry":{"type":"Point","coordinates":[-83.64439999947425,42.452200000069624]},"properties":{"OBJECTID":45992,"NCESSCH":"263225006754","LEAID":"2632250","NAME":"Sayre Elementary School","OPSTFIPS":"26","STREET":"23000 VALERIE ST","CITY":"SOUTH LYON","STATE":"MI","ZIP":"48178","STFIP":"26","CNTY":"26125","NMCNTY":"Oakland County","LOCALE":"22","LAT":42.4522,"LON":-83.6444,"CBSA":"19820","NMCBSA":"Detroit-Warren-Dearborn, MI","CBSATYPE":"1","CSA":"220","NMCSA":"Detroit-Warren-Ann Arbor, MI","CD":"2607","SLDL":"26023","SLDU":"26023","SCHOOLYEAR":"2024-2025"}},{"type":"Feature","id":45993,"geometry":{"type":"Point","coordinates":[-83.65030000022952,42.47310000043558]},"properties":{"OBJECTID":45993,"NCESSCH":"263225006755","LEAID":"2632250","NAME":"South Lyon High School","OPSTFIPS":"26","STREET":"1000 N LAFAYETTE ST","CITY":"SOUTH LYON","STATE":"MI","ZIP":"48178","STFIP":"26","CNTY":"26125","NMCNTY":"Oakland County","LOCALE":"22","LAT":42.4731,"LON":-83.6503,"CBSA":"19820","NMCBSA":"Detroit-Warren-Dearborn, MI","CBSATYPE":"1","CSA":"220","NMCSA":"Detroit-Warren-Ann Arbor, MI","CD":"2607","SLDL":"26023","SLDU":"26023","SCHOOLYEAR":"2024-2025"}},{"type":"Feature","id":45994,"geometry":{"type":"Point","coordinates":[-83.65669999928485,42.46340000040661]},"properties":{"OBJECTID":45994,"NCESSCH":"263225006756","LEAID":"2632250","NAME":"Frank E Bartlett School","OPSTFIPS":"26","STREET":"350 SCHOOL ST","CITY":"SOUTH LYON","STATE":"MI","ZIP":"48178","STFIP":"26","CNTY":"26125","NMCNTY":"Oakland County","LOCALE":"22","LAT":42.4634,"LON":-83.6567,"CBSA":"19820","NMCBSA":"Detroit-Warren-Dearborn, MI","CBSATYPE":"1","CSA":"220","NMCSA":"Detroit-Warren-Ann Arbor, MI","CD":"2607","SLDL":"26023","SLDU":"26023","SCHOOLYEAR":"2024-2025"}},{"type":"Feature","id":45995,"geometry":{"type":"Point","coordinates":[-83.65250000048886,42.447199999778086]},"properties":{"OBJECTID":45995,"NCESSCH":"263225007671","LEAID":"2632250","NAME":"Millennium Middle School","OPSTFIPS":"26","STREET":"61526 9 MILE RD","CITY":"SOUTH LYON","STATE":"MI","ZIP":"48178","STFIP":"26","CNTY":"26125","NMCNTY":"Oakland County","LOCALE":"22","LAT":42.4472,"LON":-83.6525,"CBSA":"19820","NMCBSA":"Detroit-Warren-Dearborn, MI","CBSATYPE":"1","CSA":"220","NMCSA":"Detroit-Warren-Ann Arbor, MI","CD":"2607","SLDL":"26023","SLDU":"26023","SCHOOLYEAR":"2024-2025"}},{"type":"Feature","id":45996,"geometry":{"type":"Point","coordinates":[-83.65890599939551,42.44661100034737]},"properties":{"OBJECTID":45996,"NCESSCH":"263225008493","LEAID":"2632250","NAME":"SPECIAL EDUCATION","OPSTFIPS":"26","STREET":"62500 9 MILE RD","CITY":"SOUTH LYON","STATE":"MI","ZIP":"48178","STFIP":"26","CNTY":"26125","NMCNTY":"Oakland County","LOCALE":"22","LAT":42.446611,"LON":-83.658906,"CBSA":"19820","NMCBSA":"Detroit-Warren-Dearborn, MI","CBSATYPE":"1","CSA":"220","NMCSA":"Detroit-Warren-Ann Arbor, MI","CD":"2607","SLDL":"26023","SLDU":"26023","SCHOOLYEAR":"2024-2025"}},{"type":"Feature","id":45997,"geometry":{"type":"Point","coordinates":[-83.62078799959122,42.47740799969978]},"properties":{"OBJECTID":45997,"NCESSCH":"263225008838","LEAID":"2632250","NAME":"William A Pearson Elementary","OPSTFIPS":"26","STREET":"57900 11 MILE RD","CITY":"SOUTH LYON","STATE":"MI","ZIP":"48178","STFIP":"26","CNTY":"26125","NMCNTY":"Oakland County","LOCALE":"22","LAT":42.477408,"LON":-83.620788,"CBSA":"19820","NMCBSA":"Detroit-Warren-Dearborn, MI","CBSATYPE":"1","CSA":"220","NMCSA":"Detroit-Warren-Ann Arbor, MI","CD":"2607","SLDL":"26021","SLDU":"26023","SCHOOLYEAR":"2024-2025"}},{"type":"Feature","id":45998,"geometry":{"type":"Point","coordinates":[-83.28339999927168,42.35979999912658]},"properties":{"OBJECTID":45998,"NCESSCH":"263228006758","LEAID":"2632280","NAME":"Vandenberg Elementary School","OPSTFIPS":"26","STREET":"24901 CATHEDRAL","CITY":"REDFORD","STATE":"MI","ZIP":"48239","STFIP":"26","CNTY":"26163","NMCNTY":"Wayne County","LOCALE":"21","LAT":42.3598,"LON":-83.2834,"CBSA":"19820","NMCBSA":"Detroit-Warren-Dearborn, MI","CBSATYPE":"1","CSA":"220","NMCSA":"Detroit-Warren-Ann Arbor, MI","CD":"2612","SLDL":"26016","SLDU":"26006","SCHOOLYEAR":"2024-2025"}},{"type":"Feature","id":45999,"geometry":{"type":"Point","coordinates":[-83.28809999944754,42.367799999301695]},"properties":{"OBJECTID":45999,"NCESSCH":"263228006759","LEAID":"2632280","NAME":"Fisher Elementary School","OPSTFIPS":"26","STREET":"10000 CROSLEY","CITY":"REDFORD","STATE":"MI","ZIP":"48239","STFIP":"26","CNTY":"26163","NMCNTY":"Wayne County","LOCALE":"21","LAT":42.3678,"LON":-83.2881,"CBSA":"19820","NMCBSA":"Detroit-Warren-Dearborn, MI","CBSATYPE":"1","CSA":"220","NMCSA":"Detroit-Warren-Ann Arbor, MI","CD":"2612","SLDL":"26016","SLDU":"26006","SCHOOLYEAR":"2024-2025"}},{"type":"Feature","id":46000,"geometry":{"type":"Point","coordinates":[-83.30080000009833,42.38690000003078]},"properties":{"OBJECTID":46000,"NCESSCH":"263228006760","LEAID":"2632280","NAME":"Jane Addams Elementary School","OPSTFIPS":"26","STREET":"14025 BERWYN","CITY":"REDFORD","STATE":"MI","ZIP":"48239","STFIP":"26","CNTY":"26163","NMCNTY":"Wayne County","LOCALE":"21","LAT":42.3869,"LON":-83.3008,"CBSA":"19820","NMCBSA":"Detroit-Warren-Dearborn, MI","CBSATYPE":"1","CSA":"220","NMCSA":"Detroit-Warren-Ann Arbor, MI","CD":"2612","SLDL":"26016","SLDU":"26006","SCHOOLYEAR":"2024-2025"}},{"type":"Feature","id":46001,"geometry":{"type":"Point","coordinates":[-83.29229999954366,42.36569999971917]},"properties":{"OBJECTID":46001,"NCESSCH":"263228006761","LEAID":"2632280","NAME":"John D Pierce Middle School","OPSTFIPS":"26","STREET":"25605 ORANGELAWN","CITY":"REDFORD","STATE":"MI","ZIP":"48239","STFIP":"26","CNTY":"26163","NMCNTY":"Wayne County","LOCALE":"21","LAT":42.3657,"LON":-83.2923,"CBSA":"19820","NMCBSA":"Detroit-Warren-Dearborn, MI","CBSATYPE":"1","CSA":"220","NMCSA":"Detroit-Warren-Ann Arbor, MI","CD":"2612","SLDL":"26016","SLDU":"26006","SCHOOLYEAR":"2024-2025"}},{"type":"Feature","id":46002,"geometry":{"type":"Point","coordinates":[-83.30139999998848,42.383700000436015]},"properties":{"OBJECTID":46002,"NCESSCH":"263228006762","LEAID":"2632280","NAME":"Lee M Thurston High School","OPSTFIPS":"26","STREET":"26255 SCHOOLCRAFT","CITY":"REDFORD","STATE":"MI","ZIP":"48239","STFIP":"26","CNTY":"26163","NMCNTY":"Wayne County","LOCALE":"21","LAT":42.3837,"LON":-83.3014,"CBSA":"19820","NMCBSA":"Detroit-Warren-Dearborn, MI","CBSATYPE":"1","CSA":"220","NMCSA":"Detroit-Warren-Ann Arbor, MI","CD":"2612","SLDL":"26016","SLDU":"26006","SCHOOLYEAR":"2024-2025"}},{"type":"Feature","id":46003,"geometry":{"type":"Point","coordinates":[-83.3033000004693,42.36080000029935]},"properties":{"OBJECTID":46003,"NCESSCH":"263228006763","LEAID":"2632280","NAME":"Thomas Jefferson Elem School","OPSTFIPS":"26","STREET":"26555 WESTFIELD","CITY":"REDFORD","STATE":"MI","ZIP":"48239","STFIP":"26","CNTY":"26163","NMCNTY":"Wayne County","LOCALE":"21","LAT":42.3608,"LON":-83.3033,"CBSA":"19820","NMCBSA":"Detroit-Warren-Dearborn, MI","CBSATYPE":"1","CSA":"220","NMCSA":"Detroit-Warren-Ann Arbor, MI","CD":"2612","SLDL":"26016","SLDU":"26006","SCHOOLYEAR":"2024-2025"}},{"type":"Feature","id":46004,"geometry":{"type":"Point","coordinates":[-83.29958000045946,42.384020999584514]},"properties":{"OBJECTID":46004,"NCESSCH":"263228008631","LEAID":"2632280","NAME":"SOAR Academic Institute","OPSTFIPS":"26","STREET":"26141 SCHOOLCRAFT","CITY":"REDFORD","STATE":"MI","ZIP":"48239","STFIP":"26","CNTY":"26163","NMCNTY":"Wayne County","LOCALE":"21","LAT":42.384021,"LON":-83.29958,"CBSA":"19820","NMCBSA":"Detroit-Warren-Dearborn, MI","CBSATYPE":"1","CSA":"220","NMCSA":"Detroit-Warren-Ann Arbor, MI","CD":"2612","SLDL":"26016","SLDU":"26006","SCHOOLYEAR":"2024-2025"}},{"type":"Feature","id":46011,"geometry":{"type":"Point","coordinates":[-83.24080000058161,42.45110000037776]},"properties":{"OBJECTID":46011,"NCESSCH":"263231000666","LEAID":"2632310","NAME":"Southfield Regional Academic Campus","OPSTFIPS":"26","STREET":"21705 EVERGREEN RD","CITY":"SOUTHFIELD","STATE":"MI","ZIP":"48075","STFIP":"26","CNTY":"26125","NMCNTY":"Oakland County","LOCALE":"13","LAT":42.4511,"LON":-83.2408,"CBSA":"19820","NMCBSA":"Detroit-Warren-Dearborn, MI","CBSATYPE":"1","CSA":"220","NMCSA":"Detroit-Warren-Ann Arbor, MI","CD":"2612","SLDL":"26018","SLDU":"26007","SCHOOLYEAR":"2024-2025"}},{"type":"Feature","id":46012,"geometry":{"type":"Point","coordinates":[-83.26337199935924,42.49276299957143]},"properties":{"OBJECTID":46012,"NCESSCH":"263231006771","LEAID":"2632310","NAME":"Adlai Stevenson Elementary School","OPSTFIPS":"26","STREET":"24500 LARKINS ST","CITY":"SOUTHFIELD","STATE":"MI","ZIP":"48033","STFIP":"26","CNTY":"26125","NMCNTY":"Oakland County","LOCALE":"13","LAT":42.492763,"LON":-83.263372,"CBSA":"19820","NMCBSA":"Detroit-Warren-Dearborn, MI","CBSATYPE":"1","CSA":"220","NMCSA":"Detroit-Warren-Ann Arbor, MI","CD":"2612","SLDL":"26019","SLDU":"26007","SCHOOLYEAR":"2024-2025"}},{"type":"Feature","id":46013,"geometry":{"type":"Point","coordinates":[-83.29220000005073,42.458500000082786]},"properties":{"OBJECTID":46013,"NCESSCH":"263231006775","LEAID":"2632310","NAME":"Glenn W Levey Middle School","OPSTFIPS":"26","STREET":"25300 W 9 MILE RD","CITY":"SOUTHFIELD","STATE":"MI","ZIP":"48033","STFIP":"26","CNTY":"26125","NMCNTY":"Oakland County","LOCALE":"13","LAT":42.4585,"LON":-83.2922,"CBSA":"19820","NMCBSA":"Detroit-Warren-Dearborn, MI","CBSATYPE":"1","CSA":"220","NMCSA":"Detroit-Warren-Ann Arbor, MI","CD":"2612","SLDL":"26018","SLDU":"26007","SCHOOLYEAR":"2024-2025"}},{"type":"Feature","id":46014,"geometry":{"type":"Point","coordinates":[-83.23527800041285,42.50019599930041]},"properties":{"OBJECTID":46014,"NCESSCH":"263231006778","LEAID":"2632310","NAME":"University Elementary School  Academy","OPSTFIPS":"26","STREET":"19301 W 12 MILE RD","CITY":"LATHRUP VILLAGE","STATE":"MI","ZIP":"48076","STFIP":"26","CNTY":"26125","NMCNTY":"Oakland County","LOCALE":"21","LAT":42.500196,"LON":-83.235278,"CBSA":"19820","NMCBSA":"Detroit-Warren-Dearborn, MI","CBSATYPE":"1","CSA":"220","NMCSA":"Detroit-Warren-Ann Arbor, MI","CD":"2612","SLDL":"26018","SLDU":"26007","SCHOOLYEAR":"2024-2025"}},{"type":"Feature","id":46015,"geometry":{"type":"Point","coordinates":[-83.20929999998236,42.50619999967022]},"properties":{"OBJECTID":46015,"NCESSCH":"263231006782","LEAID":"2632310","NAME":"Vandenberg Elementary School","OPSTFIPS":"26","STREET":"16100 EDWARDS AVE","CITY":"SOUTHFIELD","STATE":"MI","ZIP":"48076","STFIP":"26","CNTY":"26125","NMCNTY":"Oakland County","LOCALE":"13","LAT":42.5062,"LON":-83.2093,"CBSA":"19820","NMCBSA":"Detroit-Warren-Dearborn, MI","CBSATYPE":"1","CSA":"220","NMCSA":"Detroit-Warren-Ann Arbor, MI","CD":"2612","SLDL":"26006","SLDU":"26007","SCHOOLYEAR":"2024-2025"}},{"type":"Feature","id":46016,"geometry":{"type":"Point","coordinates":[-83.23217800036583,42.47750300046321]},"properties":{"OBJECTID":46016,"NCESSCH":"263231006784","LEAID":"2632310","NAME":"Morris Adler Elementary School","OPSTFIPS":"26","STREET":"19100 FILMORE ST","CITY":"SOUTHFIELD","STATE":"MI","ZIP":"48075","STFIP":"26","CNTY":"26125","NMCNTY":"Oakland County","LOCALE":"13","LAT":42.477503,"LON":-83.232178,"CBSA":"19820","NMCBSA":"Detroit-Warren-Dearborn, MI","CBSATYPE":"1","CSA":"220","NMCSA":"Detroit-Warren-Ann Arbor, MI","CD":"2612","SLDL":"26018","SLDU":"26007","SCHOOLYEAR":"2024-2025"}},{"type":"Feature","id":46017,"geometry":{"type":"Point","coordinates":[-83.23859999999084,42.49540000028855]},"properties":{"OBJECTID":46017,"NCESSCH":"263231006786","LEAID":"2632310","NAME":"McIntyre Elementary School","OPSTFIPS":"26","STREET":"19600 SARATOGA BLVD","CITY":"SOUTHFIELD","STATE":"MI","ZIP":"48076","STFIP":"26","CNTY":"26125","NMCNTY":"Oakland County","LOCALE":"13","LAT":42.4954,"LON":-83.2386,"CBSA":"19820","NMCBSA":"Detroit-Warren-Dearborn, MI","CBSATYPE":"1","CSA":"220","NMCSA":"Detroit-Warren-Ann Arbor, MI","CD":"2612","SLDL":"26018","SLDU":"26007","SCHOOLYEAR":"2024-2025"}},{"type":"Feature","id":46018,"geometry":{"type":"Point","coordinates":[-83.23527800041285,42.50019599930041]},"properties":{"OBJECTID":46018,"NCESSCH":"263231007791","LEAID":"2632310","NAME":"University High School Academy","OPSTFIPS":"26","STREET":"19301 W 12 MILE RD","CITY":"LATHRUP VILLAGE","STATE":"MI","ZIP":"48076","STFIP":"26","CNTY":"26125","NMCNTY":"Oakland County","LOCALE":"21","LAT":42.500196,"LON":-83.235278,"CBSA":"19820","NMCBSA":"Detroit-Warren-Dearborn, MI","CBSATYPE":"1","CSA":"220","NMCSA":"Detroit-Warren-Ann Arbor, MI","CD":"2612","SLDL":"26018","SLDU":"26007","SCHOOLYEAR":"2024-2025"}},{"type":"Feature","id":46019,"geometry":{"type":"Point","coordinates":[-83.24309999982896,42.48950000002275]},"properties":{"OBJECTID":46019,"NCESSCH":"263231008151","LEAID":"2632310","NAME":"Alice M Birney K8 School","OPSTFIPS":"26","STREET":"27225 EVERGREEN RD","CITY":"SOUTHFIELD","STATE":"MI","ZIP":"48076","STFIP":"26","CNTY":"26125","NMCNTY":"Oakland County","LOCALE":"13","LAT":42.4895,"LON":-83.2431,"CBSA":"19820","NMCBSA":"Detroit-Warren-Dearborn, MI","CBSATYPE":"1","CSA":"220","NMCSA":"Detroit-Warren-Ann Arbor, MI","CD":"2612","SLDL":"26018","SLDU":"26007","SCHOOLYEAR":"2024-2025"}},{"type":"Feature","id":46020,"geometry":{"type":"Point","coordinates":[-83.2104750000991,42.48187200032889]},"properties":{"OBJECTID":46020,"NCESSCH":"263231008202","LEAID":"2632310","NAME":"Thompson K8 International Academy","OPSTFIPS":"26","STREET":"16300 LINCOLN DR","CITY":"SOUTHFIELD","STATE":"MI","ZIP":"48076","STFIP":"26","CNTY":"26125","NMCNTY":"Oakland County","LOCALE":"13","LAT":42.481872,"LON":-83.210475,"CBSA":"19820","NMCBSA":"Detroit-Warren-Dearborn, MI","CBSATYPE":"1","CSA":"220","NMCSA":"Detroit-Warren-Ann Arbor, MI","CD":"2612","SLDL":"26018","SLDU":"26007","SCHOOLYEAR":"2024-2025"}},{"type":"Feature","id":46021,"geometry":{"type":"Point","coordinates":[-83.23527800041285,42.50019599930041]},"properties":{"OBJECTID":46021,"NCESSCH":"263231008426","LEAID":"2632310","NAME":"University Middle School Academy","OPSTFIPS":"26","STREET":"19301 W 12 MILE RD","CITY":"LATHRUP VILLAGE","STATE":"MI","ZIP":"48076","STFIP":"26","CNTY":"26125","NMCNTY":"Oakland County","LOCALE":"21","LAT":42.500196,"LON":-83.235278,"CBSA":"19820","NMCBSA":"Detroit-Warren-Dearborn, MI","CBSATYPE":"1","CSA":"220","NMCSA":"Detroit-Warren-Ann Arbor, MI","CD":"2612","SLDL":"26018","SLDU":"26007","SCHOOLYEAR":"2024-2025"}},{"type":"Feature","id":46022,"geometry":{"type":"Point","coordinates":[-83.2104499995845,42.4655179994501]},"properties":{"OBJECTID":46022,"NCESSCH":"263231008709","LEAID":"2632310","NAME":"Kennedy Learning Center","OPSTFIPS":"26","STREET":"16229 MOUNT VERNON ST","CITY":"SOUTHFIELD","STATE":"MI","ZIP":"48075","STFIP":"26","CNTY":"26125","NMCNTY":"Oakland County","LOCALE":"13","LAT":42.465518,"LON":-83.21045,"CBSA":"19820","NMCBSA":"Detroit-Warren-Dearborn, MI","CBSATYPE":"1","CSA":"220","NMCSA":"Detroit-Warren-Ann Arbor, MI","CD":"2612","SLDL":"26018","SLDU":"26007","SCHOOLYEAR":"2024-2025"}},{"type":"Feature","id":46023,"geometry":{"type":"Point","coordinates":[-83.26192899979023,42.46973899959244]},"properties":{"OBJECTID":46023,"NCESSCH":"263231008774","LEAID":"2632310","NAME":"Southfield High School for the Arts and Technology","OPSTFIPS":"26","STREET":"24675 LAHSER RD","CITY":"SOUTHFIELD","STATE":"MI","ZIP":"48033","STFIP":"26","CNTY":"26125","NMCNTY":"Oakland County","LOCALE":"13","LAT":42.469739,"LON":-83.261929,"CBSA":"19820","NMCBSA":"Detroit-Warren-Dearborn, MI","CBSATYPE":"1","CSA":"220","NMCSA":"Detroit-Warren-Ann Arbor, MI","CD":"2612","SLDL":"26018","SLDU":"26007","SCHOOLYEAR":"2024-2025"}},{"type":"Feature","id":46024,"geometry":{"type":"Point","coordinates":[-83.20973099998139,42.18749700032733]},"properties":{"OBJECTID":46024,"NCESSCH":"263234000295","LEAID":"2632340","NAME":"Allen Elementary School","OPSTFIPS":"26","STREET":"16500 MCCANN ST","CITY":"SOUTHGATE","STATE":"MI","ZIP":"48195","STFIP":"26","CNTY":"26163","NMCNTY":"Wayne County","LOCALE":"21","LAT":42.187497,"LON":-83.209731,"CBSA":"19820","NMCBSA":"Detroit-Warren-Dearborn, MI","CBSATYPE":"1","CSA":"220","NMCSA":"Detroit-Warren-Ann Arbor, MI","CD":"2613","SLDL":"26027","SLDU":"26004","SCHOOLYEAR":"2024-2025"}},{"type":"Feature","id":46025,"geometry":{"type":"Point","coordinates":[-83.19519100084148,42.19101200067889]},"properties":{"OBJECTID":46025,"NCESSCH":"263234001932","LEAID":"2632340","NAME":"Asher School","OPSTFIPS":"26","STREET":"14101 LEROY ST","CITY":"SOUTHGATE","STATE":"MI","ZIP":"48195","STFIP":"26","CNTY":"26163","NMCNTY":"Wayne County","LOCALE":"21","LAT":42.191012,"LON":-83.195191,"CBSA":"19820","NMCBSA":"Detroit-Warren-Dearborn, MI","CBSATYPE":"1","CSA":"220","NMCSA":"Detroit-Warren-Ann Arbor, MI","CD":"2613","SLDL":"26027","SLDU":"26004","SCHOOLYEAR":"2024-2025"}},{"type":"Feature","id":46026,"geometry":{"type":"Point","coordinates":[-83.19115400041632,42.211035000434045]},"properties":{"OBJECTID":46026,"NCESSCH":"263234006789","LEAID":"2632340","NAME":"Grogan Elementary School","OPSTFIPS":"26","STREET":"13300 BURNS ST","CITY":"SOUTHGATE","STATE":"MI","ZIP":"48195","STFIP":"26","CNTY":"26163","NMCNTY":"Wayne County","LOCALE":"21","LAT":42.211035,"LON":-83.191154,"CBSA":"19820","NMCBSA":"Detroit-Warren-Dearborn, MI","CBSATYPE":"1","CSA":"220","NMCSA":"Detroit-Warren-Ann Arbor, MI","CD":"2613","SLDL":"26027","SLDU":"26004","SCHOOLYEAR":"2024-2025"}},{"type":"Feature","id":46027,"geometry":{"type":"Point","coordinates":[-83.19434399971759,42.192512999987734]},"properties":{"OBJECTID":46027,"NCESSCH":"263234006790","LEAID":"2632340","NAME":"Davidson Middle School","OPSTFIPS":"26","STREET":"15800 TRENTON RD","CITY":"SOUTHGATE","STATE":"MI","ZIP":"48195","STFIP":"26","CNTY":"26163","NMCNTY":"Wayne County","LOCALE":"21","LAT":42.192513,"LON":-83.194344,"CBSA":"19820","NMCBSA":"Detroit-Warren-Dearborn, MI","CBSATYPE":"1","CSA":"220","NMCSA":"Detroit-Warren-Ann Arbor, MI","CD":"2613","SLDL":"26027","SLDU":"26004","SCHOOLYEAR":"2024-2025"}},{"type":"Feature","id":46028,"geometry":{"type":"Point","coordinates":[-83.19906499988183,42.200430000156395]},"properties":{"OBJECTID":46028,"NCESSCH":"263234006791","LEAID":"2632340","NAME":"Fordline Elementary School","OPSTFIPS":"26","STREET":"14775 FORDLINE ST","CITY":"SOUTHGATE","STATE":"MI","ZIP":"48195","STFIP":"26","CNTY":"26163","NMCNTY":"Wayne County","LOCALE":"21","LAT":42.20043,"LON":-83.199065,"CBSA":"19820","NMCBSA":"Detroit-Warren-Dearborn, MI","CBSATYPE":"1","CSA":"220","NMCSA":"Detroit-Warren-Ann Arbor, MI","CD":"2613","SLDL":"26027","SLDU":"26004","SCHOOLYEAR":"2024-2025"}},{"type":"Feature","id":46029,"geometry":{"type":"Point","coordinates":[-83.21178399989637,42.190651999784514]},"properties":{"OBJECTID":46029,"NCESSCH":"263234006793","LEAID":"2632340","NAME":"Southgate Anderson High School","OPSTFIPS":"26","STREET":"15475 LEROY ST","CITY":"SOUTHGATE","STATE":"MI","ZIP":"48195","STFIP":"26","CNTY":"26163","NMCNTY":"Wayne County","LOCALE":"21","LAT":42.190652,"LON":-83.211784,"CBSA":"19820","NMCBSA":"Detroit-Warren-Dearborn, MI","CBSATYPE":"1","CSA":"220","NMCSA":"Detroit-Warren-Ann Arbor, MI","CD":"2613","SLDL":"26027","SLDU":"26004","SCHOOLYEAR":"2024-2025"}},{"type":"Feature","id":46030,"geometry":{"type":"Point","coordinates":[-83.20075499981202,42.216014999836645]},"properties":{"OBJECTID":46030,"NCESSCH":"263234006795","LEAID":"2632340","NAME":"Shelters Elementary School","OPSTFIPS":"26","STREET":"12600 FORDLINE ST","CITY":"SOUTHGATE","STATE":"MI","ZIP":"48195","STFIP":"26","CNTY":"26163","NMCNTY":"Wayne County","LOCALE":"21","LAT":42.216015,"LON":-83.200755,"CBSA":"19820","NMCBSA":"Detroit-Warren-Dearborn, MI","CBSATYPE":"1","CSA":"220","NMCSA":"Detroit-Warren-Ann Arbor, MI","CD":"2613","SLDL":"26002","SLDU":"26004","SCHOOLYEAR":"2024-2025"}},{"type":"Feature","id":46031,"geometry":{"type":"Point","coordinates":[-83.22368699969243,42.22536600034567]},"properties":{"OBJECTID":46031,"NCESSCH":"263234009031","LEAID":"2632340","NAME":"North Pointe Elementary","OPSTFIPS":"26","STREET":"18635 BOWIE ST","CITY":"SOUTHGATE","STATE":"MI","ZIP":"48195","STFIP":"26","CNTY":"26163","NMCNTY":"Wayne County","LOCALE":"21","LAT":42.225366,"LON":-83.223687,"CBSA":"19820","NMCBSA":"Detroit-Warren-Dearborn, MI","CBSATYPE":"1","CSA":"220","NMCSA":"Detroit-Warren-Ann Arbor, MI","CD":"2613","SLDL":"26002","SLDU":"26004","SCHOOLYEAR":"2024-2025"}},{"type":"Feature","id":46048,"geometry":{"type":"Point","coordinates":[-82.87550000028715,42.53950000033523]},"properties":{"OBJECTID":46048,"NCESSCH":"263267001612","LEAID":"2632670","NAME":"North Lake High School","OPSTFIPS":"26","STREET":"23340 ELMIRA ST","CITY":"SAINT CLAIR SHORES","STATE":"MI","ZIP":"48082","STFIP":"26","CNTY":"26099","NMCNTY":"Macomb County","LOCALE":"21","LAT":42.5395,"LON":-82.8755,"CBSA":"19820","NMCBSA":"Detroit-Warren-Dearborn, MI","CBSATYPE":"1","CSA":"220","NMCSA":"Detroit-Warren-Ann Arbor, MI","CD":"2610","SLDL":"26062","SLDU":"26012","SCHOOLYEAR":"2024-2025"}},{"type":"Feature","id":46049,"geometry":{"type":"Point","coordinates":[-82.89659999983253,42.50719999958161]},"properties":{"OBJECTID":46049,"NCESSCH":"263267006814","LEAID":"2632670","NAME":"Rodgers Elementary School","OPSTFIPS":"26","STREET":"21601 LANSE ST","CITY":"SAINT CLAIR SHORES","STATE":"MI","ZIP":"48081","STFIP":"26","CNTY":"26099","NMCNTY":"Macomb County","LOCALE":"21","LAT":42.5072,"LON":-82.8966,"CBSA":"19820","NMCBSA":"Detroit-Warren-Dearborn, MI","CBSATYPE":"1","CSA":"220","NMCSA":"Detroit-Warren-Ann Arbor, MI","CD":"2610","SLDL":"26013","SLDU":"26012","SCHOOLYEAR":"2024-2025"}},{"type":"Feature","id":46050,"geometry":{"type":"Point","coordinates":[-82.88090000035794,42.52209999999642]},"properties":{"OBJECTID":46050,"NCESSCH":"263267006815","LEAID":"2632670","NAME":"Lake Shore High School","OPSTFIPS":"26","STREET":"22980 E 13 MILE RD","CITY":"SAINT CLAIR SHORES","STATE":"MI","ZIP":"48082","STFIP":"26","CNTY":"26099","NMCNTY":"Macomb County","LOCALE":"21","LAT":42.5221,"LON":-82.8809,"CBSA":"19820","NMCBSA":"Detroit-Warren-Dearborn, MI","CBSATYPE":"1","CSA":"220","NMCSA":"Detroit-Warren-Ann Arbor, MI","CD":"2610","SLDL":"26062","SLDU":"26012","SCHOOLYEAR":"2024-2025"}},{"type":"Feature","id":46051,"geometry":{"type":"Point","coordinates":[-82.89299999995748,42.53160000006535]},"properties":{"OBJECTID":46051,"NCESSCH":"263267006816","LEAID":"2632670","NAME":"Masonic Heights Elementary School","OPSTFIPS":"26","STREET":"22100 MASONIC BLVD","CITY":"SAINT CLAIR SHORES","STATE":"MI","ZIP":"48082","STFIP":"26","CNTY":"26099","NMCNTY":"Macomb County","LOCALE":"21","LAT":42.5316,"LON":-82.893,"CBSA":"19820","NMCBSA":"Detroit-Warren-Dearborn, MI","CBSATYPE":"1","CSA":"220","NMCSA":"Detroit-Warren-Ann Arbor, MI","CD":"2610","SLDL":"26062","SLDU":"26012","SCHOOLYEAR":"2024-2025"}},{"type":"Feature","id":46052,"geometry":{"type":"Point","coordinates":[-82.8941000003346,42.52110000015871]},"properties":{"OBJECTID":46052,"NCESSCH":"263267006818","LEAID":"2632670","NAME":"Violet Elementary School","OPSTFIPS":"26","STREET":"22020 VIOLET ST","CITY":"SAINT CLAIR SHORES","STATE":"MI","ZIP":"48082","STFIP":"26","CNTY":"26099","NMCNTY":"Macomb County","LOCALE":"21","LAT":42.5211,"LON":-82.8941,"CBSA":"19820","NMCBSA":"Detroit-Warren-Dearborn, MI","CBSATYPE":"1","CSA":"220","NMCSA":"Detroit-Warren-Ann Arbor, MI","CD":"2610","SLDL":"26062","SLDU":"26012","SCHOOLYEAR":"2024-2025"}},{"type":"Feature","id":46053,"geometry":{"type":"Point","coordinates":[-82.87729999993506,42.529600000499485]},"properties":{"OBJECTID":46053,"NCESSCH":"263267006819","LEAID":"2632670","NAME":"Kennedy Middle School","OPSTFIPS":"26","STREET":"23101 MASONIC BLVD","CITY":"SAINT CLAIR SHORES","STATE":"MI","ZIP":"48082","STFIP":"26","CNTY":"26099","NMCNTY":"Macomb County","LOCALE":"21","LAT":42.5296,"LON":-82.8773,"CBSA":"19820","NMCBSA":"Detroit-Warren-Dearborn, MI","CBSATYPE":"1","CSA":"220","NMCSA":"Detroit-Warren-Ann Arbor, MI","CD":"2610","SLDL":"26062","SLDU":"26012","SCHOOLYEAR":"2024-2025"}},{"type":"Feature","id":46077,"geometry":{"type":"Point","coordinates":[-84.18849999962994,42.4509999998518]},"properties":{"OBJECTID":46077,"NCESSCH":"263303001542","LEAID":"2633030","NAME":"Heritage School","OPSTFIPS":"26","STREET":"222 WESTERN ST","CITY":"STOCKBRIDGE","STATE":"MI","ZIP":"49285","STFIP":"26","CNTY":"26065","NMCNTY":"Ingham County","LOCALE":"42","LAT":42.451,"LON":-84.1885,"CBSA":"29620","NMCBSA":"Lansing-East Lansing, MI","CBSATYPE":"1","CSA":"330","NMCSA":"Lansing-East Lansing-Owosso, MI","CD":"2607","SLDL":"26073","SLDU":"26022","SCHOOLYEAR":"2024-2025"}},{"type":"Feature","id":46078,"geometry":{"type":"Point","coordinates":[-84.18645499998753,42.45080099992309]},"properties":{"OBJECTID":46078,"NCESSCH":"263303006855","LEAID":"2633030","NAME":"Emma Smith Elementary School","OPSTFIPS":"26","STREET":"100 PRICE ST","CITY":"STOCKBRIDGE","STATE":"MI","ZIP":"49285","STFIP":"26","CNTY":"26065","NMCNTY":"Ingham County","LOCALE":"42","LAT":42.450801,"LON":-84.186455,"CBSA":"29620","NMCBSA":"Lansing-East Lansing, MI","CBSATYPE":"1","CSA":"330","NMCSA":"Lansing-East Lansing-Owosso, MI","CD":"2607","SLDL":"26073","SLDU":"26022","SCHOOLYEAR":"2024-2025"}},{"type":"Feature","id":46079,"geometry":{"type":"Point","coordinates":[-84.18190000011856,42.45630000011983]},"properties":{"OBJECTID":46079,"NCESSCH":"263303006858","LEAID":"2633030","NAME":"Stockbridge JrSr High School","OPSTFIPS":"26","STREET":"416 N CLINTON ST","CITY":"STOCKBRIDGE","STATE":"MI","ZIP":"49285","STFIP":"26","CNTY":"26065","NMCNTY":"Ingham County","LOCALE":"42","LAT":42.4563,"LON":-84.1819,"CBSA":"29620","NMCBSA":"Lansing-East Lansing, MI","CBSATYPE":"1","CSA":"330","NMCSA":"Lansing-East Lansing-Owosso, MI","CD":"2607","SLDL":"26073","SLDU":"26022","SCHOOLYEAR":"2024-2025"}},{"type":"Feature","id":46086,"geometry":{"type":"Point","coordinates":[-83.70209999996213,41.90509999941359]},"properties":{"OBJECTID":46086,"NCESSCH":"263312006868","LEAID":"2633120","NAME":"Summerfield JuniorSenior High School","OPSTFIPS":"26","STREET":"17555 IDA WEST RD","CITY":"PETERSBURG","STATE":"MI","ZIP":"49270","STFIP":"26","CNTY":"26115","NMCNTY":"Monroe County","LOCALE":"42","LAT":41.9051,"LON":-83.7021,"CBSA":"33780","NMCBSA":"Monroe, MI","CBSATYPE":"1","CSA":"220","NMCSA":"Detroit-Warren-Ann Arbor, MI","CD":"2605","SLDL":"26030","SLDU":"26016","SCHOOLYEAR":"2024-2025"}},{"type":"Feature","id":46087,"geometry":{"type":"Point","coordinates":[-83.70929999968716,41.89990000012534]},"properties":{"OBJECTID":46087,"NCESSCH":"263312006870","LEAID":"2633120","NAME":"Summerfield Elementary School","OPSTFIPS":"26","STREET":"232 E ELM ST","CITY":"PETERSBURG","STATE":"MI","ZIP":"49270","STFIP":"26","CNTY":"26115","NMCNTY":"Monroe County","LOCALE":"42","LAT":41.8999,"LON":-83.7093,"CBSA":"33780","NMCBSA":"Monroe, MI","CBSATYPE":"1","CSA":"220","NMCSA":"Detroit-Warren-Ann Arbor, MI","CD":"2605","SLDL":"26030","SLDU":"26016","SCHOOLYEAR":"2024-2025"}},{"type":"Feature","id":46096,"geometry":{"type":"Point","coordinates":[-83.83882300049183,42.951654000027304]},"properties":{"OBJECTID":46096,"NCESSCH":"263342000836","LEAID":"2633420","NAME":"Swartz Creek Virtual Learning Center","OPSTFIPS":"26","STREET":"8230 CRAPO ST","CITY":"SWARTZ CREEK","STATE":"MI","ZIP":"48473","STFIP":"26","CNTY":"26049","NMCNTY":"Genesee County","LOCALE":"41","LAT":42.951654,"LON":-83.838823,"CBSA":"22420","NMCBSA":"Flint, MI","CBSATYPE":"1","CSA":"220","NMCSA":"Detroit-Warren-Ann Arbor, MI","CD":"2608","SLDL":"26069","SLDU":"26027","SCHOOLYEAR":"2024-2025"}},{"type":"Feature","id":46097,"geometry":{"type":"Point","coordinates":[-83.91169999992046,42.86940000000079]},"properties":{"OBJECTID":46097,"NCESSCH":"263342006877","LEAID":"2633420","NAME":"Gaines Elementary School","OPSTFIPS":"26","STREET":"300 LANSING ST","CITY":"GAINES","STATE":"MI","ZIP":"48436","STFIP":"26","CNTY":"26049","NMCNTY":"Genesee County","LOCALE":"42","LAT":42.8694,"LON":-83.9117,"CBSA":"22420","NMCBSA":"Flint, MI","CBSATYPE":"1","CSA":"220","NMCSA":"Detroit-Warren-Ann Arbor, MI","CD":"2608","SLDL":"26071","SLDU":"26027","SCHOOLYEAR":"2024-2025"}},{"type":"Feature","id":46098,"geometry":{"type":"Point","coordinates":[-83.7742000001568,42.95699999931891]},"properties":{"OBJECTID":46098,"NCESSCH":"263342006879","LEAID":"2633420","NAME":"Morrish Elementary School","OPSTFIPS":"26","STREET":"5055 MAPLE AVE","CITY":"SWARTZ CREEK","STATE":"MI","ZIP":"48473","STFIP":"26","CNTY":"26049","NMCNTY":"Genesee County","LOCALE":"41","LAT":42.957,"LON":-83.7742,"CBSA":"22420","NMCBSA":"Flint, MI","CBSATYPE":"1","CSA":"220","NMCSA":"Detroit-Warren-Ann Arbor, MI","CD":"2608","SLDL":"26071","SLDU":"26027","SCHOOLYEAR":"2024-2025"}},{"type":"Feature","id":46099,"geometry":{"type":"Point","coordinates":[-83.83882300049183,42.951654000027304]},"properties":{"OBJECTID":46099,"NCESSCH":"263342006880","LEAID":"2633420","NAME":"Swartz Creek Middle School","OPSTFIPS":"26","STREET":"8230 CRAPO ST","CITY":"SWARTZ CREEK","STATE":"MI","ZIP":"48473","STFIP":"26","CNTY":"26049","NMCNTY":"Genesee County","LOCALE":"41","LAT":42.951654,"LON":-83.838823,"CBSA":"22420","NMCBSA":"Flint, MI","CBSATYPE":"1","CSA":"220","NMCSA":"Detroit-Warren-Ann Arbor, MI","CD":"2608","SLDL":"26069","SLDU":"26027","SCHOOLYEAR":"2024-2025"}},{"type":"Feature","id":46100,"geometry":{"type":"Point","coordinates":[-83.8430470001944,42.955847000531534]},"properties":{"OBJECTID":46100,"NCESSCH":"263342006881","LEAID":"2633420","NAME":"Swartz Creek High School","OPSTFIPS":"26","STREET":"1 DRAGON DR","CITY":"SWARTZ CREEK","STATE":"MI","ZIP":"48473","STFIP":"26","CNTY":"26049","NMCNTY":"Genesee County","LOCALE":"21","LAT":42.955847,"LON":-83.843047,"CBSA":"22420","NMCBSA":"Flint, MI","CBSATYPE":"1","CSA":"220","NMCSA":"Detroit-Warren-Ann Arbor, MI","CD":"2608","SLDL":"26069","SLDU":"26027","SCHOOLYEAR":"2024-2025"}},{"type":"Feature","id":46101,"geometry":{"type":"Point","coordinates":[-83.85179999939434,42.95080000020283]},"properties":{"OBJECTID":46101,"NCESSCH":"263342006882","LEAID":"2633420","NAME":"Syring Elementary School","OPSTFIPS":"26","STREET":"5300 OAKVIEW DR","CITY":"SWARTZ CREEK","STATE":"MI","ZIP":"48473","STFIP":"26","CNTY":"26049","NMCNTY":"Genesee County","LOCALE":"21","LAT":42.9508,"LON":-83.8518,"CBSA":"22420","NMCBSA":"Flint, MI","CBSATYPE":"1","CSA":"220","NMCSA":"Detroit-Warren-Ann Arbor, MI","CD":"2608","SLDL":"26071","SLDU":"26027","SCHOOLYEAR":"2024-2025"}},{"type":"Feature","id":46102,"geometry":{"type":"Point","coordinates":[-83.80919999997857,42.9784000001933]},"properties":{"OBJECTID":46102,"NCESSCH":"263342006883","LEAID":"2633420","NAME":"Elms Road Elementary School","OPSTFIPS":"26","STREET":"3259 S ELMS RD","CITY":"SWARTZ CREEK","STATE":"MI","ZIP":"48473","STFIP":"26","CNTY":"26049","NMCNTY":"Genesee County","LOCALE":"21","LAT":42.9784,"LON":-83.8092,"CBSA":"22420","NMCBSA":"Flint, MI","CBSATYPE":"1","CSA":"220","NMCSA":"Detroit-Warren-Ann Arbor, MI","CD":"2608","SLDL":"26069","SLDU":"26027","SCHOOLYEAR":"2024-2025"}},{"type":"Feature","id":46103,"geometry":{"type":"Point","coordinates":[-83.86950000004256,42.99429999979027]},"properties":{"OBJECTID":46103,"NCESSCH":"263342006884","LEAID":"2633420","NAME":"Dieck Elementary School","OPSTFIPS":"26","STREET":"2239 VAN VLEET RD","CITY":"SWARTZ CREEK","STATE":"MI","ZIP":"48473","STFIP":"26","CNTY":"26049","NMCNTY":"Genesee County","LOCALE":"41","LAT":42.9943,"LON":-83.8695,"CBSA":"22420","NMCBSA":"Flint, MI","CBSATYPE":"1","CSA":"220","NMCSA":"Detroit-Warren-Ann Arbor, MI","CD":"2608","SLDL":"26069","SLDU":"26027","SCHOOLYEAR":"2024-2025"}},{"type":"Feature","id":46107,"geometry":{"type":"Point","coordinates":[-83.23810000014099,42.24770000058075]},"properties":{"OBJECTID":46107,"NCESSCH":"263354006889","LEAID":"2633540","NAME":"Blair Moody Elementary School","OPSTFIPS":"26","STREET":"8280 HIPP ST","CITY":"TAYLOR","STATE":"MI","ZIP":"48180","STFIP":"26","CNTY":"26163","NMCNTY":"Wayne County","LOCALE":"21","LAT":42.2477,"LON":-83.2381,"CBSA":"19820","NMCBSA":"Detroit-Warren-Dearborn, MI","CBSATYPE":"1","CSA":"220","NMCSA":"Detroit-Warren-Ann Arbor, MI","CD":"2613","SLDL":"26029","SLDU":"26001","SCHOOLYEAR":"2024-2025"}},{"type":"Feature","id":46108,"geometry":{"type":"Point","coordinates":[-83.25840000007483,42.24449999999481]},"properties":{"OBJECTID":46108,"NCESSCH":"263354006891","LEAID":"2633540","NAME":"Clarence Randall Elem School","OPSTFIPS":"26","STREET":"8699 ROBERT ST","CITY":"TAYLOR","STATE":"MI","ZIP":"48180","STFIP":"26","CNTY":"26163","NMCNTY":"Wayne County","LOCALE":"21","LAT":42.2445,"LON":-83.2584,"CBSA":"19820","NMCBSA":"Detroit-Warren-Dearborn, MI","CBSATYPE":"1","CSA":"220","NMCSA":"Detroit-Warren-Ann Arbor, MI","CD":"2613","SLDL":"26029","SLDU":"26001","SCHOOLYEAR":"2024-2025"}},{"type":"Feature","id":46109,"geometry":{"type":"Point","coordinates":[-83.27920000000847,42.195599999283786]},"properties":{"OBJECTID":46109,"NCESSCH":"263354006892","LEAID":"2633540","NAME":"Eureka Heights Elementary School","OPSTFIPS":"26","STREET":"25125 EUREKA RD","CITY":"TAYLOR","STATE":"MI","ZIP":"48180","STFIP":"26","CNTY":"26163","NMCNTY":"Wayne County","LOCALE":"21","LAT":42.1956,"LON":-83.2792,"CBSA":"19820","NMCBSA":"Detroit-Warren-Dearborn, MI","CBSATYPE":"1","CSA":"220","NMCSA":"Detroit-Warren-Ann Arbor, MI","CD":"2613","SLDL":"26028","SLDU":"26004","SCHOOLYEAR":"2024-2025"}},{"type":"Feature","id":46110,"geometry":{"type":"Point","coordinates":[-83.29630000051966,42.23159999980597]},"properties":{"OBJECTID":46110,"NCESSCH":"263354006898","LEAID":"2633540","NAME":"Holland Elementary School","OPSTFIPS":"26","STREET":"10201 HOLLAND RD","CITY":"TAYLOR","STATE":"MI","ZIP":"48180","STFIP":"26","CNTY":"26163","NMCNTY":"Wayne County","LOCALE":"21","LAT":42.2316,"LON":-83.2963,"CBSA":"19820","NMCBSA":"Detroit-Warren-Dearborn, MI","CBSATYPE":"1","CSA":"220","NMCSA":"Detroit-Warren-Ann Arbor, MI","CD":"2613","SLDL":"26029","SLDU":"26001","SCHOOLYEAR":"2024-2025"}},{"type":"Feature","id":46111,"geometry":{"type":"Point","coordinates":[-83.24869999994627,42.231800000231544]},"properties":{"OBJECTID":46111,"NCESSCH":"263354006900","LEAID":"2633540","NAME":"Kinyon Elementary School","OPSTFIPS":"26","STREET":"10455 MONROE BLVD","CITY":"TAYLOR","STATE":"MI","ZIP":"48180","STFIP":"26","CNTY":"26163","NMCNTY":"Wayne County","LOCALE":"21","LAT":42.2318,"LON":-83.2487,"CBSA":"19820","NMCBSA":"Detroit-Warren-Dearborn, MI","CBSATYPE":"1","CSA":"220","NMCSA":"Detroit-Warren-Ann Arbor, MI","CD":"2613","SLDL":"26029","SLDU":"26001","SCHOOLYEAR":"2024-2025"}},{"type":"Feature","id":46112,"geometry":{"type":"Point","coordinates":[-83.2473999995295,42.23159999926134]},"properties":{"OBJECTID":46112,"NCESSCH":"263354006903","LEAID":"2633540","NAME":"Robert J West Middle School","OPSTFIPS":"26","STREET":"10575 WILLIAM ST","CITY":"TAYLOR","STATE":"MI","ZIP":"48180","STFIP":"26","CNTY":"26163","NMCNTY":"Wayne County","LOCALE":"21","LAT":42.2316,"LON":-83.2474,"CBSA":"19820","NMCBSA":"Detroit-Warren-Dearborn, MI","CBSATYPE":"1","CSA":"220","NMCSA":"Detroit-Warren-Ann Arbor, MI","CD":"2613","SLDL":"26029","SLDU":"26001","SCHOOLYEAR":"2024-2025"}},{"type":"Feature","id":46113,"geometry":{"type":"Point","coordinates":[-83.30489999974206,42.260000000402314]},"properties":{"OBJECTID":46113,"NCESSCH":"263354006904","LEAID":"2633540","NAME":"Hoover Middle School","OPSTFIPS":"26","STREET":"27101 BEVERLY RD","CITY":"TAYLOR","STATE":"MI","ZIP":"48180","STFIP":"26","CNTY":"26163","NMCNTY":"Wayne County","LOCALE":"21","LAT":42.26,"LON":-83.3049,"CBSA":"19820","NMCBSA":"Detroit-Warren-Dearborn, MI","CBSATYPE":"1","CSA":"220","NMCSA":"Detroit-Warren-Ann Arbor, MI","CD":"2613","SLDL":"26029","SLDU":"26001","SCHOOLYEAR":"2024-2025"}},{"type":"Feature","id":46114,"geometry":{"type":"Point","coordinates":[-83.23889999947777,42.259699999666054]},"properties":{"OBJECTID":46114,"NCESSCH":"263354006906","LEAID":"2633540","NAME":"Taylor Parks Elementary School","OPSTFIPS":"26","STREET":"20614 PINECREST ST","CITY":"TAYLOR","STATE":"MI","ZIP":"48180","STFIP":"26","CNTY":"26163","NMCNTY":"Wayne County","LOCALE":"21","LAT":42.2597,"LON":-83.2389,"CBSA":"19820","NMCBSA":"Detroit-Warren-Dearborn, MI","CBSATYPE":"1","CSA":"220","NMCSA":"Detroit-Warren-Ann Arbor, MI","CD":"2613","SLDL":"26029","SLDU":"26001","SCHOOLYEAR":"2024-2025"}},{"type":"Feature","id":46115,"geometry":{"type":"Point","coordinates":[-83.25710000035892,42.21899999954142]},"properties":{"OBJECTID":46115,"NCESSCH":"263354006908","LEAID":"2633540","NAME":"Bernice McDowell Elem School","OPSTFIPS":"26","STREET":"22929 BREST","CITY":"TAYLOR","STATE":"MI","ZIP":"48180","STFIP":"26","CNTY":"26163","NMCNTY":"Wayne County","LOCALE":"21","LAT":42.219,"LON":-83.2571,"CBSA":"19820","NMCBSA":"Detroit-Warren-Dearborn, MI","CBSATYPE":"1","CSA":"220","NMCSA":"Detroit-Warren-Ann Arbor, MI","CD":"2613","SLDL":"26029","SLDU":"26001","SCHOOLYEAR":"2024-2025"}},{"type":"Feature","id":46116,"geometry":{"type":"Point","coordinates":[-83.29809999996488,42.18639999970392]},"properties":{"OBJECTID":46116,"NCESSCH":"263354006909","LEAID":"2633540","NAME":"Myers Elementary School","OPSTFIPS":"26","STREET":"16201 LAUREN ST","CITY":"TAYLOR","STATE":"MI","ZIP":"48180","STFIP":"26","CNTY":"26163","NMCNTY":"Wayne County","LOCALE":"21","LAT":42.1864,"LON":-83.2981,"CBSA":"19820","NMCBSA":"Detroit-Warren-Dearborn, MI","CBSATYPE":"1","CSA":"220","NMCSA":"Detroit-Warren-Ann Arbor, MI","CD":"2613","SLDL":"26029","SLDU":"26001","SCHOOLYEAR":"2024-2025"}},{"type":"Feature","id":46117,"geometry":{"type":"Point","coordinates":[-83.28624699977497,42.22430400001835]},"properties":{"OBJECTID":46117,"NCESSCH":"263354006910","LEAID":"2633540","NAME":"Taylor High School","OPSTFIPS":"26","STREET":"11211 BEECH DALY RD","CITY":"TAYLOR","STATE":"MI","ZIP":"48180","STFIP":"26","CNTY":"26163","NMCNTY":"Wayne County","LOCALE":"21","LAT":42.224304,"LON":-83.286247,"CBSA":"19820","NMCBSA":"Detroit-Warren-Dearborn, MI","CBSATYPE":"1","CSA":"220","NMCSA":"Detroit-Warren-Ann Arbor, MI","CD":"2613","SLDL":"26029","SLDU":"26001","SCHOOLYEAR":"2024-2025"}},{"type":"Feature","id":46118,"geometry":{"type":"Point","coordinates":[-83.27820500057246,42.23818700088189]},"properties":{"OBJECTID":46118,"NCESSCH":"263354007581","LEAID":"2633540","NAME":"Taylor Career and Technical Center","OPSTFIPS":"26","STREET":"9601 WESTLAKE ST","CITY":"TAYLOR","STATE":"MI","ZIP":"48180","STFIP":"26","CNTY":"26163","NMCNTY":"Wayne County","LOCALE":"21","LAT":42.238187,"LON":-83.278205,"CBSA":"19820","NMCBSA":"Detroit-Warren-Dearborn, MI","CBSATYPE":"1","CSA":"220","NMCSA":"Detroit-Warren-Ann Arbor, MI","CD":"2613","SLDL":"26029","SLDU":"26001","SCHOOLYEAR":"2024-2025"}},{"type":"Feature","id":46119,"geometry":{"type":"Point","coordinates":[-83.28624699977497,42.22430400001835]},"properties":{"OBJECTID":46119,"NCESSCH":"263354008364","LEAID":"2633540","NAME":"Taylor Virtual Learning Academy","OPSTFIPS":"26","STREET":"11211 BEECH DALY RD","CITY":"TAYLOR","STATE":"MI","ZIP":"48180","STFIP":"26","CNTY":"26163","NMCNTY":"Wayne County","LOCALE":"21","LAT":42.224304,"LON":-83.286247,"CBSA":"19820","NMCBSA":"Detroit-Warren-Dearborn, MI","CBSATYPE":"1","CSA":"220","NMCSA":"Detroit-Warren-Ann Arbor, MI","CD":"2613","SLDL":"26029","SLDU":"26001","SCHOOLYEAR":"2024-2025"}},{"type":"Feature","id":46120,"geometry":{"type":"Point","coordinates":[-83.96840000003066,41.949199999797614]},"properties":{"OBJECTID":46120,"NCESSCH":"263372006916","LEAID":"2633720","NAME":"Sutton Early Learning Center","OPSTFIPS":"26","STREET":"2780 SUTTON RD","CITY":"ADRIAN","STATE":"MI","ZIP":"49221","STFIP":"26","CNTY":"26091","NMCNTY":"Lenawee County","LOCALE":"32","LAT":41.9492,"LON":-83.9684,"CBSA":"10300","NMCBSA":"Adrian, MI","CBSATYPE":"2","CSA":"220","NMCSA":"Detroit-Warren-Ann Arbor, MI","CD":"2605","SLDL":"26034","SLDU":"26016","SCHOOLYEAR":"2024-2025"}},{"type":"Feature","id":46121,"geometry":{"type":"Point","coordinates":[-83.95389999996827,41.996899999992735]},"properties":{"OBJECTID":46121,"NCESSCH":"263372006917","LEAID":"2633720","NAME":"Tecumseh Acres Early Learning Center","OPSTFIPS":"26","STREET":"600 S ADRIAN ST","CITY":"TECUMSEH","STATE":"MI","ZIP":"49286","STFIP":"26","CNTY":"26091","NMCNTY":"Lenawee County","LOCALE":"32","LAT":41.9969,"LON":-83.9539,"CBSA":"10300","NMCBSA":"Adrian, MI","CBSATYPE":"2","CSA":"220","NMCSA":"Detroit-Warren-Ann Arbor, MI","CD":"2605","SLDL":"26034","SLDU":"26015","SCHOOLYEAR":"2024-2025"}},{"type":"Feature","id":46122,"geometry":{"type":"Point","coordinates":[-83.95831799969412,42.012021000447554]},"properties":{"OBJECTID":46122,"NCESSCH":"263372006918","LEAID":"2633720","NAME":"Tecumseh High School","OPSTFIPS":"26","STREET":"760 BROWN ST","CITY":"TECUMSEH","STATE":"MI","ZIP":"49286","STFIP":"26","CNTY":"26091","NMCNTY":"Lenawee County","LOCALE":"32","LAT":42.012021,"LON":-83.958318,"CBSA":"10300","NMCBSA":"Adrian, MI","CBSATYPE":"2","CSA":"220","NMCSA":"Detroit-Warren-Ann Arbor, MI","CD":"2605","SLDL":"26034","SLDU":"26015","SCHOOLYEAR":"2024-2025"}},{"type":"Feature","id":46123,"geometry":{"type":"Point","coordinates":[-83.95831799969412,42.012021000447554]},"properties":{"OBJECTID":46123,"NCESSCH":"263372008469","LEAID":"2633720","NAME":"Tecumseh Virtual Academy","OPSTFIPS":"26","STREET":"760 BROWN ST","CITY":"TECUMSEH","STATE":"MI","ZIP":"49286","STFIP":"26","CNTY":"26091","NMCNTY":"Lenawee County","LOCALE":"32","LAT":42.012021,"LON":-83.958318,"CBSA":"10300","NMCBSA":"Adrian, MI","CBSATYPE":"2","CSA":"220","NMCSA":"Detroit-Warren-Ann Arbor, MI","CD":"2605","SLDL":"26034","SLDU":"26015","SCHOOLYEAR":"2024-2025"}},{"type":"Feature","id":46124,"geometry":{"type":"Point","coordinates":[-83.95212500042653,42.007833000020334]},"properties":{"OBJECTID":46124,"NCESSCH":"263372008842","LEAID":"2633720","NAME":"Patterson Intermediate Learning Center","OPSTFIPS":"26","STREET":"401 N VAN BUREN ST","CITY":"TECUMSEH","STATE":"MI","ZIP":"49286","STFIP":"26","CNTY":"26091","NMCNTY":"Lenawee County","LOCALE":"32","LAT":42.007833,"LON":-83.952125,"CBSA":"10300","NMCBSA":"Adrian, MI","CBSATYPE":"2","CSA":"220","NMCSA":"Detroit-Warren-Ann Arbor, MI","CD":"2605","SLDL":"26034","SLDU":"26015","SCHOOLYEAR":"2024-2025"}},{"type":"Feature","id":46125,"geometry":{"type":"Point","coordinates":[-83.9414800001988,42.00796800058512]},"properties":{"OBJECTID":46125,"NCESSCH":"263372008843","LEAID":"2633720","NAME":"Tecumseh Middle School","OPSTFIPS":"26","STREET":"307 N MAUMEE ST","CITY":"TECUMSEH","STATE":"MI","ZIP":"49286","STFIP":"26","CNTY":"26091","NMCNTY":"Lenawee County","LOCALE":"32","LAT":42.007968,"LON":-83.94148,"CBSA":"10300","NMCBSA":"Adrian, MI","CBSATYPE":"2","CSA":"220","NMCSA":"Detroit-Warren-Ann Arbor, MI","CD":"2605","SLDL":"26034","SLDU":"26015","SCHOOLYEAR":"2024-2025"}},{"type":"Feature","id":46126,"geometry":{"type":"Point","coordinates":[-83.93457100022168,42.00934800018064]},"properties":{"OBJECTID":46126,"NCESSCH":"263372008997","LEAID":"2633720","NAME":"Herrick Park Intermediate School","OPSTFIPS":"26","STREET":"600 HERRICK PARK DR","CITY":"TECUMSEH","STATE":"MI","ZIP":"49286","STFIP":"26","CNTY":"26091","NMCNTY":"Lenawee County","LOCALE":"32","LAT":42.009348,"LON":-83.934571,"CBSA":"10300","NMCBSA":"Adrian, MI","CBSATYPE":"2","CSA":"220","NMCSA":"Detroit-Warren-Ann Arbor, MI","CD":"2605","SLDL":"26034","SLDU":"26015","SCHOOLYEAR":"2024-2025"}},{"type":"Feature","id":46156,"geometry":{"type":"Point","coordinates":[-83.19889999920898,42.14930000008576]},"properties":{"OBJECTID":46156,"NCESSCH":"263390006953","LEAID":"2633900","NAME":"Jesse L Anderson Elementary School","OPSTFIPS":"26","STREET":"2600 HARRISON AVE","CITY":"TRENTON","STATE":"MI","ZIP":"48183","STFIP":"26","CNTY":"26163","NMCNTY":"Wayne County","LOCALE":"21","LAT":42.1493,"LON":-83.1989,"CBSA":"19820","NMCBSA":"Detroit-Warren-Dearborn, MI","CBSATYPE":"1","CSA":"220","NMCSA":"Detroit-Warren-Ann Arbor, MI","CD":"2606","SLDL":"26027","SLDU":"26004","SCHOOLYEAR":"2024-2025"}},{"type":"Feature","id":46157,"geometry":{"type":"Point","coordinates":[-83.207499999356,42.13280000072357]},"properties":{"OBJECTID":46157,"NCESSCH":"263390006954","LEAID":"2633900","NAME":"Richard C Hedke Elem School","OPSTFIPS":"26","STREET":"3201 MARIAN DR","CITY":"TRENTON","STATE":"MI","ZIP":"48183","STFIP":"26","CNTY":"26163","NMCNTY":"Wayne County","LOCALE":"21","LAT":42.1328,"LON":-83.2075,"CBSA":"19820","NMCBSA":"Detroit-Warren-Dearborn, MI","CBSATYPE":"1","CSA":"220","NMCSA":"Detroit-Warren-Ann Arbor, MI","CD":"2606","SLDL":"26027","SLDU":"26004","SCHOOLYEAR":"2024-2025"}},{"type":"Feature","id":46158,"geometry":{"type":"Point","coordinates":[-83.19989999991985,42.14269999986292]},"properties":{"OBJECTID":46158,"NCESSCH":"263390006956","LEAID":"2633900","NAME":"Trenton High School","OPSTFIPS":"26","STREET":"2601 CHARLTON RD","CITY":"TRENTON","STATE":"MI","ZIP":"48183","STFIP":"26","CNTY":"26163","NMCNTY":"Wayne County","LOCALE":"21","LAT":42.1427,"LON":-83.1999,"CBSA":"19820","NMCBSA":"Detroit-Warren-Dearborn, MI","CBSATYPE":"1","CSA":"220","NMCSA":"Detroit-Warren-Ann Arbor, MI","CD":"2606","SLDL":"26027","SLDU":"26004","SCHOOLYEAR":"2024-2025"}},{"type":"Feature","id":46159,"geometry":{"type":"Point","coordinates":[-83.21760000052313,42.13360000036098]},"properties":{"OBJECTID":46159,"NCESSCH":"263390006957","LEAID":"2633900","NAME":"Boyd W Arthurs Middle School","OPSTFIPS":"26","STREET":"4000 MARIAN DR","CITY":"TRENTON","STATE":"MI","ZIP":"48183","STFIP":"26","CNTY":"26163","NMCNTY":"Wayne County","LOCALE":"21","LAT":42.1336,"LON":-83.2176,"CBSA":"19820","NMCBSA":"Detroit-Warren-Dearborn, MI","CBSATYPE":"1","CSA":"220","NMCSA":"Detroit-Warren-Ann Arbor, MI","CD":"2606","SLDL":"26027","SLDU":"26004","SCHOOLYEAR":"2024-2025"}},{"type":"Feature","id":46163,"geometry":{"type":"Point","coordinates":[-83.11726099986858,42.562460000215516]},"properties":{"OBJECTID":46163,"NCESSCH":"263426000675","LEAID":"2634260","NAME":"Troy College and Career High School","OPSTFIPS":"26","STREET":"1522 E BIG BEAVER RD","CITY":"TROY","STATE":"MI","ZIP":"48083","STFIP":"26","CNTY":"26125","NMCNTY":"Oakland County","LOCALE":"13","LAT":42.56246,"LON":-83.117261,"CBSA":"19820","NMCBSA":"Detroit-Warren-Dearborn, MI","CBSATYPE":"1","CSA":"220","NMCSA":"Detroit-Warren-Ann Arbor, MI","CD":"2611","SLDL":"26056","SLDU":"26009","SCHOOLYEAR":"2024-2025"}},{"type":"Feature","id":46164,"geometry":{"type":"Point","coordinates":[-83.12168199979479,42.56857800006782]},"properties":{"OBJECTID":46164,"NCESSCH":"263426001729","LEAID":"2634260","NAME":"Troy Center for Transition","OPSTFIPS":"26","STREET":"1291 TORPEY DR","CITY":"TROY","STATE":"MI","ZIP":"48083","STFIP":"26","CNTY":"26125","NMCNTY":"Oakland County","LOCALE":"13","LAT":42.568578,"LON":-83.121682,"CBSA":"19820","NMCBSA":"Detroit-Warren-Dearborn, MI","CBSATYPE":"1","CSA":"220","NMCSA":"Detroit-Warren-Ann Arbor, MI","CD":"2611","SLDL":"26056","SLDU":"26009","SCHOOLYEAR":"2024-2025"}},{"type":"Feature","id":46165,"geometry":{"type":"Point","coordinates":[-83.15373800001234,42.604764999803876]},"properties":{"OBJECTID":46165,"NCESSCH":"263426002026","LEAID":"2634260","NAME":"Troy Early Childhood","OPSTFIPS":"26","STREET":"205 W SQUARE LAKE RD","CITY":"TROY","STATE":"MI","ZIP":"48098","STFIP":"26","CNTY":"26125","NMCNTY":"Oakland County","LOCALE":"13","LAT":42.604765,"LON":-83.153738,"CBSA":"19820","NMCBSA":"Detroit-Warren-Dearborn, MI","CBSATYPE":"1","CSA":"220","NMCSA":"Detroit-Warren-Ann Arbor, MI","CD":"2611","SLDL":"26056","SLDU":"26009","SCHOOLYEAR":"2024-2025"}},{"type":"Feature","id":46166,"geometry":{"type":"Point","coordinates":[-83.12035099933395,42.568025000037814]},"properties":{"OBJECTID":46166,"NCESSCH":"263426006962","LEAID":"2634260","NAME":"Baker Middle School","OPSTFIPS":"26","STREET":"1359 TORPEY DR","CITY":"TROY","STATE":"MI","ZIP":"48083","STFIP":"26","CNTY":"26125","NMCNTY":"Oakland County","LOCALE":"13","LAT":42.568025,"LON":-83.120351,"CBSA":"19820","NMCBSA":"Detroit-Warren-Dearborn, MI","CBSATYPE":"1","CSA":"220","NMCSA":"Detroit-Warren-Ann Arbor, MI","CD":"2611","SLDL":"26056","SLDU":"26009","SCHOOLYEAR":"2024-2025"}},{"type":"Feature","id":46167,"geometry":{"type":"Point","coordinates":[-83.13969999973949,42.58369999981461]},"properties":{"OBJECTID":46167,"NCESSCH":"263426006963","LEAID":"2634260","NAME":"Leonard Elementary School","OPSTFIPS":"26","STREET":"4401 TALLMAN DR","CITY":"TROY","STATE":"MI","ZIP":"48085","STFIP":"26","CNTY":"26125","NMCNTY":"Oakland County","LOCALE":"13","LAT":42.5837,"LON":-83.1397,"CBSA":"19820","NMCBSA":"Detroit-Warren-Dearborn, MI","CBSATYPE":"1","CSA":"220","NMCSA":"Detroit-Warren-Ann Arbor, MI","CD":"2611","SLDL":"26056","SLDU":"26009","SCHOOLYEAR":"2024-2025"}},{"type":"Feature","id":46168,"geometry":{"type":"Point","coordinates":[-83.13569999994607,42.55600000014844]},"properties":{"OBJECTID":46168,"NCESSCH":"263426006964","LEAID":"2634260","NAME":"Morse Elementary School","OPSTFIPS":"26","STREET":"475 CHERRY DR","CITY":"TROY","STATE":"MI","ZIP":"48083","STFIP":"26","CNTY":"26125","NMCNTY":"Oakland County","LOCALE":"13","LAT":42.556,"LON":-83.1357,"CBSA":"19820","NMCBSA":"Detroit-Warren-Dearborn, MI","CBSATYPE":"1","CSA":"220","NMCSA":"Detroit-Warren-Ann Arbor, MI","CD":"2611","SLDL":"26056","SLDU":"26009","SCHOOLYEAR":"2024-2025"}},{"type":"Feature","id":46169,"geometry":{"type":"Point","coordinates":[-83.17649999962214,42.60049999990272]},"properties":{"OBJECTID":46169,"NCESSCH":"263426006965","LEAID":"2634260","NAME":"Hamilton Elementary School","OPSTFIPS":"26","STREET":"5625 NORTHFIELD PKWY","CITY":"TROY","STATE":"MI","ZIP":"48098","STFIP":"26","CNTY":"26125","NMCNTY":"Oakland County","LOCALE":"13","LAT":42.6005,"LON":-83.1765,"CBSA":"19820","NMCBSA":"Detroit-Warren-Dearborn, MI","CBSATYPE":"1","CSA":"220","NMCSA":"Detroit-Warren-Ann Arbor, MI","CD":"2611","SLDL":"26056","SLDU":"26009","SCHOOLYEAR":"2024-2025"}},{"type":"Feature","id":46170,"geometry":{"type":"Point","coordinates":[-83.17910000018857,42.58720000043595]},"properties":{"OBJECTID":46170,"NCESSCH":"263426006966","LEAID":"2634260","NAME":"Troy High School","OPSTFIPS":"26","STREET":"4777 NORTHFIELD PKWY","CITY":"TROY","STATE":"MI","ZIP":"48098","STFIP":"26","CNTY":"26125","NMCNTY":"Oakland County","LOCALE":"13","LAT":42.5872,"LON":-83.1791,"CBSA":"19820","NMCBSA":"Detroit-Warren-Dearborn, MI","CBSATYPE":"1","CSA":"220","NMCSA":"Detroit-Warren-Ann Arbor, MI","CD":"2611","SLDL":"26056","SLDU":"26009","SCHOOLYEAR":"2024-2025"}},{"type":"Feature","id":46171,"geometry":{"type":"Point","coordinates":[-83.12204399940723,42.60639999969455]},"properties":{"OBJECTID":46171,"NCESSCH":"263426006967","LEAID":"2634260","NAME":"Troy Union Elementary School","OPSTFIPS":"26","STREET":"1340 E SQUARE LAKE RD","CITY":"TROY","STATE":"MI","ZIP":"48085","STFIP":"26","CNTY":"26125","NMCNTY":"Oakland County","LOCALE":"13","LAT":42.6064,"LON":-83.122044,"CBSA":"19820","NMCBSA":"Detroit-Warren-Dearborn, MI","CBSATYPE":"1","CSA":"220","NMCSA":"Detroit-Warren-Ann Arbor, MI","CD":"2611","SLDL":"26056","SLDU":"26009","SCHOOLYEAR":"2024-2025"}},{"type":"Feature","id":46172,"geometry":{"type":"Point","coordinates":[-83.09557100043065,42.5866780005679]},"properties":{"OBJECTID":46172,"NCESSCH":"263426006968","LEAID":"2634260","NAME":"Hill Elementary School","OPSTFIPS":"26","STREET":"4600 FORSYTH DR","CITY":"TROY","STATE":"MI","ZIP":"48085","STFIP":"26","CNTY":"26125","NMCNTY":"Oakland County","LOCALE":"13","LAT":42.586678,"LON":-83.095571,"CBSA":"19820","NMCBSA":"Detroit-Warren-Dearborn, MI","CBSATYPE":"1","CSA":"220","NMCSA":"Detroit-Warren-Ann Arbor, MI","CD":"2611","SLDL":"26057","SLDU":"26009","SCHOOLYEAR":"2024-2025"}},{"type":"Feature","id":46173,"geometry":{"type":"Point","coordinates":[-83.14579999943311,42.60329999994841]},"properties":{"OBJECTID":46173,"NCESSCH":"263426006969","LEAID":"2634260","NAME":"Smith Middle School","OPSTFIPS":"26","STREET":"5835 DONALDSON DR","CITY":"TROY","STATE":"MI","ZIP":"48085","STFIP":"26","CNTY":"26125","NMCNTY":"Oakland County","LOCALE":"13","LAT":42.6033,"LON":-83.1458,"CBSA":"19820","NMCBSA":"Detroit-Warren-Dearborn, MI","CBSATYPE":"1","CSA":"220","NMCSA":"Detroit-Warren-Ann Arbor, MI","CD":"2611","SLDL":"26056","SLDU":"26009","SCHOOLYEAR":"2024-2025"}},{"type":"Feature","id":46174,"geometry":{"type":"Point","coordinates":[-83.13930000054269,42.57209999979657]},"properties":{"OBJECTID":46174,"NCESSCH":"263426006970","LEAID":"2634260","NAME":"Wattles Elementary School","OPSTFIPS":"26","STREET":"3555 ELLENBORO DR","CITY":"TROY","STATE":"MI","ZIP":"48083","STFIP":"26","CNTY":"26125","NMCNTY":"Oakland County","LOCALE":"13","LAT":42.5721,"LON":-83.1393,"CBSA":"19820","NMCBSA":"Detroit-Warren-Dearborn, MI","CBSATYPE":"1","CSA":"220","NMCSA":"Detroit-Warren-Ann Arbor, MI","CD":"2611","SLDL":"26056","SLDU":"26009","SCHOOLYEAR":"2024-2025"}},{"type":"Feature","id":46175,"geometry":{"type":"Point","coordinates":[-83.1933000007593,42.56780000030968]},"properties":{"OBJECTID":46175,"NCESSCH":"263426006971","LEAID":"2634260","NAME":"Schroeder Elementary School","OPSTFIPS":"26","STREET":"3541 JACK DR","CITY":"TROY","STATE":"MI","ZIP":"48084","STFIP":"26","CNTY":"26125","NMCNTY":"Oakland County","LOCALE":"13","LAT":42.5678,"LON":-83.1933,"CBSA":"19820","NMCBSA":"Detroit-Warren-Dearborn, MI","CBSATYPE":"1","CSA":"220","NMCSA":"Detroit-Warren-Ann Arbor, MI","CD":"2611","SLDL":"26056","SLDU":"26009","SCHOOLYEAR":"2024-2025"}},{"type":"Feature","id":46176,"geometry":{"type":"Point","coordinates":[-83.12019999991321,42.58560000013416]},"properties":{"OBJECTID":46176,"NCESSCH":"263426006972","LEAID":"2634260","NAME":"Costello Elementary School","OPSTFIPS":"26","STREET":"1333 HAMMAN DR","CITY":"TROY","STATE":"MI","ZIP":"48085","STFIP":"26","CNTY":"26125","NMCNTY":"Oakland County","LOCALE":"13","LAT":42.5856,"LON":-83.1202,"CBSA":"19820","NMCBSA":"Detroit-Warren-Dearborn, MI","CBSATYPE":"1","CSA":"220","NMCSA":"Detroit-Warren-Ann Arbor, MI","CD":"2611","SLDL":"26056","SLDU":"26009","SCHOOLYEAR":"2024-2025"}},{"type":"Feature","id":46177,"geometry":{"type":"Point","coordinates":[-83.14745799973751,42.60107899947458]},"properties":{"OBJECTID":46177,"NCESSCH":"263426006973","LEAID":"2634260","NAME":"Martell Elementary School","OPSTFIPS":"26","STREET":"5666 LIVERNOIS RD","CITY":"TROY","STATE":"MI","ZIP":"48098","STFIP":"26","CNTY":"26125","NMCNTY":"Oakland County","LOCALE":"13","LAT":42.601079,"LON":-83.147458,"CBSA":"19820","NMCBSA":"Detroit-Warren-Dearborn, MI","CBSATYPE":"1","CSA":"220","NMCSA":"Detroit-Warren-Ann Arbor, MI","CD":"2611","SLDL":"26056","SLDU":"26009","SCHOOLYEAR":"2024-2025"}},{"type":"Feature","id":46178,"geometry":{"type":"Point","coordinates":[-83.10566999979058,42.58938700053377]},"properties":{"OBJECTID":46178,"NCESSCH":"263426006974","LEAID":"2634260","NAME":"Larson Middle School","OPSTFIPS":"26","STREET":"2222 E LONG LAKE RD","CITY":"TROY","STATE":"MI","ZIP":"48085","STFIP":"26","CNTY":"26125","NMCNTY":"Oakland County","LOCALE":"13","LAT":42.589387,"LON":-83.10567,"CBSA":"19820","NMCBSA":"Detroit-Warren-Dearborn, MI","CBSATYPE":"1","CSA":"220","NMCSA":"Detroit-Warren-Ann Arbor, MI","CD":"2611","SLDL":"26057","SLDU":"26009","SCHOOLYEAR":"2024-2025"}},{"type":"Feature","id":46179,"geometry":{"type":"Point","coordinates":[-83.17849999945643,42.570499999533034]},"properties":{"OBJECTID":46179,"NCESSCH":"263426006975","LEAID":"2634260","NAME":"Boulan Park Middle School","OPSTFIPS":"26","STREET":"3570 NORTHFIELD PKWY","CITY":"TROY","STATE":"MI","ZIP":"48084","STFIP":"26","CNTY":"26125","NMCNTY":"Oakland County","LOCALE":"13","LAT":42.5705,"LON":-83.1785,"CBSA":"19820","NMCBSA":"Detroit-Warren-Dearborn, MI","CBSATYPE":"1","CSA":"220","NMCSA":"Detroit-Warren-Ann Arbor, MI","CD":"2611","SLDL":"26056","SLDU":"26009","SCHOOLYEAR":"2024-2025"}},{"type":"Feature","id":46180,"geometry":{"type":"Point","coordinates":[-83.1115999999882,42.58260000004159]},"properties":{"OBJECTID":46180,"NCESSCH":"263426006976","LEAID":"2634260","NAME":"Athens High School","OPSTFIPS":"26","STREET":"4333 JOHN R RD","CITY":"TROY","STATE":"MI","ZIP":"48085","STFIP":"26","CNTY":"26125","NMCNTY":"Oakland County","LOCALE":"13","LAT":42.5826,"LON":-83.1116,"CBSA":"19820","NMCBSA":"Detroit-Warren-Dearborn, MI","CBSATYPE":"1","CSA":"220","NMCSA":"Detroit-Warren-Ann Arbor, MI","CD":"2611","SLDL":"26056","SLDU":"26009","SCHOOLYEAR":"2024-2025"}},{"type":"Feature","id":46181,"geometry":{"type":"Point","coordinates":[-83.09899999958037,42.598499999471876]},"properties":{"OBJECTID":46181,"NCESSCH":"263426006977","LEAID":"2634260","NAME":"Wass Elementary School","OPSTFIPS":"26","STREET":"2340 WILLARD DR","CITY":"TROY","STATE":"MI","ZIP":"48085","STFIP":"26","CNTY":"26125","NMCNTY":"Oakland County","LOCALE":"13","LAT":42.5985,"LON":-83.099,"CBSA":"19820","NMCBSA":"Detroit-Warren-Dearborn, MI","CBSATYPE":"1","CSA":"220","NMCSA":"Detroit-Warren-Ann Arbor, MI","CD":"2611","SLDL":"26057","SLDU":"26009","SCHOOLYEAR":"2024-2025"}},{"type":"Feature","id":46182,"geometry":{"type":"Point","coordinates":[-83.18150000037011,42.57039999936362]},"properties":{"OBJECTID":46182,"NCESSCH":"263426006978","LEAID":"2634260","NAME":"Bemis Elementary School","OPSTFIPS":"26","STREET":"3571 NORTHFIELD PKWY","CITY":"TROY","STATE":"MI","ZIP":"48084","STFIP":"26","CNTY":"26125","NMCNTY":"Oakland County","LOCALE":"13","LAT":42.5704,"LON":-83.1815,"CBSA":"19820","NMCBSA":"Detroit-Warren-Dearborn, MI","CBSATYPE":"1","CSA":"220","NMCSA":"Detroit-Warren-Ann Arbor, MI","CD":"2611","SLDL":"26056","SLDU":"26009","SCHOOLYEAR":"2024-2025"}},{"type":"Feature","id":46183,"geometry":{"type":"Point","coordinates":[-83.10540000021034,42.57319999970264]},"properties":{"OBJECTID":46183,"NCESSCH":"263426006979","LEAID":"2634260","NAME":"Barnard Elementary School","OPSTFIPS":"26","STREET":"3601 FORGE DR","CITY":"TROY","STATE":"MI","ZIP":"48083","STFIP":"26","CNTY":"26125","NMCNTY":"Oakland County","LOCALE":"13","LAT":42.5732,"LON":-83.1054,"CBSA":"19820","NMCBSA":"Detroit-Warren-Dearborn, MI","CBSATYPE":"1","CSA":"220","NMCSA":"Detroit-Warren-Ann Arbor, MI","CD":"2611","SLDL":"26057","SLDU":"26009","SCHOOLYEAR":"2024-2025"}},{"type":"Feature","id":46192,"geometry":{"type":"Point","coordinates":[-82.97490000056607,42.69810000022293]},"properties":{"OBJECTID":46192,"NCESSCH":"263447000927","LEAID":"2634470","NAME":"Beck Centennial Elem School","OPSTFIPS":"26","STREET":"54600 HAYES RD","CITY":"MACOMB","STATE":"MI","ZIP":"48042","STFIP":"26","CNTY":"26099","NMCNTY":"Macomb County","LOCALE":"21","LAT":42.6981,"LON":-82.9749,"CBSA":"19820","NMCBSA":"Detroit-Warren-Dearborn, MI","CBSATYPE":"1","CSA":"220","NMCSA":"Detroit-Warren-Ann Arbor, MI","CD":"2609","SLDL":"26059","SLDU":"26024","SCHOOLYEAR":"2024-2025"}},{"type":"Feature","id":46193,"geometry":{"type":"Point","coordinates":[-82.98500000001903,42.712500000237554]},"properties":{"OBJECTID":46193,"NCESSCH":"263447001311","LEAID":"2634470","NAME":"Richard J Duncan Elementary","OPSTFIPS":"26","STREET":"14500 26 MILE RD","CITY":"SHELBY TOWNSHIP","STATE":"MI","ZIP":"48315","STFIP":"26","CNTY":"26099","NMCNTY":"Macomb County","LOCALE":"21","LAT":42.7125,"LON":-82.985,"CBSA":"19820","NMCBSA":"Detroit-Warren-Dearborn, MI","CBSATYPE":"1","CSA":"220","NMCSA":"Detroit-Warren-Ann Arbor, MI","CD":"2610","SLDL":"26059","SLDU":"26024","SCHOOLYEAR":"2024-2025"}},{"type":"Feature","id":46194,"geometry":{"type":"Point","coordinates":[-82.99813500020424,42.70317599993923]},"properties":{"OBJECTID":46194,"NCESSCH":"263447001840","LEAID":"2634470","NAME":"Beacon Tree Elementary School","OPSTFIPS":"26","STREET":"55885 SCHOENHERR RD","CITY":"SHELBY TOWNSHIP","STATE":"MI","ZIP":"48315","STFIP":"26","CNTY":"26099","NMCNTY":"Macomb County","LOCALE":"21","LAT":42.703176,"LON":-82.998135,"CBSA":"19820","NMCBSA":"Detroit-Warren-Dearborn, MI","CBSATYPE":"1","CSA":"220","NMCSA":"Detroit-Warren-Ann Arbor, MI","CD":"2610","SLDL":"26059","SLDU":"26024","SCHOOLYEAR":"2024-2025"}},{"type":"Feature","id":46195,"geometry":{"type":"Point","coordinates":[-83.07040000059733,42.59660000058247]},"properties":{"OBJECTID":46195,"NCESSCH":"263447006990","LEAID":"2634470","NAME":"Burr Elementary School","OPSTFIPS":"26","STREET":"41460 RYAN RD","CITY":"STERLING HEIGHTS","STATE":"MI","ZIP":"48314","STFIP":"26","CNTY":"26099","NMCNTY":"Macomb County","LOCALE":"21","LAT":42.5966,"LON":-83.0704,"CBSA":"19820","NMCBSA":"Detroit-Warren-Dearborn, MI","CBSATYPE":"1","CSA":"220","NMCSA":"Detroit-Warren-Ann Arbor, MI","CD":"2610","SLDL":"26057","SLDU":"26009","SCHOOLYEAR":"2024-2025"}},{"type":"Feature","id":46196,"geometry":{"type":"Point","coordinates":[-83.01679999965717,42.61360000027429]},"properties":{"OBJECTID":46196,"NCESSCH":"263447006991","LEAID":"2634470","NAME":"Dresden Elementary School","OPSTFIPS":"26","STREET":"11400 DELVIN DR","CITY":"STERLING HEIGHTS","STATE":"MI","ZIP":"48314","STFIP":"26","CNTY":"26099","NMCNTY":"Macomb County","LOCALE":"21","LAT":42.6136,"LON":-83.0168,"CBSA":"19820","NMCBSA":"Detroit-Warren-Dearborn, MI","CBSATYPE":"1","CSA":"220","NMCSA":"Detroit-Warren-Ann Arbor, MI","CD":"2610","SLDL":"26058","SLDU":"26009","SCHOOLYEAR":"2024-2025"}},{"type":"Feature","id":46197,"geometry":{"type":"Point","coordinates":[-83.02419999998783,42.59250000019244]},"properties":{"OBJECTID":46197,"NCESSCH":"263447006992","LEAID":"2634470","NAME":"Schwarzkoff Elementary School","OPSTFIPS":"26","STREET":"8401 CONSTITUTION BLVD","CITY":"STERLING HEIGHTS","STATE":"MI","ZIP":"48313","STFIP":"26","CNTY":"26099","NMCNTY":"Macomb County","LOCALE":"21","LAT":42.5925,"LON":-83.0242,"CBSA":"19820","NMCBSA":"Detroit-Warren-Dearborn, MI","CBSATYPE":"1","CSA":"220","NMCSA":"Detroit-Warren-Ann Arbor, MI","CD":"2610","SLDL":"26058","SLDU":"26010","SCHOOLYEAR":"2024-2025"}},{"type":"Feature","id":46198,"geometry":{"type":"Point","coordinates":[-83.03650000019853,42.62950000007348]},"properties":{"OBJECTID":46198,"NCESSCH":"263447006993","LEAID":"2634470","NAME":"Eppler Junior High School","OPSTFIPS":"26","STREET":"45461 BROWNELL ST","CITY":"UTICA","STATE":"MI","ZIP":"48317","STFIP":"26","CNTY":"26099","NMCNTY":"Macomb County","LOCALE":"21","LAT":42.6295,"LON":-83.0365,"CBSA":"19820","NMCBSA":"Detroit-Warren-Dearborn, MI","CBSATYPE":"1","CSA":"220","NMCSA":"Detroit-Warren-Ann Arbor, MI","CD":"2610","SLDL":"26058","SLDU":"26009","SCHOOLYEAR":"2024-2025"}},{"type":"Feature","id":46199,"geometry":{"type":"Point","coordinates":[-83.02310000006925,42.62949999974985]},"properties":{"OBJECTID":46199,"NCESSCH":"263447006995","LEAID":"2634470","NAME":"Flickinger Elementary School","OPSTFIPS":"26","STREET":"45400 VANKER AVE","CITY":"UTICA","STATE":"MI","ZIP":"48317","STFIP":"26","CNTY":"26099","NMCNTY":"Macomb County","LOCALE":"21","LAT":42.6295,"LON":-83.0231,"CBSA":"19820","NMCBSA":"Detroit-Warren-Dearborn, MI","CBSATYPE":"1","CSA":"220","NMCSA":"Detroit-Warren-Ann Arbor, MI","CD":"2610","SLDL":"26058","SLDU":"26009","SCHOOLYEAR":"2024-2025"}},{"type":"Feature","id":46200,"geometry":{"type":"Point","coordinates":[-83.00310000031776,42.601499999838175]},"properties":{"OBJECTID":46200,"NCESSCH":"263447006996","LEAID":"2634470","NAME":"Jack Harvey Elementary School","OPSTFIPS":"26","STREET":"41700 MONTROY DR","CITY":"STERLING HEIGHTS","STATE":"MI","ZIP":"48313","STFIP":"26","CNTY":"26099","NMCNTY":"Macomb County","LOCALE":"21","LAT":42.6015,"LON":-83.0031,"CBSA":"19820","NMCBSA":"Detroit-Warren-Dearborn, MI","CBSATYPE":"1","CSA":"220","NMCSA":"Detroit-Warren-Ann Arbor, MI","CD":"2610","SLDL":"26058","SLDU":"26010","SCHOOLYEAR":"2024-2025"}},{"type":"Feature","id":46201,"geometry":{"type":"Point","coordinates":[-83.0527999998261,42.68989999984742]},"properties":{"OBJECTID":46201,"NCESSCH":"263447006997","LEAID":"2634470","NAME":"Morgan Elementary School","OPSTFIPS":"26","STREET":"53800 MOUND RD","CITY":"SHELBY TOWNSHIP","STATE":"MI","ZIP":"48316","STFIP":"26","CNTY":"26099","NMCNTY":"Macomb County","LOCALE":"21","LAT":42.6899,"LON":-83.0528,"CBSA":"19820","NMCBSA":"Detroit-Warren-Dearborn, MI","CBSATYPE":"1","CSA":"220","NMCSA":"Detroit-Warren-Ann Arbor, MI","CD":"2610","SLDL":"26059","SLDU":"26024","SCHOOLYEAR":"2024-2025"}},{"type":"Feature","id":46202,"geometry":{"type":"Point","coordinates":[-83.07820000030591,42.58909999987066]},"properties":{"OBJECTID":46202,"NCESSCH":"263447006998","LEAID":"2634470","NAME":"Frank Jeannette Jr High School","OPSTFIPS":"26","STREET":"40400 GULLIVER DR","CITY":"STERLING HEIGHTS","STATE":"MI","ZIP":"48310","STFIP":"26","CNTY":"26099","NMCNTY":"Macomb County","LOCALE":"21","LAT":42.5891,"LON":-83.0782,"CBSA":"19820","NMCBSA":"Detroit-Warren-Dearborn, MI","CBSATYPE":"1","CSA":"220","NMCSA":"Detroit-Warren-Ann Arbor, MI","CD":"2610","SLDL":"26057","SLDU":"26009","SCHOOLYEAR":"2024-2025"}},{"type":"Feature","id":46203,"geometry":{"type":"Point","coordinates":[-83.0202000000079,42.584399999969726]},"properties":{"OBJECTID":46203,"NCESSCH":"263447006999","LEAID":"2634470","NAME":"Plumbrook Elementary School","OPSTFIPS":"26","STREET":"39660 SPALDING DR","CITY":"STERLING HEIGHTS","STATE":"MI","ZIP":"48313","STFIP":"26","CNTY":"26099","NMCNTY":"Macomb County","LOCALE":"21","LAT":42.5844,"LON":-83.0202,"CBSA":"19820","NMCBSA":"Detroit-Warren-Dearborn, MI","CBSATYPE":"1","CSA":"220","NMCSA":"Detroit-Warren-Ann Arbor, MI","CD":"2610","SLDL":"26058","SLDU":"26010","SCHOOLYEAR":"2024-2025"}},{"type":"Feature","id":46204,"geometry":{"type":"Point","coordinates":[-83.02810000067905,42.67340000020301]},"properties":{"OBJECTID":46204,"NCESSCH":"263447007001","LEAID":"2634470","NAME":"Shelby Junior High School","OPSTFIPS":"26","STREET":"51700 VAN DYKE AVE","CITY":"SHELBY TOWNSHIP","STATE":"MI","ZIP":"48316","STFIP":"26","CNTY":"26099","NMCNTY":"Macomb County","LOCALE":"21","LAT":42.6734,"LON":-83.0281,"CBSA":"19820","NMCBSA":"Detroit-Warren-Dearborn, MI","CBSATYPE":"1","CSA":"220","NMCSA":"Detroit-Warren-Ann Arbor, MI","CD":"2610","SLDL":"26059","SLDU":"26024","SCHOOLYEAR":"2024-2025"}},{"type":"Feature","id":46205,"geometry":{"type":"Point","coordinates":[-83.00460000046338,42.60890000006337]},"properties":{"OBJECTID":46205,"NCESSCH":"263447007002","LEAID":"2634470","NAME":"Browning Elementary School","OPSTFIPS":"26","STREET":"12400 19 MILE RD","CITY":"STERLING HEIGHTS","STATE":"MI","ZIP":"48313","STFIP":"26","CNTY":"26099","NMCNTY":"Macomb County","LOCALE":"21","LAT":42.6089,"LON":-83.0046,"CBSA":"19820","NMCBSA":"Detroit-Warren-Dearborn, MI","CBSATYPE":"1","CSA":"220","NMCSA":"Detroit-Warren-Ann Arbor, MI","CD":"2610","SLDL":"26058","SLDU":"26010","SCHOOLYEAR":"2024-2025"}},{"type":"Feature","id":46206,"geometry":{"type":"Point","coordinates":[-83.00299999997958,42.60900000016163]},"properties":{"OBJECTID":46206,"NCESSCH":"263447007003","LEAID":"2634470","NAME":"Bemis Junior High School","OPSTFIPS":"26","STREET":"12500 19 MILE RD","CITY":"STERLING HEIGHTS","STATE":"MI","ZIP":"48313","STFIP":"26","CNTY":"26099","NMCNTY":"Macomb County","LOCALE":"21","LAT":42.609,"LON":-83.003,"CBSA":"19820","NMCBSA":"Detroit-Warren-Dearborn, MI","CBSATYPE":"1","CSA":"220","NMCSA":"Detroit-Warren-Ann Arbor, MI","CD":"2610","SLDL":"26058","SLDU":"26010","SCHOOLYEAR":"2024-2025"}},{"type":"Feature","id":46207,"geometry":{"type":"Point","coordinates":[-83.06730000083996,42.685000000254654]},"properties":{"OBJECTID":46207,"NCESSCH":"263447007004","LEAID":"2634470","NAME":"Switzer Elementary School","OPSTFIPS":"26","STREET":"53200 SHELBY RD","CITY":"SHELBY TOWNSHIP","STATE":"MI","ZIP":"48316","STFIP":"26","CNTY":"26099","NMCNTY":"Macomb County","LOCALE":"21","LAT":42.685,"LON":-83.0673,"CBSA":"19820","NMCBSA":"Detroit-Warren-Dearborn, MI","CBSATYPE":"1","CSA":"220","NMCSA":"Detroit-Warren-Ann Arbor, MI","CD":"2610","SLDL":"26059","SLDU":"26024","SCHOOLYEAR":"2024-2025"}},{"type":"Feature","id":46208,"geometry":{"type":"Point","coordinates":[-83.04040000053033,42.641700000018716]},"properties":{"OBJECTID":46208,"NCESSCH":"263447007005","LEAID":"2634470","NAME":"Utica High School","OPSTFIPS":"26","STREET":"47255 SHELBY RD","CITY":"UTICA","STATE":"MI","ZIP":"48317","STFIP":"26","CNTY":"26099","NMCNTY":"Macomb County","LOCALE":"21","LAT":42.6417,"LON":-83.0404,"CBSA":"19820","NMCBSA":"Detroit-Warren-Dearborn, MI","CBSATYPE":"1","CSA":"220","NMCSA":"Detroit-Warren-Ann Arbor, MI","CD":"2610","SLDL":"26059","SLDU":"26024","SCHOOLYEAR":"2024-2025"}},{"type":"Feature","id":46209,"geometry":{"type":"Point","coordinates":[-83.05830000002662,42.6307000001833]},"properties":{"OBJECTID":46209,"NCESSCH":"263447007006","LEAID":"2634470","NAME":"West Utica Elementary School","OPSTFIPS":"26","STREET":"5415 W UTICA RD","CITY":"SHELBY TOWNSHIP","STATE":"MI","ZIP":"48317","STFIP":"26","CNTY":"26099","NMCNTY":"Macomb County","LOCALE":"21","LAT":42.6307,"LON":-83.0583,"CBSA":"19820","NMCBSA":"Detroit-Warren-Dearborn, MI","CBSATYPE":"1","CSA":"220","NMCSA":"Detroit-Warren-Ann Arbor, MI","CD":"2610","SLDL":"26058","SLDU":"26009","SCHOOLYEAR":"2024-2025"}},{"type":"Feature","id":46210,"geometry":{"type":"Point","coordinates":[-83.038800000028,42.641600000081944]},"properties":{"OBJECTID":46210,"NCESSCH":"263447007007","LEAID":"2634470","NAME":"Wiley Elementary School","OPSTFIPS":"26","STREET":"47240 SHELBY RD","CITY":"SHELBY TOWNSHIP","STATE":"MI","ZIP":"48317","STFIP":"26","CNTY":"26099","NMCNTY":"Macomb County","LOCALE":"21","LAT":42.6416,"LON":-83.0388,"CBSA":"19820","NMCBSA":"Detroit-Warren-Dearborn, MI","CBSATYPE":"1","CSA":"220","NMCSA":"Detroit-Warren-Ann Arbor, MI","CD":"2610","SLDL":"26059","SLDU":"26024","SCHOOLYEAR":"2024-2025"}},{"type":"Feature","id":46211,"geometry":{"type":"Point","coordinates":[-83.01289999996197,42.58660000072447]},"properties":{"OBJECTID":46211,"NCESSCH":"263447007009","LEAID":"2634470","NAME":"Adlai Stevenson High School","OPSTFIPS":"26","STREET":"39701 DODGE PARK RD","CITY":"STERLING HEIGHTS","STATE":"MI","ZIP":"48313","STFIP":"26","CNTY":"26099","NMCNTY":"Macomb County","LOCALE":"21","LAT":42.5866,"LON":-83.0129,"CBSA":"19820","NMCBSA":"Detroit-Warren-Dearborn, MI","CBSATYPE":"1","CSA":"220","NMCSA":"Detroit-Warren-Ann Arbor, MI","CD":"2610","SLDL":"26058","SLDU":"26010","SCHOOLYEAR":"2024-2025"}},{"type":"Feature","id":46212,"geometry":{"type":"Point","coordinates":[-83.04659999954893,42.675199999583484]},"properties":{"OBJECTID":46212,"NCESSCH":"263447007011","LEAID":"2634470","NAME":"Issac Monfort Elementary School","OPSTFIPS":"26","STREET":"6700 MONTGOMERY DR","CITY":"SHELBY TOWNSHIP","STATE":"MI","ZIP":"48316","STFIP":"26","CNTY":"26099","NMCNTY":"Macomb County","LOCALE":"21","LAT":42.6752,"LON":-83.0466,"CBSA":"19820","NMCBSA":"Detroit-Warren-Dearborn, MI","CBSATYPE":"1","CSA":"220","NMCSA":"Detroit-Warren-Ann Arbor, MI","CD":"2610","SLDL":"26059","SLDU":"26024","SCHOOLYEAR":"2024-2025"}},{"type":"Feature","id":46213,"geometry":{"type":"Point","coordinates":[-82.99695700084894,42.56271799932568]},"properties":{"OBJECTID":46213,"NCESSCH":"263447007014","LEAID":"2634470","NAME":"Bruce Collins Elementary School","OPSTFIPS":"26","STREET":"12900 GRAND HAVEN DR","CITY":"STERLING HEIGHTS","STATE":"MI","ZIP":"48312","STFIP":"26","CNTY":"26099","NMCNTY":"Macomb County","LOCALE":"21","LAT":42.562718,"LON":-82.996957,"CBSA":"19820","NMCBSA":"Detroit-Warren-Dearborn, MI","CBSATYPE":"1","CSA":"220","NMCSA":"Detroit-Warren-Ann Arbor, MI","CD":"2610","SLDL":"26061","SLDU":"26010","SCHOOLYEAR":"2024-2025"}},{"type":"Feature","id":46214,"geometry":{"type":"Point","coordinates":[-83.01540000012325,42.57999999943775]},"properties":{"OBJECTID":46214,"NCESSCH":"263447007015","LEAID":"2634470","NAME":"Davis Junior High School","OPSTFIPS":"26","STREET":"11300 17 MILE RD","CITY":"STERLING HTS","STATE":"MI","ZIP":"48313","STFIP":"26","CNTY":"26099","NMCNTY":"Macomb County","LOCALE":"21","LAT":42.58,"LON":-83.0154,"CBSA":"19820","NMCBSA":"Detroit-Warren-Dearborn, MI","CBSATYPE":"1","CSA":"220","NMCSA":"Detroit-Warren-Ann Arbor, MI","CD":"2610","SLDL":"26058","SLDU":"26010","SCHOOLYEAR":"2024-2025"}},{"type":"Feature","id":46215,"geometry":{"type":"Point","coordinates":[-83.02609999946458,42.68849999995245]},"properties":{"OBJECTID":46215,"NCESSCH":"263447007017","LEAID":"2634470","NAME":"Crissman Elementary School","OPSTFIPS":"26","STREET":"53550 WOLF DR","CITY":"SHELBY TOWNSHIP","STATE":"MI","ZIP":"48316","STFIP":"26","CNTY":"26099","NMCNTY":"Macomb County","LOCALE":"21","LAT":42.6885,"LON":-83.0261,"CBSA":"19820","NMCBSA":"Detroit-Warren-Dearborn, MI","CBSATYPE":"1","CSA":"220","NMCSA":"Detroit-Warren-Ann Arbor, MI","CD":"2610","SLDL":"26059","SLDU":"26024","SCHOOLYEAR":"2024-2025"}},{"type":"Feature","id":46216,"geometry":{"type":"Point","coordinates":[-83.04820000000316,42.69630000020202]},"properties":{"OBJECTID":46216,"NCESSCH":"263447007018","LEAID":"2634470","NAME":"Eisenhower High School","OPSTFIPS":"26","STREET":"6500 25 MILE RD","CITY":"SHELBY TOWNSHIP","STATE":"MI","ZIP":"48316","STFIP":"26","CNTY":"26099","NMCNTY":"Macomb County","LOCALE":"21","LAT":42.6963,"LON":-83.0482,"CBSA":"19820","NMCBSA":"Detroit-Warren-Dearborn, MI","CBSATYPE":"1","CSA":"220","NMCSA":"Detroit-Warren-Ann Arbor, MI","CD":"2610","SLDL":"26059","SLDU":"26024","SCHOOLYEAR":"2024-2025"}},{"type":"Feature","id":46217,"geometry":{"type":"Point","coordinates":[-83.08980000008593,42.67759999981834]},"properties":{"OBJECTID":46217,"NCESSCH":"263447007019","LEAID":"2634470","NAME":"Roberts Elementary School","OPSTFIPS":"26","STREET":"2400 BELLE VIEW DR","CITY":"SHELBY TOWNSHIP","STATE":"MI","ZIP":"48316","STFIP":"26","CNTY":"26099","NMCNTY":"Macomb County","LOCALE":"21","LAT":42.6776,"LON":-83.0898,"CBSA":"19820","NMCBSA":"Detroit-Warren-Dearborn, MI","CBSATYPE":"1","CSA":"220","NMCSA":"Detroit-Warren-Ann Arbor, MI","CD":"2610","SLDL":"26059","SLDU":"26024","SCHOOLYEAR":"2024-2025"}},{"type":"Feature","id":46218,"geometry":{"type":"Point","coordinates":[-83.00639999934585,42.569099999973425]},"properties":{"OBJECTID":46218,"NCESSCH":"263447007020","LEAID":"2634470","NAME":"Oakbrook Elementary School","OPSTFIPS":"26","STREET":"12060 GREENWAY DR","CITY":"STERLING HEIGHTS","STATE":"MI","ZIP":"48312","STFIP":"26","CNTY":"26099","NMCNTY":"Macomb County","LOCALE":"21","LAT":42.5691,"LON":-83.0064,"CBSA":"19820","NMCBSA":"Detroit-Warren-Dearborn, MI","CBSATYPE":"1","CSA":"220","NMCSA":"Detroit-Warren-Ann Arbor, MI","CD":"2610","SLDL":"26058","SLDU":"26010","SCHOOLYEAR":"2024-2025"}},{"type":"Feature","id":46219,"geometry":{"type":"Point","coordinates":[-82.99840599968329,42.57778199990342]},"properties":{"OBJECTID":46219,"NCESSCH":"263447007021","LEAID":"2634470","NAME":"Dekeyser Elementary School","OPSTFIPS":"26","STREET":"38397 GLADSTONE DR","CITY":"STERLING HTS","STATE":"MI","ZIP":"48312","STFIP":"26","CNTY":"26099","NMCNTY":"Macomb County","LOCALE":"21","LAT":42.577782,"LON":-82.998406,"CBSA":"19820","NMCBSA":"Detroit-Warren-Dearborn, MI","CBSATYPE":"1","CSA":"220","NMCSA":"Detroit-Warren-Ann Arbor, MI","CD":"2610","SLDL":"26058","SLDU":"26010","SCHOOLYEAR":"2024-2025"}},{"type":"Feature","id":46220,"geometry":{"type":"Point","coordinates":[-83.05010000036569,42.69390000068523]},"properties":{"OBJECTID":46220,"NCESSCH":"263447007022","LEAID":"2634470","NAME":"Malow Junior High School","OPSTFIPS":"26","STREET":"6400 25 MILE RD","CITY":"SHELBY TOWNSHIP","STATE":"MI","ZIP":"48316","STFIP":"26","CNTY":"26099","NMCNTY":"Macomb County","LOCALE":"21","LAT":42.6939,"LON":-83.0501,"CBSA":"19820","NMCBSA":"Detroit-Warren-Dearborn, MI","CBSATYPE":"1","CSA":"220","NMCSA":"Detroit-Warren-Ann Arbor, MI","CD":"2610","SLDL":"26059","SLDU":"26024","SCHOOLYEAR":"2024-2025"}},{"type":"Feature","id":46221,"geometry":{"type":"Point","coordinates":[-82.98350000043459,42.603199999124506]},"properties":{"OBJECTID":46221,"NCESSCH":"263447007023","LEAID":"2634470","NAME":"Graebner Elementary School","OPSTFIPS":"26","STREET":"41875 SAAL RD","CITY":"STERLING HEIGHTS","STATE":"MI","ZIP":"48313","STFIP":"26","CNTY":"26099","NMCNTY":"Macomb County","LOCALE":"21","LAT":42.6032,"LON":-82.9835,"CBSA":"19820","NMCBSA":"Detroit-Warren-Dearborn, MI","CBSATYPE":"1","CSA":"220","NMCSA":"Detroit-Warren-Ann Arbor, MI","CD":"2610","SLDL":"26058","SLDU":"26010","SCHOOLYEAR":"2024-2025"}},{"type":"Feature","id":46222,"geometry":{"type":"Point","coordinates":[-82.99379999952575,42.60230000044739]},"properties":{"OBJECTID":46222,"NCESSCH":"263447007024","LEAID":"2634470","NAME":"Havel Elementary School","OPSTFIPS":"26","STREET":"41855 SCHOENHERR RD","CITY":"STERLING HEIGHTS","STATE":"MI","ZIP":"48313","STFIP":"26","CNTY":"26099","NMCNTY":"Macomb County","LOCALE":"21","LAT":42.6023,"LON":-82.9938,"CBSA":"19820","NMCBSA":"Detroit-Warren-Dearborn, MI","CBSATYPE":"1","CSA":"220","NMCSA":"Detroit-Warren-Ann Arbor, MI","CD":"2610","SLDL":"26058","SLDU":"26010","SCHOOLYEAR":"2024-2025"}},{"type":"Feature","id":46223,"geometry":{"type":"Point","coordinates":[-83.01189999930644,42.60449999992202]},"properties":{"OBJECTID":46223,"NCESSCH":"263447007025","LEAID":"2634470","NAME":"Henry Ford II High School","OPSTFIPS":"26","STREET":"11911 CLINTON RIVER RD","CITY":"STERLING HEIGHTS","STATE":"MI","ZIP":"48313","STFIP":"26","CNTY":"26099","NMCNTY":"Macomb County","LOCALE":"21","LAT":42.6045,"LON":-83.0119,"CBSA":"19820","NMCBSA":"Detroit-Warren-Dearborn, MI","CBSATYPE":"1","CSA":"220","NMCSA":"Detroit-Warren-Ann Arbor, MI","CD":"2610","SLDL":"26058","SLDU":"26010","SCHOOLYEAR":"2024-2025"}},{"type":"Feature","id":46224,"geometry":{"type":"Point","coordinates":[-83.07999999932396,42.583299999760385]},"properties":{"OBJECTID":46224,"NCESSCH":"263447007027","LEAID":"2634470","NAME":"Schuchard Elementary School","OPSTFIPS":"26","STREET":"2900 HOLLY DR","CITY":"STERLING HEIGHTS","STATE":"MI","ZIP":"48310","STFIP":"26","CNTY":"26099","NMCNTY":"Macomb County","LOCALE":"21","LAT":42.5833,"LON":-83.08,"CBSA":"19820","NMCBSA":"Detroit-Warren-Dearborn, MI","CBSATYPE":"1","CSA":"220","NMCSA":"Detroit-Warren-Ann Arbor, MI","CD":"2610","SLDL":"26057","SLDU":"26009","SCHOOLYEAR":"2024-2025"}},{"type":"Feature","id":46225,"geometry":{"type":"Point","coordinates":[-82.96480000078127,42.64769999988685]},"properties":{"OBJECTID":46225,"NCESSCH":"263447007028","LEAID":"2634470","NAME":"Floyd Ebeling Elementary School","OPSTFIPS":"26","STREET":"15970 HAVERHILL DR","CITY":"MACOMB","STATE":"MI","ZIP":"48044","STFIP":"26","CNTY":"26099","NMCNTY":"Macomb County","LOCALE":"21","LAT":42.6477,"LON":-82.9648,"CBSA":"19820","NMCBSA":"Detroit-Warren-Dearborn, MI","CBSATYPE":"1","CSA":"220","NMCSA":"Detroit-Warren-Ann Arbor, MI","CD":"2610","SLDL":"26060","SLDU":"26011","SCHOOLYEAR":"2024-2025"}},{"type":"Feature","id":46226,"geometry":{"type":"Point","coordinates":[-83.0212999995718,42.57599999943689]},"properties":{"OBJECTID":46226,"NCESSCH":"263447007437","LEAID":"2634470","NAME":"Messmore Elementary School","OPSTFIPS":"26","STREET":"8742 DILL DR","CITY":"STERLING HEIGHTS","STATE":"MI","ZIP":"48312","STFIP":"26","CNTY":"26099","NMCNTY":"Macomb County","LOCALE":"21","LAT":42.576,"LON":-83.0213,"CBSA":"19820","NMCBSA":"Detroit-Warren-Dearborn, MI","CBSATYPE":"1","CSA":"220","NMCSA":"Detroit-Warren-Ann Arbor, MI","CD":"2610","SLDL":"26058","SLDU":"26010","SCHOOLYEAR":"2024-2025"}},{"type":"Feature","id":46227,"geometry":{"type":"Point","coordinates":[-82.98400300058474,42.61397899999413]},"properties":{"OBJECTID":46227,"NCESSCH":"263447007990","LEAID":"2634470","NAME":"Joan C Sergent Instructional Resource Center","OPSTFIPS":"26","STREET":"14200 CANAL RD","CITY":"STERLING HEIGHTS","STATE":"MI","ZIP":"48313","STFIP":"26","CNTY":"26099","NMCNTY":"Macomb County","LOCALE":"21","LAT":42.613979,"LON":-82.984003,"CBSA":"19820","NMCBSA":"Detroit-Warren-Dearborn, MI","CBSATYPE":"1","CSA":"220","NMCSA":"Detroit-Warren-Ann Arbor, MI","CD":"2610","SLDL":"26058","SLDU":"26010","SCHOOLYEAR":"2024-2025"}},{"type":"Feature","id":46228,"geometry":{"type":"Point","coordinates":[-83.03319099992295,42.594290000053796]},"properties":{"OBJECTID":46228,"NCESSCH":"263447008727","LEAID":"2634470","NAME":"UCS Alternative Learning Center","OPSTFIPS":"26","STREET":"7600 18 MILE RD","CITY":"STERLING HEIGHTS","STATE":"MI","ZIP":"48314","STFIP":"26","CNTY":"26099","NMCNTY":"Macomb County","LOCALE":"21","LAT":42.59429,"LON":-83.033191,"CBSA":"19820","NMCBSA":"Detroit-Warren-Dearborn, MI","CBSATYPE":"1","CSA":"220","NMCSA":"Detroit-Warren-Ann Arbor, MI","CD":"2610","SLDL":"26057","SLDU":"26009","SCHOOLYEAR":"2024-2025"}},{"type":"Feature","id":46229,"geometry":{"type":"Point","coordinates":[-83.48170000011437,42.19670000029078]},"properties":{"OBJECTID":46229,"NCESSCH":"263456007029","LEAID":"2634560","NAME":"Owen Intermediate School","OPSTFIPS":"26","STREET":"45201 OWEN ST","CITY":"BELLEVILLE","STATE":"MI","ZIP":"48111","STFIP":"26","CNTY":"26163","NMCNTY":"Wayne County","LOCALE":"21","LAT":42.1967,"LON":-83.4817,"CBSA":"19820","NMCBSA":"Detroit-Warren-Dearborn, MI","CBSATYPE":"1","CSA":"220","NMCSA":"Detroit-Warren-Ann Arbor, MI","CD":"2606","SLDL":"26031","SLDU":"26004","SCHOOLYEAR":"2024-2025"}},{"type":"Feature","id":46230,"geometry":{"type":"Point","coordinates":[-83.49391400036124,42.202285999663076]},"properties":{"OBJECTID":46230,"NCESSCH":"263456007030","LEAID":"2634560","NAME":"Belleville High School","OPSTFIPS":"26","STREET":"501 W COLUMBIA AVE","CITY":"BELLEVILLE","STATE":"MI","ZIP":"48111","STFIP":"26","CNTY":"26163","NMCNTY":"Wayne County","LOCALE":"21","LAT":42.202286,"LON":-83.493914,"CBSA":"19820","NMCBSA":"Detroit-Warren-Dearborn, MI","CBSATYPE":"1","CSA":"220","NMCSA":"Detroit-Warren-Ann Arbor, MI","CD":"2606","SLDL":"26031","SLDU":"26004","SCHOOLYEAR":"2024-2025"}},{"type":"Feature","id":46231,"geometry":{"type":"Point","coordinates":[-83.47289999930697,42.206399999451726]},"properties":{"OBJECTID":46231,"NCESSCH":"263456007031","LEAID":"2634560","NAME":"Edgemont Elementary School","OPSTFIPS":"26","STREET":"125 EDGEMONT ST","CITY":"BELLEVILLE","STATE":"MI","ZIP":"48111","STFIP":"26","CNTY":"26163","NMCNTY":"Wayne County","LOCALE":"21","LAT":42.2064,"LON":-83.4729,"CBSA":"19820","NMCBSA":"Detroit-Warren-Dearborn, MI","CBSATYPE":"1","CSA":"220","NMCSA":"Detroit-Warren-Ann Arbor, MI","CD":"2606","SLDL":"26031","SLDU":"26004","SCHOOLYEAR":"2024-2025"}},{"type":"Feature","id":46232,"geometry":{"type":"Point","coordinates":[-83.54890000009676,42.21229999965631]},"properties":{"OBJECTID":46232,"NCESSCH":"263456007034","LEAID":"2634560","NAME":"Rawsonville Elementary School","OPSTFIPS":"26","STREET":"3110 S GROVE ST","CITY":"YPSILANTI","STATE":"MI","ZIP":"48198","STFIP":"26","CNTY":"26161","NMCNTY":"Washtenaw County","LOCALE":"21","LAT":42.2123,"LON":-83.5489,"CBSA":"11460","NMCBSA":"Ann Arbor, MI","CBSATYPE":"1","CSA":"220","NMCSA":"Detroit-Warren-Ann Arbor, MI","CD":"2606","SLDL":"26032","SLDU":"26015","SCHOOLYEAR":"2024-2025"}},{"type":"Feature","id":46233,"geometry":{"type":"Point","coordinates":[-83.50165299984965,42.22548800037698]},"properties":{"OBJECTID":46233,"NCESSCH":"263456007035","LEAID":"2634560","NAME":"McBride Middle School","OPSTFIPS":"26","STREET":"47097 MCBRIDE AVE","CITY":"BELLEVILLE","STATE":"MI","ZIP":"48111","STFIP":"26","CNTY":"26163","NMCNTY":"Wayne County","LOCALE":"21","LAT":42.225488,"LON":-83.501653,"CBSA":"19820","NMCBSA":"Detroit-Warren-Dearborn, MI","CBSATYPE":"1","CSA":"220","NMCSA":"Detroit-Warren-Ann Arbor, MI","CD":"2606","SLDL":"26031","SLDU":"26004","SCHOOLYEAR":"2024-2025"}},{"type":"Feature","id":46234,"geometry":{"type":"Point","coordinates":[-83.4530999999689,42.23619999972359]},"properties":{"OBJECTID":46234,"NCESSCH":"263456007037","LEAID":"2634560","NAME":"Tyler Road Elementary School","OPSTFIPS":"26","STREET":"42200 TYLER RD","CITY":"BELLEVILLE","STATE":"MI","ZIP":"48111","STFIP":"26","CNTY":"26163","NMCNTY":"Wayne County","LOCALE":"21","LAT":42.2362,"LON":-83.4531,"CBSA":"19820","NMCBSA":"Detroit-Warren-Dearborn, MI","CBSATYPE":"1","CSA":"220","NMCSA":"Detroit-Warren-Ann Arbor, MI","CD":"2606","SLDL":"26031","SLDU":"26004","SCHOOLYEAR":"2024-2025"}},{"type":"Feature","id":46235,"geometry":{"type":"Point","coordinates":[-83.461600000192,42.19920000074726]},"properties":{"OBJECTID":46235,"NCESSCH":"263456007038","LEAID":"2634560","NAME":"Savage Road Elementary School","OPSTFIPS":"26","STREET":"42975 SAVAGE RD","CITY":"BELLEVILLE","STATE":"MI","ZIP":"48111","STFIP":"26","CNTY":"26163","NMCNTY":"Wayne County","LOCALE":"21","LAT":42.1992,"LON":-83.4616,"CBSA":"19820","NMCBSA":"Detroit-Warren-Dearborn, MI","CBSATYPE":"1","CSA":"220","NMCSA":"Detroit-Warren-Ann Arbor, MI","CD":"2606","SLDL":"26031","SLDU":"26004","SCHOOLYEAR":"2024-2025"}},{"type":"Feature","id":46236,"geometry":{"type":"Point","coordinates":[-83.49077500030309,42.20121499963202]},"properties":{"OBJECTID":46236,"NCESSCH":"263456008486","LEAID":"2634560","NAME":"Early Childhood Center of VBPS","OPSTFIPS":"26","STREET":"451 W COLUMBIA AVE","CITY":"BELLEVILLE","STATE":"MI","ZIP":"48111","STFIP":"26","CNTY":"26163","NMCNTY":"Wayne County","LOCALE":"21","LAT":42.201215,"LON":-83.490775,"CBSA":"19820","NMCBSA":"Detroit-Warren-Dearborn, MI","CBSATYPE":"1","CSA":"220","NMCSA":"Detroit-Warren-Ann Arbor, MI","CD":"2606","SLDL":"26031","SLDU":"26004","SCHOOLYEAR":"2024-2025"}},{"type":"Feature","id":46241,"geometry":{"type":"Point","coordinates":[-83.02079999996819,42.46230000043082]},"properties":{"OBJECTID":46241,"NCESSCH":"263468007048","LEAID":"2634680","NAME":"Lincoln High School","OPSTFIPS":"26","STREET":"22900 FEDERAL AVE","CITY":"WARREN","STATE":"MI","ZIP":"48089","STFIP":"26","CNTY":"26099","NMCNTY":"Macomb County","LOCALE":"12","LAT":42.4623,"LON":-83.0208,"CBSA":"19820","NMCBSA":"Detroit-Warren-Dearborn, MI","CBSATYPE":"1","CSA":"220","NMCSA":"Detroit-Warren-Ann Arbor, MI","CD":"2610","SLDL":"26011","SLDU":"26010","SCHOOLYEAR":"2024-2025"}},{"type":"Feature","id":46242,"geometry":{"type":"Point","coordinates":[-83.02030000056708,42.459599999979474]},"properties":{"OBJECTID":46242,"NCESSCH":"263468007049","LEAID":"2634680","NAME":"Lincoln Middle School","OPSTFIPS":"26","STREET":"22500 FEDERAL AVE","CITY":"WARREN","STATE":"MI","ZIP":"48089","STFIP":"26","CNTY":"26099","NMCNTY":"Macomb County","LOCALE":"12","LAT":42.4596,"LON":-83.0203,"CBSA":"19820","NMCBSA":"Detroit-Warren-Dearborn, MI","CBSATYPE":"1","CSA":"220","NMCSA":"Detroit-Warren-Ann Arbor, MI","CD":"2610","SLDL":"26011","SLDU":"26010","SCHOOLYEAR":"2024-2025"}},{"type":"Feature","id":46243,"geometry":{"type":"Point","coordinates":[-82.99760000082456,42.484100000441465]},"properties":{"OBJECTID":46243,"NCESSCH":"263468007050","LEAID":"2634680","NAME":"Marjorie Carlson Elementary School","OPSTFIPS":"26","STREET":"12355 MRUK AVE","CITY":"WARREN","STATE":"MI","ZIP":"48089","STFIP":"26","CNTY":"26099","NMCNTY":"Macomb County","LOCALE":"12","LAT":42.4841,"LON":-82.9976,"CBSA":"19820","NMCBSA":"Detroit-Warren-Dearborn, MI","CBSATYPE":"1","CSA":"220","NMCSA":"Detroit-Warren-Ann Arbor, MI","CD":"2610","SLDL":"26011","SLDU":"26010","SCHOOLYEAR":"2024-2025"}},{"type":"Feature","id":46244,"geometry":{"type":"Point","coordinates":[-82.99060000019784,42.45710000002854]},"properties":{"OBJECTID":46244,"NCESSCH":"263468007052","LEAID":"2634680","NAME":"McKinley Elementary School","OPSTFIPS":"26","STREET":"13173 TOEPFER RD","CITY":"WARREN","STATE":"MI","ZIP":"48089","STFIP":"26","CNTY":"26099","NMCNTY":"Macomb County","LOCALE":"12","LAT":42.4571,"LON":-82.9906,"CBSA":"19820","NMCBSA":"Detroit-Warren-Dearborn, MI","CBSATYPE":"1","CSA":"220","NMCSA":"Detroit-Warren-Ann Arbor, MI","CD":"2610","SLDL":"26011","SLDU":"26010","SCHOOLYEAR":"2024-2025"}},{"type":"Feature","id":46245,"geometry":{"type":"Point","coordinates":[-83.0200000003283,42.45799999971219]},"properties":{"OBJECTID":46245,"NCESSCH":"263468008162","LEAID":"2634680","NAME":"LINCOLN ELEMENTARY SCHOOL","OPSTFIPS":"26","STREET":"22100 FEDERAL AVE","CITY":"WARREN","STATE":"MI","ZIP":"48089","STFIP":"26","CNTY":"26099","NMCNTY":"Macomb County","LOCALE":"12","LAT":42.458,"LON":-83.02,"CBSA":"19820","NMCBSA":"Detroit-Warren-Dearborn, MI","CBSATYPE":"1","CSA":"220","NMCSA":"Detroit-Warren-Ann Arbor, MI","CD":"2610","SLDL":"26011","SLDU":"26010","SCHOOLYEAR":"2024-2025"}},{"type":"Feature","id":46246,"geometry":{"type":"Point","coordinates":[-83.0181710006519,42.467680000512075]},"properties":{"OBJECTID":46246,"NCESSCH":"263468008651","LEAID":"2634680","NAME":"Success Academy","OPSTFIPS":"26","STREET":"23500 MAC ARTHUR BLVD","CITY":"WARREN","STATE":"MI","ZIP":"48089","STFIP":"26","CNTY":"26099","NMCNTY":"Macomb County","LOCALE":"12","LAT":42.46768,"LON":-83.018171,"CBSA":"19820","NMCBSA":"Detroit-Warren-Dearborn, MI","CBSATYPE":"1","CSA":"220","NMCSA":"Detroit-Warren-Ann Arbor, MI","CD":"2610","SLDL":"26011","SLDU":"26010","SCHOOLYEAR":"2024-2025"}},{"type":"Feature","id":46266,"geometry":{"type":"Point","coordinates":[-83.49007199989322,42.53509400049098]},"properties":{"OBJECTID":46266,"NCESSCH":"263516000968","LEAID":"2635160","NAME":"Walled Lake Schools Special Services","OPSTFIPS":"26","STREET":"850 LADD RD","CITY":"WALLED LAKE","STATE":"MI","ZIP":"48390","STFIP":"26","CNTY":"26125","NMCNTY":"Oakland County","LOCALE":"21","LAT":42.535094,"LON":-83.490072,"CBSA":"19820","NMCBSA":"Detroit-Warren-Dearborn, MI","CBSATYPE":"1","CSA":"220","NMCSA":"Detroit-Warren-Ann Arbor, MI","CD":"2611","SLDL":"26049","SLDU":"26013","SCHOOLYEAR":"2024-2025"}},{"type":"Feature","id":46267,"geometry":{"type":"Point","coordinates":[-83.45550000076278,42.50799999949822]},"properties":{"OBJECTID":46267,"NCESSCH":"263516000969","LEAID":"2635160","NAME":"Meadowbrook Elementary School","OPSTFIPS":"26","STREET":"29200 MEADOWBROOK RD","CITY":"NOVI","STATE":"MI","ZIP":"48377","STFIP":"26","CNTY":"26125","NMCNTY":"Oakland County","LOCALE":"13","LAT":42.508,"LON":-83.4555,"CBSA":"19820","NMCBSA":"Detroit-Warren-Dearborn, MI","CBSATYPE":"1","CSA":"220","NMCSA":"Detroit-Warren-Ann Arbor, MI","CD":"2606","SLDL":"26021","SLDU":"26013","SCHOOLYEAR":"2024-2025"}},{"type":"Feature","id":46268,"geometry":{"type":"Point","coordinates":[-83.431799999836,42.55469999989941]},"properties":{"OBJECTID":46268,"NCESSCH":"263516001081","LEAID":"2635160","NAME":"Walnut Creek Middle School","OPSTFIPS":"26","STREET":"7601 WALNUT LAKE RD","CITY":"WEST BLOOMFIELD","STATE":"MI","ZIP":"48323","STFIP":"26","CNTY":"26125","NMCNTY":"Oakland County","LOCALE":"21","LAT":42.5547,"LON":-83.4318,"CBSA":"19820","NMCBSA":"Detroit-Warren-Dearborn, MI","CBSATYPE":"1","CSA":"220","NMCSA":"Detroit-Warren-Ann Arbor, MI","CD":"2611","SLDL":"26020","SLDU":"26013","SCHOOLYEAR":"2024-2025"}},{"type":"Feature","id":46269,"geometry":{"type":"Point","coordinates":[-83.54230000011096,42.5479000000701]},"properties":{"OBJECTID":46269,"NCESSCH":"263516001082","LEAID":"2635160","NAME":"Sarah G Banks Middle School","OPSTFIPS":"26","STREET":"1760 CHARMS RD","CITY":"WIXOM","STATE":"MI","ZIP":"48393","STFIP":"26","CNTY":"26125","NMCNTY":"Oakland County","LOCALE":"21","LAT":42.5479,"LON":-83.5423,"CBSA":"19820","NMCBSA":"Detroit-Warren-Dearborn, MI","CBSATYPE":"1","CSA":"220","NMCSA":"Detroit-Warren-Ann Arbor, MI","CD":"2611","SLDL":"26049","SLDU":"26023","SCHOOLYEAR":"2024-2025"}},{"type":"Feature","id":46270,"geometry":{"type":"Point","coordinates":[-83.49889999954763,42.60940000005794]},"properties":{"OBJECTID":46270,"NCESSCH":"263516001289","LEAID":"2635160","NAME":"Walled Lake Northern High School","OPSTFIPS":"26","STREET":"6000 BOGIE LAKE RD","CITY":"COMMERCE TOWNSHIP","STATE":"MI","ZIP":"48382","STFIP":"26","CNTY":"26125","NMCNTY":"Oakland County","LOCALE":"21","LAT":42.6094,"LON":-83.4989,"CBSA":"19820","NMCBSA":"Detroit-Warren-Dearborn, MI","CBSATYPE":"1","CSA":"220","NMCSA":"Detroit-Warren-Ann Arbor, MI","CD":"2611","SLDL":"26020","SLDU":"26023","SCHOOLYEAR":"2024-2025"}},{"type":"Feature","id":46271,"geometry":{"type":"Point","coordinates":[-83.45209999968107,42.593399999647126]},"properties":{"OBJECTID":46271,"NCESSCH":"263516007072","LEAID":"2635160","NAME":"Clifford H Smart Middle School","OPSTFIPS":"26","STREET":"8500 COMMERCE RD","CITY":"COMMERCE TOWNSHIP","STATE":"MI","ZIP":"48382","STFIP":"26","CNTY":"26125","NMCNTY":"Oakland County","LOCALE":"21","LAT":42.5934,"LON":-83.4521,"CBSA":"19820","NMCBSA":"Detroit-Warren-Dearborn, MI","CBSATYPE":"1","CSA":"220","NMCSA":"Detroit-Warren-Ann Arbor, MI","CD":"2611","SLDL":"26020","SLDU":"26013","SCHOOLYEAR":"2024-2025"}},{"type":"Feature","id":46272,"geometry":{"type":"Point","coordinates":[-83.48719999953254,42.59419999999515]},"properties":{"OBJECTID":46272,"NCESSCH":"263516007073","LEAID":"2635160","NAME":"Commerce Elementary School","OPSTFIPS":"26","STREET":"520 FARR ST","CITY":"COMMERCE TOWNSHIP","STATE":"MI","ZIP":"48382","STFIP":"26","CNTY":"26125","NMCNTY":"Oakland County","LOCALE":"21","LAT":42.5942,"LON":-83.4872,"CBSA":"19820","NMCBSA":"Detroit-Warren-Dearborn, MI","CBSATYPE":"1","CSA":"220","NMCSA":"Detroit-Warren-Ann Arbor, MI","CD":"2611","SLDL":"26020","SLDU":"26013","SCHOOLYEAR":"2024-2025"}},{"type":"Feature","id":46273,"geometry":{"type":"Point","coordinates":[-83.46909999971699,42.548599999928754]},"properties":{"OBJECTID":46273,"NCESSCH":"263516007074","LEAID":"2635160","NAME":"Mary Helen Guest Elementary School","OPSTFIPS":"26","STREET":"1655 DECKER RD","CITY":"WALLED LAKE","STATE":"MI","ZIP":"48390","STFIP":"26","CNTY":"26125","NMCNTY":"Oakland County","LOCALE":"21","LAT":42.5486,"LON":-83.4691,"CBSA":"19820","NMCBSA":"Detroit-Warren-Dearborn, MI","CBSATYPE":"1","CSA":"220","NMCSA":"Detroit-Warren-Ann Arbor, MI","CD":"2611","SLDL":"26049","SLDU":"26013","SCHOOLYEAR":"2024-2025"}},{"type":"Feature","id":46274,"geometry":{"type":"Point","coordinates":[-83.46739999923683,42.63460000007742]},"properties":{"OBJECTID":46274,"NCESSCH":"263516007075","LEAID":"2635160","NAME":"Dublin Elementary","OPSTFIPS":"26","STREET":"425 FARNSWORTH RD","CITY":"WHITE LAKE","STATE":"MI","ZIP":"48386","STFIP":"26","CNTY":"26125","NMCNTY":"Oakland County","LOCALE":"21","LAT":42.6346,"LON":-83.4674,"CBSA":"19820","NMCBSA":"Detroit-Warren-Dearborn, MI","CBSATYPE":"1","CSA":"220","NMCSA":"Detroit-Warren-Ann Arbor, MI","CD":"2611","SLDL":"26051","SLDU":"26023","SCHOOLYEAR":"2024-2025"}},{"type":"Feature","id":46275,"geometry":{"type":"Point","coordinates":[-83.50160000033404,42.56620000035541]},"properties":{"OBJECTID":46275,"NCESSCH":"263516007076","LEAID":"2635160","NAME":"Glengary Elementary School","OPSTFIPS":"26","STREET":"3070 WOODBURY ST","CITY":"COMMERCE TOWNSHIP","STATE":"MI","ZIP":"48390","STFIP":"26","CNTY":"26125","NMCNTY":"Oakland County","LOCALE":"21","LAT":42.5662,"LON":-83.5016,"CBSA":"19820","NMCBSA":"Detroit-Warren-Dearborn, MI","CBSATYPE":"1","CSA":"220","NMCSA":"Detroit-Warren-Ann Arbor, MI","CD":"2611","SLDL":"26051","SLDU":"26023","SCHOOLYEAR":"2024-2025"}},{"type":"Feature","id":46276,"geometry":{"type":"Point","coordinates":[-83.43350000010935,42.594899999858775]},"properties":{"OBJECTID":46276,"NCESSCH":"263516007077","LEAID":"2635160","NAME":"Keith Elementary School","OPSTFIPS":"26","STREET":"2800 KEITH RD","CITY":"WEST BLOOMFIELD","STATE":"MI","ZIP":"48324","STFIP":"26","CNTY":"26125","NMCNTY":"Oakland County","LOCALE":"21","LAT":42.5949,"LON":-83.4335,"CBSA":"19820","NMCBSA":"Detroit-Warren-Dearborn, MI","CBSATYPE":"1","CSA":"220","NMCSA":"Detroit-Warren-Ann Arbor, MI","CD":"2611","SLDL":"26020","SLDU":"26013","SCHOOLYEAR":"2024-2025"}},{"type":"Feature","id":46277,"geometry":{"type":"Point","coordinates":[-83.463300000055,42.57130000020377]},"properties":{"OBJECTID":46277,"NCESSCH":"263516007078","LEAID":"2635160","NAME":"Oakley Park Elementary School","OPSTFIPS":"26","STREET":"2015 E OAKLEY PARK RD","CITY":"COMMERCE TOWNSHIP","STATE":"MI","ZIP":"48390","STFIP":"26","CNTY":"26125","NMCNTY":"Oakland County","LOCALE":"21","LAT":42.5713,"LON":-83.4633,"CBSA":"19820","NMCBSA":"Detroit-Warren-Dearborn, MI","CBSATYPE":"1","CSA":"220","NMCSA":"Detroit-Warren-Ann Arbor, MI","CD":"2611","SLDL":"26020","SLDU":"26013","SCHOOLYEAR":"2024-2025"}},{"type":"Feature","id":46278,"geometry":{"type":"Point","coordinates":[-83.50829999978666,42.52760000024704]},"properties":{"OBJECTID":46278,"NCESSCH":"263516007080","LEAID":"2635160","NAME":"James R Geisler Middle School","OPSTFIPS":"26","STREET":"46720 W PONTIAC TRL","CITY":"COMMERCE TOWNSHIP","STATE":"MI","ZIP":"48390","STFIP":"26","CNTY":"26125","NMCNTY":"Oakland County","LOCALE":"21","LAT":42.5276,"LON":-83.5083,"CBSA":"19820","NMCBSA":"Detroit-Warren-Dearborn, MI","CBSATYPE":"1","CSA":"220","NMCSA":"Detroit-Warren-Ann Arbor, MI","CD":"2611","SLDL":"26049","SLDU":"26023","SCHOOLYEAR":"2024-2025"}},{"type":"Feature","id":46279,"geometry":{"type":"Point","coordinates":[-83.47299999974315,42.5682000001656]},"properties":{"OBJECTID":46279,"NCESSCH":"263516007081","LEAID":"2635160","NAME":"Walled Lake Central High School","OPSTFIPS":"26","STREET":"1600 E OAKLEY PARK RD","CITY":"COMMERCE TOWNSHIP","STATE":"MI","ZIP":"48390","STFIP":"26","CNTY":"26125","NMCNTY":"Oakland County","LOCALE":"21","LAT":42.5682,"LON":-83.473,"CBSA":"19820","NMCBSA":"Detroit-Warren-Dearborn, MI","CBSATYPE":"1","CSA":"220","NMCSA":"Detroit-Warren-Ann Arbor, MI","CD":"2611","SLDL":"26020","SLDU":"26013","SCHOOLYEAR":"2024-2025"}},{"type":"Feature","id":46280,"geometry":{"type":"Point","coordinates":[-83.49370000073654,42.532199999798436]},"properties":{"OBJECTID":46280,"NCESSCH":"263516007082","LEAID":"2635160","NAME":"Walled Lake Elementary School","OPSTFIPS":"26","STREET":"1055 W WEST MAPLE RD","CITY":"WALLED LAKE","STATE":"MI","ZIP":"48390","STFIP":"26","CNTY":"26125","NMCNTY":"Oakland County","LOCALE":"21","LAT":42.5322,"LON":-83.4937,"CBSA":"19820","NMCBSA":"Detroit-Warren-Dearborn, MI","CBSATYPE":"1","CSA":"220","NMCSA":"Detroit-Warren-Ann Arbor, MI","CD":"2611","SLDL":"26049","SLDU":"26013","SCHOOLYEAR":"2024-2025"}},{"type":"Feature","id":46281,"geometry":{"type":"Point","coordinates":[-83.53729999964445,42.52720000069697]},"properties":{"OBJECTID":46281,"NCESSCH":"263516007083","LEAID":"2635160","NAME":"Wixom Elementary School","OPSTFIPS":"26","STREET":"301 N WIXOM RD","CITY":"WIXOM","STATE":"MI","ZIP":"48393","STFIP":"26","CNTY":"26125","NMCNTY":"Oakland County","LOCALE":"21","LAT":42.5272,"LON":-83.5373,"CBSA":"19820","NMCBSA":"Detroit-Warren-Dearborn, MI","CBSATYPE":"1","CSA":"220","NMCSA":"Detroit-Warren-Ann Arbor, MI","CD":"2611","SLDL":"26049","SLDU":"26023","SCHOOLYEAR":"2024-2025"}},{"type":"Feature","id":46282,"geometry":{"type":"Point","coordinates":[-83.51480000003242,42.53030000038894]},"properties":{"OBJECTID":46282,"NCESSCH":"263516007084","LEAID":"2635160","NAME":"Walled Lake Western High School","OPSTFIPS":"26","STREET":"600 BECK RD","CITY":"COMMERCE TOWNSHIP","STATE":"MI","ZIP":"48390","STFIP":"26","CNTY":"26125","NMCNTY":"Oakland County","LOCALE":"21","LAT":42.5303,"LON":-83.5148,"CBSA":"19820","NMCBSA":"Detroit-Warren-Dearborn, MI","CBSATYPE":"1","CSA":"220","NMCSA":"Detroit-Warren-Ann Arbor, MI","CD":"2611","SLDL":"26049","SLDU":"26023","SCHOOLYEAR":"2024-2025"}},{"type":"Feature","id":46283,"geometry":{"type":"Point","coordinates":[-83.51299999958118,42.542100000549745]},"properties":{"OBJECTID":46283,"NCESSCH":"263516007085","LEAID":"2635160","NAME":"Loon Lake Elementary School","OPSTFIPS":"26","STREET":"2151 LOON LAKE RD","CITY":"WIXOM","STATE":"MI","ZIP":"48393","STFIP":"26","CNTY":"26125","NMCNTY":"Oakland County","LOCALE":"21","LAT":42.5421,"LON":-83.513,"CBSA":"19820","NMCBSA":"Detroit-Warren-Dearborn, MI","CBSATYPE":"1","CSA":"220","NMCSA":"Detroit-Warren-Ann Arbor, MI","CD":"2611","SLDL":"26049","SLDU":"26023","SCHOOLYEAR":"2024-2025"}},{"type":"Feature","id":46284,"geometry":{"type":"Point","coordinates":[-83.46900000005873,42.52039999998727]},"properties":{"OBJECTID":46284,"NCESSCH":"263516007674","LEAID":"2635160","NAME":"Hickory Woods Elementary School","OPSTFIPS":"26","STREET":"30655 NOVI RD","CITY":"NOVI","STATE":"MI","ZIP":"48377","STFIP":"26","CNTY":"26125","NMCNTY":"Oakland County","LOCALE":"13","LAT":42.5204,"LON":-83.469,"CBSA":"19820","NMCBSA":"Detroit-Warren-Dearborn, MI","CBSATYPE":"1","CSA":"220","NMCSA":"Detroit-Warren-Ann Arbor, MI","CD":"2606","SLDL":"26049","SLDU":"26013","SCHOOLYEAR":"2024-2025"}},{"type":"Feature","id":46285,"geometry":{"type":"Point","coordinates":[-83.41340000009971,42.56450000055521]},"properties":{"OBJECTID":46285,"NCESSCH":"263516007675","LEAID":"2635160","NAME":"Pleasant Lake Elementary School","OPSTFIPS":"26","STREET":"4900 HALSTED RD","CITY":"WEST BLOOMFIELD","STATE":"MI","ZIP":"48323","STFIP":"26","CNTY":"26125","NMCNTY":"Oakland County","LOCALE":"21","LAT":42.5645,"LON":-83.4134,"CBSA":"19820","NMCBSA":"Detroit-Warren-Dearborn, MI","CBSATYPE":"1","CSA":"220","NMCSA":"Detroit-Warren-Ann Arbor, MI","CD":"2611","SLDL":"26020","SLDU":"26013","SCHOOLYEAR":"2024-2025"}},{"type":"Feature","id":46286,"geometry":{"type":"Point","coordinates":[-83.0568679993228,42.55211400044244]},"properties":{"OBJECTID":46286,"NCESSCH":"263519000929","LEAID":"2635190","NAME":"Warren Consolidated Community High School","OPSTFIPS":"26","STREET":"35201 DAVISON ST","CITY":"STERLING HTS","STATE":"MI","ZIP":"48310","STFIP":"26","CNTY":"26099","NMCNTY":"Macomb County","LOCALE":"21","LAT":42.552114,"LON":-83.056868,"CBSA":"19820","NMCBSA":"Detroit-Warren-Dearborn, MI","CBSATYPE":"1","CSA":"220","NMCSA":"Detroit-Warren-Ann Arbor, MI","CD":"2610","SLDL":"26057","SLDU":"26009","SCHOOLYEAR":"2024-2025"}},{"type":"Feature","id":46287,"geometry":{"type":"Point","coordinates":[-83.00341599975114,42.55090699992157]},"properties":{"OBJECTID":46287,"NCESSCH":"263519001586","LEAID":"2635190","NAME":"Career Preparation Center","OPSTFIPS":"26","STREET":"12200 15 MILE RD","CITY":"STERLING HEIGHTS","STATE":"MI","ZIP":"48312","STFIP":"26","CNTY":"26099","NMCNTY":"Macomb County","LOCALE":"21","LAT":42.550907,"LON":-83.003416,"CBSA":"19820","NMCBSA":"Detroit-Warren-Dearborn, MI","CBSATYPE":"1","CSA":"220","NMCSA":"Detroit-Warren-Ann Arbor, MI","CD":"2610","SLDL":"26058","SLDU":"26010","SCHOOLYEAR":"2024-2025"}},{"type":"Feature","id":46288,"geometry":{"type":"Point","coordinates":[-83.07387200040229,42.506997000642635]},"properties":{"OBJECTID":46288,"NCESSCH":"263519007088","LEAID":"2635190","NAME":"Warren Mott High School","OPSTFIPS":"26","STREET":"3131 E 12 MILE RD","CITY":"WARREN","STATE":"MI","ZIP":"48092","STFIP":"26","CNTY":"26099","NMCNTY":"Macomb County","LOCALE":"12","LAT":42.506997,"LON":-83.073872,"CBSA":"19820","NMCBSA":"Detroit-Warren-Dearborn, MI","CBSATYPE":"1","CSA":"220","NMCSA":"Detroit-Warren-Ann Arbor, MI","CD":"2610","SLDL":"26014","SLDU":"26003","SCHOOLYEAR":"2024-2025"}},{"type":"Feature","id":46289,"geometry":{"type":"Point","coordinates":[-83.00966299948288,42.5161919994931]},"properties":{"OBJECTID":46289,"NCESSCH":"263519007089","LEAID":"2635190","NAME":"Cousino Senior High School","OPSTFIPS":"26","STREET":"30333 HOOVER RD","CITY":"WARREN","STATE":"MI","ZIP":"48093","STFIP":"26","CNTY":"26099","NMCNTY":"Macomb County","LOCALE":"12","LAT":42.516192,"LON":-83.009663,"CBSA":"19820","NMCBSA":"Detroit-Warren-Dearborn, MI","CBSATYPE":"1","CSA":"220","NMCSA":"Detroit-Warren-Ann Arbor, MI","CD":"2610","SLDL":"26058","SLDU":"26010","SCHOOLYEAR":"2024-2025"}},{"type":"Feature","id":46290,"geometry":{"type":"Point","coordinates":[-83.01345400039295,42.51339200080913]},"properties":{"OBJECTID":46290,"NCESSCH":"263519007090","LEAID":"2635190","NAME":"Cromie Elementary School","OPSTFIPS":"26","STREET":"29797 GILBERT DR","CITY":"WARREN","STATE":"MI","ZIP":"48093","STFIP":"26","CNTY":"26099","NMCNTY":"Macomb County","LOCALE":"12","LAT":42.513392,"LON":-83.013454,"CBSA":"19820","NMCBSA":"Detroit-Warren-Dearborn, MI","CBSATYPE":"1","CSA":"220","NMCSA":"Detroit-Warren-Ann Arbor, MI","CD":"2610","SLDL":"26058","SLDU":"26010","SCHOOLYEAR":"2024-2025"}},{"type":"Feature","id":46291,"geometry":{"type":"Point","coordinates":[-83.05889599944122,42.52490999955163]},"properties":{"OBJECTID":46291,"NCESSCH":"263519007093","LEAID":"2635190","NAME":"Green Acres Elementary School","OPSTFIPS":"26","STREET":"4655 HOLMES DR","CITY":"WARREN","STATE":"MI","ZIP":"48092","STFIP":"26","CNTY":"26099","NMCNTY":"Macomb County","LOCALE":"12","LAT":42.52491,"LON":-83.058896,"CBSA":"19820","NMCBSA":"Detroit-Warren-Dearborn, MI","CBSATYPE":"1","CSA":"220","NMCSA":"Detroit-Warren-Ann Arbor, MI","CD":"2610","SLDL":"26058","SLDU":"26010","SCHOOLYEAR":"2024-2025"}},{"type":"Feature","id":46292,"geometry":{"type":"Point","coordinates":[-82.98321599980915,42.54308099955953]},"properties":{"OBJECTID":46292,"NCESSCH":"263519007095","LEAID":"2635190","NAME":"Black Elementary School","OPSTFIPS":"26","STREET":"14100 HERITAGE RD","CITY":"STERLING HEIGHTS","STATE":"MI","ZIP":"48312","STFIP":"26","CNTY":"26099","NMCNTY":"Macomb County","LOCALE":"21","LAT":42.543081,"LON":-82.983216,"CBSA":"19820","NMCBSA":"Detroit-Warren-Dearborn, MI","CBSATYPE":"1","CSA":"220","NMCSA":"Detroit-Warren-Ann Arbor, MI","CD":"2610","SLDL":"26061","SLDU":"26010","SCHOOLYEAR":"2024-2025"}},{"type":"Feature","id":46293,"geometry":{"type":"Point","coordinates":[-82.9798699998812,42.533318000008045]},"properties":{"OBJECTID":46293,"NCESSCH":"263519007096","LEAID":"2635190","NAME":"Wilde Elementary School","OPSTFIPS":"26","STREET":"32343 BUNERT RD","CITY":"WARREN","STATE":"MI","ZIP":"48088","STFIP":"26","CNTY":"26099","NMCNTY":"Macomb County","LOCALE":"12","LAT":42.533318,"LON":-82.97987,"CBSA":"19820","NMCBSA":"Detroit-Warren-Dearborn, MI","CBSATYPE":"1","CSA":"220","NMCSA":"Detroit-Warren-Ann Arbor, MI","CD":"2610","SLDL":"26013","SLDU":"26010","SCHOOLYEAR":"2024-2025"}},{"type":"Feature","id":46294,"geometry":{"type":"Point","coordinates":[-83.0756189999081,42.517520000408034]},"properties":{"OBJECTID":46294,"NCESSCH":"263519007099","LEAID":"2635190","NAME":"Lean Elementary School","OPSTFIPS":"26","STREET":"2825 GIRARD DR","CITY":"WARREN","STATE":"MI","ZIP":"48092","STFIP":"26","CNTY":"26099","NMCNTY":"Macomb County","LOCALE":"12","LAT":42.51752,"LON":-83.075619,"CBSA":"19820","NMCBSA":"Detroit-Warren-Dearborn, MI","CBSATYPE":"1","CSA":"220","NMCSA":"Detroit-Warren-Ann Arbor, MI","CD":"2610","SLDL":"26058","SLDU":"26003","SCHOOLYEAR":"2024-2025"}},{"type":"Feature","id":46295,"geometry":{"type":"Point","coordinates":[-83.07485099976284,42.485882999872985]},"properties":{"OBJECTID":46295,"NCESSCH":"263519007100","LEAID":"2635190","NAME":"Siersma Elementary School","OPSTFIPS":"26","STREET":"3100 DONNA AVE","CITY":"WARREN","STATE":"MI","ZIP":"48091","STFIP":"26","CNTY":"26099","NMCNTY":"Macomb County","LOCALE":"12","LAT":42.485883,"LON":-83.074851,"CBSA":"19820","NMCBSA":"Detroit-Warren-Dearborn, MI","CBSATYPE":"1","CSA":"220","NMCSA":"Detroit-Warren-Ann Arbor, MI","CD":"2610","SLDL":"26014","SLDU":"26003","SCHOOLYEAR":"2024-2025"}},{"type":"Feature","id":46296,"geometry":{"type":"Point","coordinates":[-83.09405600009966,42.55567599919386]},"properties":{"OBJECTID":46296,"NCESSCH":"263519007101","LEAID":"2635190","NAME":"Susick Elementary School","OPSTFIPS":"26","STREET":"2200 CASTLETON DR","CITY":"TROY","STATE":"MI","ZIP":"48083","STFIP":"26","CNTY":"26125","NMCNTY":"Oakland County","LOCALE":"13","LAT":42.555676,"LON":-83.094056,"CBSA":"19820","NMCBSA":"Detroit-Warren-Dearborn, MI","CBSATYPE":"1","CSA":"220","NMCSA":"Detroit-Warren-Ann Arbor, MI","CD":"2611","SLDL":"26057","SLDU":"26009","SCHOOLYEAR":"2024-2025"}},{"type":"Feature","id":46297,"geometry":{"type":"Point","coordinates":[-83.00379399956968,42.52592199950245]},"properties":{"OBJECTID":46297,"NCESSCH":"263519007103","LEAID":"2635190","NAME":"Wilkerson Elementary School","OPSTFIPS":"26","STREET":"12100 MASONIC BLVD","CITY":"WARREN","STATE":"MI","ZIP":"48093","STFIP":"26","CNTY":"26099","NMCNTY":"Macomb County","LOCALE":"12","LAT":42.525922,"LON":-83.003794,"CBSA":"19820","NMCBSA":"Detroit-Warren-Dearborn, MI","CBSATYPE":"1","CSA":"220","NMCSA":"Detroit-Warren-Ann Arbor, MI","CD":"2610","SLDL":"26013","SLDU":"26010","SCHOOLYEAR":"2024-2025"}},{"type":"Feature","id":46298,"geometry":{"type":"Point","coordinates":[-83.00389099979272,42.528023999867905]},"properties":{"OBJECTID":46298,"NCESSCH":"263519007106","LEAID":"2635190","NAME":"Carter Middle School","OPSTFIPS":"26","STREET":"12000 MASONIC BLVD","CITY":"WARREN","STATE":"MI","ZIP":"48093","STFIP":"26","CNTY":"26099","NMCNTY":"Macomb County","LOCALE":"12","LAT":42.528024,"LON":-83.003891,"CBSA":"19820","NMCBSA":"Detroit-Warren-Dearborn, MI","CBSATYPE":"1","CSA":"220","NMCSA":"Detroit-Warren-Ann Arbor, MI","CD":"2610","SLDL":"26013","SLDU":"26010","SCHOOLYEAR":"2024-2025"}},{"type":"Feature","id":46299,"geometry":{"type":"Point","coordinates":[-83.0732539993257,42.49735599997521]},"properties":{"OBJECTID":46299,"NCESSCH":"263519007107","LEAID":"2635190","NAME":"Beer Middle School","OPSTFIPS":"26","STREET":"3200 MARTIN RD","CITY":"WARREN","STATE":"MI","ZIP":"48092","STFIP":"26","CNTY":"26099","NMCNTY":"Macomb County","LOCALE":"12","LAT":42.497356,"LON":-83.073254,"CBSA":"19820","NMCBSA":"Detroit-Warren-Dearborn, MI","CBSATYPE":"1","CSA":"220","NMCSA":"Detroit-Warren-Ann Arbor, MI","CD":"2610","SLDL":"26014","SLDU":"26003","SCHOOLYEAR":"2024-2025"}},{"type":"Feature","id":46300,"geometry":{"type":"Point","coordinates":[-83.07085299992868,42.55537000031032]},"properties":{"OBJECTID":46300,"NCESSCH":"263519007108","LEAID":"2635190","NAME":"Grissom Middle School","OPSTFIPS":"26","STREET":"35701 RYAN RD","CITY":"STERLING HEIGHTS","STATE":"MI","ZIP":"48310","STFIP":"26","CNTY":"26099","NMCNTY":"Macomb County","LOCALE":"21","LAT":42.55537,"LON":-83.070853,"CBSA":"19820","NMCBSA":"Detroit-Warren-Dearborn, MI","CBSATYPE":"1","CSA":"220","NMCSA":"Detroit-Warren-Ann Arbor, MI","CD":"2610","SLDL":"26057","SLDU":"26009","SCHOOLYEAR":"2024-2025"}},{"type":"Feature","id":46301,"geometry":{"type":"Point","coordinates":[-83.01921900012422,42.55640000009308]},"properties":{"OBJECTID":46301,"NCESSCH":"263519007109","LEAID":"2635190","NAME":"Willow Woods Elementary School","OPSTFIPS":"26","STREET":"11001 DANIEL DR","CITY":"STERLING HEIGHTS","STATE":"MI","ZIP":"48312","STFIP":"26","CNTY":"26099","NMCNTY":"Macomb County","LOCALE":"21","LAT":42.5564,"LON":-83.019219,"CBSA":"19820","NMCBSA":"Detroit-Warren-Dearborn, MI","CBSATYPE":"1","CSA":"220","NMCSA":"Detroit-Warren-Ann Arbor, MI","CD":"2610","SLDL":"26058","SLDU":"26010","SCHOOLYEAR":"2024-2025"}},{"type":"Feature","id":46302,"geometry":{"type":"Point","coordinates":[-83.06018399922358,42.539960000136354]},"properties":{"OBJECTID":46302,"NCESSCH":"263519007110","LEAID":"2635190","NAME":"Harwood Elementary School","OPSTFIPS":"26","STREET":"4900 SOUTHLAWN DR","CITY":"STERLING HEIGHTS","STATE":"MI","ZIP":"48310","STFIP":"26","CNTY":"26099","NMCNTY":"Macomb County","LOCALE":"21","LAT":42.53996,"LON":-83.060184,"CBSA":"19820","NMCBSA":"Detroit-Warren-Dearborn, MI","CBSATYPE":"1","CSA":"220","NMCSA":"Detroit-Warren-Ann Arbor, MI","CD":"2610","SLDL":"26057","SLDU":"26009","SCHOOLYEAR":"2024-2025"}},{"type":"Feature","id":46303,"geometry":{"type":"Point","coordinates":[-82.99714800008455,42.553775999742065]},"properties":{"OBJECTID":46303,"NCESSCH":"263519007112","LEAID":"2635190","NAME":"Sterling Heights Senior HS","OPSTFIPS":"26","STREET":"12901 15 MILE RD","CITY":"STERLING HEIGHTS","STATE":"MI","ZIP":"48312","STFIP":"26","CNTY":"26099","NMCNTY":"Macomb County","LOCALE":"21","LAT":42.553776,"LON":-82.997148,"CBSA":"19820","NMCBSA":"Detroit-Warren-Dearborn, MI","CBSATYPE":"1","CSA":"220","NMCSA":"Detroit-Warren-Ann Arbor, MI","CD":"2610","SLDL":"26061","SLDU":"26010","SCHOOLYEAR":"2024-2025"}},{"type":"Feature","id":46304,"geometry":{"type":"Point","coordinates":[-83.0212070001881,42.55044599994502]},"properties":{"OBJECTID":46304,"NCESSCH":"263519007114","LEAID":"2635190","NAME":"Carleton Middle School","OPSTFIPS":"26","STREET":"8900 15 MILE RD","CITY":"STERLING HEIGHTS","STATE":"MI","ZIP":"48312","STFIP":"26","CNTY":"26099","NMCNTY":"Macomb County","LOCALE":"21","LAT":42.550446,"LON":-83.021207,"CBSA":"19820","NMCBSA":"Detroit-Warren-Dearborn, MI","CBSATYPE":"1","CSA":"220","NMCSA":"Detroit-Warren-Ann Arbor, MI","CD":"2610","SLDL":"26058","SLDU":"26010","SCHOOLYEAR":"2024-2025"}},{"type":"Feature","id":46305,"geometry":{"type":"Point","coordinates":[-83.08269999980864,42.568725000061704]},"properties":{"OBJECTID":46305,"NCESSCH":"263519007115","LEAID":"2635190","NAME":"Holden Elementary School","OPSTFIPS":"26","STREET":"37565 CALKA DR","CITY":"STERLING HEIGHTS","STATE":"MI","ZIP":"48310","STFIP":"26","CNTY":"26099","NMCNTY":"Macomb County","LOCALE":"21","LAT":42.568725,"LON":-83.0827,"CBSA":"19820","NMCBSA":"Detroit-Warren-Dearborn, MI","CBSATYPE":"1","CSA":"220","NMCSA":"Detroit-Warren-Ann Arbor, MI","CD":"2610","SLDL":"26057","SLDU":"26009","SCHOOLYEAR":"2024-2025"}},{"type":"Feature","id":46306,"geometry":{"type":"Point","coordinates":[-83.06613899980562,42.569764000079864]},"properties":{"OBJECTID":46306,"NCESSCH":"263519007119","LEAID":"2635190","NAME":"Jefferson Elementary School","OPSTFIPS":"26","STREET":"37555 CAROL DR","CITY":"STERLING HEIGHTS","STATE":"MI","ZIP":"48310","STFIP":"26","CNTY":"26099","NMCNTY":"Macomb County","LOCALE":"21","LAT":42.569764,"LON":-83.066139,"CBSA":"19820","NMCBSA":"Detroit-Warren-Dearborn, MI","CBSATYPE":"1","CSA":"220","NMCSA":"Detroit-Warren-Ann Arbor, MI","CD":"2610","SLDL":"26057","SLDU":"26009","SCHOOLYEAR":"2024-2025"}},{"type":"Feature","id":46307,"geometry":{"type":"Point","coordinates":[-83.05902099974776,42.49519999931152]},"properties":{"OBJECTID":46307,"NCESSCH":"263519008550","LEAID":"2635190","NAME":"Middle School Mathematics Science Technology Center","OPSTFIPS":"26","STREET":"27500 COSGROVE DR","CITY":"WARREN","STATE":"MI","ZIP":"48092","STFIP":"26","CNTY":"26099","NMCNTY":"Macomb County","LOCALE":"12","LAT":42.4952,"LON":-83.059021,"CBSA":"19820","NMCBSA":"Detroit-Warren-Dearborn, MI","CBSATYPE":"1","CSA":"220","NMCSA":"Detroit-Warren-Ann Arbor, MI","CD":"2610","SLDL":"26014","SLDU":"26003","SCHOOLYEAR":"2024-2025"}},{"type":"Feature","id":46308,"geometry":{"type":"Point","coordinates":[-83.05902099974776,42.49519999931152]},"properties":{"OBJECTID":46308,"NCESSCH":"263519008566","LEAID":"2635190","NAME":"Macomb Math Science Technology Center","OPSTFIPS":"26","STREET":"27500 COSGROVE DR","CITY":"WARREN","STATE":"MI","ZIP":"48092","STFIP":"26","CNTY":"26099","NMCNTY":"Macomb County","LOCALE":"12","LAT":42.4952,"LON":-83.059021,"CBSA":"19820","NMCBSA":"Detroit-Warren-Dearborn, MI","CBSATYPE":"1","CSA":"220","NMCSA":"Detroit-Warren-Ann Arbor, MI","CD":"2610","SLDL":"26014","SLDU":"26003","SCHOOLYEAR":"2024-2025"}},{"type":"Feature","id":46309,"geometry":{"type":"Point","coordinates":[-82.99109999970302,42.50459999938279]},"properties":{"OBJECTID":46309,"NCESSCH":"263522000636","LEAID":"2635220","NAME":"Warren Woods Enterprise HS","OPSTFIPS":"26","STREET":"28600 SUBURBAN DR","CITY":"WARREN","STATE":"MI","ZIP":"48088","STFIP":"26","CNTY":"26099","NMCNTY":"Macomb County","LOCALE":"12","LAT":42.5046,"LON":-82.9911,"CBSA":"19820","NMCBSA":"Detroit-Warren-Dearborn, MI","CBSATYPE":"1","CSA":"220","NMCSA":"Detroit-Warren-Ann Arbor, MI","CD":"2610","SLDL":"26013","SLDU":"26010","SCHOOLYEAR":"2024-2025"}},{"type":"Feature","id":46310,"geometry":{"type":"Point","coordinates":[-82.99325799954019,42.484670999760205]},"properties":{"OBJECTID":46310,"NCESSCH":"263522002059","LEAID":"2635220","NAME":"Warren Woods Adult Education","OPSTFIPS":"26","STREET":"12900 FRAZHO RD","CITY":"WARREN","STATE":"MI","ZIP":"48089","STFIP":"26","CNTY":"26099","NMCNTY":"Macomb County","LOCALE":"12","LAT":42.484671,"LON":-82.993258,"CBSA":"19820","NMCBSA":"Detroit-Warren-Dearborn, MI","CBSATYPE":"1","CSA":"220","NMCSA":"Detroit-Warren-Ann Arbor, MI","CD":"2610","SLDL":"26011","SLDU":"26010","SCHOOLYEAR":"2024-2025"}},{"type":"Feature","id":46311,"geometry":{"type":"Point","coordinates":[-82.99029999961269,42.50629999972269]},"properties":{"OBJECTID":46311,"NCESSCH":"263522007120","LEAID":"2635220","NAME":"Warren Woods Middle School","OPSTFIPS":"26","STREET":"13400 E 12 MILE RD","CITY":"WARREN","STATE":"MI","ZIP":"48088","STFIP":"26","CNTY":"26099","NMCNTY":"Macomb County","LOCALE":"12","LAT":42.5063,"LON":-82.9903,"CBSA":"19820","NMCBSA":"Detroit-Warren-Dearborn, MI","CBSATYPE":"1","CSA":"220","NMCSA":"Detroit-Warren-Ann Arbor, MI","CD":"2610","SLDL":"26013","SLDU":"26010","SCHOOLYEAR":"2024-2025"}},{"type":"Feature","id":46312,"geometry":{"type":"Point","coordinates":[-83.00230000079367,42.50069999913264]},"properties":{"OBJECTID":46312,"NCESSCH":"263522007121","LEAID":"2635220","NAME":"Westwood Elementary School","OPSTFIPS":"26","STREET":"11999 MARTIN RD","CITY":"WARREN","STATE":"MI","ZIP":"48093","STFIP":"26","CNTY":"26099","NMCNTY":"Macomb County","LOCALE":"12","LAT":42.5007,"LON":-83.0023,"CBSA":"19820","NMCBSA":"Detroit-Warren-Dearborn, MI","CBSATYPE":"1","CSA":"220","NMCSA":"Detroit-Warren-Ann Arbor, MI","CD":"2610","SLDL":"26013","SLDU":"26010","SCHOOLYEAR":"2024-2025"}},{"type":"Feature","id":46313,"geometry":{"type":"Point","coordinates":[-82.98020000024574,42.50349999973625]},"properties":{"OBJECTID":46313,"NCESSCH":"263522007122","LEAID":"2635220","NAME":"Briarwood Elementary School","OPSTFIPS":"26","STREET":"14100 LEISURE DR","CITY":"WARREN","STATE":"MI","ZIP":"48088","STFIP":"26","CNTY":"26099","NMCNTY":"Macomb County","LOCALE":"12","LAT":42.5035,"LON":-82.9802,"CBSA":"19820","NMCBSA":"Detroit-Warren-Dearborn, MI","CBSATYPE":"1","CSA":"220","NMCSA":"Detroit-Warren-Ann Arbor, MI","CD":"2610","SLDL":"26013","SLDU":"26010","SCHOOLYEAR":"2024-2025"}},{"type":"Feature","id":46314,"geometry":{"type":"Point","coordinates":[-82.97720000021168,42.51319999959697]},"properties":{"OBJECTID":46314,"NCESSCH":"263522007123","LEAID":"2635220","NAME":"Pinewood Elementary School","OPSTFIPS":"26","STREET":"14411 BADE DR","CITY":"WARREN","STATE":"MI","ZIP":"48088","STFIP":"26","CNTY":"26099","NMCNTY":"Macomb County","LOCALE":"12","LAT":42.5132,"LON":-82.9772,"CBSA":"19820","NMCBSA":"Detroit-Warren-Dearborn, MI","CBSATYPE":"1","CSA":"220","NMCSA":"Detroit-Warren-Ann Arbor, MI","CD":"2610","SLDL":"26013","SLDU":"26010","SCHOOLYEAR":"2024-2025"}},{"type":"Feature","id":46315,"geometry":{"type":"Point","coordinates":[-82.97609999960727,42.49940000021913]},"properties":{"OBJECTID":46315,"NCESSCH":"263522007124","LEAID":"2635220","NAME":"Warren Woods Tower High School","OPSTFIPS":"26","STREET":"27900 BUNERT RD","CITY":"WARREN","STATE":"MI","ZIP":"48088","STFIP":"26","CNTY":"26099","NMCNTY":"Macomb County","LOCALE":"12","LAT":42.4994,"LON":-82.9761,"CBSA":"19820","NMCBSA":"Detroit-Warren-Dearborn, MI","CBSATYPE":"1","CSA":"220","NMCSA":"Detroit-Warren-Ann Arbor, MI","CD":"2610","SLDL":"26013","SLDU":"26010","SCHOOLYEAR":"2024-2025"}},{"type":"Feature","id":46316,"geometry":{"type":"Point","coordinates":[-83.35666799931408,42.64638699979241]},"properties":{"OBJECTID":46316,"NCESSCH":"263531001512","LEAID":"2635310","NAME":"Waterford Durant High School","OPSTFIPS":"26","STREET":"501 N CASS LAKE RD","CITY":"WATERFORD","STATE":"MI","ZIP":"48328","STFIP":"26","CNTY":"26125","NMCNTY":"Oakland County","LOCALE":"21","LAT":42.646387,"LON":-83.356668,"CBSA":"19820","NMCBSA":"Detroit-Warren-Dearborn, MI","CBSATYPE":"1","CSA":"220","NMCSA":"Detroit-Warren-Ann Arbor, MI","CD":"2611","SLDL":"26053","SLDU":"26023","SCHOOLYEAR":"2024-2025"}},{"type":"Feature","id":46317,"geometry":{"type":"Point","coordinates":[-83.33979999971787,42.641999999884]},"properties":{"OBJECTID":46317,"NCESSCH":"263531007127","LEAID":"2635310","NAME":"Donelson Hills Elementary School","OPSTFIPS":"26","STREET":"2690 WEWOKA RD","CITY":"WATERFORD","STATE":"MI","ZIP":"48328","STFIP":"26","CNTY":"26125","NMCNTY":"Oakland County","LOCALE":"21","LAT":42.642,"LON":-83.3398,"CBSA":"19820","NMCBSA":"Detroit-Warren-Dearborn, MI","CBSATYPE":"1","CSA":"220","NMCSA":"Detroit-Warren-Ann Arbor, MI","CD":"2611","SLDL":"26053","SLDU":"26023","SCHOOLYEAR":"2024-2025"}},{"type":"Feature","id":46318,"geometry":{"type":"Point","coordinates":[-83.44510000029618,42.64429999991395]},"properties":{"OBJECTID":46318,"NCESSCH":"263531007128","LEAID":"2635310","NAME":"Houghton Elementary School","OPSTFIPS":"26","STREET":"8080 ELIZABETH LAKE RD","CITY":"WHITE LAKE","STATE":"MI","ZIP":"48386","STFIP":"26","CNTY":"26125","NMCNTY":"Oakland County","LOCALE":"21","LAT":42.6443,"LON":-83.4451,"CBSA":"19820","NMCBSA":"Detroit-Warren-Dearborn, MI","CBSATYPE":"1","CSA":"220","NMCSA":"Detroit-Warren-Ann Arbor, MI","CD":"2611","SLDL":"26051","SLDU":"26023","SCHOOLYEAR":"2024-2025"}},{"type":"Feature","id":46319,"geometry":{"type":"Point","coordinates":[-83.39000000018511,42.67439999999275]},"properties":{"OBJECTID":46319,"NCESSCH":"263531007135","LEAID":"2635310","NAME":"Pierce Middle School","OPSTFIPS":"26","STREET":"5145 HATCHERY RD","CITY":"WATERFORD","STATE":"MI","ZIP":"48329","STFIP":"26","CNTY":"26125","NMCNTY":"Oakland County","LOCALE":"21","LAT":42.6744,"LON":-83.39,"CBSA":"19820","NMCBSA":"Detroit-Warren-Dearborn, MI","CBSATYPE":"1","CSA":"220","NMCSA":"Detroit-Warren-Ann Arbor, MI","CD":"2611","SLDL":"26052","SLDU":"26023","SCHOOLYEAR":"2024-2025"}},{"type":"Feature","id":46320,"geometry":{"type":"Point","coordinates":[-83.39160000022854,42.62689999959993]},"properties":{"OBJECTID":46320,"NCESSCH":"263531007136","LEAID":"2635310","NAME":"Haviland Elementary School","OPSTFIPS":"26","STREET":"5305 CASS ELIZABETH RD","CITY":"WATERFORD","STATE":"MI","ZIP":"48327","STFIP":"26","CNTY":"26125","NMCNTY":"Oakland County","LOCALE":"21","LAT":42.6269,"LON":-83.3916,"CBSA":"19820","NMCBSA":"Detroit-Warren-Dearborn, MI","CBSATYPE":"1","CSA":"220","NMCSA":"Detroit-Warren-Ann Arbor, MI","CD":"2611","SLDL":"26053","SLDU":"26023","SCHOOLYEAR":"2024-2025"}},{"type":"Feature","id":46321,"geometry":{"type":"Point","coordinates":[-83.33645100032946,42.659553000127346]},"properties":{"OBJECTID":46321,"NCESSCH":"263531007137","LEAID":"2635310","NAME":"Childrens Village School","OPSTFIPS":"26","STREET":"1200 N TELEGRAPH RD","CITY":"PONTIAC","STATE":"MI","ZIP":"48341","STFIP":"26","CNTY":"26125","NMCNTY":"Oakland County","LOCALE":"21","LAT":42.659553,"LON":-83.336451,"CBSA":"19820","NMCBSA":"Detroit-Warren-Dearborn, MI","CBSATYPE":"1","CSA":"220","NMCSA":"Detroit-Warren-Ann Arbor, MI","CD":"2611","SLDL":"26053","SLDU":"26023","SCHOOLYEAR":"2024-2025"}},{"type":"Feature","id":46322,"geometry":{"type":"Point","coordinates":[-83.39170000001108,42.65630000074025]},"properties":{"OBJECTID":46322,"NCESSCH":"263531007138","LEAID":"2635310","NAME":"Riverside Elementary School","OPSTFIPS":"26","STREET":"5280 FARM RD","CITY":"WATERFORD","STATE":"MI","ZIP":"48327","STFIP":"26","CNTY":"26125","NMCNTY":"Oakland County","LOCALE":"21","LAT":42.6563,"LON":-83.3917,"CBSA":"19820","NMCBSA":"Detroit-Warren-Dearborn, MI","CBSATYPE":"1","CSA":"220","NMCSA":"Detroit-Warren-Ann Arbor, MI","CD":"2611","SLDL":"26052","SLDU":"26023","SCHOOLYEAR":"2024-2025"}},{"type":"Feature","id":46323,"geometry":{"type":"Point","coordinates":[-83.41480000020773,42.689299999330174]},"properties":{"OBJECTID":46323,"NCESSCH":"263531007139","LEAID":"2635310","NAME":"Schoolcraft Elementary School","OPSTFIPS":"26","STREET":"6400 MACEDAY DR","CITY":"WATERFORD","STATE":"MI","ZIP":"48329","STFIP":"26","CNTY":"26125","NMCNTY":"Oakland County","LOCALE":"21","LAT":42.6893,"LON":-83.4148,"CBSA":"19820","NMCBSA":"Detroit-Warren-Dearborn, MI","CBSATYPE":"1","CSA":"220","NMCSA":"Detroit-Warren-Ann Arbor, MI","CD":"2611","SLDL":"26052","SLDU":"26023","SCHOOLYEAR":"2024-2025"}},{"type":"Feature","id":46324,"geometry":{"type":"Point","coordinates":[-83.36456400069393,42.68857799977041]},"properties":{"OBJECTID":46324,"NCESSCH":"263531007140","LEAID":"2635310","NAME":"Mason Middle School","OPSTFIPS":"26","STREET":"3835 W WALTON BLVD","CITY":"WATERFORD","STATE":"MI","ZIP":"48329","STFIP":"26","CNTY":"26125","NMCNTY":"Oakland County","LOCALE":"21","LAT":42.688578,"LON":-83.364564,"CBSA":"19820","NMCBSA":"Detroit-Warren-Dearborn, MI","CBSATYPE":"1","CSA":"220","NMCSA":"Detroit-Warren-Ann Arbor, MI","CD":"2611","SLDL":"26052","SLDU":"26007","SCHOOLYEAR":"2024-2025"}},{"type":"Feature","id":46325,"geometry":{"type":"Point","coordinates":[-83.39120000014489,42.70199999975569]},"properties":{"OBJECTID":46325,"NCESSCH":"263531007141","LEAID":"2635310","NAME":"Kingsley Montgomery School","OPSTFIPS":"26","STREET":"4265 HALKIRK DR","CITY":"WATERFORD","STATE":"MI","ZIP":"48329","STFIP":"26","CNTY":"26125","NMCNTY":"Oakland County","LOCALE":"21","LAT":42.702,"LON":-83.3912,"CBSA":"19820","NMCBSA":"Detroit-Warren-Dearborn, MI","CBSATYPE":"1","CSA":"220","NMCSA":"Detroit-Warren-Ann Arbor, MI","CD":"2611","SLDL":"26052","SLDU":"26023","SCHOOLYEAR":"2024-2025"}},{"type":"Feature","id":46326,"geometry":{"type":"Point","coordinates":[-83.37259999918878,42.667499999674284]},"properties":{"OBJECTID":46326,"NCESSCH":"263531007142","LEAID":"2635310","NAME":"Cooley Elementary School","OPSTFIPS":"26","STREET":"2000 HIGHFIELD RD","CITY":"WATERFORD","STATE":"MI","ZIP":"48329","STFIP":"26","CNTY":"26125","NMCNTY":"Oakland County","LOCALE":"21","LAT":42.6675,"LON":-83.3726,"CBSA":"19820","NMCBSA":"Detroit-Warren-Dearborn, MI","CBSATYPE":"1","CSA":"220","NMCSA":"Detroit-Warren-Ann Arbor, MI","CD":"2611","SLDL":"26052","SLDU":"26023","SCHOOLYEAR":"2024-2025"}},{"type":"Feature","id":46327,"geometry":{"type":"Point","coordinates":[-83.3917000002612,42.680299999937496]},"properties":{"OBJECTID":46327,"NCESSCH":"263531007143","LEAID":"2635310","NAME":"Waterford Kettering High School","OPSTFIPS":"26","STREET":"2800 KETTERING DR","CITY":"WATERFORD","STATE":"MI","ZIP":"48329","STFIP":"26","CNTY":"26125","NMCNTY":"Oakland County","LOCALE":"21","LAT":42.6803,"LON":-83.3917,"CBSA":"19820","NMCBSA":"Detroit-Warren-Dearborn, MI","CBSATYPE":"1","CSA":"220","NMCSA":"Detroit-Warren-Ann Arbor, MI","CD":"2611","SLDL":"26052","SLDU":"26023","SCHOOLYEAR":"2024-2025"}},{"type":"Feature","id":46328,"geometry":{"type":"Point","coordinates":[-83.41610000048883,42.64540000058764]},"properties":{"OBJECTID":46328,"NCESSCH":"263531007146","LEAID":"2635310","NAME":"Beaumont Elementary School","OPSTFIPS":"26","STREET":"6532 ELIZABETH LAKE RD","CITY":"WATERFORD","STATE":"MI","ZIP":"48327","STFIP":"26","CNTY":"26125","NMCNTY":"Oakland County","LOCALE":"21","LAT":42.6454,"LON":-83.4161,"CBSA":"19820","NMCBSA":"Detroit-Warren-Dearborn, MI","CBSATYPE":"1","CSA":"220","NMCSA":"Detroit-Warren-Ann Arbor, MI","CD":"2611","SLDL":"26053","SLDU":"26023","SCHOOLYEAR":"2024-2025"}},{"type":"Feature","id":46329,"geometry":{"type":"Point","coordinates":[-83.39290000086292,42.64009999984431]},"properties":{"OBJECTID":46329,"NCESSCH":"263531007149","LEAID":"2635310","NAME":"Knudsen Elementary School","OPSTFIPS":"26","STREET":"5449 CRESCENT RD","CITY":"WATERFORD","STATE":"MI","ZIP":"48327","STFIP":"26","CNTY":"26125","NMCNTY":"Oakland County","LOCALE":"21","LAT":42.6401,"LON":-83.3929,"CBSA":"19820","NMCBSA":"Detroit-Warren-Dearborn, MI","CBSATYPE":"1","CSA":"220","NMCSA":"Detroit-Warren-Ann Arbor, MI","CD":"2611","SLDL":"26052","SLDU":"26023","SCHOOLYEAR":"2024-2025"}},{"type":"Feature","id":46330,"geometry":{"type":"Point","coordinates":[-83.34909999993333,42.65649999994825]},"properties":{"OBJECTID":46330,"NCESSCH":"263531007150","LEAID":"2635310","NAME":"Waterford Mott High School","OPSTFIPS":"26","STREET":"1151 SCOTT LAKE RD","CITY":"WATERFORD","STATE":"MI","ZIP":"48328","STFIP":"26","CNTY":"26125","NMCNTY":"Oakland County","LOCALE":"21","LAT":42.6565,"LON":-83.3491,"CBSA":"19820","NMCBSA":"Detroit-Warren-Dearborn, MI","CBSATYPE":"1","CSA":"220","NMCSA":"Detroit-Warren-Ann Arbor, MI","CD":"2611","SLDL":"26052","SLDU":"26023","SCHOOLYEAR":"2024-2025"}},{"type":"Feature","id":46331,"geometry":{"type":"Point","coordinates":[-83.35652500027162,42.646402999802504]},"properties":{"OBJECTID":46331,"NCESSCH":"263531008254","LEAID":"2635310","NAME":"Waterford Lifetracks Program  Crary Campus","OPSTFIPS":"26","STREET":"501 N CASS LAKE RD","CITY":"WATERFORD","STATE":"MI","ZIP":"48328","STFIP":"26","CNTY":"26125","NMCNTY":"Oakland County","LOCALE":"21","LAT":42.646403,"LON":-83.356525,"CBSA":"19820","NMCBSA":"Detroit-Warren-Dearborn, MI","CBSATYPE":"1","CSA":"220","NMCSA":"Detroit-Warren-Ann Arbor, MI","CD":"2611","SLDL":"26053","SLDU":"26023","SCHOOLYEAR":"2024-2025"}},{"type":"Feature","id":46332,"geometry":{"type":"Point","coordinates":[-83.36438099989202,42.69128999925387]},"properties":{"OBJECTID":46332,"NCESSCH":"263531008620","LEAID":"2635310","NAME":"Grayson Elementary","OPSTFIPS":"26","STREET":"3800 W WALTON BLVD","CITY":"WATERFORD","STATE":"MI","ZIP":"48329","STFIP":"26","CNTY":"26125","NMCNTY":"Oakland County","LOCALE":"21","LAT":42.69129,"LON":-83.364381,"CBSA":"19820","NMCBSA":"Detroit-Warren-Dearborn, MI","CBSATYPE":"1","CSA":"220","NMCSA":"Detroit-Warren-Ann Arbor, MI","CD":"2611","SLDL":"26052","SLDU":"26007","SCHOOLYEAR":"2024-2025"}},{"type":"Feature","id":46352,"geometry":{"type":"Point","coordinates":[-84.17300000056585,42.66810000046997]},"properties":{"OBJECTID":46352,"NCESSCH":"263573007172","LEAID":"2635730","NAME":"Webberville Elementary School","OPSTFIPS":"26","STREET":"202 N MAIN ST","CITY":"WEBBERVILLE","STATE":"MI","ZIP":"48892","STFIP":"26","CNTY":"26065","NMCNTY":"Ingham County","LOCALE":"42","LAT":42.6681,"LON":-84.173,"CBSA":"29620","NMCBSA":"Lansing-East Lansing, MI","CBSATYPE":"1","CSA":"330","NMCSA":"Lansing-East Lansing-Owosso, MI","CD":"2607","SLDL":"26073","SLDU":"26022","SCHOOLYEAR":"2024-2025"}},{"type":"Feature","id":46353,"geometry":{"type":"Point","coordinates":[-84.17019999972953,42.66829999965084]},"properties":{"OBJECTID":46353,"NCESSCH":"263573007173","LEAID":"2635730","NAME":"Webberville High School","OPSTFIPS":"26","STREET":"309 E GRAND RIVER RD","CITY":"WEBBERVILLE","STATE":"MI","ZIP":"48892","STFIP":"26","CNTY":"26065","NMCNTY":"Ingham County","LOCALE":"42","LAT":42.6683,"LON":-84.1702,"CBSA":"29620","NMCBSA":"Lansing-East Lansing, MI","CBSATYPE":"1","CSA":"330","NMCSA":"Lansing-East Lansing-Owosso, MI","CD":"2607","SLDL":"26073","SLDU":"26022","SCHOOLYEAR":"2024-2025"}},{"type":"Feature","id":46354,"geometry":{"type":"Point","coordinates":[-84.17019999972953,42.66829999965084]},"properties":{"OBJECTID":46354,"NCESSCH":"263573007489","LEAID":"2635730","NAME":"Webberville Middle School","OPSTFIPS":"26","STREET":"309 E GRAND RIVER RD","CITY":"WEBBERVILLE","STATE":"MI","ZIP":"48892","STFIP":"26","CNTY":"26065","NMCNTY":"Ingham County","LOCALE":"42","LAT":42.6683,"LON":-84.1702,"CBSA":"29620","NMCBSA":"Lansing-East Lansing, MI","CBSATYPE":"1","CSA":"330","NMCSA":"Lansing-East Lansing-Owosso, MI","CD":"2607","SLDL":"26073","SLDU":"26022","SCHOOLYEAR":"2024-2025"}},{"type":"Feature","id":46356,"geometry":{"type":"Point","coordinates":[-83.38949999994772,42.60940000064217]},"properties":{"OBJECTID":46356,"NCESSCH":"263582000676","LEAID":"2635820","NAME":"Gretchko Elementary School","OPSTFIPS":"26","STREET":"5300 GREER RD","CITY":"WEST BLOOMFIELD","STATE":"MI","ZIP":"48324","STFIP":"26","CNTY":"26125","NMCNTY":"Oakland County","LOCALE":"21","LAT":42.6094,"LON":-83.3895,"CBSA":"19820","NMCBSA":"Detroit-Warren-Dearborn, MI","CBSATYPE":"1","CSA":"220","NMCSA":"Detroit-Warren-Ann Arbor, MI","CD":"2611","SLDL":"26020","SLDU":"26013","SCHOOLYEAR":"2024-2025"}},{"type":"Feature","id":46357,"geometry":{"type":"Point","coordinates":[-83.3701000001958,42.557999999618794]},"properties":{"OBJECTID":46357,"NCESSCH":"263582007176","LEAID":"2635820","NAME":"Sheiko Elementary School","OPSTFIPS":"26","STREET":"4500 WALNUT LAKE RD","CITY":"WEST BLOOMFIELD","STATE":"MI","ZIP":"48323","STFIP":"26","CNTY":"26125","NMCNTY":"Oakland County","LOCALE":"21","LAT":42.558,"LON":-83.3701,"CBSA":"19820","NMCBSA":"Detroit-Warren-Dearborn, MI","CBSATYPE":"1","CSA":"220","NMCSA":"Detroit-Warren-Ann Arbor, MI","CD":"2611","SLDL":"26020","SLDU":"26013","SCHOOLYEAR":"2024-2025"}},{"type":"Feature","id":46358,"geometry":{"type":"Point","coordinates":[-83.3502029999781,42.59982099996508]},"properties":{"OBJECTID":46358,"NCESSCH":"263582007177","LEAID":"2635820","NAME":"Roosevelt Elementary School","OPSTFIPS":"26","STREET":"3250 COMMERCE RD","CITY":"ORCHARD LAKE","STATE":"MI","ZIP":"48324","STFIP":"26","CNTY":"26125","NMCNTY":"Oakland County","LOCALE":"21","LAT":42.599821,"LON":-83.350203,"CBSA":"19820","NMCBSA":"Detroit-Warren-Dearborn, MI","CBSATYPE":"1","CSA":"220","NMCSA":"Detroit-Warren-Ann Arbor, MI","CD":"2611","SLDL":"26020","SLDU":"26013","SCHOOLYEAR":"2024-2025"}},{"type":"Feature","id":46359,"geometry":{"type":"Point","coordinates":[-83.35400000009199,42.55630000013909]},"properties":{"OBJECTID":46359,"NCESSCH":"263582007180","LEAID":"2635820","NAME":"Doherty Elementary School","OPSTFIPS":"26","STREET":"3575 WALNUT LAKE RD","CITY":"WEST BLOOMFIELD","STATE":"MI","ZIP":"48323","STFIP":"26","CNTY":"26125","NMCNTY":"Oakland County","LOCALE":"21","LAT":42.5563,"LON":-83.354,"CBSA":"19820","NMCBSA":"Detroit-Warren-Dearborn, MI","CBSATYPE":"1","CSA":"220","NMCSA":"Detroit-Warren-Ann Arbor, MI","CD":"2611","SLDL":"26020","SLDU":"26013","SCHOOLYEAR":"2024-2025"}},{"type":"Feature","id":46360,"geometry":{"type":"Point","coordinates":[-83.3579130002189,42.566240000684175]},"properties":{"OBJECTID":46360,"NCESSCH":"263582007181","LEAID":"2635820","NAME":"West Bloomfield High School","OPSTFIPS":"26","STREET":"4925 ORCHARD LAKE RD","CITY":"WEST BLOOMFIELD","STATE":"MI","ZIP":"48323","STFIP":"26","CNTY":"26125","NMCNTY":"Oakland County","LOCALE":"21","LAT":42.56624,"LON":-83.357913,"CBSA":"19820","NMCBSA":"Detroit-Warren-Dearborn, MI","CBSATYPE":"1","CSA":"220","NMCSA":"Detroit-Warren-Ann Arbor, MI","CD":"2611","SLDL":"26020","SLDU":"26013","SCHOOLYEAR":"2024-2025"}},{"type":"Feature","id":46361,"geometry":{"type":"Point","coordinates":[-83.36389700054211,42.54995500052249]},"properties":{"OBJECTID":46361,"NCESSCH":"263582007182","LEAID":"2635820","NAME":"West Bloomfield Middle School","OPSTFIPS":"26","STREET":"6000 ORCHARD LAKE RD","CITY":"W BLOOMFIELD","STATE":"MI","ZIP":"48322","STFIP":"26","CNTY":"26125","NMCNTY":"Oakland County","LOCALE":"21","LAT":42.549955,"LON":-83.363897,"CBSA":"19820","NMCBSA":"Detroit-Warren-Dearborn, MI","CBSATYPE":"1","CSA":"220","NMCSA":"Detroit-Warren-Ann Arbor, MI","CD":"2611","SLDL":"26020","SLDU":"26013","SCHOOLYEAR":"2024-2025"}},{"type":"Feature","id":46362,"geometry":{"type":"Point","coordinates":[-83.39960000006212,42.58810000039541]},"properties":{"OBJECTID":46362,"NCESSCH":"263582007586","LEAID":"2635820","NAME":"Scotch Elementary School","OPSTFIPS":"26","STREET":"5959 COMMERCE RD","CITY":"WEST BLOOMFIELD","STATE":"MI","ZIP":"48324","STFIP":"26","CNTY":"26125","NMCNTY":"Oakland County","LOCALE":"21","LAT":42.5881,"LON":-83.3996,"CBSA":"19820","NMCBSA":"Detroit-Warren-Dearborn, MI","CBSATYPE":"1","CSA":"220","NMCSA":"Detroit-Warren-Ann Arbor, MI","CD":"2611","SLDL":"26020","SLDU":"26013","SCHOOLYEAR":"2024-2025"}},{"type":"Feature","id":46363,"geometry":{"type":"Point","coordinates":[-83.37050000027322,42.49289999916627]},"properties":{"OBJECTID":46363,"NCESSCH":"263582007784","LEAID":"2635820","NAME":"Oakland Early College","OPSTFIPS":"26","STREET":"27055 ORCHARD LAKE RD","CITY":"FARMINGTON HILLS","STATE":"MI","ZIP":"48334","STFIP":"26","CNTY":"26125","NMCNTY":"Oakland County","LOCALE":"13","LAT":42.4929,"LON":-83.3705,"CBSA":"19820","NMCBSA":"Detroit-Warren-Dearborn, MI","CBSATYPE":"1","CSA":"220","NMCSA":"Detroit-Warren-Ann Arbor, MI","CD":"2611","SLDL":"26018","SLDU":"26006","SCHOOLYEAR":"2024-2025"}},{"type":"Feature","id":46364,"geometry":{"type":"Point","coordinates":[-83.3589210005607,42.53432000003077]},"properties":{"OBJECTID":46364,"NCESSCH":"263582008153","LEAID":"2635820","NAME":"West Bloomfield Transition Center","OPSTFIPS":"26","STREET":"7071 ORCHARD LAKE RD","CITY":"WEST BLOOMFIELD","STATE":"MI","ZIP":"48322","STFIP":"26","CNTY":"26125","NMCNTY":"Oakland County","LOCALE":"21","LAT":42.53432,"LON":-83.358921,"CBSA":"19820","NMCBSA":"Detroit-Warren-Dearborn, MI","CBSATYPE":"1","CSA":"220","NMCSA":"Detroit-Warren-Ann Arbor, MI","CD":"2611","SLDL":"26020","SLDU":"26013","SCHOOLYEAR":"2024-2025"}},{"type":"Feature","id":46365,"geometry":{"type":"Point","coordinates":[-83.40718099970849,42.537849999196766]},"properties":{"OBJECTID":46365,"NCESSCH":"263582008291","LEAID":"2635820","NAME":"Project Search","OPSTFIPS":"26","STREET":"6777 W MAPLE RD","CITY":"WEST BLOOMFIELD","STATE":"MI","ZIP":"48322","STFIP":"26","CNTY":"26125","NMCNTY":"Oakland County","LOCALE":"21","LAT":42.53785,"LON":-83.407181,"CBSA":"19820","NMCBSA":"Detroit-Warren-Dearborn, MI","CBSATYPE":"1","CSA":"220","NMCSA":"Detroit-Warren-Ann Arbor, MI","CD":"2611","SLDL":"26020","SLDU":"26013","SCHOOLYEAR":"2024-2025"}},{"type":"Feature","id":46366,"geometry":{"type":"Point","coordinates":[-83.3579130002189,42.566240000684175]},"properties":{"OBJECTID":46366,"NCESSCH":"263582008977","LEAID":"2635820","NAME":"The Laker Opportunity Center","OPSTFIPS":"26","STREET":"4925 ORCHARD LAKE RD","CITY":"W BLOOMFIELD","STATE":"MI","ZIP":"48323","STFIP":"26","CNTY":"26125","NMCNTY":"Oakland County","LOCALE":"21","LAT":42.56624,"LON":-83.357913,"CBSA":"19820","NMCBSA":"Detroit-Warren-Dearborn, MI","CBSATYPE":"1","CSA":"220","NMCSA":"Detroit-Warren-Ann Arbor, MI","CD":"2611","SLDL":"26020","SLDU":"26013","SCHOOLYEAR":"2024-2025"}},{"type":"Feature","id":46402,"geometry":{"type":"Point","coordinates":[-83.70340900004089,41.76784099986062]},"properties":{"OBJECTID":46402,"NCESSCH":"263627007215","LEAID":"2636270","NAME":"Whiteford High School","OPSTFIPS":"26","STREET":"6655 CONSEAR RD","CITY":"OTTAWA LAKE","STATE":"MI","ZIP":"49267","STFIP":"26","CNTY":"26115","NMCNTY":"Monroe County","LOCALE":"41","LAT":41.767841,"LON":-83.703409,"CBSA":"33780","NMCBSA":"Monroe, MI","CBSATYPE":"1","CSA":"220","NMCSA":"Detroit-Warren-Ann Arbor, MI","CD":"2605","SLDL":"26030","SLDU":"26016","SCHOOLYEAR":"2024-2025"}},{"type":"Feature","id":46403,"geometry":{"type":"Point","coordinates":[-83.70395700006272,41.76621899954327]},"properties":{"OBJECTID":46403,"NCESSCH":"263627007216","LEAID":"2636270","NAME":"Whiteford Elementary School","OPSTFIPS":"26","STREET":"6655 CONSEAR RD","CITY":"OTTAWA LAKE","STATE":"MI","ZIP":"49267","STFIP":"26","CNTY":"26115","NMCNTY":"Monroe County","LOCALE":"41","LAT":41.766219,"LON":-83.703957,"CBSA":"33780","NMCBSA":"Monroe, MI","CBSATYPE":"1","CSA":"220","NMCSA":"Detroit-Warren-Ann Arbor, MI","CD":"2605","SLDL":"26030","SLDU":"26016","SCHOOLYEAR":"2024-2025"}},{"type":"Feature","id":46404,"geometry":{"type":"Point","coordinates":[-83.70340900004089,41.76784099986062]},"properties":{"OBJECTID":46404,"NCESSCH":"263627007441","LEAID":"2636270","NAME":"Whiteford Middle School","OPSTFIPS":"26","STREET":"6655 CONSEAR RD","CITY":"OTTAWA LAKE","STATE":"MI","ZIP":"49267","STFIP":"26","CNTY":"26115","NMCNTY":"Monroe County","LOCALE":"41","LAT":41.767841,"LON":-83.703409,"CBSA":"33780","NMCBSA":"Monroe, MI","CBSATYPE":"1","CSA":"220","NMCSA":"Detroit-Warren-Ann Arbor, MI","CD":"2605","SLDL":"26030","SLDU":"26016","SCHOOLYEAR":"2024-2025"}},{"type":"Feature","id":46410,"geometry":{"type":"Point","coordinates":[-83.7839660003012,42.42126400049971]},"properties":{"OBJECTID":46410,"NCESSCH":"263633000020","LEAID":"2636330","NAME":"Whitmore Lake Elementary School","OPSTFIPS":"26","STREET":"1077 BARKER RD","CITY":"WHITMORE LAKE","STATE":"MI","ZIP":"48189","STFIP":"26","CNTY":"26161","NMCNTY":"Washtenaw County","LOCALE":"22","LAT":42.421264,"LON":-83.783966,"CBSA":"11460","NMCBSA":"Ann Arbor, MI","CBSATYPE":"1","CSA":"220","NMCSA":"Detroit-Warren-Ann Arbor, MI","CD":"2606","SLDL":"26048","SLDU":"26014","SCHOOLYEAR":"2024-2025"}},{"type":"Feature","id":46411,"geometry":{"type":"Point","coordinates":[-83.7714000005625,42.39020000068988]},"properties":{"OBJECTID":46411,"NCESSCH":"263633007221","LEAID":"2636330","NAME":"Whitmore Lake High School","OPSTFIPS":"26","STREET":"7430 WHITMORE LAKE RD","CITY":"WHITMORE LAKE","STATE":"MI","ZIP":"48189","STFIP":"26","CNTY":"26161","NMCNTY":"Washtenaw County","LOCALE":"41","LAT":42.3902,"LON":-83.7714,"CBSA":"11460","NMCBSA":"Ann Arbor, MI","CBSATYPE":"1","CSA":"220","NMCSA":"Detroit-Warren-Ann Arbor, MI","CD":"2606","SLDL":"26048","SLDU":"26014","SCHOOLYEAR":"2024-2025"}},{"type":"Feature","id":46414,"geometry":{"type":"Point","coordinates":[-84.27439999977486,42.69140000021177]},"properties":{"OBJECTID":46414,"NCESSCH":"263642001058","LEAID":"2636420","NAME":"Williamston Discovery Elementary School","OPSTFIPS":"26","STREET":"350 HIGHLAND ST","CITY":"WILLIAMSTON","STATE":"MI","ZIP":"48895","STFIP":"26","CNTY":"26065","NMCNTY":"Ingham County","LOCALE":"31","LAT":42.6914,"LON":-84.2744,"CBSA":"29620","NMCBSA":"Lansing-East Lansing, MI","CBSATYPE":"1","CSA":"330","NMCSA":"Lansing-East Lansing-Owosso, MI","CD":"2607","SLDL":"26073","SLDU":"26028","SCHOOLYEAR":"2024-2025"}},{"type":"Feature","id":46415,"geometry":{"type":"Point","coordinates":[-84.27540000059032,42.69670000007824]},"properties":{"OBJECTID":46415,"NCESSCH":"263642007227","LEAID":"2636420","NAME":"Williamston Middle School","OPSTFIPS":"26","STREET":"3845 VANNETER RD","CITY":"WILLIAMSTON","STATE":"MI","ZIP":"48895","STFIP":"26","CNTY":"26065","NMCNTY":"Ingham County","LOCALE":"31","LAT":42.6967,"LON":-84.2754,"CBSA":"29620","NMCBSA":"Lansing-East Lansing, MI","CBSATYPE":"1","CSA":"330","NMCSA":"Lansing-East Lansing-Owosso, MI","CD":"2607","SLDL":"26073","SLDU":"26028","SCHOOLYEAR":"2024-2025"}},{"type":"Feature","id":46416,"geometry":{"type":"Point","coordinates":[-84.27600000033075,42.69210000024935]},"properties":{"OBJECTID":46416,"NCESSCH":"263642007228","LEAID":"2636420","NAME":"Williamston Explorer Elementary School","OPSTFIPS":"26","STREET":"416 HIGHLAND ST","CITY":"WILLIAMSTON","STATE":"MI","ZIP":"48895","STFIP":"26","CNTY":"26065","NMCNTY":"Ingham County","LOCALE":"31","LAT":42.6921,"LON":-84.276,"CBSA":"29620","NMCBSA":"Lansing-East Lansing, MI","CBSATYPE":"1","CSA":"330","NMCSA":"Lansing-East Lansing-Owosso, MI","CD":"2607","SLDL":"26073","SLDU":"26028","SCHOOLYEAR":"2024-2025"}},{"type":"Feature","id":46417,"geometry":{"type":"Point","coordinates":[-84.27620000012351,42.69969999955644]},"properties":{"OBJECTID":46417,"NCESSCH":"263642007718","LEAID":"2636420","NAME":"Williamston High School","OPSTFIPS":"26","STREET":"3939 VANNETER RD","CITY":"WILLIAMSTON","STATE":"MI","ZIP":"48895","STFIP":"26","CNTY":"26065","NMCNTY":"Ingham County","LOCALE":"31","LAT":42.6997,"LON":-84.2762,"CBSA":"29620","NMCBSA":"Lansing-East Lansing, MI","CBSATYPE":"1","CSA":"330","NMCSA":"Lansing-East Lansing-Owosso, MI","CD":"2607","SLDL":"26073","SLDU":"26028","SCHOOLYEAR":"2024-2025"}},{"type":"Feature","id":46420,"geometry":{"type":"Point","coordinates":[-83.253099999776,42.170943000217484]},"properties":{"OBJECTID":46420,"NCESSCH":"263648500771","LEAID":"2636485","NAME":"Special Education Building","OPSTFIPS":"26","STREET":"22650 SIBLEY RD","CITY":"BROWNSTOWN","STATE":"MI","ZIP":"48193","STFIP":"26","CNTY":"26163","NMCNTY":"Wayne County","LOCALE":"21","LAT":42.170943,"LON":-83.2531,"CBSA":"19820","NMCBSA":"Detroit-Warren-Dearborn, MI","CBSATYPE":"1","CSA":"220","NMCSA":"Detroit-Warren-Ann Arbor, MI","CD":"2606","SLDL":"26028","SLDU":"26004","SCHOOLYEAR":"2024-2025"}},{"type":"Feature","id":46421,"geometry":{"type":"Point","coordinates":[-83.2446000001729,42.12669999978473]},"properties":{"OBJECTID":46421,"NCESSCH":"263648501092","LEAID":"2636485","NAME":"Woodhaven Upper Elementary","OPSTFIPS":"26","STREET":"24825 HALL RD","CITY":"WOODHAVEN","STATE":"MI","ZIP":"48183","STFIP":"26","CNTY":"26163","NMCNTY":"Wayne County","LOCALE":"21","LAT":42.1267,"LON":-83.2446,"CBSA":"19820","NMCBSA":"Detroit-Warren-Dearborn, MI","CBSATYPE":"1","CSA":"220","NMCSA":"Detroit-Warren-Ann Arbor, MI","CD":"2606","SLDL":"26028","SLDU":"26004","SCHOOLYEAR":"2024-2025"}},{"type":"Feature","id":46422,"geometry":{"type":"Point","coordinates":[-83.25040000023192,42.14090000001774]},"properties":{"OBJECTID":46422,"NCESSCH":"263648507239","LEAID":"2636485","NAME":"Bates Elementary School","OPSTFIPS":"26","STREET":"22811 GUDITH RD","CITY":"WOODHAVEN","STATE":"MI","ZIP":"48183","STFIP":"26","CNTY":"26163","NMCNTY":"Wayne County","LOCALE":"21","LAT":42.1409,"LON":-83.2504,"CBSA":"19820","NMCBSA":"Detroit-Warren-Dearborn, MI","CBSATYPE":"1","CSA":"220","NMCSA":"Detroit-Warren-Ann Arbor, MI","CD":"2606","SLDL":"26028","SLDU":"26004","SCHOOLYEAR":"2024-2025"}},{"type":"Feature","id":46423,"geometry":{"type":"Point","coordinates":[-83.21960000051702,42.14889999997976]},"properties":{"OBJECTID":46423,"NCESSCH":"263648507241","LEAID":"2636485","NAME":"Yake Elementary School","OPSTFIPS":"26","STREET":"16400 CARTER RD","CITY":"WOODHAVEN","STATE":"MI","ZIP":"48183","STFIP":"26","CNTY":"26163","NMCNTY":"Wayne County","LOCALE":"21","LAT":42.1489,"LON":-83.2196,"CBSA":"19820","NMCBSA":"Detroit-Warren-Dearborn, MI","CBSATYPE":"1","CSA":"220","NMCSA":"Detroit-Warren-Ann Arbor, MI","CD":"2606","SLDL":"26028","SLDU":"26004","SCHOOLYEAR":"2024-2025"}},{"type":"Feature","id":46424,"geometry":{"type":"Point","coordinates":[-83.27227900026158,42.12238500063319]},"properties":{"OBJECTID":46424,"NCESSCH":"263648507242","LEAID":"2636485","NAME":"Woodhaven High School","OPSTFIPS":"26","STREET":"24787 VAN HORN RD","CITY":"FLAT ROCK","STATE":"MI","ZIP":"48134","STFIP":"26","CNTY":"26163","NMCNTY":"Wayne County","LOCALE":"21","LAT":42.122385,"LON":-83.272279,"CBSA":"19820","NMCBSA":"Detroit-Warren-Dearborn, MI","CBSATYPE":"1","CSA":"220","NMCSA":"Detroit-Warren-Ann Arbor, MI","CD":"2606","SLDL":"26028","SLDU":"26004","SCHOOLYEAR":"2024-2025"}},{"type":"Feature","id":46425,"geometry":{"type":"Point","coordinates":[-83.25360000088004,42.17039999909608]},"properties":{"OBJECTID":46425,"NCESSCH":"263648507243","LEAID":"2636485","NAME":"Gudith Elementary School","OPSTFIPS":"26","STREET":"22700 SIBLEY RD","CITY":"BROWNSTOWN","STATE":"MI","ZIP":"48193","STFIP":"26","CNTY":"26163","NMCNTY":"Wayne County","LOCALE":"21","LAT":42.1704,"LON":-83.2536,"CBSA":"19820","NMCBSA":"Detroit-Warren-Dearborn, MI","CBSATYPE":"1","CSA":"220","NMCSA":"Detroit-Warren-Ann Arbor, MI","CD":"2606","SLDL":"26028","SLDU":"26004","SCHOOLYEAR":"2024-2025"}},{"type":"Feature","id":46426,"geometry":{"type":"Point","coordinates":[-83.24509999956072,42.12930000022183]},"properties":{"OBJECTID":46426,"NCESSCH":"263648507244","LEAID":"2636485","NAME":"Erving Elementary School","OPSTFIPS":"26","STREET":"24175 HALL RD","CITY":"WOODHAVEN","STATE":"MI","ZIP":"48183","STFIP":"26","CNTY":"26163","NMCNTY":"Wayne County","LOCALE":"21","LAT":42.1293,"LON":-83.2451,"CBSA":"19820","NMCBSA":"Detroit-Warren-Dearborn, MI","CBSATYPE":"1","CSA":"220","NMCSA":"Detroit-Warren-Ann Arbor, MI","CD":"2606","SLDL":"26028","SLDU":"26004","SCHOOLYEAR":"2024-2025"}},{"type":"Feature","id":46427,"geometry":{"type":"Point","coordinates":[-83.28819999996098,42.13149999945563]},"properties":{"OBJECTID":46427,"NCESSCH":"263648507246","LEAID":"2636485","NAME":"Wegienka Elementary School","OPSTFIPS":"26","STREET":"23925 ARSENAL RD","CITY":"FLAT ROCK","STATE":"MI","ZIP":"48134","STFIP":"26","CNTY":"26163","NMCNTY":"Wayne County","LOCALE":"21","LAT":42.1315,"LON":-83.2882,"CBSA":"19820","NMCBSA":"Detroit-Warren-Dearborn, MI","CBSATYPE":"1","CSA":"220","NMCSA":"Detroit-Warren-Ann Arbor, MI","CD":"2606","SLDL":"26028","SLDU":"26004","SCHOOLYEAR":"2024-2025"}},{"type":"Feature","id":46428,"geometry":{"type":"Point","coordinates":[-83.30130000037981,42.15809999952235]},"properties":{"OBJECTID":46428,"NCESSCH":"263648507715","LEAID":"2636485","NAME":"Brownstown Middle School","OPSTFIPS":"26","STREET":"20135 INKSTER RD","CITY":"ROMULUS","STATE":"MI","ZIP":"48174","STFIP":"26","CNTY":"26163","NMCNTY":"Wayne County","LOCALE":"41","LAT":42.1581,"LON":-83.3013,"CBSA":"19820","NMCBSA":"Detroit-Warren-Dearborn, MI","CBSATYPE":"1","CSA":"220","NMCSA":"Detroit-Warren-Ann Arbor, MI","CD":"2606","SLDL":"26028","SLDU":"26004","SCHOOLYEAR":"2024-2025"}},{"type":"Feature","id":46429,"geometry":{"type":"Point","coordinates":[-83.27227900026158,42.12238500063319]},"properties":{"OBJECTID":46429,"NCESSCH":"263648508308","LEAID":"2636485","NAME":"Maple Grove Alternative High School","OPSTFIPS":"26","STREET":"24787 VAN HORN RD","CITY":"BROWNSTOWN","STATE":"MI","ZIP":"48134","STFIP":"26","CNTY":"26163","NMCNTY":"Wayne County","LOCALE":"21","LAT":42.122385,"LON":-83.272279,"CBSA":"19820","NMCBSA":"Detroit-Warren-Dearborn, MI","CBSATYPE":"1","CSA":"220","NMCSA":"Detroit-Warren-Ann Arbor, MI","CD":"2606","SLDL":"26028","SLDU":"26004","SCHOOLYEAR":"2024-2025"}},{"type":"Feature","id":46430,"geometry":{"type":"Point","coordinates":[-83.16350000002696,42.22309999995854]},"properties":{"OBJECTID":46430,"NCESSCH":"263654001265","LEAID":"2636540","NAME":"The Lincoln Center","OPSTFIPS":"26","STREET":"891 GODDARD ST","CITY":"WYANDOTTE","STATE":"MI","ZIP":"48192","STFIP":"26","CNTY":"26163","NMCNTY":"Wayne County","LOCALE":"21","LAT":42.2231,"LON":-83.1635,"CBSA":"19820","NMCBSA":"Detroit-Warren-Dearborn, MI","CBSATYPE":"1","CSA":"220","NMCSA":"Detroit-Warren-Ann Arbor, MI","CD":"2613","SLDL":"26027","SLDU":"26004","SCHOOLYEAR":"2024-2025"}},{"type":"Feature","id":46431,"geometry":{"type":"Point","coordinates":[-83.17413400009353,42.18779500016116]},"properties":{"OBJECTID":46431,"NCESSCH":"263654007247","LEAID":"2636540","NAME":"Jo Brighton Skills Center","OPSTFIPS":"26","STREET":"4460 18TH ST","CITY":"WYANDOTTE","STATE":"MI","ZIP":"48192","STFIP":"26","CNTY":"26163","NMCNTY":"Wayne County","LOCALE":"21","LAT":42.187795,"LON":-83.174134,"CBSA":"19820","NMCBSA":"Detroit-Warren-Dearborn, MI","CBSATYPE":"1","CSA":"220","NMCSA":"Detroit-Warren-Ann Arbor, MI","CD":"2613","SLDL":"26027","SLDU":"26004","SCHOOLYEAR":"2024-2025"}},{"type":"Feature","id":46432,"geometry":{"type":"Point","coordinates":[-83.15410000066771,42.20679999953655]},"properties":{"OBJECTID":46432,"NCESSCH":"263654007248","LEAID":"2636540","NAME":"Garfield Elementary School","OPSTFIPS":"26","STREET":"340 SUPERIOR BLVD","CITY":"WYANDOTTE","STATE":"MI","ZIP":"48192","STFIP":"26","CNTY":"26163","NMCNTY":"Wayne County","LOCALE":"21","LAT":42.2068,"LON":-83.1541,"CBSA":"19820","NMCBSA":"Detroit-Warren-Dearborn, MI","CBSATYPE":"1","CSA":"220","NMCSA":"Detroit-Warren-Ann Arbor, MI","CD":"2613","SLDL":"26027","SLDU":"26004","SCHOOLYEAR":"2024-2025"}},{"type":"Feature","id":46433,"geometry":{"type":"Point","coordinates":[-83.17009999954432,42.21749999963479]},"properties":{"OBJECTID":46433,"NCESSCH":"263654007249","LEAID":"2636540","NAME":"Jefferson Elementary School","OPSTFIPS":"26","STREET":"1515 15TH ST","CITY":"WYANDOTTE","STATE":"MI","ZIP":"48192","STFIP":"26","CNTY":"26163","NMCNTY":"Wayne County","LOCALE":"21","LAT":42.2175,"LON":-83.1701,"CBSA":"19820","NMCBSA":"Detroit-Warren-Dearborn, MI","CBSATYPE":"1","CSA":"220","NMCSA":"Detroit-Warren-Ann Arbor, MI","CD":"2613","SLDL":"26027","SLDU":"26004","SCHOOLYEAR":"2024-2025"}},{"type":"Feature","id":46434,"geometry":{"type":"Point","coordinates":[-83.17079999942419,42.19170000002113]},"properties":{"OBJECTID":46434,"NCESSCH":"263654007251","LEAID":"2636540","NAME":"Monroe Elementary School","OPSTFIPS":"26","STREET":"1501 GROVE ST","CITY":"WYANDOTTE","STATE":"MI","ZIP":"48192","STFIP":"26","CNTY":"26163","NMCNTY":"Wayne County","LOCALE":"21","LAT":42.1917,"LON":-83.1708,"CBSA":"19820","NMCBSA":"Detroit-Warren-Dearborn, MI","CBSATYPE":"1","CSA":"220","NMCSA":"Detroit-Warren-Ann Arbor, MI","CD":"2613","SLDL":"26027","SLDU":"26004","SCHOOLYEAR":"2024-2025"}},{"type":"Feature","id":46435,"geometry":{"type":"Point","coordinates":[-83.15829999942233,42.20090000027937]},"properties":{"OBJECTID":46435,"NCESSCH":"263654007252","LEAID":"2636540","NAME":"Roosevelt High School","OPSTFIPS":"26","STREET":"540 EUREKA RD","CITY":"WYANDOTTE","STATE":"MI","ZIP":"48192","STFIP":"26","CNTY":"26163","NMCNTY":"Wayne County","LOCALE":"21","LAT":42.2009,"LON":-83.1583,"CBSA":"19820","NMCBSA":"Detroit-Warren-Dearborn, MI","CBSATYPE":"1","CSA":"220","NMCSA":"Detroit-Warren-Ann Arbor, MI","CD":"2613","SLDL":"26027","SLDU":"26004","SCHOOLYEAR":"2024-2025"}},{"type":"Feature","id":46436,"geometry":{"type":"Point","coordinates":[-83.16989999948709,42.20649999969305]},"properties":{"OBJECTID":46436,"NCESSCH":"263654007254","LEAID":"2636540","NAME":"Washington Elementary School","OPSTFIPS":"26","STREET":"1440 SUPERIOR BLVD","CITY":"WYANDOTTE","STATE":"MI","ZIP":"48192","STFIP":"26","CNTY":"26163","NMCNTY":"Wayne County","LOCALE":"21","LAT":42.2065,"LON":-83.1699,"CBSA":"19820","NMCBSA":"Detroit-Warren-Dearborn, MI","CBSATYPE":"1","CSA":"220","NMCSA":"Detroit-Warren-Ann Arbor, MI","CD":"2613","SLDL":"26027","SLDU":"26004","SCHOOLYEAR":"2024-2025"}},{"type":"Feature","id":46437,"geometry":{"type":"Point","coordinates":[-83.17009999977982,42.22010000009605]},"properties":{"OBJECTID":46437,"NCESSCH":"263654007255","LEAID":"2636540","NAME":"Woodrow Wilson School","OPSTFIPS":"26","STREET":"1275 15TH ST","CITY":"WYANDOTTE","STATE":"MI","ZIP":"48192","STFIP":"26","CNTY":"26163","NMCNTY":"Wayne County","LOCALE":"21","LAT":42.2201,"LON":-83.1701,"CBSA":"19820","NMCBSA":"Detroit-Warren-Dearborn, MI","CBSATYPE":"1","CSA":"220","NMCSA":"Detroit-Warren-Ann Arbor, MI","CD":"2613","SLDL":"26027","SLDU":"26004","SCHOOLYEAR":"2024-2025"}},{"type":"Feature","id":46438,"geometry":{"type":"Point","coordinates":[-83.17469000025675,42.18771400011894]},"properties":{"OBJECTID":46438,"NCESSCH":"263654007256","LEAID":"2636540","NAME":"Madison School","OPSTFIPS":"26","STREET":"4460 18TH ST","CITY":"WYANDOTTE","STATE":"MI","ZIP":"48192","STFIP":"26","CNTY":"26163","NMCNTY":"Wayne County","LOCALE":"21","LAT":42.187714,"LON":-83.17469,"CBSA":"19820","NMCBSA":"Detroit-Warren-Dearborn, MI","CBSATYPE":"1","CSA":"220","NMCSA":"Detroit-Warren-Ann Arbor, MI","CD":"2613","SLDL":"26027","SLDU":"26004","SCHOOLYEAR":"2024-2025"}},{"type":"Feature","id":46448,"geometry":{"type":"Point","coordinates":[-82.76413900011896,42.99472299973551]},"properties":{"OBJECTID":46448,"NCESSCH":"263660007273","LEAID":"2636600","NAME":"John F FarrellEmmett Elementary School","OPSTFIPS":"26","STREET":"3300 KINNEY RD","CITY":"EMMETT","STATE":"MI","ZIP":"48022","STFIP":"26","CNTY":"26147","NMCNTY":"St. Clair County","LOCALE":"42","LAT":42.994723,"LON":-82.764139,"CBSA":"19820","NMCBSA":"Detroit-Warren-Dearborn, MI","CBSATYPE":"1","CSA":"220","NMCSA":"Detroit-Warren-Ann Arbor, MI","CD":"2609","SLDL":"26065","SLDU":"26025","SCHOOLYEAR":"2024-2025"}},{"type":"Feature","id":46452,"geometry":{"type":"Point","coordinates":[-83.57061100039554,42.2522099996105]},"properties":{"OBJECTID":46452,"NCESSCH":"263663001709","LEAID":"2636630","NAME":"Ypsilanti Community Middle School","OPSTFIPS":"26","STREET":"235 SPENCER LN","CITY":"YPSILANTI","STATE":"MI","ZIP":"48198","STFIP":"26","CNTY":"26161","NMCNTY":"Washtenaw County","LOCALE":"21","LAT":42.25221,"LON":-83.570611,"CBSA":"11460","NMCBSA":"Ann Arbor, MI","CBSATYPE":"1","CSA":"220","NMCSA":"Detroit-Warren-Ann Arbor, MI","CD":"2606","SLDL":"26032","SLDU":"26015","SCHOOLYEAR":"2024-2025"}},{"type":"Feature","id":46453,"geometry":{"type":"Point","coordinates":[-83.58755399979894,42.25461500017651]},"properties":{"OBJECTID":46453,"NCESSCH":"263663007233","LEAID":"2636630","NAME":"Holmes Elementary","OPSTFIPS":"26","STREET":"1255 HOLMES RD","CITY":"YPSILANTI","STATE":"MI","ZIP":"48198","STFIP":"26","CNTY":"26161","NMCNTY":"Washtenaw County","LOCALE":"21","LAT":42.254615,"LON":-83.587554,"CBSA":"11460","NMCBSA":"Ann Arbor, MI","CBSATYPE":"1","CSA":"220","NMCSA":"Detroit-Warren-Ann Arbor, MI","CD":"2606","SLDL":"26032","SLDU":"26015","SCHOOLYEAR":"2024-2025"}},{"type":"Feature","id":46454,"geometry":{"type":"Point","coordinates":[-83.58840000035813,42.225199999937544]},"properties":{"OBJECTID":46454,"NCESSCH":"263663007281","LEAID":"2636630","NAME":"Erickson Elementary","OPSTFIPS":"26","STREET":"1427 LEVONA ST","CITY":"YPSILANTI","STATE":"MI","ZIP":"48198","STFIP":"26","CNTY":"26161","NMCNTY":"Washtenaw County","LOCALE":"21","LAT":42.2252,"LON":-83.5884,"CBSA":"11460","NMCBSA":"Ann Arbor, MI","CBSATYPE":"1","CSA":"220","NMCSA":"Detroit-Warren-Ann Arbor, MI","CD":"2606","SLDL":"26032","SLDU":"26015","SCHOOLYEAR":"2024-2025"}},{"type":"Feature","id":46455,"geometry":{"type":"Point","coordinates":[-83.63930000071106,42.24470000080107]},"properties":{"OBJECTID":46455,"NCESSCH":"263663007282","LEAID":"2636630","NAME":"Estabrook Elementary","OPSTFIPS":"26","STREET":"1555 W CROSS ST","CITY":"YPSILANTI","STATE":"MI","ZIP":"48197","STFIP":"26","CNTY":"26161","NMCNTY":"Washtenaw County","LOCALE":"21","LAT":42.2447,"LON":-83.6393,"CBSA":"11460","NMCBSA":"Ann Arbor, MI","CBSATYPE":"1","CSA":"220","NMCSA":"Detroit-Warren-Ann Arbor, MI","CD":"2606","SLDL":"26032","SLDU":"26015","SCHOOLYEAR":"2024-2025"}},{"type":"Feature","id":46456,"geometry":{"type":"Point","coordinates":[-83.62009999974795,42.23280000067375]},"properties":{"OBJECTID":46456,"NCESSCH":"263663007283","LEAID":"2636630","NAME":"Perry Early Learning Center","OPSTFIPS":"26","STREET":"550 PERRY ST","CITY":"YPSILANTI","STATE":"MI","ZIP":"48197","STFIP":"26","CNTY":"26161","NMCNTY":"Washtenaw County","LOCALE":"21","LAT":42.2328,"LON":-83.6201,"CBSA":"11460","NMCBSA":"Ann Arbor, MI","CBSATYPE":"1","CSA":"220","NMCSA":"Detroit-Warren-Ann Arbor, MI","CD":"2606","SLDL":"26032","SLDU":"26015","SCHOOLYEAR":"2024-2025"}},{"type":"Feature","id":46457,"geometry":{"type":"Point","coordinates":[-83.56260000042138,42.257399999932986]},"properties":{"OBJECTID":46457,"NCESSCH":"263663008220","LEAID":"2636630","NAME":"Ford Early Learning Center","OPSTFIPS":"26","STREET":"2440 E CLARK RD","CITY":"YPSILANTI","STATE":"MI","ZIP":"48198","STFIP":"26","CNTY":"26161","NMCNTY":"Washtenaw County","LOCALE":"21","LAT":42.2574,"LON":-83.5626,"CBSA":"11460","NMCBSA":"Ann Arbor, MI","CBSATYPE":"1","CSA":"220","NMCSA":"Detroit-Warren-Ann Arbor, MI","CD":"2606","SLDL":"26032","SLDU":"26015","SCHOOLYEAR":"2024-2025"}},{"type":"Feature","id":46458,"geometry":{"type":"Point","coordinates":[-83.64586099963516,42.24381200031131]},"properties":{"OBJECTID":46458,"NCESSCH":"263663008476","LEAID":"2636630","NAME":"ACTech High School","OPSTFIPS":"26","STREET":"2095 PACKARD RD","CITY":"YPSILANTI","STATE":"MI","ZIP":"48197","STFIP":"26","CNTY":"26161","NMCNTY":"Washtenaw County","LOCALE":"21","LAT":42.243812,"LON":-83.645861,"CBSA":"11460","NMCBSA":"Ann Arbor, MI","CBSATYPE":"1","CSA":"220","NMCSA":"Detroit-Warren-Ann Arbor, MI","CD":"2606","SLDL":"26032","SLDU":"26015","SCHOOLYEAR":"2024-2025"}},{"type":"Feature","id":46459,"geometry":{"type":"Point","coordinates":[-83.6376019998754,42.24125600027919]},"properties":{"OBJECTID":46459,"NCESSCH":"263663008534","LEAID":"2636630","NAME":"Washtenaw International Middle Academy","OPSTFIPS":"26","STREET":"105 N MANSFIELD ST","CITY":"YPSILANTI","STATE":"MI","ZIP":"48197","STFIP":"26","CNTY":"26161","NMCNTY":"Washtenaw County","LOCALE":"21","LAT":42.241256,"LON":-83.637602,"CBSA":"11460","NMCBSA":"Ann Arbor, MI","CBSATYPE":"1","CSA":"220","NMCSA":"Detroit-Warren-Ann Arbor, MI","CD":"2606","SLDL":"26032","SLDU":"26015","SCHOOLYEAR":"2024-2025"}},{"type":"Feature","id":46460,"geometry":{"type":"Point","coordinates":[-83.64586099963516,42.24381200031131]},"properties":{"OBJECTID":46460,"NCESSCH":"263663008572","LEAID":"2636630","NAME":"Ypsilanti STEMM Middle College","OPSTFIPS":"26","STREET":"2095 PACKARD RD","CITY":"YPSILANTI","STATE":"MI","ZIP":"48197","STFIP":"26","CNTY":"26161","NMCNTY":"Washtenaw County","LOCALE":"21","LAT":42.243812,"LON":-83.645861,"CBSA":"11460","NMCBSA":"Ann Arbor, MI","CBSATYPE":"1","CSA":"220","NMCSA":"Detroit-Warren-Ann Arbor, MI","CD":"2606","SLDL":"26032","SLDU":"26015","SCHOOLYEAR":"2024-2025"}},{"type":"Feature","id":46461,"geometry":{"type":"Point","coordinates":[-83.6019389996422,42.24856000037796]},"properties":{"OBJECTID":46461,"NCESSCH":"263663008788","LEAID":"2636630","NAME":"Ypsilanti International Elementary School","OPSTFIPS":"26","STREET":"503 OAK ST","CITY":"YPSILANTI","STATE":"MI","ZIP":"48198","STFIP":"26","CNTY":"26161","NMCNTY":"Washtenaw County","LOCALE":"21","LAT":42.24856,"LON":-83.601939,"CBSA":"11460","NMCBSA":"Ann Arbor, MI","CBSATYPE":"1","CSA":"220","NMCSA":"Detroit-Warren-Ann Arbor, MI","CD":"2606","SLDL":"26032","SLDU":"26015","SCHOOLYEAR":"2024-2025"}},{"type":"Feature","id":46462,"geometry":{"type":"Point","coordinates":[-83.59047499982744,42.2343020004407]},"properties":{"OBJECTID":46462,"NCESSCH":"263663008789","LEAID":"2636630","NAME":"ACCE","OPSTFIPS":"26","STREET":"1076 ECORSE RD","CITY":"YPSILANTI","STATE":"MI","ZIP":"48198","STFIP":"26","CNTY":"26161","NMCNTY":"Washtenaw County","LOCALE":"21","LAT":42.234302,"LON":-83.590475,"CBSA":"11460","NMCBSA":"Ann Arbor, MI","CBSATYPE":"1","CSA":"220","NMCSA":"Detroit-Warren-Ann Arbor, MI","CD":"2606","SLDL":"26032","SLDU":"26015","SCHOOLYEAR":"2024-2025"}},{"type":"Feature","id":46463,"geometry":{"type":"Point","coordinates":[-83.59047499982744,42.2343020004407]},"properties":{"OBJECTID":46463,"NCESSCH":"263663008979","LEAID":"2636630","NAME":"YPSI Connected Community School","OPSTFIPS":"26","STREET":"1076 ECORSE RD","CITY":"YPSILANTI","STATE":"MI","ZIP":"48198","STFIP":"26","CNTY":"26161","NMCNTY":"Washtenaw County","LOCALE":"21","LAT":42.234302,"LON":-83.590475,"CBSA":"11460","NMCBSA":"Ann Arbor, MI","CBSATYPE":"1","CSA":"220","NMCSA":"Detroit-Warren-Ann Arbor, MI","CD":"2606","SLDL":"26032","SLDU":"26015","SCHOOLYEAR":"2024-2025"}},{"type":"Feature","id":46507,"geometry":{"type":"Point","coordinates":[-83.71126899997515,42.95866199988008]},"properties":{"OBJECTID":46507,"NCESSCH":"268040000131","LEAID":"2680400","NAME":"Elmer A Knopf Learning Center","OPSTFIPS":"26","STREET":"1493 W MAPLE AVE","CITY":"FLINT","STATE":"MI","ZIP":"48507","STFIP":"26","CNTY":"26049","NMCNTY":"Genesee County","LOCALE":"21","LAT":42.958662,"LON":-83.711269,"CBSA":"22420","NMCBSA":"Flint, MI","CBSATYPE":"1","CSA":"220","NMCSA":"Detroit-Warren-Ann Arbor, MI","CD":"2608","SLDL":"26072","SLDU":"26027","SCHOOLYEAR":"2024-2025"}},{"type":"Feature","id":46508,"geometry":{"type":"Point","coordinates":[-83.72158199988256,42.95593299987192]},"properties":{"OBJECTID":46508,"NCESSCH":"268040001228","LEAID":"2680400","NAME":"Early Childhood Programs and Services","OPSTFIPS":"26","STREET":"5089 PILGRIM RD","CITY":"FLINT","STATE":"MI","ZIP":"48507","STFIP":"26","CNTY":"26049","NMCNTY":"Genesee County","LOCALE":"21","LAT":42.955933,"LON":-83.721582,"CBSA":"22420","NMCBSA":"Flint, MI","CBSATYPE":"1","CSA":"220","NMCSA":"Detroit-Warren-Ann Arbor, MI","CD":"2608","SLDL":"26072","SLDU":"26027","SCHOOLYEAR":"2024-2025"}},{"type":"Feature","id":46509,"geometry":{"type":"Point","coordinates":[-83.72115499983379,42.956789000042185]},"properties":{"OBJECTID":46509,"NCESSCH":"268040002023","LEAID":"2680400","NAME":"Special Education Services","OPSTFIPS":"26","STREET":"5075 PILGRIM RD","CITY":"FLINT","STATE":"MI","ZIP":"48507","STFIP":"26","CNTY":"26049","NMCNTY":"Genesee County","LOCALE":"21","LAT":42.956789,"LON":-83.721155,"CBSA":"22420","NMCBSA":"Flint, MI","CBSATYPE":"1","CSA":"220","NMCSA":"Detroit-Warren-Ann Arbor, MI","CD":"2608","SLDL":"26072","SLDU":"26027","SCHOOLYEAR":"2024-2025"}},{"type":"Feature","id":46510,"geometry":{"type":"Point","coordinates":[-83.77589900025966,42.98371799984801]},"properties":{"OBJECTID":46510,"NCESSCH":"268040007774","LEAID":"2680400","NAME":"Transition Center","OPSTFIPS":"26","STREET":"3136 S LINDEN RD","CITY":"FLINT","STATE":"MI","ZIP":"48507","STFIP":"26","CNTY":"26049","NMCNTY":"Genesee County","LOCALE":"21","LAT":42.983718,"LON":-83.775899,"CBSA":"22420","NMCBSA":"Flint, MI","CBSATYPE":"1","CSA":"220","NMCSA":"Detroit-Warren-Ann Arbor, MI","CD":"2608","SLDL":"26069","SLDU":"26027","SCHOOLYEAR":"2024-2025"}},{"type":"Feature","id":46511,"geometry":{"type":"Point","coordinates":[-83.72808299989795,42.956109999564546]},"properties":{"OBJECTID":46511,"NCESSCH":"268040008535","LEAID":"2680400","NAME":"Genesee Career Institute","OPSTFIPS":"26","STREET":"5081 TORREY RD","CITY":"FLINT","STATE":"MI","ZIP":"48507","STFIP":"26","CNTY":"26049","NMCNTY":"Genesee County","LOCALE":"21","LAT":42.95611,"LON":-83.728083,"CBSA":"22420","NMCBSA":"Flint, MI","CBSATYPE":"1","CSA":"220","NMCSA":"Detroit-Warren-Ann Arbor, MI","CD":"2608","SLDL":"26072","SLDU":"26027","SCHOOLYEAR":"2024-2025"}},{"type":"Feature","id":46565,"geometry":{"type":"Point","coordinates":[-83.32236600007802,43.03032499941009]},"properties":{"OBJECTID":46565,"NCESSCH":"268066008636","LEAID":"2680660","NAME":"STRIVE Transition Program","OPSTFIPS":"26","STREET":"1175 S LAPEER RD","CITY":"LAPEER","STATE":"MI","ZIP":"48446","STFIP":"26","CNTY":"26087","NMCNTY":"Lapeer County","LOCALE":"31","LAT":43.030325,"LON":-83.322366,"CBSA":"19820","NMCBSA":"Detroit-Warren-Dearborn, MI","CBSATYPE":"1","CSA":"220","NMCSA":"Detroit-Warren-Ann Arbor, MI","CD":"2609","SLDL":"26067","SLDU":"26026","SCHOOLYEAR":"2024-2025"}},{"type":"Feature","id":46566,"geometry":{"type":"Point","coordinates":[-83.96650000049826,41.949699999982734]},"properties":{"OBJECTID":46566,"NCESSCH":"268068000606","LEAID":"2680680","NAME":"Milton C Porter Ed Center","OPSTFIPS":"26","STREET":"2946 SUTTON RD","CITY":"ADRIAN","STATE":"MI","ZIP":"49221","STFIP":"26","CNTY":"26091","NMCNTY":"Lenawee County","LOCALE":"32","LAT":41.9497,"LON":-83.9665,"CBSA":"10300","NMCBSA":"Adrian, MI","CBSATYPE":"2","CSA":"220","NMCSA":"Detroit-Warren-Ann Arbor, MI","CD":"2605","SLDL":"26034","SLDU":"26016","SCHOOLYEAR":"2024-2025"}},{"type":"Feature","id":46567,"geometry":{"type":"Point","coordinates":[-84.02340700083366,41.91709100030707]},"properties":{"OBJECTID":46567,"NCESSCH":"268068000607","LEAID":"2680680","NAME":"LISD TECH Center","OPSTFIPS":"26","STREET":"1372 N MAIN ST","CITY":"ADRIAN","STATE":"MI","ZIP":"49221","STFIP":"26","CNTY":"26091","NMCNTY":"Lenawee County","LOCALE":"41","LAT":41.917091,"LON":-84.023407,"CBSA":"10300","NMCBSA":"Adrian, MI","CBSATYPE":"2","CSA":"220","NMCSA":"Detroit-Warren-Ann Arbor, MI","CD":"2605","SLDL":"26034","SLDU":"26016","SCHOOLYEAR":"2024-2025"}},{"type":"Feature","id":46568,"geometry":{"type":"Point","coordinates":[-84.06826899981272,41.876929999898316]},"properties":{"OBJECTID":46568,"NCESSCH":"268068007910","LEAID":"2680680","NAME":"Maurice Spear Campus","OPSTFIPS":"26","STREET":"2910 AIRPORT RD","CITY":"ADRIAN","STATE":"MI","ZIP":"49221","STFIP":"26","CNTY":"26091","NMCNTY":"Lenawee County","LOCALE":"41","LAT":41.87693,"LON":-84.068269,"CBSA":"10300","NMCBSA":"Adrian, MI","CBSATYPE":"2","CSA":"220","NMCSA":"Detroit-Warren-Ann Arbor, MI","CD":"2605","SLDL":"26034","SLDU":"26016","SCHOOLYEAR":"2024-2025"}},{"type":"Feature","id":46569,"geometry":{"type":"Point","coordinates":[-84.02344999984005,41.91701799929196]},"properties":{"OBJECTID":46569,"NCESSCH":"268068008144","LEAID":"2680680","NAME":"JCLISD Academy A Regional Middle College","OPSTFIPS":"26","STREET":"1372 N MAIN ST","CITY":"ADRIAN","STATE":"MI","ZIP":"49221","STFIP":"26","CNTY":"26091","NMCNTY":"Lenawee County","LOCALE":"41","LAT":41.917018,"LON":-84.02345,"CBSA":"10300","NMCBSA":"Adrian, MI","CBSATYPE":"2","CSA":"220","NMCSA":"Detroit-Warren-Ann Arbor, MI","CD":"2605","SLDL":"26034","SLDU":"26016","SCHOOLYEAR":"2024-2025"}},{"type":"Feature","id":46570,"geometry":{"type":"Point","coordinates":[-83.9527379997754,42.61093899997581]},"properties":{"OBJECTID":46570,"NCESSCH":"268070000188","LEAID":"2680700","NAME":"Pathway School","OPSTFIPS":"26","STREET":"1429 W GRAND RIVER AVE","CITY":"HOWELL","STATE":"MI","ZIP":"48843","STFIP":"26","CNTY":"26093","NMCNTY":"Livingston County","LOCALE":"22","LAT":42.610939,"LON":-83.952738,"CBSA":"19820","NMCBSA":"Detroit-Warren-Dearborn, MI","CBSATYPE":"1","CSA":"220","NMCSA":"Detroit-Warren-Ann Arbor, MI","CD":"2607","SLDL":"26050","SLDU":"26022","SCHOOLYEAR":"2024-2025"}},{"type":"Feature","id":46571,"geometry":{"type":"Point","coordinates":[-83.9523759998025,42.612392000247745]},"properties":{"OBJECTID":46571,"NCESSCH":"268070008765","LEAID":"2680700","NAME":"Adult Transition Services","OPSTFIPS":"26","STREET":"1429 W GRAND RIVER AVE","CITY":"HOWELL","STATE":"MI","ZIP":"48843","STFIP":"26","CNTY":"26093","NMCNTY":"Livingston County","LOCALE":"22","LAT":42.612392,"LON":-83.952376,"CBSA":"19820","NMCBSA":"Detroit-Warren-Dearborn, MI","CBSATYPE":"1","CSA":"220","NMCSA":"Detroit-Warren-Ann Arbor, MI","CD":"2607","SLDL":"26050","SLDU":"26022","SCHOOLYEAR":"2024-2025"}},{"type":"Feature","id":46572,"geometry":{"type":"Point","coordinates":[-83.00210000037687,42.52950000021793]},"properties":{"OBJECTID":46572,"NCESSCH":"268072000615","LEAID":"2680720","NAME":"Rockwell Middle School","OPSTFIPS":"26","STREET":"12225 MASONIC BLVD","CITY":"WARREN","STATE":"MI","ZIP":"48093","STFIP":"26","CNTY":"26099","NMCNTY":"Macomb County","LOCALE":"12","LAT":42.5295,"LON":-83.0021,"CBSA":"19820","NMCBSA":"Detroit-Warren-Dearborn, MI","CBSATYPE":"1","CSA":"220","NMCSA":"Detroit-Warren-Ann Arbor, MI","CD":"2610","SLDL":"26013","SLDU":"26010","SCHOOLYEAR":"2024-2025"}},{"type":"Feature","id":46573,"geometry":{"type":"Point","coordinates":[-83.01160000004101,42.54839999906842]},"properties":{"OBJECTID":46573,"NCESSCH":"268072000616","LEAID":"2680720","NAME":"Maple Lane School","OPSTFIPS":"26","STREET":"34600 DRYDEN DR","CITY":"STERLING HEIGHTS","STATE":"MI","ZIP":"48312","STFIP":"26","CNTY":"26099","NMCNTY":"Macomb County","LOCALE":"21","LAT":42.5484,"LON":-83.0116,"CBSA":"19820","NMCBSA":"Detroit-Warren-Dearborn, MI","CBSATYPE":"1","CSA":"220","NMCSA":"Detroit-Warren-Ann Arbor, MI","CD":"2610","SLDL":"26058","SLDU":"26010","SCHOOLYEAR":"2024-2025"}},{"type":"Feature","id":46574,"geometry":{"type":"Point","coordinates":[-82.91470000071098,42.641000000232985]},"properties":{"OBJECTID":46574,"NCESSCH":"268072000617","LEAID":"2680720","NAME":"Glen H Peters School","OPSTFIPS":"26","STREET":"46650 HEYDENREICH RD","CITY":"MACOMB","STATE":"MI","ZIP":"48044","STFIP":"26","CNTY":"26099","NMCNTY":"Macomb County","LOCALE":"21","LAT":42.641,"LON":-82.9147,"CBSA":"19820","NMCBSA":"Detroit-Warren-Dearborn, MI","CBSATYPE":"1","CSA":"220","NMCSA":"Detroit-Warren-Ann Arbor, MI","CD":"2609","SLDL":"26060","SLDU":"26011","SCHOOLYEAR":"2024-2025"}},{"type":"Feature","id":46575,"geometry":{"type":"Point","coordinates":[-82.92219999984191,42.606499999789754]},"properties":{"OBJECTID":46575,"NCESSCH":"268072000618","LEAID":"2680720","NAME":"Lutz School for Work Experience","OPSTFIPS":"26","STREET":"19600 CASS AVE","CITY":"CLINTON TOWNSHIP","STATE":"MI","ZIP":"48038","STFIP":"26","CNTY":"26099","NMCNTY":"Macomb County","LOCALE":"21","LAT":42.6065,"LON":-82.9222,"CBSA":"19820","NMCBSA":"Detroit-Warren-Dearborn, MI","CBSATYPE":"1","CSA":"220","NMCSA":"Detroit-Warren-Ann Arbor, MI","CD":"2610","SLDL":"26060","SLDU":"26011","SCHOOLYEAR":"2024-2025"}},{"type":"Feature","id":46576,"geometry":{"type":"Point","coordinates":[-82.99749999997707,42.48609999979926]},"properties":{"OBJECTID":46576,"NCESSCH":"268072000619","LEAID":"2680720","NAME":"Keith Bovenschen School","OPSTFIPS":"26","STREET":"12345 FRAZHO RD","CITY":"WARREN","STATE":"MI","ZIP":"48089","STFIP":"26","CNTY":"26099","NMCNTY":"Macomb County","LOCALE":"12","LAT":42.4861,"LON":-82.9975,"CBSA":"19820","NMCBSA":"Detroit-Warren-Dearborn, MI","CBSATYPE":"1","CSA":"220","NMCSA":"Detroit-Warren-Ann Arbor, MI","CD":"2610","SLDL":"26013","SLDU":"26010","SCHOOLYEAR":"2024-2025"}},{"type":"Feature","id":46577,"geometry":{"type":"Point","coordinates":[-82.87259999959441,42.57439999963057]},"properties":{"OBJECTID":46577,"NCESSCH":"268072000620","LEAID":"2680720","NAME":"Neil E Reid High School","OPSTFIPS":"26","STREET":"37701 HARPER AVE","CITY":"CLINTON TOWNSHIP","STATE":"MI","ZIP":"48036","STFIP":"26","CNTY":"26099","NMCNTY":"Macomb County","LOCALE":"21","LAT":42.5744,"LON":-82.8726,"CBSA":"19820","NMCBSA":"Detroit-Warren-Dearborn, MI","CBSATYPE":"1","CSA":"220","NMCSA":"Detroit-Warren-Ann Arbor, MI","CD":"2610","SLDL":"26062","SLDU":"26012","SCHOOLYEAR":"2024-2025"}},{"type":"Feature","id":46578,"geometry":{"type":"Point","coordinates":[-83.00550000080662,42.55540000060765]},"properties":{"OBJECTID":46578,"NCESSCH":"268072000621","LEAID":"2680720","NAME":"Bozymowski Center","OPSTFIPS":"26","STREET":"11870 ELDORADO DR","CITY":"STERLING HEIGHTS","STATE":"MI","ZIP":"48312","STFIP":"26","CNTY":"26099","NMCNTY":"Macomb County","LOCALE":"21","LAT":42.5554,"LON":-83.0055,"CBSA":"19820","NMCBSA":"Detroit-Warren-Dearborn, MI","CBSATYPE":"1","CSA":"220","NMCSA":"Detroit-Warren-Ann Arbor, MI","CD":"2610","SLDL":"26058","SLDU":"26010","SCHOOLYEAR":"2024-2025"}},{"type":"Feature","id":46579,"geometry":{"type":"Point","coordinates":[-82.95418699988481,42.6193000004312]},"properties":{"OBJECTID":46579,"NCESSCH":"268072001370","LEAID":"2680720","NAME":"Macomb MIPP Center","OPSTFIPS":"26","STREET":"44001 GARFIELD RD","CITY":"CLINTON TOWNSHIP","STATE":"MI","ZIP":"48038","STFIP":"26","CNTY":"26099","NMCNTY":"Macomb County","LOCALE":"21","LAT":42.6193,"LON":-82.954187,"CBSA":"19820","NMCBSA":"Detroit-Warren-Dearborn, MI","CBSATYPE":"1","CSA":"220","NMCSA":"Detroit-Warren-Ann Arbor, MI","CD":"2610","SLDL":"26060","SLDU":"26011","SCHOOLYEAR":"2024-2025"}},{"type":"Feature","id":46590,"geometry":{"type":"Point","coordinates":[-83.46699999994527,41.92389999955575]},"properties":{"OBJECTID":46590,"NCESSCH":"268082000651","LEAID":"2680820","NAME":"Monroe County Education Center","OPSTFIPS":"26","STREET":"1091 S RAISINVILLE RD","CITY":"MONROE","STATE":"MI","ZIP":"48161","STFIP":"26","CNTY":"26115","NMCNTY":"Monroe County","LOCALE":"41","LAT":41.9239,"LON":-83.467,"CBSA":"33780","NMCBSA":"Monroe, MI","CBSATYPE":"1","CSA":"220","NMCSA":"Detroit-Warren-Ann Arbor, MI","CD":"2605","SLDL":"26030","SLDU":"26016","SCHOOLYEAR":"2024-2025"}},{"type":"Feature","id":46591,"geometry":{"type":"Point","coordinates":[-83.45969999949658,41.93259999947238]},"properties":{"OBJECTID":46591,"NCESSCH":"268082000941","LEAID":"2680820","NAME":"Monroe County Youth Center","OPSTFIPS":"26","STREET":"3600 S CUSTER RD","CITY":"MONROE","STATE":"MI","ZIP":"48161","STFIP":"26","CNTY":"26115","NMCNTY":"Monroe County","LOCALE":"23","LAT":41.9326,"LON":-83.4597,"CBSA":"33780","NMCBSA":"Monroe, MI","CBSATYPE":"1","CSA":"220","NMCSA":"Detroit-Warren-Ann Arbor, MI","CD":"2605","SLDL":"26030","SLDU":"26016","SCHOOLYEAR":"2024-2025"}},{"type":"Feature","id":46592,"geometry":{"type":"Point","coordinates":[-83.46631499964765,41.922913000414]},"properties":{"OBJECTID":46592,"NCESSCH":"268082001621","LEAID":"2680820","NAME":"Monroe County Transition Center","OPSTFIPS":"26","STREET":"1103 S RAISINVILLE RD","CITY":"MONROE","STATE":"MI","ZIP":"48161","STFIP":"26","CNTY":"26115","NMCNTY":"Monroe County","LOCALE":"41","LAT":41.922913,"LON":-83.466315,"CBSA":"33780","NMCBSA":"Monroe, MI","CBSATYPE":"1","CSA":"220","NMCSA":"Detroit-Warren-Ann Arbor, MI","CD":"2605","SLDL":"26030","SLDU":"26016","SCHOOLYEAR":"2024-2025"}},{"type":"Feature","id":46593,"geometry":{"type":"Point","coordinates":[-83.46699999994527,41.92389999955575]},"properties":{"OBJECTID":46593,"NCESSCH":"268082008011","LEAID":"2680820","NAME":"Monroe County Middle College","OPSTFIPS":"26","STREET":"1101 S RAISINVILLE RD","CITY":"MONROE","STATE":"MI","ZIP":"48161","STFIP":"26","CNTY":"26115","NMCNTY":"Monroe County","LOCALE":"41","LAT":41.9239,"LON":-83.467,"CBSA":"33780","NMCBSA":"Monroe, MI","CBSATYPE":"1","CSA":"220","NMCSA":"Detroit-Warren-Ann Arbor, MI","CD":"2605","SLDL":"26030","SLDU":"26016","SCHOOLYEAR":"2024-2025"}},{"type":"Feature","id":46604,"geometry":{"type":"Point","coordinates":[-83.17957100065772,42.536690000536126]},"properties":{"OBJECTID":46604,"NCESSCH":"268088001154","LEAID":"2680880","NAME":"Oakland Schools Technical CampusSE","OPSTFIPS":"26","STREET":"5055 DELEMERE AVE","CITY":"ROYAL OAK","STATE":"MI","ZIP":"48073","STFIP":"26","CNTY":"26125","NMCNTY":"Oakland County","LOCALE":"21","LAT":42.53669,"LON":-83.179571,"CBSA":"19820","NMCBSA":"Detroit-Warren-Dearborn, MI","CBSATYPE":"1","CSA":"220","NMCSA":"Detroit-Warren-Ann Arbor, MI","CD":"2611","SLDL":"26056","SLDU":"26008","SCHOOLYEAR":"2024-2025"}},{"type":"Feature","id":46605,"geometry":{"type":"Point","coordinates":[-83.26450899990205,42.6670710001066]},"properties":{"OBJECTID":46605,"NCESSCH":"268088001240","LEAID":"2680880","NAME":"Oakland Schools Technical CampusNE","OPSTFIPS":"26","STREET":"1371 N PERRY ST","CITY":"PONTIAC","STATE":"MI","ZIP":"48340","STFIP":"26","CNTY":"26125","NMCNTY":"Oakland County","LOCALE":"13","LAT":42.667071,"LON":-83.264509,"CBSA":"19820","NMCBSA":"Detroit-Warren-Dearborn, MI","CBSATYPE":"1","CSA":"220","NMCSA":"Detroit-Warren-Ann Arbor, MI","CD":"2611","SLDL":"26053","SLDU":"26007","SCHOOLYEAR":"2024-2025"}},{"type":"Feature","id":46606,"geometry":{"type":"Point","coordinates":[-83.45251400025792,42.736635999664685]},"properties":{"OBJECTID":46606,"NCESSCH":"268088001241","LEAID":"2680880","NAME":"Oakland Schools Technical CampusNW","OPSTFIPS":"26","STREET":"8211 BIG LAKE RD","CITY":"CLARKSTON","STATE":"MI","ZIP":"48346","STFIP":"26","CNTY":"26125","NMCNTY":"Oakland County","LOCALE":"41","LAT":42.736636,"LON":-83.452514,"CBSA":"19820","NMCBSA":"Detroit-Warren-Dearborn, MI","CBSATYPE":"1","CSA":"220","NMCSA":"Detroit-Warren-Ann Arbor, MI","CD":"2609","SLDL":"26052","SLDU":"26023","SCHOOLYEAR":"2024-2025"}},{"type":"Feature","id":46607,"geometry":{"type":"Point","coordinates":[-83.5154079999436,42.53806799971994]},"properties":{"OBJECTID":46607,"NCESSCH":"268088001242","LEAID":"2680880","NAME":"Oakland Schools Technical CampusSW","OPSTFIPS":"26","STREET":"1000 BECK RD","CITY":"WIXOM","STATE":"MI","ZIP":"48393","STFIP":"26","CNTY":"26125","NMCNTY":"Oakland County","LOCALE":"21","LAT":42.538068,"LON":-83.515408,"CBSA":"19820","NMCBSA":"Detroit-Warren-Dearborn, MI","CBSATYPE":"1","CSA":"220","NMCSA":"Detroit-Warren-Ann Arbor, MI","CD":"2611","SLDL":"26049","SLDU":"26023","SCHOOLYEAR":"2024-2025"}},{"type":"Feature","id":46608,"geometry":{"type":"Point","coordinates":[-83.22604300014066,42.60346199991168]},"properties":{"OBJECTID":46608,"NCESSCH":"268088001588","LEAID":"2680880","NAME":"International Academy","OPSTFIPS":"26","STREET":"1020 E SQUARE LAKE RD","CITY":"BLOOMFIELD HILLS","STATE":"MI","ZIP":"48304","STFIP":"26","CNTY":"26125","NMCNTY":"Oakland County","LOCALE":"21","LAT":42.603462,"LON":-83.226043,"CBSA":"19820","NMCBSA":"Detroit-Warren-Dearborn, MI","CBSATYPE":"1","CSA":"220","NMCSA":"Detroit-Warren-Ann Arbor, MI","CD":"2611","SLDL":"26054","SLDU":"26007","SCHOOLYEAR":"2024-2025"}},{"type":"Feature","id":46609,"geometry":{"type":"Point","coordinates":[-83.33159999999106,42.65049999978991]},"properties":{"OBJECTID":46609,"NCESSCH":"268088008361","LEAID":"2680880","NAME":"Virtual Learning Academy Consortium","OPSTFIPS":"26","STREET":"2111 PONTIAC LAKE RD","CITY":"WATERFORD","STATE":"MI","ZIP":"48328","STFIP":"26","CNTY":"26125","NMCNTY":"Oakland County","LOCALE":"21","LAT":42.6505,"LON":-83.3316,"CBSA":"19820","NMCBSA":"Detroit-Warren-Dearborn, MI","CBSATYPE":"1","CSA":"220","NMCSA":"Detroit-Warren-Ann Arbor, MI","CD":"2611","SLDL":"26053","SLDU":"26023","SCHOOLYEAR":"2024-2025"}},{"type":"Feature","id":46627,"geometry":{"type":"Point","coordinates":[-84.19816399990998,42.96415100034448]},"properties":{"OBJECTID":46627,"NCESSCH":"268097500726","LEAID":"2680975","NAME":"Shiawassee RESD  Student Learning Center  West","OPSTFIPS":"26","STREET":"2261 S M 52","CITY":"OWOSSO","STATE":"MI","ZIP":"48867","STFIP":"26","CNTY":"26155","NMCNTY":"Shiawassee County","LOCALE":"41","LAT":42.964151,"LON":-84.198164,"CBSA":"37020","NMCBSA":"Owosso, MI","CBSATYPE":"2","CSA":"330","NMCSA":"Lansing-East Lansing-Owosso, MI","CD":"2607","SLDL":"26071","SLDU":"26028","SCHOOLYEAR":"2024-2025"}},{"type":"Feature","id":46628,"geometry":{"type":"Point","coordinates":[-84.03078199951825,42.94259500042615]},"properties":{"OBJECTID":46628,"NCESSCH":"268097509068","LEAID":"2680975","NAME":"Shiawassee RESD College and Career Readiness Center","OPSTFIPS":"26","STREET":"201 E WASHINGTON AVE","CITY":"VERNON","STATE":"MI","ZIP":"48476","STFIP":"26","CNTY":"26155","NMCNTY":"Shiawassee County","LOCALE":"31","LAT":42.942595,"LON":-84.030782,"CBSA":"37020","NMCBSA":"Owosso, MI","CBSATYPE":"2","CSA":"330","NMCSA":"Lansing-East Lansing-Owosso, MI","CD":"2607","SLDL":"26071","SLDU":"26028","SCHOOLYEAR":"2024-2025"}},{"type":"Feature","id":46635,"geometry":{"type":"Point","coordinates":[-83.73406399944643,42.231408999640195]},"properties":{"OBJECTID":46635,"NCESSCH":"268099000277","LEAID":"2680990","NAME":"Progress Park","OPSTFIPS":"26","STREET":"3890 RESEARCH PARK DR","CITY":"ANN ARBOR","STATE":"MI","ZIP":"48108","STFIP":"26","CNTY":"26161","NMCNTY":"Washtenaw County","LOCALE":"12","LAT":42.231409,"LON":-83.734064,"CBSA":"11460","NMCBSA":"Ann Arbor, MI","CBSATYPE":"1","CSA":"220","NMCSA":"Detroit-Warren-Ann Arbor, MI","CD":"2606","SLDL":"26033","SLDU":"26015","SCHOOLYEAR":"2024-2025"}},{"type":"Feature","id":46636,"geometry":{"type":"Point","coordinates":[-83.7962729992349,42.26163299980115]},"properties":{"OBJECTID":46636,"NCESSCH":"268099000733","LEAID":"2680990","NAME":"High Point School","OPSTFIPS":"26","STREET":"1735 S WAGNER RD","CITY":"ANN ARBOR","STATE":"MI","ZIP":"48103","STFIP":"26","CNTY":"26161","NMCNTY":"Washtenaw County","LOCALE":"21","LAT":42.261633,"LON":-83.796273,"CBSA":"11460","NMCBSA":"Ann Arbor, MI","CBSATYPE":"1","CSA":"220","NMCSA":"Detroit-Warren-Ann Arbor, MI","CD":"2606","SLDL":"26033","SLDU":"26014","SCHOOLYEAR":"2024-2025"}},{"type":"Feature","id":46637,"geometry":{"type":"Point","coordinates":[-83.7962729992349,42.26163299980115]},"properties":{"OBJECTID":46637,"NCESSCH":"268099000997","LEAID":"2680990","NAME":"Young Adult Programs","OPSTFIPS":"26","STREET":"1819 S WAGNER RD","CITY":"ANN ARBOR","STATE":"MI","ZIP":"48103","STFIP":"26","CNTY":"26161","NMCNTY":"Washtenaw County","LOCALE":"21","LAT":42.261633,"LON":-83.796273,"CBSA":"11460","NMCBSA":"Ann Arbor, MI","CBSATYPE":"1","CSA":"220","NMCSA":"Detroit-Warren-Ann Arbor, MI","CD":"2606","SLDL":"26033","SLDU":"26014","SCHOOLYEAR":"2024-2025"}},{"type":"Feature","id":46638,"geometry":{"type":"Point","coordinates":[-83.7962729992349,42.26163299980115]},"properties":{"OBJECTID":46638,"NCESSCH":"268099001620","LEAID":"2680990","NAME":"LocalBased SpecEd Programs","OPSTFIPS":"26","STREET":"1735 S WAGNER RD","CITY":"ANN ARBOR","STATE":"MI","ZIP":"48103","STFIP":"26","CNTY":"26161","NMCNTY":"Washtenaw County","LOCALE":"21","LAT":42.261633,"LON":-83.796273,"CBSA":"11460","NMCBSA":"Ann Arbor, MI","CBSATYPE":"1","CSA":"220","NMCSA":"Detroit-Warren-Ann Arbor, MI","CD":"2606","SLDL":"26033","SLDU":"26014","SCHOOLYEAR":"2024-2025"}},{"type":"Feature","id":46639,"geometry":{"type":"Point","coordinates":[-83.67859999959873,42.254203999482414]},"properties":{"OBJECTID":46639,"NCESSCH":"268099001807","LEAID":"2680990","NAME":"Washtenaw County Youth Center  Educational Programs","OPSTFIPS":"26","STREET":"4125 WASHTENAW AVE","CITY":"ANN ARBOR","STATE":"MI","ZIP":"48108","STFIP":"26","CNTY":"26161","NMCNTY":"Washtenaw County","LOCALE":"21","LAT":42.254204,"LON":-83.6786,"CBSA":"11460","NMCBSA":"Ann Arbor, MI","CBSATYPE":"1","CSA":"220","NMCSA":"Detroit-Warren-Ann Arbor, MI","CD":"2606","SLDL":"26033","SLDU":"26015","SCHOOLYEAR":"2024-2025"}},{"type":"Feature","id":46640,"geometry":{"type":"Point","coordinates":[-83.62416200034008,42.24749800006324]},"properties":{"OBJECTID":46640,"NCESSCH":"268099008061","LEAID":"2680990","NAME":"Early College Alliance","OPSTFIPS":"26","STREET":"220 KING HALL","CITY":"YPSILANTI","STATE":"MI","ZIP":"48197","STFIP":"26","CNTY":"26161","NMCNTY":"Washtenaw County","LOCALE":"21","LAT":42.247498,"LON":-83.624162,"CBSA":"11460","NMCBSA":"Ann Arbor, MI","CBSATYPE":"1","CSA":"220","NMCSA":"Detroit-Warren-Ann Arbor, MI","CD":"2606","SLDL":"26032","SLDU":"26015","SCHOOLYEAR":"2024-2025"}},{"type":"Feature","id":46641,"geometry":{"type":"Point","coordinates":[-83.6376019998754,42.24125600027919]},"properties":{"OBJECTID":46641,"NCESSCH":"268099008147","LEAID":"2680990","NAME":"Washtenaw International High School","OPSTFIPS":"26","STREET":"105 N MANSFIELD ST","CITY":"YPSILANTI","STATE":"MI","ZIP":"48197","STFIP":"26","CNTY":"26161","NMCNTY":"Washtenaw County","LOCALE":"21","LAT":42.241256,"LON":-83.637602,"CBSA":"11460","NMCBSA":"Ann Arbor, MI","CBSATYPE":"1","CSA":"220","NMCSA":"Detroit-Warren-Ann Arbor, MI","CD":"2606","SLDL":"26032","SLDU":"26015","SCHOOLYEAR":"2024-2025"}},{"type":"Feature","id":46642,"geometry":{"type":"Point","coordinates":[-83.61646699936152,42.240688000251104]},"properties":{"OBJECTID":46642,"NCESSCH":"268099008165","LEAID":"2680990","NAME":"Washtenaw Alliance for Virtual Education","OPSTFIPS":"26","STREET":"301 W MICHIGAN AVE","CITY":"YPSILANTI","STATE":"MI","ZIP":"48197","STFIP":"26","CNTY":"26161","NMCNTY":"Washtenaw County","LOCALE":"21","LAT":42.240688,"LON":-83.616467,"CBSA":"11460","NMCBSA":"Ann Arbor, MI","CBSATYPE":"1","CSA":"220","NMCSA":"Detroit-Warren-Ann Arbor, MI","CD":"2606","SLDL":"26032","SLDU":"26015","SCHOOLYEAR":"2024-2025"}},{"type":"Feature","id":46643,"geometry":{"type":"Point","coordinates":[-83.7962729992349,42.26163299980115]},"properties":{"OBJECTID":46643,"NCESSCH":"268099008435","LEAID":"2680990","NAME":"Washtenaw Deaf and Hard of Hearing Program","OPSTFIPS":"26","STREET":"1735 S WAGNER RD","CITY":"ANN ARBOR","STATE":"MI","ZIP":"48103","STFIP":"26","CNTY":"26161","NMCNTY":"Washtenaw County","LOCALE":"21","LAT":42.261633,"LON":-83.796273,"CBSA":"11460","NMCBSA":"Ann Arbor, MI","CBSATYPE":"1","CSA":"220","NMCSA":"Detroit-Warren-Ann Arbor, MI","CD":"2606","SLDL":"26033","SLDU":"26014","SCHOOLYEAR":"2024-2025"}},{"type":"Feature","id":46645,"geometry":{"type":"Point","coordinates":[-83.67286100004557,42.2019969995559]},"properties":{"OBJECTID":46645,"NCESSCH":"268099709049","LEAID":"2680997","NAME":"Pittsfield Acres Academy","OPSTFIPS":"26","STREET":"4377 TEXTILE RD","CITY":"YPSILANTI","STATE":"MI","ZIP":"48197","STFIP":"26","CNTY":"26161","NMCNTY":"Washtenaw County","LOCALE":"21","LAT":42.201997,"LON":-83.672861,"CBSA":"11460","NMCBSA":"Ann Arbor, MI","CBSATYPE":"1","CSA":"220","NMCSA":"Detroit-Warren-Ann Arbor, MI","CD":"2606","SLDL":"26032","SLDU":"26015","SCHOOLYEAR":"2024-2025"}},{"type":"Feature","id":46646,"geometry":{"type":"Point","coordinates":[-83.15400599964244,42.32796700001072]},"properties":{"OBJECTID":46646,"NCESSCH":"268099808901","LEAID":"2680998","NAME":"SER Metro YouthBuild Learning Academy","OPSTFIPS":"26","STREET":"5200 STECKER ST","CITY":"DEARBORN","STATE":"MI","ZIP":"48126","STFIP":"26","CNTY":"26163","NMCNTY":"Wayne County","LOCALE":"11","LAT":42.327967,"LON":-83.154006,"CBSA":"19820","NMCBSA":"Detroit-Warren-Dearborn, MI","CBSATYPE":"1","CSA":"220","NMCSA":"Detroit-Warren-Ann Arbor, MI","CD":"2613","SLDL":"26001","SLDU":"26002","SCHOOLYEAR":"2024-2025"}},{"type":"Feature","id":46647,"geometry":{"type":"Point","coordinates":[-82.98203900046948,42.39032899965959]},"properties":{"OBJECTID":46647,"NCESSCH":"268099808939","LEAID":"2680998","NAME":"The SER Learning Academy  East","OPSTFIPS":"26","STREET":"5555 CONNER ST","CITY":"DETROIT","STATE":"MI","ZIP":"48213","STFIP":"26","CNTY":"26163","NMCNTY":"Wayne County","LOCALE":"11","LAT":42.390329,"LON":-82.982039,"CBSA":"19820","NMCBSA":"Detroit-Warren-Dearborn, MI","CBSATYPE":"1","CSA":"220","NMCSA":"Detroit-Warren-Ann Arbor, MI","CD":"2613","SLDL":"26007","SLDU":"26003","SCHOOLYEAR":"2024-2025"}},{"type":"Feature","id":46649,"geometry":{"type":"Point","coordinates":[-82.89126700024957,42.56241299958263]},"properties":{"OBJECTID":46649,"NCESSCH":"268100009055","LEAID":"2681000","NAME":"Red Oak Academy","OPSTFIPS":"26","STREET":"22280 E PRICE DR","CITY":"CLINTON TWP","STATE":"MI","ZIP":"48035","STFIP":"26","CNTY":"26099","NMCNTY":"Macomb County","LOCALE":"21","LAT":42.562413,"LON":-82.891267,"CBSA":"19820","NMCBSA":"Detroit-Warren-Dearborn, MI","CBSATYPE":"1","CSA":"220","NMCSA":"Detroit-Warren-Ann Arbor, MI","CD":"2610","SLDL":"26062","SLDU":"26012","SCHOOLYEAR":"2024-2025"}},{"type":"Feature","id":46650,"geometry":{"type":"Point","coordinates":[-83.644879000732,42.22636800028085]},"properties":{"OBJECTID":46650,"NCESSCH":"268100109056","LEAID":"2681001","NAME":"GEE Compass Academy","OPSTFIPS":"26","STREET":"850 S Hewitt Street","CITY":"Ypsilanti","STATE":"MI","ZIP":"48197","STFIP":"26","CNTY":"26161","NMCNTY":"Washtenaw County","LOCALE":"21","LAT":42.226368,"LON":-83.644879,"CBSA":"11460","NMCBSA":"Ann Arbor, MI","CBSATYPE":"1","CSA":"220","NMCSA":"Detroit-Warren-Ann Arbor, MI","CD":"2606","SLDL":"26032","SLDU":"26015","SCHOOLYEAR":"2024-2025"}}]}